target,origin,n_train,last_train_regressor,last_train_target,a_t,b_t,xR_actual,E_OS,E_IS,xR_bar
1940-12,1939-12,144,1939-11,1940-11,-0.2550957525765065,6.020544226301278,-0.07180729031200062,0.017116949943617232,0.09536017258372873,0.0436850648103487
1941-01,1940-01,145,1939-12,1940-12,-0.25608477658374257,6.028120442434787,-0.08571747967417775,0.024407946802318115,0.09905205308662804,0.04288856580950491
1941-02,1940-02,146,1940-01,1941-01,-0.2571621610184105,6.034637795563023,-0.11178135688724211,0.02664311762535926,0.10045022789113195,0.04200770248427421
1941-03,1940-03,147,1940-02,1941-02,-0.25844096580841136,6.041440750450933,-0.12223050395645574,0.021497847762001754,0.09850733859963412,0.04096151840691696
1941-04,1940-04,148,1940-03,1941-03,-0.2598547925183818,6.050377402531135,-0.1673813053205545,0.023185602393873406,0.09975274659057329,0.039858869607164435
1941-05,1940-05,149,1940-04,1941-04,-0.26163558969718564,6.060511616945492,0.07432900951233268,0.11860506333991888,0.1445016270791676,0.03846799594993142
1941-06,1940-06,150,1940-05,1941-05,-0.26137217951660163,6.049251210965197,0.06200472641297916,0.09810869897895019,0.13520701116580228,0.038707069373680764
1941-07,1940-07,151,1940-06,1941-06,-0.2612731900272657,6.042444657240697,0.08475994077020699,0.08870945220030563,0.13098734698549094,0.03886135849314632
1941-08,1940-08,152,1940-07,1941-07,-0.2612681077276832,6.041819906566999,0.0603401656326622,0.09252078555124532,0.13277049108875036,0.03916332285023225
1941-09,1940-09,153,1940-08,1941-08,-0.2612075438907,6.036378401246243,0.028693865462466217,0.08739774426040675,0.13051078972959115,0.039301733587372316
1941-10,1940-10,154,1940-09,1941-09,-0.2611429583432381,6.027433251569572,-0.044647425467865154,0.08006931054011535,0.1273120559841376,0.03923285132682097
1941-11,1940-11,155,1940-10,1941-10,-0.26114224268904546,6.011287218412534,-0.046487482879807196,0.08957546666541555,0.1321719345382742,0.038691688250726226
1941-12,1940-12,156,1940-11,1941-11,-0.26091698656177065,5.989308567213701,-0.09221127930390849,0.08916967918950341,0.13247681243734669,0.0381456679229664
1942-01,1941-01,157,1940-12,1941-12,-0.2606002623087728,5.959860579040865,-0.04985017552587723,0.10393896093409216,0.1400857627697679,0.03731536889604363
1942-02,1941-02,158,1941-01,1942-01,-0.25993739909542174,5.927174098079964,-0.057218947544609655,0.11224284314558897,0.14464603572471132,0.03676368823514539
1942-03,1941-03,159,1941-02,1942-02,-0.25895228077334564,5.886268564255377,-0.1148392473556834,0.1143542753528769,0.14640600707557896,0.03617260247552429
1942-04,1941-04,160,1941-03,1942-03,-0.25749639138326785,5.828755641813838,-0.10353678488884277,0.13192384591501755,0.15591169845227473,0.035228778414079245
1942-05,1941-05,161,1941-04,1942-04,-0.25526413886898913,5.755336444431061,-0.07228342554045497,0.12969133937890548,0.15612624187986837,0.03436688050536543
1942-06,1941-06,162,1941-05,1942-05,-0.2533563823961998,5.692779329432412,-0.10064093580916311,0.11506215083052684,0.15004229789109802,0.033708545282860373
1942-07,1941-07,163,1941-06,1942-06,-0.25177885892427737,5.635352365884653,-0.12004980297119905,0.09539816531669287,0.14132293253454084,0.03288431533751054
1942-08,1941-08,164,1941-07,1942-07,-0.25084548989853245,5.590927469841562,-0.10722147154287898,0.09834519437782085,0.1437052898836785,0.03195179022587207
1942-09,1941-09,165,1941-08,1942-08,-0.24979884138821204,5.545668797303675,-0.08222759047928163,0.10272783715186798,0.14682105388570757,0.031108315912122066
1942-10,1941-10,166,1941-09,1942-09,-0.24867326256456573,5.5015191060928395,0.02002772908886108,0.12387775307968962,0.1584565994251888,0.030425569488077456
1942-11,1941-11,167,1941-10,1942-10,-0.24764639703477945,5.469084984585456,0.04026863822649118,0.14110994588556666,0.16789048572887724,0.03036330697071688
1942-12,1941-12,168,1941-11,1942-11,-0.2463478812769242,5.431820372792388,0.1394326199374799,0.17099886384725238,0.18401560218955695,0.030422267275810776
1943-01,1942-01,169,1941-12,1942-12,-0.24578191698164756,5.417091422812401,0.20468976502746694,0.16708374547011892,0.1822820028663513,0.031067298948365032
1943-02,1942-02,170,1942-01,1943-01,-0.24642348642178086,5.43392476283648,0.3049318778507145,0.17713043201877687,0.18713495863420895,0.032088607572359755
1943-03,1942-03,171,1942-02,1943-02,-0.24876347194867018,5.49397801845875,0.46947098444569013,0.21364161368417514,0.20457343759690352,0.033684182252350134
1943-04,1942-04,172,1942-03,1943-03,-0.2547474468325703,5.63876934267743,0.5435478295225952,0.24362396504391481,0.2163976493081368,0.03621782645114862
1943-05,1942-05,173,1942-04,1943-04,-0.2626649308295759,5.825036537675662,0.5444689049135156,0.21542161722468472,0.19870963042559187,0.03915036982150381
1943-06,1942-06,174,1942-05,1943-05,-0.2693813715239883,5.990605913023284,0.5345676769691614,0.2096644051854782,0.19279847192821326,0.042054499333526854
1943-07,1942-07,175,1942-06,1943-06,-0.2753060593915087,6.139823322471502,0.42626803466093255,0.19872019201961966,0.18505725612986498,0.04486886034858762
1943-08,1942-08,176,1942-07,1943-07,-0.27885747204695976,6.23246689917635,0.4264670261876461,0.18452505410926234,0.17705123072397866,0.047035901111725946
1943-09,1942-09,177,1942-08,1943-08,-0.2820003941568943,6.318508861857896,0.42221417525957516,0.1769218640987067,0.1722332901155805,0.04917957978447127
1943-10,1942-10,178,1942-09,1943-09,-0.2847943610802619,6.397933668899857,0.3250053891811767,0.1464147806233867,0.15756034789830564,0.051275279759050496
1943-11,1942-11,179,1942-10,1943-10,-0.2860265516417254,6.440318475269047,0.25489366640949396,0.13387736934695038,0.1513949512863197,0.052804498247442266
1943-12,1942-12,180,1942-11,1943-11,-0.28663188867231676,6.46457111697988,0.26946539962739835,0.10955953588017364,0.14042458905042793,0.05392721584834255
1944-01,1943-01,181,1942-12,1943-12,-0.28690226937893865,6.4864537951255725,0.2061554146568596,0.08374054402679693,0.12880136800650405,0.05511803454325446
1944-02,1943-02,182,1943-01,1944-01,-0.28668266853837165,6.4950412009393945,0.14238468226058476,0.0625758604020541,0.11935829888287608,0.05594791025816438
1944-03,1943-03,183,1943-02,1944-02,-0.28631486277642043,6.496335937982892,0.10617830256174687,0.04369896109259902,0.11102228242316425,0.0564202423456093
1944-04,1943-04,184,1943-03,1944-03,-0.28587270732611203,6.494390942185335,0.08038145054982526,0.0408748982154597,0.10965482547691674,0.0566906665859144
1944-05,1943-05,185,1943-04,1944-04,-0.28557850793832473,6.492861571624091,0.07178241833607424,0.026038119996021014,0.10315406547791056,0.05681872487761122
1944-06,1943-06,186,1943-05,1944-05,-0.2851509308838587,6.489415476473778,0.10779666712184588,0.023259550174041854,0.10184028308327878,0.05689917484244167
1944-07,1943-07,187,1943-06,1944-06,-0.2843321487539327,6.482454511949921,0.14520296537921284,0.0386076464637769,0.10826761511153618,0.057171353945540085
1944-08,1943-08,188,1943-07,1944-07,-0.28350980832815026,6.477606143163755,0.1471522052616151,0.03618202237854545,0.10696629502994676,0.05763960719784685
1944-09,1943-09,189,1943-08,1944-08,-0.2826153188921316,6.47176844714186,0.12220964147053481,0.03488110961168772,0.10613998752460624,0.05811321882781389
1944-10,1943-10,190,1943-09,1944-09,-0.2818937298097604,6.466790915913692,0.13692091119144456,0.03740395440484684,0.10702683070700539,0.058450568420670306
1944-11,1943-11,191,1943-10,1944-10,-0.2811021715769959,6.461649039170282,0.22891497547799655,0.06498623488362903,0.11876187383608172,0.05886140791161677
1944-12,1943-12,192,1943-11,1944-11,-0.28037817530997006,6.464115887390056,0.20052234152755755,0.04687682457601061,0.11053559644130248,0.059747103576024994
1945-01,1944-01,193,1943-12,1944-12,-0.2793265999889944,6.4592594249096305,0.20291743948188723,0.043462707342009965,0.10870387510530463,0.0604765089540122
1945-02,1944-02,194,1944-01,1945-01,-0.27815401848683513,6.45259226007734,0.2700797777310825,0.04779741030702783,0.110222665166192,0.06121074055467136
1945-03,1944-03,195,1944-02,1945-02,-0.2766284363129065,6.445257696107032,0.19536463561067785,0.043503267473887886,0.1078521562789648,0.06228186382224269
1945-04,1944-04,196,1944-03,1945-03,-0.27548447596476855,6.438235225239478,0.3068150640446432,0.04970628150220213,0.11020723630670204,0.06296085755585715
1945-05,1944-05,197,1944-04,1945-04,-0.27373783242942645,6.4298344802511735,0.2650114467367356,0.04179327207904043,0.10618006206613698,0.06419869616747537
1945-06,1944-06,198,1944-05,1945-05,-0.2719619795059102,6.417491719274767,0.20453731505759276,0.030167111108704125,0.10058934955882284,0.06521290197843123
1945-07,1944-07,199,1944-06,1945-06,-0.27029262382738084,6.402388211775093,0.19885386180967513,0.035900167883197,0.10268036345505505,0.06591302465722099
1945-08,1944-08,200,1944-07,1945-07,-0.26884209526810826,6.3902759806597835,0.25095532206706084,0.03982037970976454,0.10401812239736877,0.06657772884298324
1945-09,1944-09,201,1944-08,1945-08,-0.26705637185588715,6.3762617800220145,0.3084239129719085,0.03812097682997051,0.1027832801445436,0.0674950303018095
1945-10,1944-10,202,1944-09,1945-09,-0.2646833207923199,6.356528561852029,0.35510133519483145,0.04111715051162146,0.10347472603051408,0.06868774754275059
1945-11,1944-11,203,1944-10,1945-10,-0.26200551506942743,6.334952879583224,0.4044306546894303,0.048051454568064755,0.10581801586071687,0.07009865191542095
1945-12,1944-12,204,1944-11,1945-11,-0.2592289553517304,6.3153066074896085,0.3681967177077158,0.03657566821119729,0.09991731568434697,0.07173753428196021
1946-01,1945-01,205,1944-12,1945-12,-0.25608006654674287,6.2860735258950005,0.4218305445628413,0.03316333370699848,0.09760152220466295,0.07318367664013463
1946-02,1945-02,206,1945-01,1946-01,-0.25214370880502984,6.2469204396355815,0.26773719419730657,0.020278544014654953,0.09086028929568943,0.07487613716403126
1946-03,1945-03,207,1945-02,1946-02,-0.2491603686201204,6.212739614840544,0.38982201107218195,0.03442624571803363,0.09657145683629006,0.07580783309172826
1946-04,1945-04,208,1945-03,1946-03,-0.2454973682547461,6.175353155195111,0.34143280810390153,0.016740172205211457,0.08765313523003884,0.07731751663971118
1946-05,1945-05,209,1945-04,1946-04,-0.2413204959386785,6.125124740626264,0.3703687899209068,0.02213285605362536,0.08918604970416677,0.07858122616824798
1946-06,1945-06,210,1945-05,1946-05,-0.23702466044822101,6.074581010746361,0.3160762354432062,0.019457722914676012,0.08697193775841522,0.07997069075754634
1946-07,1945-07,211,1945-06,1946-06,-0.23319639153347557,6.028116728576767,0.2934937506905655,0.027350575577771513,0.08977494646250736,0.081089674381649
1946-08,1945-08,212,1945-07,1946-07,-0.22999978566579346,5.9908535191914,0.1494963330086555,0.01516209644067637,0.08332829063470157,0.08209158040197408
1946-09,1945-09,213,1945-08,1946-08,-0.22814481257318175,5.967328454201907,0.0037549570509132213,0.006151422398646078,0.07867530646703605,0.08240803463956414
1946-10,1945-10,214,1945-09,1946-09,-0.2281809018907265,5.96780728636374,-0.040857377466125944,-0.0020703522890383463,0.07482066458662762,0.08204049689382277
1946-11,1945-11,215,1945-10,1946-10,-0.2288037013385378,5.976328490285509,-0.08215758364155246,-0.011766239344919216,0.07041254535244376,0.08146887887354395
1946-12,1945-12,216,1945-11,1946-11,-0.23001370634042634,5.993381712892833,-0.055082817252498195,-0.016735902660199836,0.06836399273220434,0.08071134895449257
1947-01,1946-01,217,1945-12,1946-12,-0.23068962243413327,6.003024448541303,-0.09291394727393043,-0.02814795368805978,0.06318924997457565,0.08008556938671843
1947-02,1946-02,218,1946-01,1947-01,-0.23191551791892914,6.020994201560699,-0.05431957983456526,-0.014296478076882724,0.06992800974190266,0.07929199362222004
1947-03,1946-03,219,1946-02,1947-02,-0.2325905955187732,6.030532384887558,-0.10961752957333049,-0.025593704443674287,0.06482912347702868,0.07868189511328494
1947-04,1946-04,220,1946-03,1947-03,-0.23411533783708013,6.052706841006104,-0.17234623871074428,-0.03335735467879075,0.06158648553745571,0.0778259886374367
1947-05,1946-05,221,1946-04,1947-04,-0.23673902220314993,6.091474690634146,-0.20564275904170048,-0.04316092756319986,0.05768984307114131,0.07669398760871189
1947-06,1946-06,222,1946-05,1947-05,-0.23994992300703194,6.139736441022638,-0.1474453323850069,-0.035234851898301056,0.062075329097754685,0.07542220046163796
1947-07,1946-07,223,1946-06,1947-06,-0.2420112317826732,6.170118134287514,-0.10448880901822877,-0.0276054576810508,0.06601861669905457,0.07442279448474717
1947-08,1946-08,224,1946-07,1947-07,-0.24332855521893487,6.189139287320166,-0.06480901381602477,-0.010613792075554906,0.0740135203608085,0.07362408196910888
1947-09,1946-09,225,1946-08,1947-08,-0.24413237714416988,6.200145104824514,0.024872340094819645,0.01937755667209287,0.08775244112231445,0.0730088237656194
1947-10,1946-10,226,1946-09,1947-09,-0.24407185626542693,6.199436710702642,0.061356955415986625,0.027187917574014064,0.09127105713988742,0.07279583047504065
1947-11,1946-11,227,1946-10,1947-10,-0.24373011004395573,6.1956931300200395,0.044584806802015264,0.02617522894805241,0.09073224762421822,0.07274543895495672
1947-12,1946-12,228,1946-11,1947-11,-0.24354425686092152,6.193634056915447,0.02504152214440314,0.029577075555276777,0.09222870555598245,0.07262192741042627
1948-01,1947-01,229,1946-12,1947-12,-0.24358797519064626,6.1941027752300855,-0.021266574064171206,0.028037478566457857,0.09154222989041788,0.07241415271494145
1948-02,1947-02,230,1947-01,1948-01,-0.24406994193006265,6.199351355661375,-0.04947267362076191,0.03991397570309241,0.09702754015648848,0.07200684520720617
1948-03,1947-03,231,1947-02,1948-02,-0.24480717166182578,6.206224463444468,0.033536414951371385,0.047370022380332805,0.10058679907504908,0.07148095984431453
1948-04,1947-04,232,1947-03,1948-03,-0.24490745894013574,6.2070225519417574,0.11624267325951021,0.06533280328119842,0.10872917875166871,0.07131740577150013
1948-05,1947-05,233,1947-04,1948-04,-0.24465182843789524,6.206293623269369,0.1999803976172676,0.07884235565161068,0.11473333144851988,0.07151021807831562
1948-06,1947-06,234,1947-05,1948-05,-0.24424241978638864,6.208418867737654,0.14282796134083775,0.06883129579110811,0.10997728469959478,0.07205923593959318
1948-07,1947-07,235,1947-06,1948-06,-0.24389843355899912,6.207847530067164,0.05143191098327282,0.058729956183551396,0.10527261811394859,0.0723603794519389
1948-08,1947-08,236,1947-07,1948-07,-0.24394147768930327,6.208085481249893,0.07197517263501951,0.07037061790621787,0.11054417608749648,0.0722716995008005
1948-09,1947-09,237,1947-08,1948-08,-0.24393433577051918,6.2080781846956565,0.050430943713861365,0.07898076506686327,0.11442978525030742,0.07227044833259046
1948-10,1947-10,238,1947-09,1948-09,-0.24403094984418813,6.20761992712821,0.08150489327016464,0.07274141371982726,0.11166605434700033,0.07217868570814201
1948-11,1947-11,239,1947-10,1948-10,-0.2439948835058977,6.20763172430304,0.00993923713068634,0.09920461395670382,0.12360213333839865,0.07221770749710443
1948-12,1947-12,240,1947-11,1948-11,-0.24407323912157783,6.201870378359921,0.01083796642598489,0.09500788856800094,0.12188426240153999,0.07195821387057771
1949-01,1948-01,241,1947-12,1948-12,-0.24418580713978277,6.1972270298681655,0.05439992701003682,0.11014607097246726,0.12889899631743884,0.07170460288533043
1949-02,1948-02,242,1948-01,1949-01,-0.24415454577998869,6.192097127103781,0.07269791535881087,0.13058435918559325,0.13827217809226933,0.07163309596022592
1949-03,1948-03,243,1948-02,1949-02,-0.24397604703139744,6.183932284790637,0.030280821003091263,0.11147302729469619,0.12975018234126734,0.07163747793305959
1949-04,1948-04,244,1948-03,1949-03,-0.2439133516745577,6.176188087008422,-0.02321643801968587,0.10102705048442312,0.12518163936347232,0.07146798343744497
1949-05,1948-05,245,1948-04,1949-04,-0.24397085226192017,6.167386522454811,-0.11689570581964648,0.07673499936622513,0.11438766044659174,0.07108151641108934
1949-06,1948-06,246,1948-05,1949-05,-0.24462374801055053,6.164759238504715,-0.11640239852536505,0.08469158372913921,0.11836548620849638,0.0703173813613709
1949-07,1948-07,247,1948-06,1949-06,-0.24508328423712464,6.1578192811261765,-0.019764167084032724,0.09937201654706926,0.1254278773473921,0.06956143083551368
1949-08,1948-08,248,1948-07,1949-07,-0.24512746447496833,6.14928565045934,0.002582903706856321,0.10804558878018858,0.12962043950441077,0.06920124697293487
1949-09,1948-09,249,1948-08,1949-08,-0.24504719090070481,6.139434221404941,0.0655950730534538,0.12505162224688482,0.13760861542645247,0.06893370342568153
1949-10,1948-10,250,1948-09,1949-09,-0.24487422108619655,6.131407448591425,0.03451201390382286,0.1101904332106885,0.13095498245810405,0.06892034890419262
1949-11,1948-11,251,1948-10,1949-10,-0.2447907431347009,6.123888939425032,0.1650379672736464,0.15815103819675586,0.1530747123655309,0.06878326390419115
1949-12,1948-12,252,1948-11,1949-11,-0.24483922139132097,6.125367733239326,0.1852985678890855,0.1529654791489478,0.15067874562465114,0.0691652270128001
1950-01,1949-01,253,1948-12,1949-12,-0.24504451345460895,6.1318585772796474,0.20233514009104137,0.1533098918560473,0.15073734912707132,0.06962425207555221
1950-02,1949-02,254,1949-01,1950-01,-0.24535448775034616,6.141649888175323,0.2569571308998244,0.1767328577485934,0.16128158626998626,0.07014673588663681
1950-03,1949-03,255,1949-02,1950-02,-0.2460833320579434,6.161935138669176,0.222335516318803,0.16619169996226044,0.15618244035823187,0.07087932567100225
1950-04,1949-04,256,1949-03,1950-03,-0.24651338581809892,6.174544364606952,0.29477164272093503,0.1776206242029952,0.161184401098568,0.07147095141572021
1950-05,1949-05,257,1949-04,1950-04,-0.24755904629254416,6.203662333113916,0.3896225287958306,0.19796701515841986,0.16994875774156362,0.07233982570095453
1950-06,1949-06,258,1949-05,1950-05,-0.24969705735565603,6.25944475059993,0.3118387132506164,0.20425514174473505,0.17192862992396443,0.0735696036199269
1950-07,1949-07,259,1949-06,1950-06,-0.25094116720507986,6.291527553079141,0.2533742347036656,0.1806962317143303,0.16094719518153985,0.07448956157216895
1950-08,1949-08,260,1949-07,1950-07,-0.251565541599816,6.30898077552161,0.2782788116559328,0.17853696435289562,0.15973292529577462,0.07517757954575163
1950-09,1949-09,261,1949-08,1950-08,-0.2523841862182729,6.332138527770217,0.2973412470012833,0.16306442329874504,0.1525452910260031,0.07595574518602052
1950-10,1949-10,262,1949-09,1950-09,-0.2532268573128476,6.358247124007183,0.252206530985688,0.14489190435123522,0.1441479589830611,0.07680072801737649
1950-11,1949-11,263,1949-10,1950-10,-0.25366125908931014,6.37446472838656,0.26519795052403317,0.16459000003741647,0.1525565721161024,0.07746767023398604
1950-12,1949-12,264,1949-11,1950-11,-0.25428650061348135,6.393818043886707,0.262582332478007,0.14577281529823444,0.14402223472439213,0.07817876978053925
1951-01,1950-01,265,1949-12,1950-12,-0.2547487487576126,6.411171553367448,0.3008046856306271,0.14101896148651877,0.1416705278924274,0.0788746322812844
1951-02,1950-02,266,1950-01,1951-01,-0.2552799796688362,6.432908379767747,0.2976644293555405,0.14215572990196673,0.14181268763435587,0.07970895579011653
1951-03,1950-03,267,1950-02,1951-02,-0.25580012915309613,6.4540668145419575,0.25942759184814046,0.1401548085030751,0.14060152386517744,0.08052526842519302
1951-04,1950-04,268,1950-03,1951-03,-0.256159525391518,6.46949384583475,0.26720039317055655,0.12420514387034215,0.13343470693746648,0.08119281440811446
1951-05,1950-05,269,1950-04,1951-04,-0.2563218716762927,6.482795163097453,0.1941873903853376,0.12182820938715061,0.13213867155606418,0.08188429239607893
1951-06,1950-06,270,1950-05,1951-05,-0.2563792742282338,6.489029751054776,0.23765014412200736,0.14627758385090434,0.14257050915859212,0.08230022979603914
1951-07,1950-07,271,1950-06,1951-06,-0.25669918247622964,6.5016104298751,0.3012954907662414,0.14335531064771517,0.1411115903159927,0.08287347671237114
1951-08,1950-08,272,1950-07,1951-07,-0.25718958509894985,6.522104101974351,0.29708335899659566,0.15431185670452818,0.14549044823461046,0.08367649882286331
1951-09,1950-09,273,1950-08,1951-08,-0.25779282576786955,6.543636629951715,0.24810043004689042,0.14393454747184203,0.14072036474892832,0.0844582089333898
1951-10,1950-10,274,1950-09,1951-09,-0.25810190873224104,6.55680633617449,0.223071765148799,0.14742621806393635,0.14199989702523136,0.08505544331701571
1951-11,1950-11,275,1950-10,1951-10,-0.25835036824707186,6.566803048363082,0.20043364735614178,0.17691068723474007,0.15443086667479816,0.08555732085094946
1951-12,1950-12,276,1950-11,1951-11,-0.2585028202744338,6.571337107971038,0.17705163077092223,0.159213606712457,0.14681684623590588,0.08597353942524363
1952-01,1951-01,277,1950-12,1951-12,-0.2585826891351414,6.574087061003258,0.13308690959637548,0.1397717100839082,0.13848452207739123,0.08630234119905475
1952-02,1951-02,278,1951-01,1952-01,-0.2585672957092231,6.573335697569071,0.09290628859777117,0.14411498036456033,0.14034996251018553,0.0864706310134336
1952-03,1951-03,279,1951-02,1952-02,-0.25842523376482174,6.567136279585842,0.16472019527921034,0.15754882856913838,0.1461869609205496,0.08649369788649575
1952-04,1951-04,280,1951-03,1952-03,-0.2584558328721883,6.568205733108405,0.0586260813548497,0.13833099508866792,0.13796749350510737,0.0867730782343269
1952-05,1951-05,281,1951-04,1952-04,-0.2582863716453428,6.559589624874822,0.1176508943765332,0.1605578747345815,0.1476181021980226,0.08667291098564546
1952-06,1951-06,282,1951-05,1952-05,-0.2580888583509131,6.5529455862919965,0.1891930847887685,0.17360775791591687,0.1532987514435411,0.0867827619905777
1952-07,1951-07,283,1951-06,1952-06,-0.25818296788338946,6.5557776790987,0.12120732057800898,0.1459753872161722,0.14144127688924601,0.0871446359227268
1952-08,1951-08,284,1951-07,1952-07,-0.25810968893866787,6.55273271856511,0.06877542422413208,0.13079416484662448,0.13499445745529998,0.08726457495320314
1952-09,1951-09,285,1951-08,1952-08,-0.25802986025505564,6.547091962030786,0.041762283561960434,0.12766490142159315,0.13376352785859488,0.08719970074011867
1952-10,1951-10,286,1951-09,1952-09,-0.2579469465299988,6.539826383433634,0.06225694197077625,0.14081223324894976,0.13954810633626952,0.08704082865208314
1952-11,1951-11,287,1951-10,1952-10,-0.25775457010336145,6.53099568879298,0.1177275913346485,0.11444441065807592,0.12837678181825987,0.08695447364622494
1952-12,1951-12,288,1951-11,1952-11,-0.25775314296795127,6.53118458510496,0.11277450702314629,0.09870666626313795,0.1216154179288059,0.08706132474930975
1953-01,1952-01,289,1951-12,1952-12,-0.25772256840770064,6.531527438477916,0.09362995656783601,0.09243678939280187,0.11890277701102728,0.08715029769835417
1953-02,1952-02,290,1952-01,1953-01,-0.2577191510550893,6.531540638544389,0.121050054809694,0.11206570590264503,0.12732713617290053,0.08717264134962822
1953-03,1952-03,291,1952-02,1953-02,-0.2577129922671353,6.532008578695255,0.058499596167628454,0.09576555838770812,0.12031643713918203,0.08728905857801332
1953-04,1952-04,292,1952-03,1953-03,-0.2578057070430858,6.531347705324295,0.08456745256584486,0.11627463464866311,0.12917580788062222,0.08719046452866269
1953-05,1952-05,293,1952-04,1953-04,-0.25781199985659464,6.529418692820055,0.05621368487528611,0.10753842835687194,0.1254745317384886,0.08718151226940395
1953-06,1952-06,294,1952-05,1953-05,-0.25787105340097316,6.527232768268582,-0.00124612504495758,0.09467998669397798,0.12002903575168952,0.08707617952316543
1953-07,1952-07,295,1952-06,1953-06,-0.25811554724676283,6.525706233426776,0.012351380391730338,0.0933214344850209,0.11958580072318756,0.08677678188056162
1953-08,1952-08,296,1952-07,1953-07,-0.2583304627854504,6.524596929838869,-0.024040648878757787,0.09419461136987833,0.12007905689132056,0.08652534471336965
1953-09,1952-09,297,1952-08,1953-08,-0.25862820903359235,6.522698428835012,-0.0016521727905232098,0.10398827892020673,0.12446097609176401,0.08615306864066886
1953-10,1952-10,298,1952-09,1953-09,-0.25877411541926565,6.518752898179478,0.04901545996425516,0.10574256845252356,0.12537261851817216,0.08585842017949039
1953-11,1952-11,299,1952-10,1953-10,-0.2588388748540493,6.51638966237088,0.01678348969951693,0.08595960251228929,0.11694533777577082,0.08573519957676383
1953-12,1952-12,300,1952-11,1953-11,-0.25906774148292816,6.516357126949919,-0.012255623765959123,0.07633132896643896,0.11290178160611153,0.08550536054383968
1954-01,1953-01,301,1952-12,1953-12,-0.2594521109407532,6.518060449802561,0.039610325718622885,0.07437870903888377,0.11218947216114133,0.08518057322055132
1954-02,1953-02,302,1953-01,1954-01,-0.259608840419096,6.5188473600242585,0.05934662518316669,0.0803526946362052,0.11480900199801303,0.0850296783612734
1954-03,1953-03,303,1953-02,1954-02,-0.25968904854771874,6.519053186820206,0.11279083010424129,0.08655710675822759,0.11750736003003923,0.08494491580953047
1954-04,1953-04,304,1953-03,1954-03,-0.259607437638901,6.519141791839835,0.1927976959415767,0.09522400428638073,0.1211977622390131,0.08503651421181573
1954-05,1953-05,305,1953-04,1954-04,-0.2593976241909261,6.521224201456399,0.22322700357170344,0.09605259330184884,0.1214150728064469,0.08538982956174937
1954-06,1953-06,306,1953-05,1954-05,-0.25913218078360684,6.524063989010036,0.26143366290609316,0.1057148736954272,0.12538696580530728,0.08584027784282763
1954-07,1953-07,307,1953-06,1954-06,-0.2589675349367792,6.530541619582992,0.291019992217177,0.0972987551530774,0.12154739924183047,0.08641224326648649
1954-08,1953-08,308,1953-07,1954-07,-0.2585718040221534,6.534951227493967,0.3254494252045075,0.11769547328230456,0.13002555536770058,0.08707655413970301
1954-09,1953-09,309,1953-08,1954-08,-0.2586024865658298,6.548239067845322,0.4069489657387748,0.11964644382482448,0.13054646224939997,0.08784798737939493
1954-10,1953-10,310,1953-09,1954-09,-0.2586833050794394,6.567278032321803,0.32439359929595124,0.10167250262837135,0.12243773192589749,0.0888773453741026
1954-11,1953-11,311,1953-10,1954-10,-0.2582805770968189,6.573199453825323,0.407043697460016,0.0994101274565421,0.12116233688181441,0.08963463236420502
1954-12,1953-12,312,1953-11,1954-11,-0.257625038357433,6.579442426803837,0.48536057933863197,0.10612921924316943,0.12360152475850733,0.09065196911130698
1955-01,1954-01,313,1953-12,1954-12,-0.25705786363111727,6.591614832007441,0.420768045155977,0.09011006854325682,0.11626012818902218,0.09191301898423772
1955-02,1954-02,314,1954-01,1955-01,-0.25593947974563636,6.590380754583843,0.4413004293884675,0.08733010590630697,0.11462927291418676,0.09296032798478468
1955-03,1954-03,315,1954-02,1955-02,-0.25459732986747124,6.586254525001771,0.38946379471713355,0.07841535154028884,0.11035434837960165,0.0940661695765424
1955-04,1954-04,316,1954-03,1955-03,-0.25307920340037904,6.576169685371643,0.371294913807531,0.0660511019621815,0.10465288898202701,0.0950009721877468
1955-05,1954-05,317,1954-04,1955-04,-0.2511463494157238,6.557840108512881,0.3455354341471597,0.06046949085355635,0.10182038830460152,0.09587256190894486
1955-06,1954-06,318,1954-05,1955-05,-0.2491398668194777,6.536856068312364,0.41766400696257233,0.06097580735185598,0.10160462103989765,0.09665766528076314
1955-07,1954-07,319,1954-06,1955-06,-0.2466183549021595,6.510318640522735,0.37358663167978157,0.04740762996108411,0.09521746426804623,0.09766395475311992
1955-08,1954-08,320,1954-07,1955-07,-0.24378644541553976,6.476027044764399,0.41280631586083194,0.06248422993885319,0.10118933320466073,0.09852621311851573
1955-09,1954-09,321,1954-08,1955-08,-0.2412925967755395,6.449485155265277,0.3212141208224042,0.04517458668951235,0.09312580201553292,0.09950527885914598
1955-10,1954-10,322,1954-09,1955-09,-0.2387650199677779,6.417859420291977,0.30974473106443323,0.05287100807331421,0.09599762943619586,0.1001938156354294
1955-11,1954-11,323,1954-10,1955-10,-0.2366108021014672,6.392118012290618,0.28091185511345373,0.03922151732310927,0.08957866046629062,0.10084258007948203
1955-12,1954-12,324,1954-11,1955-11,-0.23419622920396868,6.3604929058155895,0.2323424598648225,0.025214179783477425,0.08294120467637855,0.10139834944687083
1956-01,1955-01,325,1954-12,1955-12,-0.2317868383757948,6.326883493699056,0.18913876651513517,0.02460407363213099,0.08221054990530058,0.101801254402003
1956-02,1955-02,326,1955-01,1956-01,-0.22985205831758648,6.299741251380657,0.1975704580932367,0.02121925393178642,0.08033250959067792,0.10206916088087764
1956-03,1955-03,327,1955-02,1956-02,-0.22770530381960757,6.269209626153343,0.2779622634672647,0.025565879685819193,0.0818605670160798,0.10236121377755153
1956-04,1955-04,328,1955-03,1956-03,-0.2247458930476323,6.22758544683973,0.24179823355767427,0.01929854575042078,0.07846356165588125,0.10289658283148358
1956-05,1955-05,329,1955-04,1956-04,-0.2219607722252055,6.187471259093921,0.16849074695530653,0.02361931769119452,0.07987175999564256,0.10331877629873644
1956-06,1955-06,330,1955-05,1956-05,-0.22020813063633163,6.16246466939741,0.13252659666286148,0.009842287036471165,0.07325763066100865,0.10351626711890786
1956-07,1955-07,331,1955-06,1956-06,-0.21852985111780812,6.137550615463383,0.1628203061672302,0.006173528574506565,0.07123983502225972,0.10360391161904065
1956-08,1955-08,332,1955-07,1956-07,-0.21632181733895078,6.104440861617204,0.1260899276188212,0.012806508029440361,0.07382900167195211,0.10378227425322194
1956-09,1955-09,333,1955-08,1956-08,-0.21480733151949893,6.082027715040991,0.07444908288909091,0.015515560354871394,0.07476751855846817,0.10384926420326879
1956-10,1955-10,334,1955-09,1956-09,-0.21403768480074836,6.070696237989951,0.1092628905622457,0.021761845451600315,0.07749514173897601,0.10376123970831615
1956-11,1955-11,335,1955-10,1956-10,-0.21295996751293064,6.055086787669962,0.0405093560962797,0.019264587506000574,0.07612050211134688,0.1037776625466861
1956-12,1955-12,336,1955-11,1956-11,-0.21269257465667707,6.051180666618583,0.05612968872289559,0.017830608367949696,0.07540158771874278,0.1035893640155837
1957-01,1956-01,337,1955-12,1956-12,-0.2122064862343071,6.0440492939836306,0.05173396508733552,0.02885484467452687,0.08041620721819767,0.10344853411857274
1957-02,1956-02,338,1956-01,1957-01,-0.2119455657196861,6.0403467910249145,-0.006226895827777801,0.022896991424080665,0.07759812815547132,0.10329553243504838
1957-03,1956-03,339,1956-02,1957-02,-0.21229594165998542,6.045418025830286,-0.04870224543675439,0.008540436719894934,0.07101076355346211,0.10297245742542353
1957-04,1956-04,340,1956-03,1957-03,-0.21307185251805313,6.057078352257543,-0.013118496503901622,0.008248407242434946,0.0710375814595044,0.10252635535818183
1957-05,1956-05,341,1956-04,1957-04,-0.21335957856289653,6.061401699813574,0.07494440828917148,0.027325112712508537,0.07992185090151799,0.10218722089524317
1957-06,1956-06,342,1956-05,1957-05,-0.2128233903888911,6.053771305529754,0.03205907161515498,0.020599224191360205,0.07669874963984571,0.10210756354844179
1957-07,1956-07,343,1956-06,1957-06,-0.2126861612244501,6.051774143211052,-0.009124288319545704,0.012702744239066394,0.0730123888052174,0.10190334053988992
1957-08,1956-08,344,1956-07,1957-07,-0.2129652997854935,6.055926764801278,-0.026740127813148273,0.021498829420183024,0.07714247621826203,0.10158058580483341
1957-09,1956-09,345,1956-08,1957-08,-0.21353150676460406,6.064141962645209,-0.03317202416338161,0.03528031323527034,0.0836291824592964,0.10120864170739001
1957-10,1956-10,346,1956-09,1957-09,-0.21422573354588528,6.073711725803967,-0.07820702536688662,0.03814053985389751,0.08508876441706098,0.10082025828001782
1957-11,1956-11,347,1956-10,1957-10,-0.2153603485006709,6.08913049241134,-0.06160324123303007,0.028250137337815368,0.08076207409169128,0.1003043295087011
1957-12,1956-12,348,1956-11,1957-11,-0.21632464911224472,6.10276003339679,-0.12493756811488088,0.02236149618148975,0.07824915447777814,0.09983907786863866
1958-01,1957-01,349,1956-12,1957-12,-0.2179851652939864,6.126682162199146,-0.051901104436116285,0.031210536920186105,0.08263055086294685,0.09919501871109275
1958-02,1957-02,350,1957-01,1958-01,-0.21883206725830143,6.1384613785072375,-0.04629563533820247,0.04026873708018244,0.08693596751494531,0.09876331550210073
1958-03,1957-03,351,1957-02,1958-02,-0.2196228814790951,6.148985007013964,-0.03678230356778345,0.03653310360855583,0.08539065060023995,0.09835004213788336
1958-04,1957-04,352,1957-03,1958-03,-0.22031651970282803,6.158376042032198,-0.04863486131967354,0.027619514732134115,0.08147013530917477,0.09796614342849223
1958-05,1957-05,353,1957-04,1958-04,-0.22110482341346296,6.1694559991645646,-0.06013905241498396,0.01882988818309342,0.07763108568737687,0.09755084313175523
1958-06,1957-06,354,1957-05,1958-05,-0.22198809506255143,6.182246895988535,-0.02682328522290478,0.02161639305085669,0.07906981582795541,0.09710539144941982
1958-07,1957-07,355,1957-06,1958-06,-0.22251109346475562,6.189741039876064,0.007375292736743644,0.021421537743690683,0.07908469371805929,0.09675629658555411
1958-08,1957-08,356,1957-07,1958-07,-0.22266199145373988,6.191903040026851,0.08135054786778873,0.034792795292809875,0.08516918262248452,0.09650522635002373
1958-09,1957-09,357,1957-08,1958-08,-0.2222296310019016,6.18604204619309,0.20159471343618118,0.053013519104821466,0.09334215277477104,0.09646277627024155
1958-10,1957-10,358,1957-09,1958-09,-0.22113619263693116,6.172868674215288,0.2862196728556897,0.06524882813467961,0.09866917775444367,0.09675644089919669
1958-11,1957-11,359,1957-10,1958-10,-0.21978791597645064,6.158635962748146,0.2954497801586359,0.05747824932260692,0.09481831204058228,0.09728419363445155
1958-12,1957-12,360,1957-11,1958-11,-0.21812847348762293,6.139236616681239,0.4173035079934113,0.07086621900919787,0.10057362702404002,0.09783465359701873
1959-01,1958-01,361,1957-12,1958-12,-0.21618143940496834,6.1200471744537,0.36520638118578663,0.057011255058093985,0.09374802990199482,0.098719608872355
1959-02,1958-02,362,1958-01,1959-01,-0.21396862737679298,6.0935780568674245,0.40309812279866497,0.0649342763793703,0.096919097240839,0.09945576017708825
1959-03,1958-03,363,1958-02,1959-02,-0.21179612028241093,6.069444720849022,0.36632740434754507,0.05843612678981472,0.0934239207404311,0.10029224051488872
1959-04,1958-04,364,1958-03,1959-03,-0.20957624784911147,6.042713202521795,0.37331727877457044,0.052088575033689494,0.09000089816508722,0.10102310634959384
1959-05,1958-05,365,1958-04,1959-04,-0.20701488931178577,6.009989762394622,0.36703479026795627,0.0454591725399858,0.08637425804861776,0.10176911778089515
1959-06,1958-06,366,1958-05,1959-05,-0.20419205280385946,5.972129852498538,0.32504685480685236,0.04160487615172248,0.08398616046695237,0.10249388737785434
1959-07,1958-07,367,1958-06,1959-06,-0.20155839481738777,5.935864217960281,0.30930119201512385,0.03237118596804883,0.07908565138733714,0.10310029873324669
1959-08,1958-08,368,1958-07,1959-07,-0.1986855967677239,5.894527518723817,0.2677337045312014,0.026957024821480297,0.07591874156674411,0.10366062724759963
1959-09,1958-09,369,1958-08,1959-08,-0.19602550703921895,5.855360938479142,0.15398004094275697,0.02004878913852512,0.07205493827945922,0.10410526973346303
1959-10,1958-10,370,1958-09,1959-09,-0.1944356737979282,5.831388084160376,0.13914894695263968,0.014929116438983592,0.06925427401849651,0.10424006641240706
1959-11,1958-11,371,1958-10,1959-10,-0.1928903722102478,5.807735488591672,0.1241463814671584,0.008192846110017638,0.06566614540148671,0.10433416043003574
1959-12,1958-12,372,1958-11,1959-11,-0.19136257160419967,5.783952392805477,0.09412050416032613,-0.001955857026008423,0.0604050680296962,0.10438741908873768
1960-01,1959-01,373,1958-12,1959-12,-0.1899915919280942,5.762156686585558,0.012285565908793261,-0.002650314342883764,0.059747348237054666,0.10435989384764274
1960-02,1959-02,374,1959-01,1960-01,-0.18977773312816631,5.758748691682813,0.014147906595542992,-0.0046868177089333385,0.058705645401683694,0.10411370580502552
1960-03,1959-03,375,1959-02,1960-02,-0.18950557386067118,5.754395651385896,-0.0049377656426465855,-0.004850829116062605,0.0585612938967481,0.10387379700713355
1960-04,1959-04,376,1959-03,1960-03,-0.18950682407268343,5.754415657911467,-0.056631121132373674,-0.012189598451928962,0.05498582116416257,0.10358440455327773
1960-05,1959-05,377,1959-04,1960-04,-0.1901760891640936,5.765252609011197,-0.04467678677474474,-0.013997119680806636,0.054269855572704744,0.10315942968408504
1960-06,1959-06,378,1959-05,1960-05,-0.19063939824012022,5.77277129678371,-0.02276758075256513,-0.012957888365627307,0.054888037031197566,0.10276832858234211
1960-07,1959-07,379,1959-06,1960-06,-0.19078511648166058,5.775131499052568,-0.0755336669917126,-0.019769468577164495,0.05161651932183189,0.10243709927011278
1960-08,1959-08,380,1959-07,1960-07,-0.19164630847975458,5.7892182178736435,-0.03459014031107077,-0.014820864699932934,0.054228260221798004,0.10196875514837117
1960-09,1959-09,381,1959-08,1960-08,-0.19193824523391156,5.793956216528525,-0.045051336030119016,-0.005659701659346539,0.058732759053521315,0.10161033285057733
1960-10,1959-10,382,1959-09,1960-09,-0.19247813613771528,5.8025853087829145,-0.06379748307257749,-0.009349084755725906,0.05707687428746796,0.10122640178020903
1960-11,1959-11,383,1959-10,1960-10,-0.19323843397643264,5.814809532029992,-0.036321877078482556,-0.00804348197640567,0.057886992614509615,0.1007955300181913
1960-12,1959-12,384,1959-11,1960-11,-0.19362580841500118,5.821019891522873,-0.01623801421454807,-0.01122371284110954,0.05644649068381045,0.10043845343721036
1961-01,1960-01,385,1959-12,1960-12,-0.19369554481732054,5.822143622129799,0.1219595110668974,0.0022586746626214182,0.06295590656663497,0.10013539767707595
1961-02,1960-02,386,1960-01,1961-01,-0.19220389599081583,5.798711594330824,0.14862704369421387,0.00289039338318417,0.0629214386945077,0.10019193683093558
1961-03,1960-03,387,1960-02,1961-02,-0.19039736633785043,5.77032884058506,0.20104765724550955,0.007653527908669466,0.06482204923070833,0.10031709214582778
1961-04,1960-04,388,1960-03,1961-03,-0.1880898245761776,5.734390814801467,0.22639421473634735,0.012140472117489337,0.06649075935536358,0.10057670700433212
1961-05,1960-05,389,1960-04,1961-04,-0.18562103725116644,5.696259384510323,0.2178457767255204,0.009718662911266218,0.06473888364159125,0.10090014532755066
1961-06,1960-06,390,1960-05,1961-05,-0.18316078358613394,5.6579259404205935,0.15785745483016944,0.006968729053842104,0.0628083906242185,0.10120000592087877
1961-07,1960-07,391,1960-06,1961-06,-0.1813274738738356,5.629102497419539,0.21796172002967462,0.011664948556134341,0.06471682239846077,0.10134490988228363
1961-08,1960-08,392,1960-07,1961-07,-0.17891524474282863,5.5915152683772655,0.2137682252793358,0.011891254414819391,0.0642669043314287,0.10164240174490453
1961-09,1960-09,393,1960-08,1961-08,-0.1765490857162376,5.554565312039914,0.2642966448493398,0.023230395705485463,0.06943270229857346,0.10192770918392342
1961-10,1960-10,394,1960-09,1961-09,-0.1739905377299554,5.515707999644387,0.30764028949397626,0.025849439719988293,0.0701738817568417,0.1023398130815514
1961-11,1960-11,395,1960-10,1961-10,-0.17105621043982686,5.4713458548967076,0.3048875485855487,0.020813510912398775,0.06691316519342375,0.10285956112310184
1961-12,1960-12,396,1960-11,1961-11,-0.1679258091800776,5.423109916181698,0.24408151984165505,0.010694066125254559,0.0609374054122501,0.10336973280861304
1962-01,1961-01,397,1960-12,1961-12,-0.16508804869169053,5.378096756924804,0.1263388265660259,0.002513122981495697,0.055965872796123646,0.103724170559326
1962-02,1961-02,398,1961-01,1962-01,-0.16346884843819728,5.351901353982061,0.10656389900352647,-0.0021976669653220315,0.05307733400475414,0.10378099130306144
1962-03,1961-03,399,1961-02,1962-02,-0.1619938025016341,5.32779712014039,0.06817902810404952,-0.006325324729514886,0.050511104087281815,0.10378796600907765
1962-04,1961-04,400,1961-03,1962-03,-0.16095278955774298,5.310645201728828,-0.0037368772934762706,-0.0070698327424564,0.0498330076881559,0.10369894366431506
1962-05,1961-05,401,1961-04,1962-04,-0.1609061146703075,5.3098745790503425,-0.1099185727172538,-0.008829226497555298,0.0488911301055431,0.10343102391130311
1962-06,1961-06,402,1961-05,1962-05,-0.16232993903867257,5.333449242340975,-0.1576525887308684,-0.005458611224439108,0.05105662745435557,0.10290030352167985
1962-07,1961-07,403,1961-06,1962-06,-0.16439436386359269,5.367402548777012,-0.13186135663274023,-0.011363221308055005,0.04852893061169606,0.10225377029028394
1962-08,1961-08,404,1961-07,1962-07,-0.1660757939331609,5.395273939305855,-0.13658872398730415,-0.011711393182583074,0.04880883471887914,0.10167427740186062
1962-09,1961-09,405,1961-08,1962-08,-0.16779895240539763,5.423812972112614,-0.162739892155344,-0.012344525129725725,0.04895021612833137,0.10108597369472687
1962-10,1961-10,406,1961-09,1962-09,-0.16985524921688264,5.457854770899704,-0.1847487599061779,-0.01598879597767855,0.04763321476280218,0.10043615629115527
1962-11,1961-11,407,1961-10,1962-10,-0.1721879688684975,5.496626522320365,-0.13782212459592735,-0.018200298531678455,0.047137490865886304,0.09973545625135838
1962-12,1961-12,408,1961-11,1962-11,-0.17384048900907442,5.52413307852418,-0.1279188343613915,-0.02141074510096641,0.04595563781333046,0.09915320727869346
1963-01,1962-01,409,1961-12,1962-12,-0.17532445352759976,5.548918921548015,-0.048568868646994834,-0.014059498641301765,0.05007438504327689,0.09859801891282528
1963-02,1962-02,410,1962-01,1963-01,-0.17577543004290594,5.5563568941466395,-0.08822713959337047,-0.013606542867879878,0.050421440264357555,0.0982390752846306
1963-03,1962-03,411,1962-02,1963-02,-0.1767392352051797,5.572234746150206,-0.05402420776883399,-0.01669355262376715,0.049119921457895364,0.09778538619733619
1963-04,1962-04,412,1962-03,1963-03,-0.17722707839303717,5.580305891875187,0.05847058095429669,-0.005567927779167536,0.05483858604698532,0.09741691630906879
1963-05,1962-05,413,1962-04,1963-04,-0.17646263022682052,5.567912830582727,0.18120406148114743,0.01669280361349107,0.06585532331395391,0.09732261525494103
1963-06,1962-06,414,1962-05,1963-05,-0.17484042372802075,5.542985860816573,0.26624345257710935,0.031325470523121374,0.07287379986178588,0.09752522744389319
1963-07,1962-07,415,1962-06,1963-06,-0.1728348667255351,5.513673257688575,0.18645292446928297,0.022031514259324675,0.06768220624494134,0.09793177738397324
1963-08,1962-08,416,1962-07,1963-07,-0.17128140296740973,5.490072298174554,0.22037947868786123,0.018073415887708055,0.06529341418266418,0.0981445686029283
1963-09,1962-09,417,1962-08,1963-08,-0.16929080071380836,5.459373862267609,0.2701059732388198,0.02986356655317532,0.07087000080746192,0.09843769788370751
1963-10,1962-10,418,1962-09,1963-09,-0.1671798423156613,5.4280289787713265,0.3020158934213659,0.03225217575305811,0.07160405369352013,0.09884838753766712
1963-11,1962-11,419,1962-10,1963-10,-0.16485473345458632,5.393703675364417,0.16454264803917407,0.016372809880566913,0.0627964253483749,0.09933327418655424
1963-12,1962-12,420,1962-11,1963-11,-0.16334794554368554,5.370125749738549,0.1731031820498592,0.016581170273081064,0.06253212579729109,0.09948853460048905
1964-01,1963-01,421,1962-12,1963-12,-0.16175645576354925,5.3451867741954455,0.14202358073332078,0.007929548353152516,0.05759743904088293,0.09966339124526188
1964-02,1963-02,422,1963-01,1964-01,-0.1602816013520947,5.32150822898097,0.18901990425190252,0.014295604087491476,0.06057057193581033,0.09976377084120516
1964-03,1963-03,423,1963-02,1964-02,-0.15846239708890664,5.292710839546018,0.17000592223296307,0.01035280597246574,0.058018629684954075,0.09997477824879546
1964-04,1963-04,424,1963-03,1964-03,-0.15673629801034142,5.265049684321515,0.12003731394159178,0.004673746128294243,0.054544990787291255,0.10013994604121096
1964-05,1963-05,425,1963-04,1964-04,-0.15542503503820554,5.243718432885591,0.11643408100296448,0.005388771601652659,0.054575849410989925,0.10018676337744714
1964-06,1963-06,426,1963-05,1964-05,-0.1541706062031563,5.2233143143999445,0.1541333930771891,0.009150165171315255,0.05625744800208154,0.10022490262069952
1964-07,1963-07,427,1963-06,1964-06,-0.1525845768537689,5.19769958024191,0.17883138171853807,0.011661252219440366,0.05718849069237723,0.10035115201286929
1964-08,1963-08,428,1963-07,1964-07,-0.15079276681018178,5.1688815023838135,0.10611533791894745,0.0046756903601772315,0.052921270428849636,0.10053451703554608
1964-09,1963-09,429,1963-08,1964-08,-0.149636201659716,5.149941390011505,0.15360989413324555,0.011661884508035042,0.056405269332800455,0.10054752594203421
1964-10,1963-10,430,1963-09,1964-09,-0.14811238366689194,5.125349058366639,0.13184985710761699,0.009149457083742513,0.054618614018830745,0.10067092679829283
1964-11,1963-11,431,1963-10,1964-10,-0.1467644638887515,5.103426000925131,0.1423097620786311,0.01473773000738815,0.057317809283505626,0.10074326770388292
1964-12,1963-12,432,1963-11,1964-11,-0.1454296616519388,5.081975096859203,0.12247501418630957,0.01310798994339113,0.056056748153784135,0.1008394864408615
1965-01,1964-01,433,1963-12,1964-12,-0.1442676549975067,5.063192839572444,0.13608644774799417,0.009343006830936362,0.053652836564122834,0.10088945301764082
1965-02,1964-02,434,1964-01,1965-01,-0.14287631166688833,5.040469450565679,0.12404317176915325,0.010010417303169233,0.053633626242853914,0.1009705520838398
1965-03,1964-03,435,1964-02,1965-02,-0.14163102581007828,5.020129848163232,0.0932530870391195,0.009565558283905845,0.0530342271217717,0.10102359258886352
1965-04,1964-04,436,1964-03,1965-03,-0.14071368067986165,5.005109490058043,0.125286324178705,0.010139917594204184,0.053095510726140625,0.10100577032842832
1965-05,1964-05,437,1964-04,1965-04,-0.1394596550843863,4.984581589409254,0.10153415605101657,0.009598928926844497,0.05243384493042751,0.10106133223655252
1965-06,1964-06,438,1964-05,1965-05,-0.1384537470136031,4.9680706558930785,0.02846890101554833,0.009488697205162294,0.05208258560424373,0.10106241174297823
1965-07,1964-07,439,1964-06,1965-06,-0.13824611683987734,4.964657782557658,0.024958397626150486,0.006157554674236454,0.050141451205947284,0.10089705067070619
1965-08,1964-08,440,1964-07,1965-07,-0.13803554784763333,4.961170256151283,0.06833489499405299,0.010693026734666516,0.05264299627489385,0.10072446282287766
1965-09,1964-09,441,1964-08,1965-08,-0.13741746184110534,4.951034393887123,0.06958062782457497,0.0057736667164723365,0.04967918170919409,0.1006510170908395
1965-10,1964-10,442,1964-09,1965-09,-0.13670592198561296,4.93922828246459,0.0901846062543652,0.003987291616792038,0.04845504259947284,0.10058072209249952
1965-11,1964-11,443,1964-10,1965-10,-0.1357330030450369,4.9230118293911085,0.09100496020286397,0.006613065859385064,0.04965947240850858,0.10055725456239088
1965-12,1964-12,444,1964-11,1965-11,-0.13480260558604457,4.907573620660691,0.10140268734914559,0.007975082771165987,0.050161096429077436,0.10053574038590546
1966-01,1965-01,445,1964-12,1965-12,-0.133786057233083,4.890738522614412,0.07074756471726618,0.003549445641209903,0.04732194599844403,0.10053768858132847
1966-02,1965-02,446,1965-01,1966-01,-0.13302824061042937,4.8780545270397795,0.05322872590395766,0.005079602373842279,0.04797059313918258,0.10047089458163326
1966-03,1965-03,447,1965-02,1966-02,-0.13249348243259673,4.869124987150387,0.04144448660385125,0.008145610709545087,0.049573748978763134,0.10036520740338342
1966-04,1965-04,448,1965-03,1966-03,-0.13213433807182146,4.863164143585447,0.03080852818662594,0.0039833312696676,0.0470662367096737,0.10023368793731303
1966-05,1965-05,449,1965-04,1966-04,-0.13183593024287993,4.858164610736381,-0.018664152801782352,0.007643669958736943,0.04908727565574516,0.10007906620067454
1966-06,1965-06,450,1965-05,1966-05,-0.1321184446649915,4.8628622342054255,0.02435069685639779,0.016448553652475995,0.054249075545398075,0.09981519238066909
1966-07,1965-07,451,1965-06,1966-06,-0.13204050006478993,4.861594353633319,-0.0064375667528713265,0.013707322325270083,0.052645526166500665,0.09964786533959531
1966-08,1965-08,452,1965-07,1966-07,-0.13224330982248708,4.864917513315406,-0.10768068244801654,0.012516450115765354,0.052018657353086396,0.0994131630562049
1966-09,1965-09,453,1965-08,1966-08,-0.13345905157844817,4.884893118484093,-0.1419762449376223,0.007946236066321832,0.04975211153015973,0.0989560022493523
1966-10,1965-10,454,1965-09,1966-09,-0.13502071911055222,4.910797871252113,-0.13264076156032423,0.0031902166030274015,0.04750016791581977,0.09842531448021799
1966-11,1965-11,455,1965-10,1966-10,-0.13647551638780311,4.935143079845282,-0.12137916723552056,0.00672751659127499,0.049947057482378536,0.09791747695045856
1966-12,1965-12,456,1965-11,1966-11,-0.13779134831905973,4.956951419928472,-0.12983255561641538,0.003955847478043006,0.04876565356434102,0.09743656325706826
1967-01,1966-01,457,1965-12,1966-12,-0.13918261989383796,4.980120606948819,-0.06769539263698632,0.0020154661431250054,0.048083497288448275,0.09693925665121818
1967-02,1966-02,458,1966-01,1967-01,-0.13991091812403553,4.992281800014574,-0.04948663783918683,0.005542879019697966,0.050279973460566445,0.0965797923514623
1967-03,1966-03,459,1966-02,1967-02,-0.1404642068008691,5.001438457187538,0.013683854103356152,0.009797395060031577,0.05282566527176077,0.09626156483470705
1967-04,1966-04,460,1966-03,1967-03,-0.1404268416522702,5.000827040263245,0.030274197398522995,0.006882189634998148,0.05118055302167506,0.09608204807224761
1967-05,1966-05,461,1966-04,1967-04,-0.1401971922479971,4.9970410593989705,0.04691217408803117,0.018028638508052502,0.05736846332869872,0.09593929785386641
1967-06,1966-06,462,1966-05,1967-05,-0.13994213953510762,4.992963802767418,0.0877930329041352,0.020108959606040977,0.058465941476569215,0.09583317853835595
1967-07,1966-07,463,1966-06,1967-06,-0.13935829679940936,4.983689203494614,0.15583300049492688,0.023209489569448793,0.06004907913282293,0.09581581321301208
1967-08,1966-08,464,1966-07,1967-07,-0.13825080341222237,4.966265267174892,0.24711923549360315,0.04111323832903849,0.0698526189661425,0.09594516059939551
1967-09,1966-09,465,1966-08,1967-08,-0.13684208180085267,4.94577674922516,0.29845718002136445,0.04301043598718868,0.07054903727371006,0.0962702661368024
1967-10,1966-10,466,1966-09,1967-09,-0.1351277501825764,4.921022980216234,0.21289342617939666,0.03657813283721573,0.066420289088986,0.09670414363440877
1967-11,1966-11,467,1966-10,1967-10,-0.13383867720586268,4.9016635908812995,0.20111248852570496,0.035603911851835784,0.06551205088238282,0.09695294295463358
1967-12,1966-12,468,1966-11,1967-11,-0.1326102436407541,4.883073974532069,0.2347880885247109,0.03570985193136819,0.0652365092377172,0.0971755060861957
1968-01,1967-01,469,1966-12,1967-12,-0.13112964404405913,4.8606179120293325,0.09590976291773812,0.025441123132355442,0.058905528289883456,0.09746892310632047
1968-02,1967-02,470,1967-01,1968-01,-0.13054076168915055,4.8512784176273,0.04815390377581097,0.024884992171396753,0.05841764000708776,0.0974656057442171
1968-03,1967-03,471,1967-02,1968-02,-0.1303454132585125,4.8481710493884345,0.009966629206164423,0.018248063836178413,0.05452396013107794,0.0973609099863224
1968-04,1967-04,472,1967-03,1968-03,-0.1304194361342183,4.849374415625468,0.05719011590242862,0.012758924202873112,0.05137173285549181,0.09717575261178817
1968-05,1967-05,473,1967-04,1968-04,-0.13000337753130345,4.842505533584755,0.12997043967655908,0.02169705733836555,0.05642342350940912,0.09709121638195865
1968-06,1967-06,474,1967-05,1968-05,-0.12907487784483368,4.827566858415252,0.11068037508363027,0.01803519106667259,0.05402918374192866,0.09716058183194726
1968-07,1967-07,475,1967-06,1968-06,-0.12825117661336272,4.81414222387929,0.034186208709914956,0.011882911953417091,0.050204562375580665,0.09718904455458238
1968-08,1967-08,476,1967-07,1968-07,-0.1280412834288732,4.810657884462119,0.057607641569501045,0.014663161400116753,0.05176176058368958,0.09705668565574904
1968-09,1967-09,477,1967-08,1968-08,-0.12764884045970287,4.804189941415591,0.06609575148804048,0.01064129369845876,0.04929747407201155,0.09697398325724538
1968-10,1967-10,478,1967-09,1968-09,-0.1271245860366529,4.795451536657162,0.10440475964706808,0.016448660113897035,0.052533470939616043,0.09690938444601271
1968-11,1967-11,479,1967-10,1968-10,-0.1263383316383014,4.782542551329672,0.1596018853985981,0.015066965461978526,0.05148907560806267,0.09692503241094186
1968-12,1967-12,480,1967-11,1968-11,-0.12503036831466882,4.760958272630763,0.08239653492146104,0.011395531502719852,0.048932465921263525,0.09705560918799948
1969-01,1968-01,481,1967-12,1968-12,-0.12436471381613039,4.749843830656809,0.1146870584524402,0.018676501643760654,0.05302544503410097,0.0970251329421231
1969-02,1968-02,482,1968-01,1969-01,-0.12352527921677091,4.736097551306732,0.09251914441702791,0.026120001626869963,0.05718016983033999,0.09706177594110717
1969-03,1968-03,483,1968-02,1969-02,-0.12298676936814823,4.727481369100248,0.11817109081331556,0.02428318892858336,0.05593286311572442,0.09705237090689581
1969-04,1968-04,484,1968-03,1969-03,-0.12221164325523724,4.714987135258899,0.040171615857325316,0.013912873275854817,0.04953659390181738,0.09709600462571073
1969-05,1968-05,485,1968-04,1969-04,-0.12197185821516852,4.710992788186395,0.016569123723097823,0.009896471270691945,0.047072107723814115,0.09697863475196149
1969-06,1968-06,486,1968-05,1969-05,-0.12190888660454233,4.709932420136979,-0.06082055513861484,0.009200415135608514,0.04663793095829168,0.09681318308317781
1969-07,1968-07,487,1968-06,1969-06,-0.12257069648412423,4.721096785783591,-0.1006175597512089,0.013838337047667279,0.04960080965318602,0.09648949984247598
1969-08,1968-08,488,1968-07,1969-07,-0.1235994640202845,4.738226884092106,-0.07249815871278875,0.01144554237963065,0.048500777651713796,0.09608559193347253
1969-09,1968-09,489,1968-08,1969-08,-0.1243634049914979,4.751011347030991,-0.13451154222956463,0.005015629826182033,0.04494197868441562,0.09574083988716116
1969-10,1968-10,490,1968-09,1969-09,-0.12569640603794804,4.773657201761025,-0.09654121031777585,0.005540775217357269,0.045671147162746124,0.0952709370665148
1969-11,1968-11,491,1968-10,1969-10,-0.12665635316339943,4.789917327182496,-0.1750309341815226,-0.0024765775740391294,0.04127839143467841,0.09488028096186246
1969-12,1968-12,492,1968-11,1969-11,-0.128375638776748,4.819533988888759,-0.1634114319594765,0.0034503364880975884,0.04527994472577324,0.09433168093108323
1970-01,1969-01,493,1968-12,1969-12,-0.12993721687767604,4.846024959382025,-0.219473810037081,0.0020161757226301036,0.044934432417264865,0.09380887542826262
1970-02,1969-02,494,1969-01,1970-01,-0.13201018587308747,4.88124093966439,-0.13081694624969342,0.010776632086271637,0.05060639434300846,0.09317469995161211
1970-03,1969-03,495,1969-02,1970-02,-0.13321890182361704,4.901256040043901,-0.16313152870603664,0.006873938774445781,0.04873035175379573,0.09272219157544787
1970-04,1969-04,496,1969-03,1970-03,-0.13470731775361805,4.926127533141928,-0.26322722841551516,0.0031797466393931606,0.047070266142139695,0.09220635746197713
1970-05,1969-05,497,1969-04,1970-04,-0.1370892358886417,4.966232051096882,-0.3135308374216239,0.004727501731545708,0.048655085377818284,0.09149119934149928
1970-06,1969-06,498,1969-05,1970-05,-0.13985304121483794,5.012430067705502,-0.3022698797596318,0.014636395919421313,0.055005869425031086,0.09067790207892272
1970-07,1969-07,499,1969-06,1970-06,-0.1423205713359994,5.052299292716413,-0.19953041726470733,0.024194998759882902,0.060997900785059546,0.08989043157423623
1970-08,1969-08,500,1969-07,1970-07,-0.14387466415093775,5.076390536484811,-0.20441834093372602,0.016263917346753892,0.05703720067410117,0.08931158987655836
1970-09,1969-09,501,1969-08,1970-08,-0.14552032381796662,5.1026432519700515,-0.14607094865730075,0.02090260448036521,0.06003526770998322,0.08872530258951188
1970-10,1969-10,502,1969-09,1970-09,-0.1466935157318034,5.1209643241031735,-0.2056320934061795,0.012190781800494849,0.05558059401483565,0.08825758097348237
1970-11,1969-11,503,1969-10,1970-10,-0.1483490036883026,5.1476256426539555,-0.13761263793844203,0.015599436956892393,0.057888366919327326,0.08767330726696217
1970-12,1969-12,504,1969-11,1970-11,-0.14946168621658731,5.165273799489849,-0.06474320769536579,0.017713575539297005,0.05933483482712736,0.08722631134393558
1971-01,1970-01,505,1969-12,1970-12,-0.15004243021821842,5.1743894569512925,0.06568608613642302,0.03166679264237429,0.06705036407010362,0.08692538160326369
1971-02,1970-02,506,1970-01,1971-01,-0.14983871445185512,5.171407841954981,0.027861580391930874,0.0216640092783697,0.061573434459221026,0.08688340671103674
1971-03,1970-03,507,1970-02,1971-02,-0.1497971812257268,5.1707672075301865,0.08069123135092471,0.024471611063130255,0.06308483097939782,0.08676699285241916
1971-04,1970-04,508,1970-03,1971-03,-0.14943296264941525,5.165222292861631,0.25277275677824584,0.043617097818782674,0.07338118201146235,0.08675503269198315
1971-05,1970-05,509,1970-04,1971-04,-0.1483687476606454,5.15093006897511,0.29420433635766785,0.0544653606010129,0.07899769228231182,0.08708119717938248
1971-06,1970-06,510,1970-05,1971-05,-0.14733126310063746,5.1385135287788515,0.37156902804553726,0.0672238489252403,0.08565998377478559,0.08748732098169286
1971-07,1970-07,511,1970-06,1971-06,-0.14628720926057304,5.1286981220223105,0.22794046766562137,0.055255304910593606,0.07877019252923795,0.08804325387222875
1971-08,1970-08,512,1970-07,1971-07,-0.1455376584691635,5.119672353814445,0.21904852728953172,0.04404778569546916,0.07241611464634976,0.08831649061791896
1971-09,1970-09,513,1970-08,1971-08,-0.14463198544626937,5.107308528992674,0.1614932157179072,0.03657997544861438,0.06807059753604999,0.08857132889603127
1971-10,1970-10,514,1970-09,1971-09,-0.14391516462034595,5.096927512284351,0.13800132776162344,0.04136262930292775,0.07050981462056502,0.0887132002711711
1971-11,1970-11,515,1970-10,1971-10,-0.14339336893690405,5.089603383362144,0.08394526587074846,0.031256302983684536,0.06480157467795997,0.08880890537309431
1971-12,1970-12,516,1970-11,1971-11,-0.14306984125705863,5.0847478420349015,0.11200835984508184,0.020557865685048138,0.05881578088032537,0.08879947971514403
1972-01,1971-01,517,1970-12,1971-12,-0.14243776299849364,5.074760095787096,0.08622058478589967,0.013681579693061524,0.05484498996248854,0.08884437116607234
1972-02,1971-02,518,1971-01,1972-01,-0.14190022222110052,5.066032641496541,0.10130571682123302,0.012255882310236776,0.05390702948683721,0.0888393059414002
1972-03,1971-03,519,1971-02,1972-02,-0.14123182052783217,5.055117618127816,0.06425950278996839,0.007657268803784006,0.051169917169000344,0.0888633260008989
1972-04,1971-04,520,1971-03,1972-03,-0.14078832019172427,5.047760472646459,0.03454749748251662,0.004175033474840578,0.049109710558219034,0.08881601095626251
1972-05,1971-05,521,1971-04,1972-04,-0.1405431409676853,5.043649020197298,0.09163458654280965,0.011210769391795855,0.05295027083098804,0.08871184874230138
1972-06,1971-06,522,1971-05,1972-05,-0.13993675001788916,5.03369140267749,0.06699930754738936,0.011321034157553644,0.05284080764598904,0.08871744785686174
1972-07,1971-07,523,1971-06,1972-06,-0.1395177442904362,5.026806418344451,0.10859916924994173,0.016990765250468692,0.05588490134102054,0.08867592177596409
1972-08,1971-08,524,1971-07,1972-07,-0.138867038283465,5.0163171014343515,0.10245080560469533,0.01415033430920995,0.054116116380169076,0.08871394324060909
1972-09,1971-09,525,1971-08,1972-08,-0.1382218764784004,5.005797202042393,0.09948699064259858,0.014955878028220237,0.05438568675653633,0.08874010869273115
1972-10,1971-10,526,1971-09,1972-09,-0.13760944934378705,4.995828020969157,0.15612881643717413,0.02058603347388263,0.05737298772804043,0.0887605400272366
1972-11,1971-11,527,1971-10,1972-10,-0.1366830436940286,4.981050605765934,0.2139451566108448,0.022120078657330594,0.0579784217399261,0.08888837356881144
1972-12,1971-12,528,1971-11,1972-11,-0.13539128455230864,4.960537054863273,0.12418000462464596,0.010232158830722343,0.05089863830394103,0.08912522353669408
1973-01,1972-01,529,1971-12,1972-12,-0.1345232636073002,4.94610831385878,0.061701781484069906,0.006512309926837628,0.0485380229230881,0.08919148966351441
1973-02,1972-02,530,1972-01,1973-01,-0.13408787523077773,4.9387794374855325,-0.01645026952797979,0.002289437036222669,0.046012113382331334,0.08913962228959092
1973-03,1972-03,531,1972-02,1973-02,-0.13424111936090607,4.941390988117008,-0.03508736486013697,-0.0007028920046491249,0.04436026511848682,0.08894077126921886
1973-04,1972-04,532,1972-03,1973-03,-0.13452827197340647,4.946321450140551,-0.09055873963788852,-0.003219963492726685,0.0430207162285088,0.08870763567499074
1973-05,1972-05,533,1972-04,1973-04,-0.13526915221006752,4.959116530650187,-0.12739837996925396,-0.004239307687957411,0.04267123537801119,0.0883713010121148
1973-06,1972-06,534,1972-05,1973-05,-0.13631451690999905,4.977196780679888,-0.11929624173624931,-0.0021056169338584396,0.04419297976289822,0.08796723793911598
1973-07,1972-07,535,1972-06,1973-06,-0.13728233997434955,4.993825868663152,-0.07020054105529272,-0.0024492884029800877,0.04429165655906946,0.087579829565891
1973-08,1972-08,536,1972-07,1973-07,-0.13783856295257552,5.003378643581411,-0.1313976724985716,-0.007241592042310507,0.04177329751478715,0.08728546320279176
1973-09,1972-09,537,1972-08,1973-08,-0.13889226050782338,5.021672876379428,-0.08264652537366834,-0.0061543833005518744,0.042702037937072744,0.08687823203761232
1973-10,1972-10,538,1972-09,1973-09,-0.13952964257655417,5.032695820097991,-0.09453883482778314,-0.0085392284582404,0.04156616870963709,0.08656313025803745
1973-11,1972-11,539,1972-10,1973-10,-0.1402550772033687,5.045301836910037,-0.2391230177646334,-0.011274565366180905,0.040266876887305174,0.08622713403338844
1973-12,1972-12,540,1972-11,1973-11,-0.1422046118537215,5.07935889325534,-0.2395067892905165,-0.013714352535212804,0.03951565910490595,0.08562463375228099
1974-01,1973-01,541,1972-12,1973-12,-0.14414822134872646,5.113413413770926,-0.21493403272071943,-0.010341470494920346,0.041958454806294364,0.08502365145460483
1974-02,1973-02,542,1973-01,1974-01,-0.14583994850694587,5.142760242533407,-0.1797131454048393,-0.005579883795589019,0.045058086340935104,0.08447022399302676
1974-03,1973-03,543,1973-02,1974-02,-0.14720763170062492,5.166156205438259,-0.19072217963919025,-0.004471262407940019,0.04605573416627803,0.08398369845085757
1974-04,1973-04,544,1973-03,1974-03,-0.1486418180615497,5.190570824094196,-0.18595651238308863,0.004873819236403398,0.05151402080651545,0.08347872441025087
1974-05,1973-05,545,1973-04,1974-04,-0.14997903313907301,5.212656892403875,-0.1987038094361928,0.006354910386032586,0.05267858810038408,0.08298434782897869
1974-06,1973-06,546,1973-05,1974-05,-0.1513819115656514,5.235657323792907,-0.20803639052014478,0.008078136213690662,0.05398327349983834,0.08246843545303514
1974-07,1973-07,547,1973-06,1974-06,-0.15282123525568728,5.259050183169243,-0.29950266830871775,0.0016348291140040605,0.050935613703860884,0.08193734801981178
1974-08,1973-08,548,1973-07,1974-07,-0.15493072056901835,5.294018254310548,-0.33798056370011675,0.005966729491225925,0.05380316650164276,0.08124128959585461
1974-09,1973-09,549,1973-08,1974-08,-0.1572128537365554,5.3311524404910084,-0.4311381817047678,-0.003776956762241712,0.04928536711306609,0.08047767966271076
1974-10,1973-10,550,1973-09,1974-09,-0.16027061738422563,5.382340138903982,-0.34500988381685915,-0.0030807745898450423,0.05047345042235852,0.07954746900567898
1974-11,1973-11,551,1973-10,1974-10,-0.16265948183535509,5.422051763573882,-0.28644198040603075,0.021338733438819035,0.0637366267397245,0.07877694749420432
1974-12,1973-12,552,1973-11,1974-11,-0.16431400771726778,5.446697156524719,-0.31275376449536196,0.020850568283585863,0.06390650909479076,0.07811531900163145
1975-01,1974-01,553,1973-12,1974-12,-0.16609582046742932,5.473187135357481,-0.22960457652336008,0.02095372710211099,0.0644108099338479,0.07740850329910522
1975-02,1974-02,554,1974-01,1975-01,-0.16741545728277507,5.492690859887229,-0.18858531548468005,0.024287608367181773,0.06644599946496133,0.07685432806476865
1975-03,1974-03,555,1974-02,1975-02,-0.16848199842576717,5.508054560767193,-0.14724990647039982,0.029299139937638274,0.06926700876445191,0.07637605843675162
1975-04,1974-04,556,1974-03,1975-03,-0.16930495341624174,5.519427876407222,-0.06767876065551137,0.041345073946381844,0.07559679251439633,0.07597385346389703
1975-05,1974-05,557,1974-04,1975-04,-0.16972967130624175,5.524581931679719,0.023804327679269432,0.053175588673535445,0.081716663989406,0.07571594930928409
1975-06,1974-06,558,1974-05,1975-05,-0.16982241309713406,5.525484781381407,0.1005956029486591,0.061387238773741554,0.08591208584143076,0.07562291772930199
1975-07,1974-07,559,1974-06,1975-06,-0.16971847133491846,5.524723758660758,0.12001233068230177,0.07908807289737182,0.09485868709646628,0.07566759158479279
1975-08,1974-08,560,1974-07,1975-07,-0.1696538707995213,5.524914642298617,0.2027989278322717,0.11234104167613115,0.11169687214460672,0.07574677861889548
1975-09,1974-09,561,1974-08,1975-08,-0.16969310563266185,5.5294269943317085,0.3069366073905805,0.15397182711195703,0.1327096759484404,0.07597325303817067
1975-10,1974-10,562,1974-09,1975-09,-0.17014224795849173,5.545653242911938,0.18612747946434471,0.1101589405814696,0.11030538191395042,0.07638421986086179
1975-11,1974-11,563,1974-10,1975-10,-0.1701619768987343,5.549131592477265,0.2744671538008113,0.12629698299931919,0.11838056705122688,0.07657914572161398
1975-12,1974-12,564,1974-11,1975-11,-0.17034293313016577,5.559106014402562,0.30080566604891734,0.14110439209890505,0.12567136824129702,0.07693001098416574
1976-01,1975-01,565,1974-12,1975-12,-0.17067608026017198,5.57294395926355,0.27874606483715714,0.10130870325208682,0.10542733223262746,0.07732625108162548
1976-02,1975-02,566,1975-01,1976-01,-0.1706176492649524,5.57867457728005,0.21840254977203577,0.09520575224637082,0.10219009962070588,0.07768211647695328
1976-03,1975-03,567,1975-02,1976-02,-0.17052964419776265,5.58157866200994,0.21438184169593932,0.09149958246860887,0.10021465377160982,0.0779303006626589
1976-04,1975-04,568,1975-03,1976-03,-0.17041310180449437,5.58382041503334,0.14931473221614744,0.08125307429197898,0.09495821295369489,0.07817053224898508
1976-05,1975-05,569,1975-04,1976-04,-0.170306038020477,5.584102369648583,0.07961982881778307,0.07005767664749574,0.08927681590822747,0.07829556599233686
1976-06,1975-06,570,1975-05,1976-05,-0.1702845499717832,5.583996514594197,0.07026143046280586,0.06718186795280276,0.08782433055429004,0.07829788926045167
1976-07,1975-07,571,1975-06,1976-06,-0.17027710899239443,5.583950512771018,0.13432099274247888,0.08645540057847859,0.09749916658984265,0.0782838149017868
1976-08,1975-08,572,1975-07,1976-07,-0.17021682598810256,5.584476123661681,0.16168015114535905,0.09125213632726215,0.09986506849016194,0.07838178199591389
1976-09,1975-09,573,1975-08,1976-08,-0.1701481361722814,5.585694029386367,0.23768974760577732,0.10204753948644138,0.10522084100656359,0.07852715436790245
1976-10,1975-10,574,1975-09,1976-09,-0.1701026320847439,5.58997917755441,0.14864644403630922,0.08911621988463408,0.09860723121563333,0.07880444111570363
1976-11,1975-11,575,1975-10,1976-10,-0.17003578834368444,5.590803040274499,0.12445363803399356,0.07549900446064264,0.0917254792707006,0.07892590546860903
1976-12,1975-12,576,1975-11,1976-11,-0.1699407731503421,5.59057791969556,0.20511441928505958,0.07834988693580908,0.09311256820564412,0.07900494667097949
1977-01,1976-01,577,1975-12,1976-12,-0.16971611517982554,5.5904664858163375,0.033162281050848064,0.051571654054770794,0.07957221276308712,0.07922350728209573
1977-02,1976-02,578,1976-01,1977-01,-0.16977837377753158,5.591149503708559,0.01094195917120555,0.04909405054486729,0.07834742810603379,0.0791438165792735
1977-03,1976-03,579,1976-02,1977-02,-0.1699127138497357,5.592687242037437,-0.024457318339703438,0.04485960903916855,0.07626173035528233,0.07902602407943228
1977-04,1976-04,580,1976-03,1977-03,-0.17017350921720256,5.5958620834871775,-0.008712818094915642,0.04496526059968517,0.07638424971490634,0.07884760452353723
1977-05,1976-05,581,1976-04,1977-04,-0.1703742802103387,5.598298150334536,-0.009182500921575798,0.05550922818622883,0.08171864430437675,0.07869689811627656
1977-06,1976-06,582,1976-05,1977-05,-0.17057476062579097,5.600306230682675,-0.005031438512907327,0.03927421499372452,0.07365036405432099,0.07854590258528368
1977-07,1976-07,583,1976-06,1977-06,-0.17075426604309416,5.602633782936074,-0.010592043743000046,0.03751372971951206,0.07281552612391287,0.07840254522490943
1977-08,1976-08,584,1976-07,1977-07,-0.17095352655576915,5.605262900572818,-0.021527057794039517,0.04631001264983639,0.07726629076120428,0.07825015723010137
1977-09,1976-09,585,1976-08,1977-08,-0.17119812483095806,5.608156938265817,-0.04342471153151328,0.0413871361490131,0.07487129980522325,0.07807959788817975
1977-10,1976-10,586,1976-09,1977-09,-0.17152740991314316,5.6123100300543145,-0.06061791252776472,0.045063162183341526,0.07679362815017618,0.07787225265026218
1977-11,1976-11,587,1976-10,1977-10,-0.17191282438966704,5.61693275727432,-0.02898524754718479,0.05824856300272416,0.08347871605383922,0.07763632391912414
1977-12,1976-12,588,1976-11,1977-11,-0.1721612557982524,5.619185566051081,-0.07800592742085433,0.047565963625029434,0.07822632267519172,0.07745499471595016
1978-01,1977-01,589,1976-12,1977-12,-0.17259635349845473,5.624181897998114,-0.0940720758589304,0.05969870584968584,0.08439432378739764,0.07719105427089615
1978-02,1977-02,590,1977-01,1978-01,-0.17301584116350632,5.6277591768733,-0.08923487441156241,0.06946376296162468,0.08939474867984296,0.07690077777915069
1978-03,1977-03,591,1977-02,1978-02,-0.17335402299506147,5.629327812698204,-0.0526212081028643,0.0756973820617158,0.09263430658979183,0.07661966838458095
1978-04,1977-04,592,1977-03,1978-03,-0.17357776002897352,5.629485060923877,0.015240359886542598,0.07444612162656902,0.09211907672688166,0.07640135609321702
1978-05,1977-05,593,1977-04,1978-04,-0.1736844309627819,5.629638869991515,0.04740697079438827,0.08558403557803351,0.09771598953879207,0.07629821781968132
1978-06,1977-06,594,1977-05,1978-05,-0.1737277861060778,5.629167868432579,-0.014961097195524076,0.07562027772295687,0.09278559235980069,0.07624957935667577
1978-07,1977-07,595,1977-06,1978-06,-0.17388338719677365,5.629243610115084,0.04896652838309823,0.08066646487634455,0.09537481789471333,0.0760962841019662
1978-08,1977-08,596,1977-07,1978-07,-0.17392802650478698,5.629051113900387,0.10529139239872987,0.09076659634089604,0.10043221412541992,0.07605076437760569
1978-09,1977-09,597,1977-08,1978-08,-0.17391631019880452,5.629335114436433,0.09340094356529915,0.09734644926786498,0.10369695420423941,0.07609974365402297
1978-10,1977-10,598,1977-09,1978-09,-0.17391796123710293,5.629223748695425,0.015989897063362846,0.11142489111200074,0.1107126372171082,0.07612867542644985
1978-11,1977-11,599,1977-10,1978-10,-0.17387851543635413,5.624749962090076,0.0024409922103011406,0.1077367870154875,0.10896758465297746,0.07602827679813084
1978-12,1977-12,600,1977-11,1978-11,-0.1738568404736468,5.6203131640407324,0.007756640699622563,0.10757488066412091,0.10898681936429919,0.0759056313238178
1979-01,1978-01,601,1977-12,1978-12,-0.17383610470780414,5.616110048485627,0.11268270972888184,0.13691525378568375,0.12372951255874248,0.07579223866054959
1979-02,1978-02,602,1978-01,1979-01,-0.17378879841977346,5.614140941605576,0.0915878196319756,0.14669698183193397,0.1286454715142473,0.07585351851282257
1979-03,1978-03,603,1978-02,1979-02,-0.17364948038635328,5.60895501239032,0.11749277801485691,0.13706918717511504,0.1239110751089019,0.07587961188117937
1979-04,1978-04,604,1978-03,1979-03,-0.17361107323646133,5.607363790522636,0.036975377943740506,0.11981085888160056,0.11530641088630911,0.07594850785159937
1979-05,1978-05,605,1978-04,1979-04,-0.17353316051094864,5.602538149242418,-0.0009484570026263572,0.1280247830478224,0.11950446819141641,0.07588408945505744
1979-06,1978-06,606,1978-05,1979-05,-0.1733481465390349,5.593604720197531,0.05165449786430032,0.1398626830897302,0.12558651852810812,0.07575730307476423
1979-07,1978-07,607,1978-06,1979-06,-0.1731585837430048,5.586088230880378,0.009048919454787252,0.12586860855088455,0.11867863408200013,0.07571759499369263
1979-08,1978-08,608,1978-07,1979-07,-0.17300338374377036,5.57829473334,0.023291419571889516,0.12473539638107103,0.11824073478834798,0.07560794256681944
1979-09,1978-09,609,1978-08,1979-08,-0.17287415391126773,5.571659679720972,0.029840296178273773,0.12728361991648154,0.11963624853243482,0.07552203694613811
1979-10,1978-10,610,1978-09,1979-09,-0.17273425553861207,5.564940854933068,0.07858841376973691,0.170489863687147,0.1415168757872037,0.07544714884651865
1979-11,1978-11,611,1978-10,1979-10,-0.17236593669166309,5.553316713495126,0.10154082708833578,0.16534549798635143,0.13909555820870775,0.07545229003297237
1979-12,1978-12,612,1978-11,1979-11,-0.1721293103614515,5.5456824639683555,0.10961767526654065,0.16119497851403183,0.13711221299920415,0.0754949183614942
1980-01,1979-01,613,1978-12,1979-12,-0.17195069954333597,5.539801352366102,0.11916862057469368,0.14977814597656236,0.13142243627783567,0.0755505835440473
1980-02,1979-02,614,1979-01,1980-01,-0.171865461994222,5.536779115554006,0.14737728128046446,0.1732021869087608,0.14332999487952627,0.07562162269230567
1980-03,1979-03,615,1979-02,1980-02,-0.17175778614220347,5.533432899195046,-0.039295025932634786,0.16541182953370617,0.13943371442420568,0.07573829855992871
1980-04,1979-04,616,1979-03,1980-03,-0.17100066172636896,5.509089873614627,-0.005137316536118264,0.16766136179487834,0.14094817356484857,0.07555155615003818
1980-05,1979-05,617,1979-04,1980-04,-0.17033330537763375,5.4879330645718065,0.06604377862215494,0.17518390110103305,0.14511497882108204,0.07542078001926646
1980-06,1979-06,618,1979-05,1980-05,-0.16986043921521568,5.473439312196605,0.05671018449305798,0.159921758262118,0.13752206749804305,0.07540560687784717
1980-07,1979-07,619,1979-06,1980-06,-0.1695060951326675,5.461817112577878,0.11180434731954636,0.15904843479133923,0.13725132148111513,0.07537540425687013
1980-08,1979-08,620,1979-07,1980-07,-0.16934592497390644,5.456548032409748,0.07372657391989557,0.14260665415982682,0.1288834119092438,0.07543416061664865
1980-09,1979-09,621,1979-08,1980-08,-0.16918009889427268,5.450381679556547,0.10466512510683978,0.14911319837135947,0.1323265751868888,0.07543141087961683
1980-10,1979-10,622,1979-09,1980-09,-0.1690556148127611,5.446017810162533,0.2119449783798244,0.18272697054902232,0.14969924820917066,0.07547841042017507
1980-11,1979-11,623,1979-10,1980-10,-0.1691959539684335,5.450184855521589,0.25835436956703905,0.16483264251528645,0.14042738346152892,0.07569745788078446
1980-12,1979-12,624,1979-11,1980-11,-0.169543124125493,5.461240303560319,0.18681400897306855,0.172267340612333,0.1440747370788078,0.07599017729053806
1981-01,1980-01,625,1979-12,1980-12,-0.16960305256089991,5.463089776716763,0.07402119442074728,0.15959754100384138,0.1375436074839648,0.07616749542123011
1981-02,1980-02,626,1980-01,1981-01,-0.16931622170489544,5.45368038325447,0.0943932298342205,0.16068330671364564,0.13824585160260044,0.07616406682538271
1981-03,1980-03,627,1980-02,1981-02,-0.1690893995500503,5.446296430276038,0.2999333900585224,0.19872492816018122,0.1579432692282661,0.07619314045059616
1981-04,1980-04,628,1980-03,1981-03,-0.16966321613700577,5.462603007003358,0.22544494444347407,0.17888183323719428,0.1474876360208363,0.07654941473341133
1981-05,1980-05,629,1980-04,1981-04,-0.16987022537328034,5.468834112023528,0.16791999862654894,0.15928562583281303,0.13734320280048715,0.07678613258668646
1981-06,1980-06,630,1980-05,1981-05,-0.1698984399494571,5.469763062311086,0.10869743666725218,0.15290929967166442,0.13406049811603307,0.07693078951690847
1981-07,1980-07,631,1980-06,1981-06,-0.1697710322698435,5.465389149786537,0.02396255232230815,0.13331873787101697,0.12407739570714618,0.07698113285629095
1981-08,1980-08,632,1980-07,1981-07,-0.16958173865732554,5.457366788522746,-0.06274799647558627,0.12879488677013243,0.12188451671839037,0.07689724269721819
1981-09,1980-09,633,1980-08,1981-08,-0.1692990388757878,5.444411897623318,-0.14766086282652036,0.12234091469888791,0.11877998050550737,0.07667663410452813
1981-10,1980-10,634,1980-09,1981-09,-0.16899738457551897,5.428313622069412,-0.11869141427062413,0.11425240863674749,0.1148917488616529,0.07632278947214478
1981-11,1980-11,635,1980-10,1981-10,-0.1688413762457578,5.416747115360181,-0.174392917969329,0.08804097351435025,0.10155590385853863,0.0760156804898727
1981-12,1980-12,636,1980-11,1981-11,-0.16906685033926894,5.412607115188899,-0.16563271458778006,0.09032803319345412,0.10295913365616496,0.07562195627845886
1982-01,1981-01,637,1980-12,1981-12,-0.16924525674278237,5.407665540961726,-0.14805775001332444,0.09049814818314131,0.10326262591483251,0.0752432205314161
1982-02,1981-02,638,1981-01,1982-01,-0.16940296682783978,5.402883991800114,-0.20428154024646017,0.09515604077464968,0.10588084759036531,0.0748932190101861
1982-03,1981-03,639,1981-02,1982-02,-0.1695107725046693,5.394905581043264,-0.24983410365400838,0.0884958399706001,0.10267852024950619,0.07445632580321168
1982-04,1981-04,640,1981-03,1982-03,-0.16975652727184667,5.38865061955435,-0.2080984800627922,0.09125009630344302,0.1043951213120004,0.07394962200718479
1982-05,1981-05,641,1981-04,1982-04,-0.16991473138362628,5.381823454350392,-0.24099641746787392,0.09525075811986766,0.10673407014655137,0.07350960936745003
1982-06,1981-06,642,1981-05,1982-05,-0.1700020227365274,5.37217522475069,-0.24483626217386711,0.11115178252291177,0.11532666733996916,0.07301972459044798
1982-07,1981-07,643,1981-06,1982-06,-0.16974384209411197,5.354233793079817,-0.2584579608226987,0.11077098473028613,0.1154837602505209,0.07252539179610223
1982-08,1981-08,644,1981-07,1982-07,-0.16946992709474282,5.335513822762088,-0.11024101304198641,0.13539914169073927,0.1287972584548662,0.07201144249079354
1982-09,1981-09,645,1981-08,1982-08,-0.1689138419224583,5.314821004888487,-0.025143472808565992,0.1763518315991817,0.15073200825503233,0.07172888054423109
1982-10,1981-10,646,1981-09,1982-09,-0.1679549447172951,5.28677285905989,0.03129412757504646,0.16629131677433906,0.1458542712871018,0.07157892334089859
1982-11,1981-11,647,1981-10,1982-10,-0.16739002518154286,5.269709744502826,0.04347186056094654,0.1605340331415163,0.1430644563382344,0.07151665935980762
1982-12,1981-12,648,1981-11,1982-11,-0.1669390784317978,5.255786204644341,0.09180582973820228,0.18372053859776613,0.15565540535566777,0.07147338034931554
1983-01,1982-01,649,1981-12,1982-12,-0.16645526829497523,5.242008522243091,0.1707705705127862,0.19023001965972705,0.1593700373403301,0.07150470923897485
1983-02,1982-02,650,1982-01,1983-01,-0.1663451797190042,5.238926258156994,0.2813956034867817,0.21230019592961696,0.17123502421283515,0.07165742594862687
1983-03,1982-03,651,1982-02,1983-02,-0.1668259491214377,5.251833564865218,0.3433099308127421,0.222370035425808,0.1763696525312481,0.07197960440874693
1983-04,1982-04,652,1982-03,1983-03,-0.16773107707136967,5.275795404007301,0.38331052265924326,0.20985981577775245,0.16925846099827715,0.07239575521611501
1983-05,1982-05,653,1982-04,1983-04,-0.16888326475355267,5.306918615969874,0.4528440333324333,0.22688104769551334,0.17768316327083752,0.07287188809121935
1983-06,1982-06,654,1982-05,1983-05,-0.1705851152393338,5.351817753137873,0.5515342936215788,0.22560490177938933,0.17615199184127675,0.07345288525519675
1983-07,1982-07,655,1982-06,1983-06,-0.1729673641422451,5.41491358696617,0.5397939313834739,0.23926782100600089,0.18204149192298705,0.0741827805351454
1983-08,1982-08,656,1982-07,1983-07,-0.17534175547745903,5.476909090485673,0.37813419254320313,0.20783218939294404,0.16474796543807085,0.07489255363095078
1983-09,1982-09,657,1982-08,1983-08,-0.17635644572490825,5.50476860860093,0.37318988805324627,0.1822856277490982,0.15126012889703427,0.0753541086369055
1983-10,1982-10,658,1982-09,1983-09,-0.17720698177976946,5.529698197654423,0.1878342729113922,0.136153194391318,0.12747665711951972,0.07580674659954433
1983-11,1982-11,659,1982-10,1983-10,-0.17730196581086688,5.5334867048128995,0.15788771903108012,0.12185491178461466,0.12017110164790748,0.07597674284584455
1983-12,1982-12,660,1982-11,1983-11,-0.17733920624825214,5.5354925253743765,0.1306006740705914,0.11170684722379218,0.11499490413102648,0.07610085038551914
1984-01,1983-01,661,1982-12,1983-12,-0.17734797896574145,5.536308269501646,0.06911138905114034,0.10623799129481304,0.11220813265949339,0.07618330095085209
1984-02,1983-02,662,1983-01,1984-01,-0.177342110423211,5.53495570047708,-0.007746570459832736,0.09680031265072822,0.10745947877653228,0.0761726183044779
1984-03,1983-03,663,1983-02,1984-02,-0.17738003225675653,5.532341190043327,-0.030045033202725335,0.08796163650009747,0.10306486530992592,0.07604604335913204
1984-04,1983-04,664,1983-03,1984-03,-0.1774796233689752,5.530635722398152,-0.09803671664941971,0.06707886285061171,0.09257012237461953,0.07588626764141838
1984-05,1983-05,665,1983-04,1984-04,-0.17780874050997728,5.532400072518298,-0.15708719479261624,0.061198573223471386,0.08971726677287878,0.07562472931917653
1984-06,1983-06,666,1983-05,1984-05,-0.17831143353560278,5.536219229004,-0.16961815446919437,0.054192122137543874,0.08633989653898227,0.07527531201570536
1984-07,1983-07,667,1983-06,1984-06,-0.17890887538984454,5.54193752680079,-0.1566845728461822,0.0612694814112526,0.0901012695883883,0.07490815539428873
1984-08,1983-08,668,1983-07,1984-07,-0.17939994992906752,5.545536035095206,-0.06717886196121226,0.05542585134727537,0.08731618763440405,0.07456145969332993
1984-09,1983-09,669,1983-08,1984-08,-0.17971317102152506,5.548374079748708,-0.08388009462947699,0.05592491925653806,0.08766593791923794,0.07434959075214229
1984-10,1983-10,670,1983-09,1984-09,-0.18006441804060008,5.551488225444338,-0.058305693491086275,0.06213659130693436,0.09091377114887461,0.07411342704261747
1984-11,1983-11,671,1983-10,1984-10,-0.18032371034887817,5.55323116058163,-0.09585193930102487,0.05497767950066945,0.08739178990242039,0.0739160811103765
1984-12,1983-12,672,1983-11,1984-11,-0.1807060913141793,5.556681174590493,-0.062308314151984345,0.058304752133771925,0.08918975256910841,0.07366345012762142
1985-01,1984-01,673,1983-12,1984-12,-0.180987651625883,5.558917055376672,0.03172222371005051,0.06102281072107388,0.09065419087268489,0.073461411844888
1985-02,1984-02,674,1984-01,1985-01,-0.1810512494311643,5.559356758355392,0.10075992774697418,0.11212230295092845,0.11644809941981879,0.07339948426605292
1985-03,1984-03,675,1984-02,1985-02,-0.18104379132096557,5.558826151382589,0.08449406546837102,0.1100518827763177,0.11541415705983873,0.07344001825639503
1985-04,1984-04,676,1984-03,1985-03,-0.18102993711680002,5.557697918923525,0.07998700599532071,0.11944104204592212,0.12017371024465609,0.07345637039724114
1985-05,1984-05,677,1984-04,1985-04,-0.18098804599779633,5.555510925977659,0.20921707546669688,0.13704828119714701,0.12909841331556907,0.0734660168309163
1985-06,1984-06,678,1984-05,1985-05,-0.1811349195303564,5.561039577727281,0.2046123716629471,0.1864251545498212,0.15390805824844775,0.07366623963126406
1985-07,1984-07,679,1984-06,1985-06,-0.18122099804956399,5.563501228050169,0.23131846131380618,0.20132581786738857,0.16137883532665345,0.0738590910775552
1985-08,1984-08,680,1984-07,1985-07,-0.1813866199088643,5.5680722197703885,0.10300139760796423,0.17338696089260702,0.14723535624129466,0.07409064897496144
1985-09,1984-09,681,1984-08,1985-08,-0.18110747095844504,5.559740357709968,0.06378321129132614,0.18218418220131322,0.15179877985454643,0.0741331023503403
1985-10,1984-10,682,1984-09,1985-09,-0.1805811758045642,5.5445042671722895,0.11498973202874585,0.19837354509204522,0.1602228965981936,0.07411792655699863
1985-11,1984-11,683,1984-10,1985-10,-0.1801363523846625,5.532172144195003,0.20732353315576568,0.21398625147278025,0.16833743135359566,0.07417776814626913
1985-12,1984-12,684,1984-11,1985-11,-0.18009518472694913,5.531065606082184,0.2297122217660732,0.2163583190060553,0.1695589703958327,0.07437242569745262
1986-01,1985-01,685,1984-12,1985-12,-0.18017897164103938,5.533308691978916,0.14439689293409996,0.20136173073751454,0.1619209822895066,0.0745991991223703
1986-02,1985-02,686,1985-01,1986-01,-0.17986989127398695,5.524798756991685,0.21077855655585287,0.166389299412681,0.14431361558387323,0.07470094503171684
1986-03,1985-03,687,1985-02,1986-02,-0.18002634838926945,5.529593999635632,0.28279696986978564,0.1751406632023585,0.14867797417865547,0.07489902015766174
1986-04,1985-04,688,1985-03,1986-03,-0.18045462121457093,5.542270585001044,0.28108147658472715,0.17392735797948708,0.14786892170816626,0.07520119741015029
1986-05,1985-05,689,1985-04,1986-04,-0.1808701567686406,5.554643384789459,0.2743471944386906,0.17214341631479918,0.1467788546298806,0.07550000768471425
1986-06,1985-06,690,1985-05,1986-05,-0.18125328135285818,5.566147339699365,0.27426396522188345,0.18771177012580081,0.15444572178504676,0.07578819201334319
1986-07,1985-07,691,1985-06,1986-06,-0.18164694157033875,5.577377230160494,0.20285999930553222,0.1941302023899578,0.15749601112651682,0.07607542178643804
1986-08,1985-08,692,1985-07,1986-07,-0.18168929868508846,5.5785661031181855,0.29004349187652956,0.19418607203183694,0.157505121380957,0.07625863649383557
1986-09,1985-09,693,1985-08,1986-08,-0.18215249018990817,5.591566295637304,0.2385135327157779,0.2087197362190448,0.16458583520224723,0.07656712834864467
1986-10,1985-10,694,1985-09,1986-09,-0.18231799081190267,5.596067691850538,0.24437232894924965,0.18419749188845105,0.15222469743617253,0.07680048051632064
1986-11,1985-11,695,1985-10,1986-10,-0.18257264615307803,5.603432863153009,0.18175330215154628,0.1786769997351281,0.14934844718591753,0.07704159108960544
1986-12,1985-12,696,1985-11,1986-11,-0.1825846883739845,5.6037879783128215,0.10027893764063722,0.16793796632110314,0.14396984295874546,0.07719203895032661
1987-01,1986-01,697,1985-12,1986-12,-0.1823588859326431,5.596826568251704,0.22624399363569614,0.15629822585818998,0.13824378655344477,0.0772251621909153
1987-02,1986-02,698,1986-01,1987-01,-0.1825496484692448,5.603097392406849,0.19105607450337736,0.13394241160096523,0.12696247142358705,0.07743865621877315
1987-03,1986-03,699,1986-02,1987-02,-0.1826374709650503,5.606749859759304,0.15130579571209002,0.11626370302788344,0.11806251523241507,0.0776011990203248
1987-04,1986-04,700,1986-03,1987-03,-0.1826585303465525,5.6082817793369895,0.14198894299361298,0.12461924783450695,0.12220948314450411,0.07770649130131303
1987-05,1986-05,701,1986-04,1987-04,-0.1826765075095337,5.60920250179135,0.09250896631058914,0.1013296814026606,0.11055178536628776,0.0777981923736273
1987-06,1986-06,702,1986-05,1987-05,-0.18267818332324967,5.608968035751328,0.12269821057744856,0.07267236048488471,0.09623337770030155,0.07781914789205602
1987-07,1986-07,703,1986-06,1987-06,-0.18259351506972127,5.608677182334643,0.2451407958469045,0.0967979294181543,0.10825815053809856,0.07788298724153737
1987-08,1986-08,704,1986-07,1987-07,-0.1825300185131949,5.61184680272039,0.21390260234078595,0.08744131540505895,0.10347276871970243,0.07812056935603363
1987-09,1986-09,705,1986-08,1987-08,-0.18241245193256653,5.613177538281201,0.29615470475838124,0.11652747779334652,0.11791071110921716,0.0783131679843808
1987-10,1986-10,706,1986-09,1987-09,-0.1825178688221095,5.620923084810441,-0.03672667200581947,0.11924103003393097,0.11911109331593292,0.0786217254019077
1987-11,1986-11,707,1986-10,1987-10,-0.18240685428794154,5.613786680887036,-0.11839273101977932,0.10642279384667272,0.11284493376192153,0.07845857349609764
1987-12,1986-12,708,1986-11,1987-11,-0.1823948929121184,5.6066970168257555,-0.029986393516016396,0.13126821872495387,0.12544608879577598,0.07818053493039724
1988-01,1987-01,709,1986-12,1987-12,-0.18217321802938286,5.597036378499578,-0.10388667394421369,0.10479821763734704,0.11234578876043291,0.0780279722668621
1988-02,1987-02,710,1987-01,1988-01,-0.18217354835448013,5.590722005597663,-0.10349126633518724,0.10180701928709868,0.11100820288893043,0.07777175445529722
1988-03,1987-03,711,1987-02,1988-02,-0.18220267787811012,5.585139085439802,-0.1377927200200043,0.10556518993230701,0.11305183274126757,0.07751681349778598
1988-04,1987-04,712,1987-03,1988-03,-0.18218498644659775,5.577409684006884,-0.11485276825064827,0.1138476818967023,0.11740680791268807,0.07721441246756436
1988-05,1987-05,713,1987-04,1988-04,-0.18206392825324916,5.567911967698447,-0.1187815515963303,0.11218216452989968,0.11676100436800824,0.0769450335324757
1988-06,1987-06,714,1987-05,1988-05,-0.18195751714470096,5.55867239539035,-0.11389779401082478,0.08761958963449093,0.10456422050075279,0.0766709066625474
1988-07,1987-07,715,1987-06,1988-06,-0.18212261839052152,5.556163437062397,-0.15758413933869198,0.0771050916434935,0.0994030132307884,0.07640437701125598
1988-08,1987-08,716,1987-07,1988-07,-0.1824416913649018,5.555976347192577,-0.21364128867825793,0.06522424212302166,0.09357281079370233,0.07607757740741526
1988-09,1987-09,717,1987-08,1988-08,-0.18299083385235554,5.559419679807618,-0.1678255653999151,0.07744423770410058,0.0999353065152779,0.07567350646447848
1988-10,1987-10,718,1987-09,1988-09,-0.1833094599919436,5.558925882012787,0.09839096155069771,0.150122087667396,0.13676482767250403,0.07533437126689577
1988-11,1987-11,719,1987-10,1988-10,-0.18317687574339458,5.554531706000156,0.16688114609619165,0.17543209976798202,0.1496068706572902,0.07536643884726267
1988-12,1987-12,720,1987-11,1988-11,-0.1831435488457481,5.553561083982186,0.10747344624464983,0.13799496704502265,0.13072095654449764,0.07549354260733063
1989-01,1988-01,721,1987-12,1988-12,-0.18308513183638842,5.551398480580096,0.12358506397065483,0.12367360541489114,0.12352143086209447,0.0755378975360925
1989-02,1988-02,722,1988-01,1989-01,-0.18308502933862747,5.551393649333305,0.049544184672109415,0.11238307267349651,0.11781908519231968,0.07560444485802403
1989-03,1988-03,723,1988-02,1989-02,-0.1830498723827136,5.548774558600879,0.0904404979937754,0.11599185918386526,0.11969528309028998,0.0755684002381265
1989-04,1988-04,724,1988-03,1989-03,-0.1830305896988766,5.547603887662847,0.1292376749085855,0.1191728547135888,0.1213251245363163,0.0755889418096122
1989-05,1988-05,725,1988-04,1989-04,-0.1830398864870793,5.548100987336497,0.16972617584704142,0.13517971995944317,0.1294054089666521,0.07566294006216251
1989-06,1988-06,726,1988-05,1989-05,-0.18310089348340933,5.550429089323641,0.1022798930455453,0.1298575374320797,0.12668026918715064,0.07579250374781661
1989-07,1988-07,727,1988-06,1989-06,-0.18306013838955001,5.548742565196144,0.19482022507354757,0.136390962818125,0.13000909388808943,0.07582893757078461
1989-08,1988-08,728,1988-07,1989-07,-0.18316660944375457,5.552743466262668,0.25587916056741333,0.14837032709248338,0.13599540914042335,0.07599238714153016
1989-09,1988-09,729,1988-08,1989-08,-0.18342917627980052,5.561525649647319,0.20740054544093,0.12950770502239448,0.12635397583880614,0.07623914540411711
1989-10,1988-10,730,1988-09,1989-09,-0.18354071285098325,5.566198538962662,0.1516429679276019,0.13517817003967278,0.12913403732986234,0.07641881855485247
1989-11,1988-11,731,1988-10,1989-10,-0.18356901270958262,5.567286425085957,0.19241030175122975,0.15477693581335697,0.1389872695298562,0.07652172436794788
1989-12,1988-12,732,1988-11,1989-11,-0.18367215326889927,5.570593283275339,0.19072799769560977,0.19872360866314284,0.16105736133165385,0.07668004209661357
1990-01,1989-01,733,1988-12,1989-12,-0.1836320020184187,5.5695014972301635,0.035141630351059217,0.1875435352970616,0.15544659662790442,0.07683563275909515
1990-02,1989-02,734,1989-01,1990-01,-0.1829582876894015,5.550666838428759,0.07129855701732857,0.18469359944411665,0.1543007481317085,0.07677882894110054
1990-03,1989-03,735,1989-02,1990-02,-0.18247231526576138,5.536992187419008,0.07343761155724726,0.17252312136967515,0.14835046902349122,0.0767713727888233
1990-04,1989-04,736,1989-03,1990-03,-0.1821099867861714,5.526383409485908,-0.005811221215293649,0.14972318098375048,0.13694420563431078,0.07676684322193258
1990-05,1989-05,737,1989-04,1990-04,-0.18172593549687796,5.513684590593767,0.04091757873639268,0.1358051686612806,0.1300591084123906,0.0766547970015293
1990-06,1989-06,738,1989-05,1990-05,-0.1815596028500641,5.507393417800587,0.04401329187781444,0.13271681626064194,0.12858660433334634,0.07660637258653588
1990-07,1989-07,739,1989-06,1990-06,-0.18141790799390203,5.501811706129936,-0.045832236274639504,0.11862494989861569,0.1214952969148613,0.07656226828246454
1990-08,1989-08,740,1989-07,1990-07,-0.18127607035169663,5.494048930173865,-0.1526432043066971,0.1184057118597891,0.12152707519029615,0.07639687030333332
1990-09,1989-09,741,1989-08,1990-08,-0.18104181213887624,5.4812576834748015,-0.19627021103848163,0.11795567462808873,0.12153394179976437,0.07608777438618078
1990-10,1989-10,742,1989-09,1990-09,-0.18077047846735392,5.466449411967074,-0.18106988627405596,0.11359716427207125,0.11957356127741911,0.07572071510663272
1990-11,1989-11,743,1989-10,1990-10,-0.1805760760930068,5.453856414457788,-0.14037097405539878,0.10334481941252865,0.11455156036844585,0.07537510191500327
1990-12,1989-12,744,1989-11,1990-11,-0.18054186719082585,5.446148586514945,-0.1307525926663743,0.059880557118295735,0.09236412321553039,0.07508512063009681
1991-01,1990-01,745,1989-12,1990-12,-0.18095178202840873,5.44943049724125,-0.013543880175441503,0.08206730512658805,0.10391585633601735,0.07480882839748411
1991-02,1990-02,746,1990-01,1991-01,-0.18104308828450666,5.4486451839048655,0.044280590739366854,0.07963069096919134,0.10272849569524709,0.07469039313130055
1991-03,1990-03,747,1990-02,1991-02,-0.18108113411790552,5.448447535309363,0.05226404147558883,0.07525285064488788,0.10050007830479477,0.0746496838911507
1991-04,1990-04,748,1990-03,1991-03,-0.18111113121954453,5.448431841790955,0.08657014996525403,0.0831501260839636,0.10457989049417943,0.07461975656171814
1991-05,1990-05,749,1990-04,1991-04,-0.18110811495037582,5.4484648604092865,0.03709822516621464,0.05752406560913284,0.09139023657445106,0.07463571169309803
1991-06,1990-06,750,1990-05,1991-05,-0.18115391451844928,5.448860414030913,-0.0020533067108736702,0.06293983685815671,0.09419166506632032,0.07458566171106219
1991-07,1990-07,751,1990-06,1991-06,-0.18128065372142704,5.449716916165681,0.06001492286007326,0.05364254794660467,0.08945380589456708,0.07448361248546706
1991-08,1990-08,752,1990-07,1991-07,-0.18126512925103427,5.449566669370232,0.21000822459860258,0.08294260510598911,0.10452403396865037,0.07446437220670987
1991-09,1990-09,753,1990-08,1991-08,-0.18115357887988084,5.450785444719338,0.27105054388965577,0.09512451461500462,0.1107024521581686,0.07464437732276817
1991-10,1990-10,754,1990-09,1991-09,-0.18111150599455858,5.454860364615218,0.31425284368032114,0.0998755595692061,0.11301670541479697,0.07490486295481975
1991-11,1990-11,755,1990-10,1991-10,-0.18111150209245125,5.460909393350367,0.18382616650920314,0.07743856036976099,0.10133686001651654,0.07522188014783367
1991-12,1990-12,756,1990-11,1991-11,-0.18098327269392112,5.461175581854519,0.2787609967774973,0.06877208601625126,0.09681513203767131,0.07536553661127463
1992-01,1991-01,757,1990-12,1991-12,-0.18063252476946184,5.459612865998792,0.2146474057055774,0.03869780808350015,0.08122695898902793,0.07563422282021283
1992-02,1991-02,758,1991-01,1992-01,-0.18005615895541577,5.452277590024543,0.1440308810631572,0.022239482257157384,0.07261850412838103,0.0758176175205893
1992-03,1991-03,759,1991-02,1992-02,-0.1795498904449393,5.444906971248808,0.08440401495770056,0.012616998944945584,0.06754362197414082,0.07590749006807622
1992-04,1991-04,760,1991-03,1992-03,-0.1792146110913471,5.439772317924349,0.09903403223793217,0.011737257168746323,0.06701077200353978,0.07591866970608888
1992-05,1991-05,761,1991-04,1992-04,-0.17880299410819736,5.433439851884469,0.06332257312587575,0.00557144382211705,0.06373134572398731,0.07594904468970497
1992-06,1991-06,762,1991-05,1992-05,-0.17851187522968506,5.428845553419765,0.0936033078333649,0.008249472614282133,0.06504461504975773,0.07593247451704901
1992-07,1991-07,763,1991-06,1992-06,-0.17809408443475228,5.422316042646835,0.08758993662686176,-0.003190628852705907,0.05902921804840048,0.07595563419374145
1992-08,1991-08,764,1991-07,1992-07,-0.17759497243687844,5.414196018734236,0.038118924031363965,-0.016457808303789012,0.052035826999264186,0.07597086233828741
1992-09,1991-09,765,1991-08,1992-08,-0.17725683714442522,5.408496674168101,0.06743020477899364,-0.012714960324251484,0.0538887881647561,0.07592138268036987
1992-10,1991-10,766,1991-09,1992-09,-0.17677689366591895,5.400475368610671,0.06416067047040408,-0.01682018322174267,0.0516349703916987,0.07591029759172577
1992-11,1991-11,767,1991-10,1992-10,-0.17627488083197707,5.391998707890327,0.15611805816362923,-0.010575207505060247,0.054751826956879905,0.07589497865154152
1992-12,1991-12,768,1991-11,1992-11,-0.17529723210975348,5.37572797972449,0.05879242586651601,-0.026693459460109953,0.04609595682662266,0.07599943578632287
1993-01,1992-01,769,1991-12,1992-12,-0.1747226995619573,5.365810369928979,0.07456265595921385,-0.027067451694555128,0.0457435787694823,0.07597705996067944
1993-02,1992-02,770,1992-01,1993-01,-0.17403846045416813,5.353984024654967,0.0644818620905756,-0.028974918578727,0.044556765905576674,0.07597522307236584
1993-03,1992-03,771,1992-02,1993-02,-0.17340035761476602,5.342908964092808,0.11848553172472065,-0.022243211189222234,0.0479119814893813,0.07596031598938038
1993-04,1992-04,772,1992-03,1993-03,-0.1724901112234446,5.327303520714976,0.07352543590953298,-0.02575423312103503,0.045817395400501705,0.07601540046572149
1993-05,1992-05,773,1992-04,1993-04,-0.171829373757012,5.315886293135718,0.10065954609554384,-0.029244238023915153,0.043794001846857354,0.07601217929553238
1993-06,1992-06,774,1992-05,1993-05,-0.17094172375121788,5.300438686092492,0.13068203585891935,-0.023727785933242568,0.04646170244016972,0.07604402343868484
1993-07,1992-07,775,1992-06,1993-06,-0.1699312465578518,5.283020014966428,0.08630097307714268,-0.029347340914238323,0.0431997678906308,0.07611452409987224
1993-08,1992-08,776,1992-07,1993-07,-0.16913974199725335,5.269217401123105,0.1535265556742913,-0.025287559520882158,0.04513429150555701,0.076127650967111
1993-09,1992-09,777,1992-08,1993-08,-0.16795446131410982,5.248686521730981,0.13898065847966068,-0.025780461831035523,0.04453723652704621,0.07622726345708163
1993-10,1992-10,778,1992-09,1993-09,-0.16685647244496943,5.22962712396114,0.1431919572058893,-0.027601714316476872,0.04324891301637055,0.07630792334785615
1993-11,1992-11,779,1992-10,1993-10,-0.16570073923255893,5.209475489745549,0.07820594559052485,-0.03197582434730384,0.040561488367919056,0.07639378218464438
1993-12,1992-12,780,1992-11,1993-11,-0.16492895247507608,5.195899772721184,0.07895901566887775,-0.0340631885084387,0.0392066857341637,0.07639610547106218
1994-01,1993-01,781,1992-12,1993-12,-0.164125410445727,5.181706435103014,0.09921136758271532,-0.034502707369936936,0.03872750023222494,0.07639938704621943
1994-02,1993-02,782,1993-01,1994-01,-0.16317228620402777,5.164846710895498,0.07079177577129925,-0.03377426515305648,0.038834483010568806,0.07642855837682876
1994-03,1993-03,783,1993-02,1994-02,-0.16243096206051477,5.151737704053404,-0.0023129300029454125,-0.03498465242561649,0.037951020545354576,0.07642135942075529
1994-04,1993-04,784,1993-03,1994-03,-0.16219746752455896,5.147597899578862,0.03602147100180142,-0.031136572647866123,0.0399756015092698,0.07632093303118424
1994-05,1993-05,785,1993-04,1994-04,-0.16173247488948314,5.139404270753426,0.012694653755467744,-0.03358113465254675,0.03850210330649045,0.07626959613687931
1994-06,1993-06,786,1993-05,1994-05,-0.1614067631158031,5.133638826902417,-0.020451421278617987,-0.0324039265893484,0.03904567621833654,0.07618871198626682
1994-07,1993-07,787,1993-06,1994-06,-0.16132358447523285,5.132168911891069,0.009872269714330306,-0.0317922685584445,0.03935457429621567,0.07606591639126697
1994-08,1993-08,788,1993-07,1994-07,-0.16103597779101,5.127091248720619,0.011749939235119466,-0.03580411827045096,0.03707345544453109,0.07598191430157543
1994-09,1993-09,789,1993-08,1994-08,-0.16069869053497385,5.121095348737399,-0.009646715404226791,-0.03529148920134079,0.03724963827537032,0.07590050495421617
1994-10,1993-10,790,1993-09,1994-09,-0.16051795305615113,5.117884069064164,-0.010743828338655392,-0.03535177850405832,0.03716067505894118,0.07579221733350927
1994-11,1993-11,791,1993-10,1994-10,-0.16034500457526246,5.114810374966717,-0.03165521321154596,-0.03167922280295685,0.03912027386501212,0.07568281651723599
1994-12,1993-12,792,1993-11,1994-11,-0.1603448409137194,5.114807483640171,-0.03957614153489042,-0.03222104859150515,0.03882320939423644,0.07554728870192189
1995-01,1994-01,793,1993-12,1994-12,-0.16039499219005549,5.115694307154056,-0.05040068512834228,-0.034792852881807695,0.037428969932266416,0.07540211413667999
1995-02,1994-02,794,1994-01,1995-01,-0.16050304165561174,5.11761313483158,0.009323956040262926,-0.030432480186840638,0.03985128716819295,0.07524367232400365
1995-03,1994-03,795,1994-02,1995-02,-0.16023783889210536,5.112939032068261,0.08355666318318211,-0.02459681688835383,0.042971128636078555,0.07516075444188573
1995-04,1994-04,796,1994-03,1995-03,-0.1595503230184134,5.100950736263832,0.09855657339674595,-0.021921309240851256,0.04423866691109709,0.07517130206593259
1995-05,1994-05,797,1994-04,1995-04,-0.1588012041069374,5.087949287004641,0.12351009800882551,-0.021288330109836245,0.04436797651287507,0.075200643686172
1995-06,1994-06,798,1994-05,1995-05,-0.15790555836070722,5.072412393068019,0.19100056076089555,-0.017635054669627642,0.04612438294215767,0.0752611818494836
1995-07,1994-07,799,1994-06,1995-06,-0.15665303455024135,5.050834216430937,0.2013998476284493,-0.020767270574099383,0.044021586609993814,0.07540603714223881
1995-08,1994-08,800,1994-07,1995-07,-0.15528052079849428,5.026993114794524,0.16148528523916839,-0.021551591147477234,0.04317636068202705,0.07556352940534655
1995-09,1994-09,801,1994-08,1995-08,-0.15413927964422242,5.007106520263999,0.2293545139291533,-0.016365572160107117,0.045737529557074115,0.07567079751500176
1995-10,1994-10,802,1994-09,1995-09,-0.15266984622410254,4.981753319191961,0.19441406450083987,-0.01787877377228969,0.04445148411027695,0.07586242309656555
1995-11,1994-11,803,1994-10,1995-10,-0.15137938295250764,4.95937427859729,0.2963338421237087,-0.0012754994230696204,0.05345097196829255,0.07601005901363189
1995-12,1994-12,804,1994-11,1995-11,-0.14982004683327352,4.933427342524007,0.2993096385525018,0.0010798046881047851,0.05434966611144324,0.07628409356973895
1996-01,1995-01,805,1994-12,1995-12,-0.1482859052078343,4.9080264219477465,0.30452370779791016,0.0017355798054535243,0.05429172640041325,0.07656114393617718
1996-02,1995-02,806,1995-01,1996-01,-0.14673066559932746,4.882267748785788,0.2755746932072063,-0.0014317665404967317,0.05203179011217577,0.07684397590126617
1996-03,1995-03,807,1995-02,1996-02,-0.14525467757011776,4.8575211666793585,0.25672895672256213,-0.0016418282196541678,0.051483685462462285,0.07709023453485468
1996-04,1995-04,808,1995-03,1996-03,-0.14386883719193458,4.83422065538933,0.2556152509460199,-0.004189673778560221,0.049601728817018624,0.0773125596860771
1996-05,1995-05,809,1995-04,1996-04,-0.14243490144277587,4.809887977641473,0.24915700991292633,0.0010475013928402943,0.052228564797378633,0.07753295856278902
1996-06,1995-06,810,1995-05,1996-05,-0.14112809678443755,4.788001401340196,0.20257637098556658,0.00034457828075037944,0.05143401633122605,0.07774484010766575
1996-07,1995-07,811,1995-06,1996-06,-0.14005127381142568,4.769892185450823,0.0905954754412861,0.008331587165761933,0.0558104369076119,0.07789876308038818
1996-08,1995-08,812,1995-07,1996-07,-0.13964676027509323,4.763253893763522,0.11469491187825209,0.006084298932965193,0.054371057716102185,0.07791439942566022
1996-09,1995-09,813,1995-08,1996-08,-0.13909994716641333,4.754203221093518,0.13149363646615186,0.0023880267380267106,0.05203199279466495,0.07795963990838174
1996-10,1995-10,814,1995-09,1996-09,-0.1384245175195174,4.742878523758719,0.15940328142104798,0.010800747176889142,0.05680521274938879,0.07802540648891954
1996-11,1995-11,815,1995-10,1996-10,-0.13771254073657763,4.731268507499912,0.1838720144619499,0.003923392652040308,0.052524162614954094,0.0781252566422105
1996-12,1995-12,816,1995-11,1996-11,-0.13678360514321997,4.7157332668626655,0.15212784360537346,0.0031000904894757653,0.05175885682801735,0.07825484825718566
1997-01,1996-01,817,1995-12,1996-12,-0.1360061080860296,4.702677556177263,0.18300259173577804,0.007144424539516192,0.05393748940624194,0.07834526808013326
1997-02,1996-02,818,1996-01,1997-01,-0.13512510293993746,4.6880597454228425,0.1620284220995838,0.005257235698624657,0.05254803109051192,0.07847321101858759
1997-03,1996-03,819,1996-02,1997-02,-0.13432231927599952,4.674635858085536,0.09648064612618734,0.005609091197925742,0.05251866865875331,0.0785752320333385
1997-04,1996-04,820,1996-03,1997-03,-0.13385794031912915,4.666869421756428,0.11754570937004805,0.002878690314649046,0.050738953341843994,0.07859706790418344
1997-05,1996-05,821,1996-04,1997-04,-0.1332553993513783,4.656697347291991,0.16550419617361745,-0.006156072356324371,0.04511576973900986,0.07864450839317963
1997-06,1996-06,822,1996-05,1997-05,-0.13227060369039717,4.639636528565546,0.22769665488958735,-0.006761962941429306,0.04443589683072872,0.07875017711310717
1997-07,1996-07,823,1996-06,1997-06,-0.1309155751580041,4.616096037791107,0.4031069052565357,-0.004634650318320305,0.04529177212961138,0.07893115703750143
1997-08,1996-08,824,1996-07,1997-07,-0.12859689925438447,4.575956697414939,0.30939541633713197,-0.008307277321486395,0.04229357118183134,0.07932457420767015
1997-09,1996-09,825,1996-08,1997-08,-0.12671224677563628,4.542937398942235,0.3132501725006638,-0.010546352677665877,0.040284199408092795,0.07960344795570587
1997-10,1996-10,826,1996-09,1997-09,-0.12474078985314192,4.5081404980813735,0.2528980637503293,-0.013333172665661724,0.03787821775634966,0.0798863132396586
1997-11,1996-11,827,1996-10,1997-10,-0.12306949527010884,4.478396127049978,0.2139163862774789,-0.02211776374113994,0.03179227102061429,0.08009551729106208
1997-12,1996-12,828,1996-11,1997-11,-0.1214684821077099,4.449370861590856,0.2525676267454655,-0.020355384288052045,0.03230625996951777,0.0802571366980505
1998-01,1997-01,829,1996-12,1997-12,-0.1196367538844505,4.4162107560900505,0.19393866033911777,-0.028236000478286588,0.026618435667633437,0.08046499012392193
1998-02,1997-02,830,1997-01,1998-01,-0.11804288133759028,4.386922754948955,0.285655831025307,-0.02502324657999362,0.028040522846541988,0.08060170538924145
1998-03,1997-03,831,1997-02,1998-02,-0.11586174914503207,4.346984931907952,0.420963940852781,-0.019135550610738253,0.030977462690184768,0.08084846125643287
1998-04,1997-04,832,1997-03,1998-03,-0.11289548799715389,4.293091628973361,0.37489026266820114,-0.02096272712033244,0.02863007746502566,0.08125725390017847
1998-05,1997-05,833,1997-04,1998-04,-0.11015911270375311,4.2430613626188975,0.24622912515794426,-0.02531266457762596,0.024655409967131052,0.0816097545109444
1998-06,1997-06,834,1997-05,1998-05,-0.10819856362026593,4.206862191798241,0.23497631372592243,-0.020621300907996964,0.026957890569822292,0.0818071398474516
1998-07,1997-07,835,1997-06,1998-06,-0.10641110019119082,4.174042666438683,0.12103448007926487,-0.02435361393560523,0.023709066792921167,0.081990575983833
1998-08,1997-08,836,1997-07,1998-07,-0.10535907880841917,4.154574930325875,-0.01867759377284184,-0.018639138454916063,0.02711390661002558,0.08203727921839692
1998-09,1997-09,837,1997-08,1998-08,-0.10535934484519065,4.154579812908794,-0.011968595254004288,-0.021390596247507568,0.025257140079839674,0.08191695081577895
1998-10,1997-10,838,1997-09,1998-09,-0.10529298184042095,4.153356222483368,0.10120031227247228,-0.0167133521754064,0.02838649829845164,0.0818049155579391
1998-11,1997-11,839,1997-10,1998-10,-0.10449675936418801,4.138791707575616,0.13412390364471394,-0.013195234226394542,0.030440860630494157,0.0818280328365023
1998-12,1997-12,840,1997-11,1998-11,-0.1035311133723889,4.1212270369366255,0.18804370001327952,-0.012654078054195564,0.030415678740116428,0.0818902898255597
1999-01,1998-01,841,1997-12,1998-12,-0.10222030716674085,4.097382360239013,0.2281511490059236,-0.012222160180635586,0.03017406222711585,0.08201651266763785
1999-02,1998-02,842,1998-01,1999-01,-0.10065170857954207,4.068828744301026,0.09898570005819729,-0.0181701063488275,0.0254266429424162,0.08219006924286146
1999-03,1998-03,843,1998-02,1999-02,-0.09984459093750113,4.053950690486211,0.08455167831351273,-0.02054206335867803,0.023436518459749645,0.0822099928855843
1999-04,1998-04,844,1998-03,1999-03,-0.09910662343311857,4.040281407876114,0.12276787409526624,-0.020163996604902285,0.023372323392428798,0.08221276739438514
1999-05,1998-05,845,1998-04,1999-04,-0.09810668562661497,4.021756856832011,0.13083964884202182,-0.016430127439033132,0.02553064344522437,0.08226076160349863
1999-06,1998-06,846,1998-05,1999-05,-0.09710670284835841,4.003329258334596,0.14809430375935095,-0.021471949759183942,0.021561263668859548,0.08231818345602643
1999-07,1998-07,847,1998-06,1999-06,-0.095905936818307,3.980989282397524,0.13601221832077437,-0.018397312646207198,0.02317828919084771,0.0823958412131732
1999-08,1998-08,848,1998-07,1999-07,-0.09483753963386025,3.9611872018641034,0.3384752201904049,-0.0034543815199928607,0.03327183776322302,0.08245906807296992
1999-09,1998-09,849,1998-08,1999-08,-0.09275845095926234,3.923712669233714,0.22410341892385754,-0.01009670937951608,0.027657467170258472,0.0827606183110352
1999-10,1998-10,850,1998-09,1999-09,-0.09123438902417051,3.8957844600952654,0.2126835392631341,-0.013553768291313592,0.02449599679178508,0.082926903958815
1999-11,1998-11,851,1998-10,1999-10,-0.08971111840897913,3.8676390822396143,0.1811353059834735,-0.021795906016675345,0.017823513139038828,0.08307937944095874
1999-12,1998-12,852,1998-11,1999-11,-0.08824341118477516,3.8400985099838474,0.19764507847533053,-0.02391708165520054,0.015556233729130939,0.08319446855661897
2000-01,1999-01,853,1998-12,1999-12,-0.08660916445866917,3.8092879773772474,0.10207944115491685,-0.025363884651782055,0.013668328705478253,0.08332864277692226
2000-02,1999-02,854,1999-01,2000-01,-0.08565502803082065,3.791231875138131,0.17723671860880863,-0.022399788900152817,0.015369486655958636,0.083350599215304
2000-03,1999-03,855,1999-02,2000-02,-0.08419460015555837,3.7636884056000537,0.19528752886959944,-0.022747010577795435,0.014365206068907947,0.08346040754208002
2000-04,1999-04,856,1999-03,2000-03,-0.0825905566356694,3.733374847417897,0.0736070877174837,-0.021619534679815013,0.014378982989598998,0.08359104670250934
2000-05,1999-05,857,1999-04,2000-04,-0.08189363733334087,3.7202046817418073,0.05296819819380927,-0.019871005517420798,0.015333652686905418,0.0835793968087112
2000-06,1999-06,858,1999-05,2000-05,-0.08136858881598871,3.7103018099441174,0.050623757502315625,-0.01612212412969627,0.017894602451930322,0.08354371942104814
2000-07,1999-07,859,1999-06,2000-06,-0.08090291393191286,3.7015668005222695,0.06232118781985174,-0.012888818694492418,0.020107334091342154,0.08350539583324985
2000-08,1999-08,860,1999-07,2000-07,-0.08039332398357608,3.6920561359162143,0.15321173096835317,-0.009728213150283743,0.022253264963604434,0.08348076303323428
2000-09,1999-09,861,1999-08,2000-08,-0.07932079486940181,3.6721427356056524,0.12254247513858307,-0.006392201286016433,0.024272520547106942,0.08356175138159097
2000-10,1999-10,862,1999-09,2000-09,-0.07849542153597974,3.6568973053171816,0.027947189025413488,-0.011150069655412959,0.020223899604067723,0.08360697263884966
2000-11,1999-11,863,1999-10,2000-10,-0.0782341980571597,3.6520230346278484,-0.11262595006574927,-0.010670116961548237,0.020460742431254668,0.08354247694520721
2000-12,1999-12,864,1999-11,2000-11,-0.07891061343106437,3.6646373691914125,-0.1682447657514724,-0.015325023952994635,0.017238259411456944,0.08331543015468527
2001-01,2000-01,865,1999-12,2000-12,-0.07995764665904236,3.6843098238839733,-0.09745056870664037,-0.012435712425651918,0.019974100514711338,0.08302460911895562
2001-02,2000-02,866,2000-01,2001-01,-0.0805197246350685,3.694803843753414,-0.20844437550318706,-0.01349713200180118,0.01944923088022559,0.08281620822077362
2001-03,2000-03,867,2000-02,2001-02,-0.08181064376419858,3.7189356267963043,-0.3053106528868258,-0.01644468822002343,0.01787022297626638,0.08248026752443688
2001-04,2000-04,868,2000-03,2001-03,-0.08374889346869871,3.755302384620445,-0.19596023064227797,-0.013939352991435006,0.020710671130584453,0.08203350379124418
2001-05,2000-05,869,2000-04,2001-04,-0.08492665368913388,3.777250936473582,-0.15175410308246262,-0.010720564262925322,0.02367130669533353,0.08171360306117108
2001-06,2000-06,870,2000-05,2001-05,-0.08580467802713265,3.793489045898405,-0.20636382392369856,-0.021000453070791986,0.016486521497064414,0.08144524937594852
2001-07,2000-07,871,2000-06,2001-06,-0.087051611748305,3.8169609377659586,-0.20392805564389993,-0.02088316024607091,0.0171940947661883,0.08111481415976063
2001-08,2000-08,872,2000-07,2001-07,-0.08826792182714972,3.8398195361263334,-0.3053299233354405,-0.02758297358423077,0.01290074116045574,0.08078793013475642
2001-09,2000-09,873,2000-08,2001-08,-0.09019174546807564,3.8763164614761227,-0.33269872612784623,-0.02085909506109096,0.018738554812683647,0.0803456416428089
2001-10,2000-10,874,2000-09,2001-09,-0.09220984051290299,3.914103464135649,-0.29716764305413446,-0.014781892026023022,0.024053340782893,0.07987305083300267
2001-11,2000-11,875,2000-10,2001-10,-0.0939213647195147,3.9457121669230357,-0.1510739011195893,-0.0009172345192787201,0.03467737700372898,0.07944214718284592
2001-12,2000-12,876,2000-11,2001-11,-0.09471318631394286,3.9598400233264184,-0.14794034777141285,-0.0011742855909792765,0.034820237742033265,0.0791790010089847
2002-01,2001-01,877,2000-12,2001-12,-0.09548326373680924,3.973572450914792,-0.18751030246661105,-0.0047169579823613805,0.03263496907047008,0.07892002797730807
2002-02,2001-02,878,2001-01,2002-01,-0.09646810391377546,3.991277110107305,-0.11553531757201652,0.003862393268113218,0.03906955016807211,0.07861657657589133
2002-03,2001-03,879,2001-02,2002-02,-0.09705439613394698,4.001550875977413,-0.00444322651220963,0.008402494408025249,0.04248055174250357,0.0783956984255524
2002-04,2001-04,880,2001-03,2002-03,-0.09711417028912453,4.002581704908805,-0.12576216883845026,-0.0020524403766908478,0.0351797265586914,0.07830156328357767
2002-05,2001-05,881,2001-04,2002-04,-0.09775275415825024,4.01395457418346,-0.14400905071188874,-0.0035841099210341815,0.034367220523482366,0.07806993589183871
2002-06,2001-06,882,2001-05,2002-05,-0.0984835769598377,4.0270110729545525,-0.18958128399398955,-0.003774145853825142,0.034530475111080476,0.07781814565759412
2002-07,2001-07,883,2001-06,2002-06,-0.09944552039282724,4.044185899855402,-0.2384986992009308,-0.004208615283802425,0.03461612936252422,0.07751531504643717
2002-08,2001-08,884,2001-07,2002-07,-0.10065341409073068,4.065744867067201,-0.1816051888763328,0.002640844262405559,0.03982249516098079,0.07715783312986775
2002-09,2001-09,885,2001-08,2002-08,-0.10153275137800655,4.081098317235648,-0.19043755676751883,0.0030378793861645936,0.04043140438471785,0.0768654455343805
2002-10,2001-10,886,2001-09,2002-09,-0.10244538605299398,4.096987985682699,-0.14870238612510378,-0.009058139807624849,0.03249934445067392,0.07656374914352058
2002-11,2001-11,887,2001-10,2002-10,-0.10318026080503497,4.110211014244294,-0.16197170606937494,-0.026208834438320172,0.021095597209848486,0.07630978506768223
2002-12,2001-12,888,2001-11,2002-11,-0.10400084837601127,4.125510805395547,-0.22122208135180166,-0.032299828787036494,0.01731896933672484,0.07604145005514049
2003-01,2002-01,889,2001-12,2002-12,-0.1051879389983297,4.147857566635452,-0.22931089938401494,-0.0333804674703292,0.01712839286870172,0.07570707037976711
2003-02,2002-02,890,2002-01,2003-01,-0.10641647075915894,4.170995154622567,-0.22522795623401515,-0.03261499445602624,0.0181995315829232,0.07536435355980779
2003-03,2002-03,891,2002-02,2003-02,-0.10760486959073266,4.193317868355237,-0.24850131366567885,-0.03792368236973534,0.015180462383069644,0.07502698845341743
2003-04,2002-04,892,2002-03,2003-03,-0.1089425166853744,4.218628090249319,-0.14711721096961716,-0.03610750480042679,0.01699703992767359,0.07466428856314938
2003-05,2002-05,893,2002-04,2003-04,-0.10963080553877982,4.231595046301518,-0.0849519923083829,-0.0372838320648,0.016525334395979648,0.0744159330205595
2003-06,2002-06,894,2002-05,2003-05,-0.1099266644377255,4.237175276882058,-0.0009575224575996133,-0.03053746490788864,0.021122150986313926,0.07423766912198125
2003-07,2002-07,895,2002-06,2003-06,-0.1097530961700817,4.2339402404143165,0.11266228665875877,-0.02499529490239659,0.024717489059519863,0.07415365214814933
2003-08,2002-08,896,2002-07,2003-07,-0.1089820363512372,4.219717212957961,0.13238642133817435,-0.02954721766417251,0.021369805523125937,0.07419663053487992
2003-09,2002-09,897,2002-08,2003-08,-0.10804148709119192,4.202198246796404,0.2464511701374844,-0.019777201204871434,0.027481070596410313,0.07426150209653352
2003-10,2002-10,898,2002-09,2003-09,-0.10661082047209183,4.176039233476382,0.22610753296101982,-0.025169164071056446,0.02326924427225354,0.07445325005649005
2003-11,2002-11,899,2002-10,2003-10,-0.10519368585754896,4.149785060953098,0.17382348363752476,-0.028571299025424893,0.020359045389153563,0.0746219422510446
2003-12,2002-12,900,2002-11,2003-11,-0.10401681950418297,4.127801173275842,0.2972078756702131,-0.02426318146961448,0.022761659879167277,0.07473216618591845
2004-01,2003-01,901,2002-12,2003-12,-0.10220628824178109,4.094209761955627,0.35961390201189725,-0.018466043490302106,0.025936238524576993,0.07497908706214963
2004-02,2003-02,902,2003-01,2004-01,-0.10016464728824263,4.056697217036606,0.4062083678100865,-0.015833359171114975,0.026875033096620204,0.07529464672395646
2004-03,2003-03,903,2003-02,2004-02,-0.09791963009946918,4.015573737235876,0.3735136860866969,-0.01573382254953934,0.02597389542316518,0.07566110710168195
2004-04,2003-04,904,2003-03,2004-03,-0.09583258183781988,3.977231160470778,0.24674976413906924,-0.01965287278386804,0.022293034358555473,0.07599059004303706
2004-05,2003-05,905,2003-04,2004-04,-0.0943441091778031,3.9495739190582757,0.18872206541010184,-0.02356310044471889,0.018836563115185542,0.07617927421330892
2004-06,2003-06,906,2003-05,2004-05,-0.09311392428983906,3.926493089541912,0.19328103183709955,-0.024358244733732284,0.017685696233134728,0.07630349362964092
2004-07,2003-07,907,2003-06,2004-06,-0.09184110982527992,3.902539391859216,0.12149520065237607,-0.023970889951291194,0.01735088609116995,0.07643246555710229
2004-08,2003-08,908,2003-07,2004-07,-0.09099052250847633,3.88651776751201,0.09780004238501239,-0.02304032071979728,0.01760959999728351,0.07648209411998254
2004-09,2003-09,909,2003-08,2004-08,-0.09028873403688567,3.873307876875901,0.12888421826749663,-0.020795917747829407,0.01889344886513227,0.0765055462082829
2004-10,2003-10,910,2003-09,2004-09,-0.08943531067023672,3.857299010693766,0.0794535305918429,-0.02325038551219953,0.01669777802089349,0.07656310518856775
2004-11,2003-11,911,2003-10,2004-10,-0.08883734039976926,3.846016229204561,0.11160752706322274,-0.024762852187070014,0.015300371168629381,0.07656627799362074
2004-12,2003-12,912,2003-11,2004-11,-0.0880341827621096,3.8308076356059857,0.10223881917471989,-0.026187687391737144,0.013855130229713596,0.07660470041584619
2005-01,2004-01,913,2003-12,2004-12,-0.08726892857422605,3.8162647705947936,0.0512908687780691,-0.028589663934809606,0.011700669455842555,0.07663277721623926
2005-02,2004-02,914,2004-01,2005-01,-0.08678389676809779,3.806999780540572,0.05582938978461138,-0.028352887429635196,0.011622752239072567,0.07660505083939224
2005-03,2004-03,915,2004-02,2005-02,-0.08627450992014275,3.7972677972899405,0.04997268657631604,-0.026521125429854374,0.012709449800475392,0.07658234519889522
2005-04,2004-04,916,2004-03,2005-03,-0.08581889153261212,3.788585460560325,0.042309001618508035,-0.023992283220999687,0.014344882932940055,0.07655329535323738
2005-05,2004-05,917,2004-04,2005-04,-0.08543247971066513,3.781251479161846,0.06696929955254771,-0.02146068798180753,0.01602428539812146,0.07651595152146558
2005-06,2004-06,918,2004-05,2005-05,-0.08492852624494468,3.7717277857712608,0.05364453225470822,-0.02049977109024244,0.01648375473574689,0.07650555211844935
2005-07,2004-07,919,2004-06,2005-06,-0.08450975808636375,3.763823547832293,0.13902531662361528,-0.01607726494819585,0.019566859449072257,0.07648067614471296
2005-08,2004-08,920,2004-07,2005-07,-0.08366703930185933,3.7480531121116587,0.12494560681825229,-0.014082264536058445,0.020643341402026047,0.07654865944958132
2005-09,2004-09,921,2004-08,2005-08,-0.08292371058533105,3.734186683631611,0.11168355633924976,-0.014507166671471186,0.0199594755536545,0.07660120770948216
2005-10,2004-10,922,2004-09,2005-09,-0.08224598955244787,3.721518415793505,0.07572623957909674,-0.0031567143501999573,0.028175209900394196,0.07663925797914568
2005-11,2004-11,923,2004-10,2005-10,-0.08186412585111816,3.7145721525580746,0.06633578192724432,0.004201758062297889,0.03355266239793903,0.07663826879344682
2005-12,2004-12,924,2004-11,2005-11,-0.08158498636658784,3.7096038473615245,0.029012869933033203,0.009439877382898199,0.037387778100850526,0.076627118915886
2006-01,2005-01,925,2004-12,2005-12,-0.08150194270531128,3.708152192709983,0.08890100125130407,0.014608783257436073,0.04126022603939853,0.07657564405212075
2006-02,2005-02,926,2005-01,2006-01,-0.08120532955651633,3.7030741513994316,0.06631345451953297,0.015368262761410942,0.04171034201360133,0.07658895437307019
2006-03,2005-03,927,2005-02,2006-02,-0.08100380006677581,3.6996329884233363,0.1031672720044765,0.018090210317832686,0.043688477993547005,0.07657786969145905
2006-04,2005-04,928,2005-03,2006-03,-0.08067839197005315,3.694143377540192,0.14095955309581498,0.023101902837580443,0.047356901761013266,0.07660652206464119
2006-05,2005-05,929,2005-04,2006-04,-0.08025524721627442,3.6871821215127243,0.06251977888260396,0.018878850164275374,0.043972556211620516,0.07667579335746266
2006-06,2005-06,930,2005-05,2006-05,-0.08008975434251633,3.6843952168299454,0.0530304610539879,0.019448683534827524,0.04433727751951997,0.07666057183652196
2006-07,2005-07,931,2005-06,2006-06,-0.07996342528737718,3.682272873244838,0.005926946041359127,0.017848518784495407,0.043066327588645946,0.07663519040711
2006-08,2005-08,932,2005-07,2006-07,-0.0800091121076837,3.6830466908813206,0.03840372419765181,0.02281964052347256,0.04686983892028392,0.0765593231921253
2006-09,2005-09,933,2005-08,2006-08,-0.0799531558752576,3.6821229800251154,0.052942500396053305,0.022187738195668952,0.04636569742931144,0.07651842758762961
2006-10,2005-10,934,2005-09,2006-09,-0.07984198973189512,3.680281178744651,0.11084529802161391,0.0151501037386962,0.04095834490161975,0.07649318569556156
2006-11,2005-11,935,2005-10,2006-10,-0.07946506587205468,3.6738146791312114,0.08911093720661789,0.008017457658045832,0.035354530055663934,0.07652992592264825
2006-12,2005-12,936,2005-11,2006-11,-0.07911858453980322,3.6676922827900036,0.10106859092710363,0.006781674491852366,0.034256402695213274,0.07654336717402
2007-01,2006-01,937,2005-12,2006-12,-0.07871041549765351,3.660442523919047,0.0833542023159135,0.0033717488030850645,0.031461901086315254,0.07656954137226235
2007-02,2006-02,938,2006-01,2007-01,-0.07835144960302348,3.6539873767590927,0.06565642133498262,0.006813981842526948,0.03393884613070002,0.07657677448627477
2007-03,2006-03,939,2006-02,2007-02,-0.07809691253363388,3.649459896538736,0.05706606864888486,0.0076559621143967305,0.034471238458601,0.07656514471721056
2007-04,2006-04,940,2006-03,2007-03,-0.07788531107197748,3.6457054121574193,0.08566907985700989,0.008677131281695796,0.03516170059136584,0.07654440101926552
2007-05,2006-05,941,2006-04,2007-04,-0.0775596254824168,3.639945639001266,0.162620896156781,0.016479766222477113,0.0410264403906886,0.07655409780867864
2007-06,2006-06,942,2006-05,2007-05,-0.07699471662388517,3.6302634595082224,0.14469004486063963,0.020973345709894634,0.0442539109981371,0.07664546383664902
2007-07,2006-07,943,2006-06,2007-06,-0.07654161885953195,3.622654500921831,0.11207208491559184,0.020859695854038504,0.04397419393453777,0.07671762139871052
2007-08,2006-08,944,2006-07,2007-07,-0.07620669358703887,3.617019479058194,0.10019523569675015,0.023494175839451542,0.04587418213894059,0.07675507316091063
2007-09,2006-09,945,2006-08,2007-08,-0.07593439432012761,3.612498148724604,0.11336081728035463,0.022513120328357436,0.044998132340858664,0.07677987756571043
2007-10,2006-10,946,2006-09,2007-09,-0.07560770491382443,3.607039869595887,0.0964506555279927,0.020752660049481536,0.04349138595113335,0.07681854663517625
2007-11,2006-11,947,2006-10,2007-10,-0.07532917514061356,3.602338452937365,0.02768242805288801,0.026794274781642632,0.04807471436055626,0.07683927747878007
2007-12,2006-12,948,2006-11,2007-11,-0.07532615801853451,3.6022891893047544,0.010548519369804499,0.028511024561846024,0.049409666615625826,0.07678742426208608
2008-01,2007-01,949,2006-12,2007-12,-0.07538562911869486,3.603249639129567,-0.06401687594748029,0.030603297819882497,0.051062464298665865,0.07671762562679392
2008-02,2007-02,950,2007-01,2008-01,-0.0756889799749881,3.6080779310263806,-0.07364674203304444,0.03338435440226953,0.05334896276687621,0.0765694840461894
2008-03,2007-03,951,2007-02,2008-02,-0.07601688580307886,3.613182851997751,-0.0881956042950851,0.037400525045943836,0.05660017968982493,0.07641152797249935
2008-04,2007-04,952,2007-03,2008-03,-0.07637661369508184,3.6185840853960975,-0.08017823989999517,0.036025663913408196,0.05568225114237576,0.07623862132095778
2008-05,2007-05,953,2007-04,2008-04,-0.07671531575641888,3.623725166798336,-0.09291901765423527,0.037196567806465713,0.05672672451452549,0.0760744903018382
2008-06,2007-06,954,2007-05,2008-05,-0.07708586289172395,3.629280179331364,-0.14785410224971318,0.041026626924818066,0.059837001287589585,0.07589734825995553
2008-07,2007-07,955,2007-06,2008-06,-0.07758786993837562,3.6364991782294185,-0.12140158985408411,0.04894546181942429,0.06614847291508216,0.07566305354737997
2008-08,2007-08,956,2007-07,2008-07,-0.07797577969935483,3.641476601348063,-0.11716837646882905,0.04783618807515512,0.06545969834291365,0.07545691898315249
2008-09,2007-09,957,2007-08,2008-08,-0.07835783603644501,3.6464529504766197,-0.2188282164510229,0.05462599340571399,0.0708420312209479,0.07525563863262794
2008-10,2007-10,958,2007-09,2008-09,-0.07890234222028329,3.652603419103618,-0.35961178577519104,0.06731822905743902,0.08083060801535705,0.07494866174840702
2008-11,2007-11,959,2007-10,2008-10,-0.07949686400411944,3.6561490924273863,-0.38717311081772476,0.07952899511201629,0.09054179008771954,0.07449552259561912
2008-12,2007-12,960,2007-11,2008-11,-0.0798754234225183,3.653594767440441,-0.37551015073883176,0.08298877168775282,0.0935726253180445,0.07401461776914689
2009-01,2008-01,961,2007-12,2008-12,-0.08016394298547716,3.649117695238043,-0.38540507920676126,0.09569340472681995,0.10370926660161905,0.07354685005998145
2009-02,2008-02,962,2008-01,2009-01,-0.08017510786080015,3.6375119825608198,-0.4272192313353862,0.10057262891217086,0.10790989932017978,0.07306976905242767
2009-03,2008-03,963,2008-02,2009-02,-0.08005495767718343,3.621653653280341,-0.37448833696729833,0.09564234405171904,0.10461001755412225,0.07255025814859815
2009-04,2008-04,964,2008-03,2009-03,-0.08004069898685968,3.609743249839471,-0.34556467113188183,0.08330794698159759,0.0954672257109909,0.07208652516611279
2009-05,2008-05,965,2008-04,2009-04,-0.08026187262692615,3.6044461846793654,-0.3276125130375245,0.07551408247384837,0.08976309010019778,0.0716537259989646
2009-06,2008-06,966,2008-05,2009-05,-0.08060688774769549,3.6027307893476834,-0.26139522965160633,0.08389493743594732,0.09661163948586196,0.07124040691093511
2009-07,2008-07,967,2008-06,2009-06,-0.08076085466794601,3.5979122931189536,-0.20137942102144246,0.08624263487218194,0.09873260541972972,0.07089641969628925
2009-08,2008-08,968,2008-07,2009-07,-0.08085253158737737,3.593038635029653,-0.18723373385505082,0.08204904403933472,0.09570823420062899,0.07061514300133293
2009-09,2008-09,969,2008-08,2009-08,-0.08098691390001472,3.5896345039576487,-0.06649131070511949,0.0892229102726281,0.10153713333206527,0.07034904508920044
2009-10,2008-10,970,2008-09,2009-09,-0.08101032284062785,3.586382456922886,0.10125633074352569,0.10666125659108881,0.11530913647871785,0.07020797255745372
2009-11,2008-11,971,2008-10,2009-10,-0.08100668966274815,3.586164329636308,0.2552089624278201,0.12465000656851888,0.12937952445216705,0.0702399482095506
2009-12,2008-12,972,2008-11,2009-11,-0.08120389439869242,3.594022104398857,0.26474686212584975,0.11094003427125397,0.11848627215986302,0.07043024554928133
2010-01,2009-01,973,2008-12,2009-12,-0.08133589827098026,3.6008956433235335,0.3317531820935449,0.12048714828078949,0.12573669426326883,0.07062995430218633
2010-02,2009-02,974,2009-01,2010-01,-0.08160823583332877,3.6124845644609116,0.5305624378985104,0.13971577575375066,0.14036808921644728,0.07089804796521647
2010-03,2009-03,975,2009-02,2010-02,-0.08245146936598385,3.6419405301029593,0.49699477213243815,0.1657001550810748,0.15963238487487705,0.07136949862155831
2010-04,2009-04,976,2009-03,2010-03,-0.08354293623080228,3.6757981362508967,0.3884874336342228,0.14523258953994972,0.1430931126010937,0.07180559009031946
2010-05,2009-05,977,2009-04,2010-04,-0.08410336794150247,3.6949409028404143,0.22161513536253385,0.12670079872370343,0.12855197742563607,0.07212972708473492
2010-06,2009-06,978,2009-05,2010-05,-0.08423970404589746,3.700458542095733,0.15340201351644678,0.12238939938315106,0.12515005548923075,0.07228257515045863
2010-07,2009-07,979,2009-06,2010-06,-0.08427791312659622,3.702110250402254,0.1428249026480104,0.09797686445743095,0.10662024680746826,0.07236543463806436
2010-08,2009-08,980,2009-07,2010-07,-0.08428378377058372,3.7033303640251853,0.05577606603690555,0.08302650067377275,0.09526024908130734,0.07243733205440103
2010-09,2009-09,981,2009-08,2010-08,-0.08429859418107861,3.703023954910711,0.10805269771346715,0.0707286169115799,0.08597040867340364,0.07242034809311917
2010-10,2009-10,982,2009-09,2010-09,-0.08425774814367067,3.702956901189158,0.18020819467720917,0.08208559058564473,0.09454087314457665,0.07245663358153094
2010-11,2009-11,983,2009-10,2010-10,-0.08420039396964225,3.7039602397215066,0.12537351813861575,0.05408672199695978,0.07326891516260672,0.07256624859790499
2010-12,2009-12,984,2009-11,2010-11,-0.08406876807259477,3.7025618140109104,0.1675494546908176,0.04785265587431135,0.06848796653305878,0.07261991452223497
2011-01,2010-01,985,2009-12,2010-12,-0.08381406400730189,3.699414152799017,0.23073549726595055,0.051339969644087255,0.07102297539931873,0.0727162896899188
2011-02,2010-02,986,2010-01,2011-01,-0.08345973991071225,3.6953395538191876,0.23042460167504286,0.04581699592335252,0.06667657999247747,0.07287655257792694
2011-03,2010-03,987,2010-02,2011-02,-0.08304798820998731,3.6900270640389885,0.16296713783801697,0.00880507382378494,0.03838206918823787,0.07303617572797469
2011-04,2010-04,988,2010-03,2011-03,-0.08244659751722809,3.6794938925784333,0.17172128107827522,0.0040364559883766665,0.03448987532395562,0.07312719896897676
2011-05,2010-05,989,2010-04,2011-04,-0.08175543937886093,3.667151732903377,0.25373081535037556,0.013699819677573999,0.04157157088957177,0.07322688964856149
2011-06,2010-06,990,2010-05,2011-05,-0.08086843552778404,3.6518946786877278,0.30405731666476177,0.021282820075422954,0.04701744280752577,0.07340921684624009
2011-07,2010-07,991,2010-06,2011-06,-0.07991615071770072,3.6361021550931123,0.19507678338221368,0.02154170507207523,0.04682339568015632,0.07364195963112256
2011-08,2010-08,992,2010-07,2011-07,-0.07933082054862561,3.626381073415458,0.18235629863416936,0.02950353391319059,0.05273638952976719,0.0737643737679684
2011-09,2010-09,993,2010-08,2011-08,-0.07886924354497347,3.619091692572838,0.00544231730252398,0.020931292618432767,0.04590714475291729,0.0738737311948226
2011-10,2010-10,994,2010-09,2011-09,-0.07892214637524053,3.619976269555118,0.07215141817403747,0.006679714955288657,0.03489086336932049,0.07380488671404561
2011-11,2010-11,995,2010-10,2011-10,-0.07865673760476312,3.615243016009128,0.06339181651746673,0.009135956601135295,0.036676769919299,0.07380322493661848
2011-12,2010-12,996,2010-11,2011-11,-0.07844296506718959,3.611463996507261,0.004582503117173342,0.006089850959387549,0.03421717158551416,0.07379277171531412
2012-01,2011-01,997,2010-12,2011-12,-0.07844910682439953,3.6115738792743506,0.03255762531662876,0.005044581657313682,0.033408460439064015,0.07372335319114347
2012-02,2011-02,998,2011-01,2012-01,-0.078335974872769,3.609542239037294,0.04052400674026546,0.0028499752941698736,0.03165235037873267,0.0736821049668203
2012-03,2011-03,999,2011-02,2012-02,-0.07817759448563122,3.6066757259739237,0.06672721962129613,0.004671761745804123,0.032995591197965767,0.07364891367730424
2012-04,2011-04,1000,2011-03,2012-03,-0.07792219092083387,3.6020806069096354,0.029067387686372737,0.0027923434559996435,0.03141604187797877,0.07364199198324822
2012-05,2011-05,1001,2011-04,2012-04,-0.07781191160889797,3.6000826011495426,-0.019326151789793578,0.007799438059686067,0.03526462932208715,0.07359746190902558
2012-06,2011-06,1002,2011-05,2012-05,-0.0779194542450806,3.6019968064660586,0.03490773216252063,0.015229652924617976,0.041096604105534375,0.0735047237716016
2012-07,2011-07,1003,2011-06,2012-06,-0.07784823164764906,3.6007688219769056,0.06779476508250915,0.015612847544110853,0.04136425418897657,0.07346624222463342
2012-08,2011-08,1004,2011-07,2012-07,-0.07766054746810425,3.597538152404236,0.16267209127667548,0.02581139430365216,0.049231744447757846,0.07346059334301776
2012-09,2011-09,1005,2011-08,2012-08,-0.07723123897500973,3.59055784104572,0.28946422507788094,0.03960707835057792,0.05982608458804315,0.07354936100265325
2012-10,2011-10,1006,2011-09,2012-09,-0.07660114395536065,3.5814656667201326,0.14060794987602487,0.028249710195598993,0.050673144757199494,0.07376398810411967
2012-11,2011-11,1007,2011-10,2012-10,-0.0762590115392785,3.5759725456792175,0.15344155603133947,0.03163688840520423,0.05318675612054801,0.0738303674107452
2012-12,2011-12,1008,2011-11,2012-11,-0.0759063033395845,3.5704465523443822,0.15837309040897207,0.031148980522521005,0.05265756861341906,0.07390934676453546
2013-01,2012-01,1009,2011-12,2012-12,-0.07553459821566724,3.564591314336355,0.16289263158809641,0.029112976972517177,0.05090182753027866,0.07399305711502549
2013-02,2012-02,1010,2012-01,2013-01,-0.07513086869126977,3.5581224782570593,0.12803793299081845,0.029331316736002838,0.050905388701929406,0.0740810764956919
2013-03,2012-03,1011,2012-02,2013-02,-0.0748334805072048,3.5533576751853766,0.13772687681212425,0.02570004856371122,0.047915834135621053,0.07413444628451002
2013-04,2012-04,1012,2012-03,2013-03,-0.07447732754451644,3.5475009246018185,0.16555071309729552,0.027594864254002663,0.04926289609573397,0.07419728465459659
2013-05,2012-05,1013,2012-04,2013-04,-0.0740501114512893,3.5405545396963913,0.27546253876484317,0.03767046775298001,0.05706183432898513,0.07428746572907113
2013-06,2012-06,1014,2012-05,2013-05,-0.07342092883735463,3.531132086313892,0.21359436301462864,0.029528624296489017,0.05033351141200348,0.07448586323699595
2013-07,2012-07,1015,2012-06,2013-06,-0.07286384220698042,3.5221589432048614,0.2695514043408449,0.030422587088206207,0.05080993466399481,0.07462291594613647
2013-08,2012-08,1016,2012-07,2013-07,-0.07214776271873874,3.510675475488087,0.20795612652616946,0.030077005624687098,0.05023098401908586,0.07481477469455648
2013-09,2012-09,1017,2012-08,2013-08,-0.07161007162794733,3.5020065789235044,0.22000096035414696,0.025422665765306662,0.0462761982576086,0.07494569047806839
2013-10,2012-10,1018,2012-09,2013-09,-0.07097903785621867,3.4914916046779054,0.2928102826406769,0.02778732755961849,0.047902330943379985,0.07508818091998987
2013-11,2012-11,1019,2012-10,2013-10,-0.07014554714721545,3.4777808609962575,0.3218793643758783,0.027272989553189297,0.047128388344227425,0.0753018434339454
2013-12,2012-12,1020,2012-11,2013-11,-0.06920762122958748,3.462255349197632,0.3426113175272477,0.033639807411532927,0.05187699951720149,0.07554358610153554
2014-01,2013-01,1021,2012-12,2013-12,-0.06830891173284205,3.4479935594697846,0.2320180998228022,0.02755934640079448,0.04654625197170854,0.0758051607650279
2014-02,2013-02,1022,2013-01,2014-01,-0.06765330606615591,3.437090794415702,0.27295307154546133,0.025653906620868416,0.04470436930268682,0.07595801099893963
2014-03,2013-03,1023,2013-02,2014-02,-0.06683590461123688,3.4233085848027756,0.2286807118290206,0.022633524151708523,0.04186753687946964,0.07615057704052959
2014-04,2013-04,1024,2013-03,2014-03,-0.06612302459405663,3.4110541565942905,0.2072449869919185,0.021795786229203556,0.04085622436755964,0.07629953225028396
2014-05,2013-05,1025,2013-04,2014-04,-0.06547204244067983,3.399791996155052,0.1983094770269438,0.018994498109951977,0.03824853508579309,0.07642728391344653
2014-06,2013-06,1026,2013-05,2014-05,-0.06481746142528791,3.3882916016422078,0.2437163985929992,0.02601696042442185,0.04375437578339655,0.076546077473986
2014-07,2013-07,1027,2013-06,2014-06,-0.06409186028437838,3.3759764219569637,0.15571070172463453,0.022462646669043046,0.040474031928918235,0.07670885285969098
2014-08,2013-08,1028,2013-07,2014-07,-0.06362396547787152,3.3678625410704552,0.23681001975303628,0.023608331655230644,0.04121148945237365,0.07678570290722497
2014-09,2013-09,1029,2013-08,2014-08,-0.06288560183472051,3.3551172073868987,0.17030936389197038,0.023243725934635487,0.04056563654287033,0.07694121730649203
2014-10,2013-10,1030,2013-09,2014-09,-0.06237192905049802,3.3462144402892493,0.15170906629218672,0.024800408184616936,0.041631074224188026,0.07703186599249735
2014-11,2013-11,1031,2013-10,2014-10,-0.06193709057245231,3.338728652781381,0.14560503704050598,0.022606035646841507,0.039586879194374154,0.07710429780656107
2014-12,2013-12,1032,2013-11,2014-11,-0.06150238154676052,3.3311492614241667,0.11492180567341181,0.01853545774404125,0.035956355580753586,0.07717067449186528
2015-01,2014-01,1033,2013-12,2014-12,-0.06114286449846519,3.3247518554567685,0.11922962723748665,0.02152464461777355,0.03830361376927923,0.07720721963337694
2015-02,2014-02,1034,2014-01,2015-01,-0.060791986930931664,3.3185881476161736,0.13382056089616268,0.021624224622796916,0.03822078064330885,0.07724786025968652
2015-03,2014-03,1035,2014-02,2015-02,-0.06038936411655234,3.3115120955976494,0.11683045803387437,0.022056160826390295,0.03839438900996218,0.07730251987382805
2015-04,2014-04,1036,2014-03,2015-03,-0.06005086217786836,3.305568899868888,0.12570826184607964,0.02285955638905065,0.03891421976835142,0.07734067425429142
2015-05,2014-05,1037,2014-04,2015-04,-0.059687225759015416,3.299203759876609,0.1177370341317363,0.022235275801701884,0.03821032407625718,0.07738731609382062
2015-06,2014-06,1038,2014-05,2015-05,-0.059346507857245205,3.2932152596776496,0.07305970312121457,0.01748601506832407,0.034003380898006065,0.0774261886545508
2015-07,2014-07,1039,2014-06,2015-06,-0.059135702165416706,3.2894257553086517,0.11200704716482335,0.01824254371125636,0.03454389686119747,0.07742198606982188
2015-08,2014-08,1040,2014-07,2015-07,-0.0587836088820629,3.283113585840087,0.004315369318894091,0.017620415816665964,0.03383871069304418,0.07745524093625938
2015-09,2014-09,1041,2014-08,2015-08,-0.05883397941850435,3.284019808445361,-0.006093090288417868,0.02005279524961577,0.03594040645734493,0.0773849816935914
2015-10,2014-10,1042,2014-09,2015-09,-0.05892972089424958,3.2857237412944684,0.04252069957705096,0.013652527585669219,0.03052564511764312,0.07730486838074879
2015-11,2014-11,1043,2014-10,2015-10,-0.058815642994858114,3.2836390036874494,0.022216836815162844,0.013538952291804005,0.030370581407445633,0.07727151826684303
2015-12,2014-12,1044,2014-11,2015-11,-0.058781357583795726,3.2830120151604305,0.0013900365497279132,0.014344259868333625,0.03104085928613582,0.07721878389763645
2016-01,2015-01,1045,2014-12,2015-12,-0.05883194275960629,3.283934291749344,-0.024014905210034243,0.01864356378102311,0.034737228367730445,0.07714622050304513
2016-02,2015-02,1046,2015-01,2016-01,-0.05898951864012871,3.2867560660791457,-0.08074559508873724,0.014399313927585762,0.0311942569722587,0.07704950814576686
2016-03,2015-03,1047,2015-02,2016-02,-0.05935861753772536,3.293481050301506,-0.008554170057670007,0.017396961924275513,0.03393259840751469,0.07689879649033753
2016-04,2015-04,1048,2015-03,2016-03,-0.059455189469899423,3.2952174805266954,-0.005696664219740577,0.01763172070780617,0.03418008482847327,0.07681725740011998
2016-05,2015-05,1049,2015-04,2016-04,-0.05954150011226362,3.2967674524828503,-0.002211510744517864,0.018818126302802253,0.035231654638293204,0.0767385977989571
2016-06,2015-06,1050,2015-05,2016-05,-0.05961793836445263,3.2981326264751623,0.012694520561831624,0.02102433734467639,0.03714459156744964,0.07666340721939188
2016-07,2015-07,1051,2015-06,2016-06,-0.05964728810307456,3.298651311361459,0.0354839632417665,0.021318768728984534,0.03740902076346649,0.07660254243665396
2016-08,2015-08,1052,2015-07,2016-07,-0.05959768022222669,3.297775943539848,0.10684733977993843,0.031551932811847365,0.04608545179704223,0.07656345633475768
2016-09,2015-09,1053,2015-08,2016-08,-0.05936986861507775,3.2939890771494875,0.1443003574815419,0.03557406470006968,0.049404222322957374,0.07659221595816242
2016-10,2015-10,1054,2015-09,2016-09,-0.05906097162368495,3.2890031060393214,0.042287804846443344,0.03164785631396328,0.04591640004229724,0.07665645518161912
2016-11,2015-11,1055,2015-10,2016-10,-0.059028782522470194,3.2884672687006415,0.08509897391047394,0.03320428446959807,0.04722859205533186,0.07662387826187014
2016-12,2015-12,1056,2015-11,2016-11,-0.058875719050855785,3.285947276286766,0.12793332031196825,0.03713389122678323,0.0505113146270486,0.07663190392062828
2017-01,2016-01,1057,2015-12,2016-12,-0.05862441632723832,3.281935363104236,0.21733904387799985,0.04187716762504788,0.05444901339584062,0.07668043884625869
2017-02,2016-02,1058,2016-01,2017-01,-0.05817678357051706,3.2750986482097115,0.2597405709933114,0.041475901489830366,0.0539015045633049,0.07681338648806563
2017-03,2016-03,1059,2016-02,2017-02,-0.05761426536059255,3.2664492875572373,0.18260902044853455,0.03911256503849762,0.051615958058517035,0.07698612226191384
2017-04,2016-04,1060,2016-03,2017-03,-0.05722727910787309,3.26034160200836,0.18502121538176353,0.039243624393934515,0.05155140447790869,0.07708576650548611
2017-05,2016-05,1061,2016-04,2017-04,-0.05683419837016746,3.2541334211808177,0.17770820230457263,0.037371382067741314,0.04975784735903405,0.07718749642902643
2017-06,2016-06,1062,2016-05,2017-05,-0.056442794021467145,3.2478366483093906,0.1881775507604485,0.03890426876342052,0.05090063647403408,0.07728214869444598
2017-07,2016-07,1063,2016-06,2017-06,-0.0560362517158993,3.241371628958604,0.1642098960366034,0.034786328953236,0.04715110966304128,0.07738647174436696
2017-08,2016-08,1064,2016-07,2017-07,-0.05565822797679511,3.2351411409692434,0.1605621198418341,0.03269404313988976,0.0451614650408625,0.07746807270704764
2017-09,2016-09,1065,2016-08,2017-08,-0.05527169253569891,3.2286634930544373,0.18559152378189248,0.03465779517231311,0.04668476187858795,0.07754609528651692
2017-10,2016-10,1066,2016-09,2017-09,-0.05482849316913865,3.2213294310530602,0.2368090381348954,0.03611990159161996,0.04774940699923693,0.07764745122319175
2017-11,2016-11,1067,2016-10,2017-10,-0.054251559575114336,3.211871335373605,0.21616141221923346,0.034465765002018325,0.046034900231148666,0.07779661859611743
2017-12,2016-12,1068,2016-11,2017-11,-0.0537133759453512,3.2029161657502168,0.20784870973818959,0.034737521207157875,0.046018206114734596,0.07792617364632634
2018-01,2017-01,1069,2016-12,2017-12,-0.053201284592524004,3.19439397206963,0.24942848356991265,0.033334930483339714,0.04454420971957367,0.07804771016278271
2018-02,2017-02,1070,2017-01,2018-01,-0.05254606921046342,3.1833588530415255,0.1647469341429899,0.03322326748418527,0.0441320657151491,0.07820787910989219
2018-03,2017-03,1071,2017-02,2018-02,-0.05214504483544228,3.1765830870157505,0.1366910791315229,0.03165387118988818,0.042554014890523344,0.07828868121543196
2018-04,2017-04,1072,2017-03,2018-03,-0.051816486758617365,3.1709657749707794,0.12779617765652063,0.03322213673657536,0.04378120539631795,0.07834316106423428
2018-05,2017-05,1073,2017-04,2018-04,-0.05152733613302487,3.166067142039323,0.14447243282881905,0.03309383824317045,0.043527860622294516,0.0783892496165104
2018-06,2017-06,1074,2017-05,2018-05,-0.051185875509704847,3.1602711429979937,0.14125298043228052,0.03478851788101881,0.04486588000602435,0.07845077958225743
2018-07,2017-07,1075,2017-06,2018-06,-0.050867585893973374,3.154924539519849,0.15524670809791385,0.03496098034637743,0.044865547516356984,0.07850920023421093
2018-08,2017-08,1076,2017-07,2018-07,-0.0505085565065895,3.1488935764980517,0.19283289208919652,0.03618439444364899,0.045781292827406124,0.07858051762070137
2018-09,2017-09,1077,2017-08,2018-08,-0.05004934648835993,3.1412376098012826,0.16563740798853321,0.033351158594608965,0.043030661028350854,0.0786866015338569
2018-10,2017-10,1078,2017-09,2018-09,-0.04964291409878484,3.1343124540556517,0.05568109646967123,0.03293711163773674,0.04246117632941438,0.07876726090904677
2018-11,2017-11,1079,2017-10,2018-10,-0.04957246904757695,3.133107093417393,0.041126225543192896,0.03010034306324129,0.03988794444483095,0.07874586501985364
2018-12,2017-12,1080,2017-11,2018-11,-0.04953687914224596,3.132487162159818,-0.06515846034153083,0.02536956125875954,0.03563580708069363,0.0787110320203382
2019-01,2018-01,1081,2017-12,2018-12,-0.04984884700019777,3.1380637152269566,-0.042722264226867424,0.021636901952929506,0.03246033507914176,0.07857794275820883
2019-02,2018-02,1082,2018-01,2019-01,-0.050080944433566504,3.142283250131129,0.026560692527965335,0.023337560039145125,0.034099130184716005,0.07846583535803778
2019-03,2018-03,1083,2018-02,2019-02,-0.05006962268567889,3.1420791630949223,0.0625474351424562,0.027695028549228472,0.03798162560373231,0.07841790817167575
2019-04,2018-04,1084,2018-03,2019-03,-0.049954542197553096,3.140050453784186,0.10059875727499867,0.027887147881285955,0.038095247644888384,0.07840326751389971
2019-05,2018-05,1085,2018-04,2019-04,-0.049715331799840785,3.1358364720449527,-0.0001668040578104435,0.027864633111123395,0.03795463820955839,0.07842372418649059
2019-06,2018-06,1086,2018-05,2019-05,-0.04980758669266095,3.137463071460444,0.0625961004113591,0.03232319810974254,0.04198552912265704,0.07835135721757318
2019-07,2018-07,1087,2018-06,2019-06,-0.04971451695920466,3.135865896360521,0.04188868892220032,0.02938958560083052,0.039316730986951036,0.07833686296108174
2019-08,2018-08,1088,2018-07,2019-07,-0.04967441355980934,3.135164887647267,-0.018274713895623185,0.02580544883456372,0.03609135873083379,0.07830336280111953
2019-09,2018-09,1089,2018-08,2019-08,-0.04982300272396105,3.1378143722081346,-0.005170243128154173,0.023839914690922545,0.034410825458863335,0.07821467769855135
2019-10,2018-10,1090,2018-09,2019-09,-0.049923141791766996,3.139616930251476,0.09932846277166907,0.030064156340779656,0.04002095846318746,0.07813817777118741
2019-11,2018-11,1091,2018-10,2019-10,-0.04970472335401012,3.135817244076566,0.12202452227949023,0.03623168250959165,0.04542674005698665,0.07815760058053707
2019-12,2018-12,1092,2018-11,2019-11,-0.0494587524619389,3.131710386426097,0.2736893357803998,0.046802990413100806,0.05477171956885014,0.07819777175425405
2020-01,2019-01,1093,2018-12,2019-12,-0.04891941515141168,3.1235698106066327,0.173921585927435,0.04087548745117851,0.04919151180203032,0.07837662954384797
2020-02,2019-02,1094,2019-01,2020-01,-0.04856499734857886,3.117855778321504,0.045870463678064244,0.04008001042118224,0.048305161110958277,0.07846396497015838
2020-03,2019-03,1095,2019-02,2020-02,-0.048549328116055515,3.117600908456794,-0.10101556962351632,0.03568179156864232,0.044342064272509814,0.07843419921555372
2020-04,2019-04,1096,2019-03,2020-03,-0.04894677031331479,3.124298534380492,-0.020567539517834188,0.031091302607597807,0.040416754076070004,0.07827046767464217
2020-05,2019-05,1097,2019-04,2020-04,-0.04910722041845714,3.1270834353895975,0.11175561136033396,0.03662127054615122,0.04545492373086268,0.07818036921776661
2020-06,2019-06,1098,2019-05,2020-05,-0.04889382259198396,3.1235209006958655,0.06385864889941395,0.024133319487015407,0.03414133215260327,0.07821094776252306
2020-07,2019-07,1099,2019-06,2020-06,-0.048757970059437786,3.1210697451530374,0.1103780056502488,0.027697421514576562,0.03727257073463567,0.07819788834590512
2020-08,2019-08,1100,2019-07,2020-07,-0.048489113253140315,3.1163063027245963,0.22445280316376892,0.02971674442651015,0.03895248625577521,0.07822714299799997
2020-09,2019-09,1101,2019-08,2020-08,-0.04787387864468809,3.1055219929795768,0.16427967300338353,0.030444010087784495,0.03929797835019561,0.07835995467844119
2020-10,2019-10,1102,2019-09,2020-09,-0.047454172183492994,3.0981819048806534,0.1178083721634603,0.02999864776547769,0.038682626171050734,0.07843792175496109
2020-11,2019-11,1103,2019-10,2020-10,-0.047176509707868755,3.093306165696008,0.20758774338627384,0.019702275404942002,0.02920870129612293,0.07847361572631967
2020-12,2019-12,1104,2019-11,2020-11,-0.04649222911560738,3.0806446131848895,0.22815291905907342,0.01980354020904712,0.028927226677265695,0.0785905669289102
2021-01,2020-01,1105,2019-12,2020-12,-0.04573207504849246,3.066560712109194,0.2291503193167692,0.02128675050759407,0.029865444839245768,0.07872591747382439
2021-02,2020-02,1106,2020-01,2021-01,-0.04498530716210539,3.052785866127575,0.37247725789224684,0.02641458024671592,0.03416568263425975,0.0788619250704274
2021-03,2020-03,1107,2020-02,2021-02,-0.04382056653933341,3.0317732168139084,0.6243838083761333,0.04031339429644195,0.046396731806683404,0.07912716024009482
2021-04,2020-04,1108,2020-03,2021-03,-0.042222642735419515,3.0053611724370186,0.49430756156977473,0.032160439021609484,0.037983605400127164,0.07961926912830422
2021-05,2020-05,1109,2020-04,2021-04,-0.04076212692754866,2.9796058888737122,0.4188742818438691,0.028427957151280922,0.033696841650056354,0.07999319905836869
2021-06,2020-06,1110,2020-05,2021-05,-0.03944532924217275,2.955784512032995,0.4210954269899021,0.02823273470521715,0.032787285951777885,0.08029849733114841
2021-07,2020-07,1111,2020-06,2021-06,-0.03810483950034895,2.9314146490348367,0.3630503071760204,0.021526671228649097,0.025624721109437774,0.08060524524263243
2021-08,2020-08,1112,2020-07,2021-07,-0.03681799407516961,2.907210715157877,0.30584156810648344,0.01784609491176603,0.021308836901386644,0.0808592426004862
2021-09,2020-09,1113,2020-08,2021-08,-0.035672606459110634,2.885295979521529,0.2969861048802951,0.02000887003865725,0.02269791190664451,0.08106138305466948
2021-10,2020-10,1114,2020-09,2021-09,-0.03459321564948386,2.8647526239550714,0.4046321659010915,0.02256942652912338,0.02453558280476232,0.08125521135074276
2021-11,2020-11,1115,2020-10,2021-10,-0.03314326625838535,2.837358552034594,0.236363976796797,0.01768698604127107,0.018818233227859006,0.08154523552522737
2021-12,2020-12,1116,2020-11,2021-11,-0.03225261162473995,2.8201631209683082,0.2185711666705047,0.01628063951648108,0.016840820335568073,0.08168396199590082
