yyyymm,spec,method,coef,value
197307,(i),OLS,a,-0.05606221646433312
197308,(i),OLS,a,0.10647057458653406
197309,(i),OLS,a,-0.024058562552203365
197310,(i),OLS,a,-0.20949050595651175
197311,(i),OLS,a,-0.02722007194039234
197312,(i),OLS,a,0.05667960684761022
197401,(i),OLS,a,-0.021392351996489593
197402,(i),OLS,a,-0.018481893127181296
197403,(i),OLS,a,-0.07380825213673148
197404,(i),OLS,a,-0.06999960560509401
197405,(i),OLS,a,-0.0421263792445139
197406,(i),OLS,a,-0.09166009021328712
197407,(i),OLS,a,-0.10053432361928462
197408,(i),OLS,a,-0.12713677757087422
197409,(i),OLS,a,0.17116971985747803
197410,(i),OLS,a,-0.02840893646554772
197411,(i),OLS,a,-0.048736609411274674
197412,(i),OLS,a,0.1825078749369363
197501,(i),OLS,a,0.06865422375657743
197502,(i),OLS,a,0.06697969694365523
197503,(i),OLS,a,0.061389763783511214
197504,(i),OLS,a,0.07225351122973164
197505,(i),OLS,a,0.06478910612758511
197506,(i),OLS,a,-0.06369843272634042
197507,(i),OLS,a,-0.03605169462302705
197508,(i),OLS,a,-0.04756240891817486
197509,(i),OLS,a,0.03652304044954068
197510,(i),OLS,a,0.015521409616258407
197511,(i),OLS,a,-0.01757625753268933
197512,(i),OLS,a,0.1194483397519736
197601,(i),OLS,a,0.011712578333500319
197602,(i),OLS,a,0.011220962551883424
197603,(i),OLS,a,-0.012106076947866768
197604,(i),OLS,a,-0.004693903809775859
197605,(i),OLS,a,0.03726529427155468
197606,(i),OLS,a,-0.020411188314648446
197607,(i),OLS,a,-0.027613469569115406
197608,(i),OLS,a,0.02377048092777482
197609,(i),OLS,a,-0.026852295943186017
197610,(i),OLS,a,0.02308959150778227
197611,(i),OLS,a,0.07360732734535569
197612,(i),OLS,a,-0.03321198807246474
197701,(i),OLS,a,-0.0183699715497783
197702,(i),OLS,a,-0.006445438606199295
197703,(i),OLS,a,-0.0008582055180259433
197704,(i),OLS,a,-0.010334125268796695
197705,(i),OLS,a,0.05270922216443178
197706,(i),OLS,a,-0.012211422980288458
197707,(i),OLS,a,-0.006374526397413147
197708,(i),OLS,a,0.004969900786330468
197709,(i),OLS,a,-0.04238864507263757
197710,(i),OLS,a,0.06646298998139116
197711,(i),OLS,a,0.012286005416979644
197712,(i),OLS,a,-0.05562877576111614
197801,(i),OLS,a,0.0038640677767917886
197802,(i),OLS,a,0.054774996259081166
197803,(i),OLS,a,0.084491975330704
197804,(i),OLS,a,0.0586913020068821
197805,(i),OLS,a,-0.01487288444215461
197806,(i),OLS,a,0.06394544078485942
197807,(i),OLS,a,0.07462765078997158
197808,(i),OLS,a,-0.027937237113907474
197809,(i),OLS,a,-0.20658851322107827
197810,(i),OLS,a,0.06809804482136735
197811,(i),OLS,a,0.02670252225763777
197812,(i),OLS,a,0.06200444429639033
197901,(i),OLS,a,-0.04336281337965103
197902,(i),OLS,a,0.08473935436146622
197903,(i),OLS,a,0.009621263526375509
197904,(i),OLS,a,-0.028652697013447796
197905,(i),OLS,a,0.04758307360416206
197906,(i),OLS,a,0.016836454814391635
197907,(i),OLS,a,0.08812805858086127
197908,(i),OLS,a,-0.0047260469967042714
197909,(i),OLS,a,-0.10225628524208266
197910,(i),OLS,a,0.08790919851972458
197911,(i),OLS,a,0.06532713131862647
197912,(i),OLS,a,0.07997438662574247
198001,(i),OLS,a,-0.026602216930190433
198002,(i),OLS,a,-0.17358464351297795
198003,(i),OLS,a,0.04458020759435203
198004,(i),OLS,a,0.07467963314713026
198005,(i),OLS,a,0.03823503829965092
198006,(i),OLS,a,0.12579066035268743
198007,(i),OLS,a,0.08350324969754457
198008,(i),OLS,a,0.04573834319036546
198009,(i),OLS,a,0.03200360237080576
198010,(i),OLS,a,0.12014433802340722
198011,(i),OLS,a,-0.05300315046364227
198012,(i),OLS,a,-0.052639700270751995
198101,(i),OLS,a,-0.014143608407110665
198102,(i),OLS,a,0.06951078418212615
198103,(i),OLS,a,0.0036278271320146073
198104,(i),OLS,a,0.011296475464747812
198105,(i),OLS,a,-0.056972770245312755
198106,(i),OLS,a,-0.029260315201872136
198107,(i),OLS,a,-0.12104250465097233
198108,(i),OLS,a,-0.11188836984215435
198109,(i),OLS,a,0.10416639004694375
198110,(i),OLS,a,0.00524350022231784
198111,(i),OLS,a,-0.03939115240888179
198112,(i),OLS,a,-0.045716231245321745
198201,(i),OLS,a,-0.08622828670116832
198202,(i),OLS,a,-0.03669724469808629
198203,(i),OLS,a,0.05229178200881588
198204,(i),OLS,a,-0.0467920005854924
198205,(i),OLS,a,-0.06235800440692012
198206,(i),OLS,a,-0.030394918595890896
198207,(i),OLS,a,0.09170154658276618
198208,(i),OLS,a,0.008105328765591118
198209,(i),OLS,a,0.1449984082097562
198210,(i),OLS,a,0.05833078056197963
198211,(i),OLS,a,0.01153108430603893
198212,(i),OLS,a,0.09406330029321058
198301,(i),OLS,a,0.016136617800556377
198302,(i),OLS,a,0.027423590948866927
198303,(i),OLS,a,0.05123770585107846
198304,(i),OLS,a,0.08740308118314258
198305,(i),OLS,a,0.043172493620012076
198306,(i),OLS,a,-0.05809651405022456
198307,(i),OLS,a,-0.05362353378593384
198308,(i),OLS,a,-0.012042888061033324
198309,(i),OLS,a,-0.0945632390947991
198310,(i),OLS,a,0.03608348043697762
198311,(i),OLS,a,-0.04512526709122203
198312,(i),OLS,a,-0.042428579900880996
198401,(i),OLS,a,-0.08224696529371917
198402,(i),OLS,a,-0.013241371678884423
198403,(i),OLS,a,-0.0314533253914696
198404,(i),OLS,a,-0.0709876806676751
198405,(i),OLS,a,0.029528163229730807
198406,(i),OLS,a,-0.0645246045398285
198407,(i),OLS,a,0.1236683534805268
198408,(i),OLS,a,-0.039030152841910165
198409,(i),OLS,a,-0.04360586800565386
198410,(i),OLS,a,-0.059902256984492606
198411,(i),OLS,a,0.005458972361516031
198412,(i),OLS,a,0.14177889473105534
198501,(i),OLS,a,0.03966210819557214
198502,(i),OLS,a,-0.04117986564456858
198503,(i),OLS,a,-0.04185329398374938
198504,(i),OLS,a,0.022217032825985535
198505,(i),OLS,a,-0.007267857374938069
198506,(i),OLS,a,0.015125923919770917
198507,(i),OLS,a,-0.020781564520656756
198508,(i),OLS,a,-0.07162836169697265
198509,(i),OLS,a,0.016536692145063973
198510,(i),OLS,a,0.05835779006136957
198511,(i),OLS,a,0.029631029768778756
198512,(i),OLS,a,0.032917199022266565
198601,(i),OLS,a,0.06967274305578709
198602,(i),OLS,a,0.025772508765824664
198603,(i),OLS,a,0.00749465952013761
198604,(i),OLS,a,0.032299861935037685
198605,(i),OLS,a,0.0014998316645849076
198606,(i),OLS,a,-0.10026876913204594
198607,(i),OLS,a,0.00754933270968458
198608,(i),OLS,a,-0.09663078564434051
198609,(i),OLS,a,0.05595082997513394
198610,(i),OLS,a,-0.005145577093642546
198611,(i),OLS,a,-0.05410918071726226
198612,(i),OLS,a,0.13158191971129965
198701,(i),OLS,a,0.09601676524213142
198702,(i),OLS,a,0.016262548377206053
198703,(i),OLS,a,-0.029403342186071234
198704,(i),OLS,a,-0.0018349303711465213
198705,(i),OLS,a,0.01871250798592754
198706,(i),OLS,a,0.01515293276232212
198707,(i),OLS,a,0.013018888812856908
198708,(i),OLS,a,-0.023354536698355324
198709,(i),OLS,a,-0.31730218058246384
198710,(i),OLS,a,-0.0698673228951824
198711,(i),OLS,a,0.06593820879653743
198712,(i),OLS,a,0.05872156283796167
198801,(i),OLS,a,0.07290069673387936
198802,(i),OLS,a,0.02093102099982305
198803,(i),OLS,a,0.00549786769151217
198804,(i),OLS,a,-0.041031496976882804
198805,(i),OLS,a,0.05700919765101959
198806,(i),OLS,a,-0.02319132176668647
198807,(i),OLS,a,-0.043489260322953936
198808,(i),OLS,a,0.030643723123903798
198809,(i),OLS,a,-0.024423475505536824
198810,(i),OLS,a,-0.05370571237681687
198811,(i),OLS,a,0.03130367944470703
198812,(i),OLS,a,0.04705167970150738
198901,(i),OLS,a,-0.011032546538418227
198902,(i),OLS,a,0.015502345380201213
198903,(i),OLS,a,0.03380125481767634
198904,(i),OLS,a,0.026450407259846258
198905,(i),OLS,a,-0.044499769574179546
198906,(i),OLS,a,0.04227949954843842
198907,(i),OLS,a,0.004066889431618521
198908,(i),OLS,a,0.005956146582813528
198909,(i),OLS,a,-0.05427609983419214
198910,(i),OLS,a,-0.011087198093276367
198911,(i),OLS,a,-0.005640544776519003
198912,(i),OLS,a,-0.08195501272900525
199001,(i),OLS,a,0.006211918453181726
199002,(i),OLS,a,0.029193174536981656
199003,(i),OLS,a,-0.02249365990083694
199004,(i),OLS,a,0.08044967340793134
199005,(i),OLS,a,0.014858651921580085
199006,(i),OLS,a,-0.04762058214702022
199007,(i),OLS,a,-0.1573323136178521
199008,(i),OLS,a,-0.1028888994193424
199009,(i),OLS,a,-0.0606768413654482
199010,(i),OLS,a,0.07358220661907579
199011,(i),OLS,a,0.01949701260456572
199012,(i),OLS,a,0.08401466980357279
199101,(i),OLS,a,0.14769904805105113
199102,(i),OLS,a,0.07950826524824728
199103,(i),OLS,a,0.022377429559457634
199104,(i),OLS,a,0.04933021817738797
199105,(i),OLS,a,-0.04862695154196167
199106,(i),OLS,a,0.046038502563929315
199107,(i),OLS,a,0.02715865993479406
199108,(i),OLS,a,0.0061798187805842016
199109,(i),OLS,a,0.0369204738198048
199110,(i),OLS,a,-0.030706051107236162
199111,(i),OLS,a,0.07416524976605272
199112,(i),OLS,a,0.08426366522083885
199201,(i),OLS,a,0.021886499878099274
199202,(i),OLS,a,-0.05050514010839425
199203,(i),OLS,a,-0.0568029209239393
199204,(i),OLS,a,-0.016707662630055683
199205,(i),OLS,a,-0.0667290064681104
199206,(i),OLS,a,0.024681326791742415
199207,(i),OLS,a,-0.03170497766665918
199208,(i),OLS,a,0.01507413706336088
199209,(i),OLS,a,0.019991953183235482
199210,(i),OLS,a,0.08675225308372518
199211,(i),OLS,a,0.010420058945733338
199212,(i),OLS,a,0.015606594460058328
199301,(i),OLS,a,-0.057771342631353466
199302,(i),OLS,a,0.005685493853776035
199303,(i),OLS,a,-0.04975199953140461
199304,(i),OLS,a,0.05079741708629085
199305,(i),OLS,a,-0.008418790256754459
199306,(i),OLS,a,-0.016422009007402004
199307,(i),OLS,a,0.062023554904725116
199308,(i),OLS,a,0.013885065096954818
199309,(i),OLS,a,0.03304068538950711
199310,(i),OLS,a,-0.02868785980667115
199311,(i),OLS,a,0.01767148925859768
199312,(i),OLS,a,0.019134812944065223
199401,(i),OLS,a,-0.018028055595213914
199402,(i),OLS,a,-0.06730054722344038
199403,(i),OLS,a,-0.025093805119720623
199404,(i),OLS,a,-0.00953175223967316
199405,(i),OLS,a,-0.05252138130357175
199406,(i),OLS,a,0.011245135849273629
199407,(i),OLS,a,0.04534704896975571
199408,(i),OLS,a,-0.006396291721352059
199409,(i),OLS,a,-0.004757050331505243
199410,(i),OLS,a,-0.04837495735257357
199411,(i),OLS,a,-0.022926565957733208
199412,(i),OLS,a,0.03633405835832356
199501,(i),OLS,a,0.0323314444892409
199502,(i),OLS,a,0.024440672530659815
199503,(i),OLS,a,0.01221682780083742
199504,(i),OLS,a,0.011951970123466469
199505,(i),OLS,a,0.08118972130047158
199506,(i),OLS,a,0.06071107514046343
199507,(i),OLS,a,0.026488395484179757
199508,(i),OLS,a,0.024647393149607108
199509,(i),OLS,a,-0.0653506730440923
199510,(i),OLS,a,0.025739497739883332
199511,(i),OLS,a,0.0066552661835306715
199512,(i),OLS,a,0.014240503031517464
199601,(i),OLS,a,0.03647799620052004
199602,(i),OLS,a,0.02656056269417886
199603,(i),OLS,a,0.061846955010058415
199604,(i),OLS,a,0.06246506120266874
199605,(i),OLS,a,-0.06158688414716805
199606,(i),OLS,a,-0.1230901442574321
199607,(i),OLS,a,0.04396714614110749
199608,(i),OLS,a,0.03788805598013361
199609,(i),OLS,a,-0.05483754684967287
199610,(i),OLS,a,0.02028304636005119
199611,(i),OLS,a,-0.015677517443947693
199612,(i),OLS,a,0.07379061597565538
199701,(i),OLS,a,-0.05324061721841448
199702,(i),OLS,a,-0.08950016407942782
199703,(i),OLS,a,-0.03196279463760233
199704,(i),OLS,a,0.12563361944657506
199705,(i),OLS,a,0.020891380856538105
199706,(i),OLS,a,0.05007194589385833
199707,(i),OLS,a,0.03607098928815582
199708,(i),OLS,a,0.06958354093609592
199709,(i),OLS,a,-0.04972295422336032
199710,(i),OLS,a,-0.032799331856553544
199711,(i),OLS,a,-0.04560387632305502
199712,(i),OLS,a,0.007117257876070343
199801,(i),OLS,a,0.07075362994070071
199802,(i),OLS,a,0.02964609434928262
199803,(i),OLS,a,0.0035887716289347256
199804,(i),OLS,a,-0.06949966820430965
199805,(i),OLS,a,-0.027637128488650214
199806,(i),OLS,a,-0.07424231999760257
199807,(i),OLS,a,-0.22671098203121545
199808,(i),OLS,a,0.08139091388014816
199809,(i),OLS,a,0.07993918889068288
199810,(i),OLS,a,0.07527427547354425
199811,(i),OLS,a,0.03502316633868498
199812,(i),OLS,a,0.03346527152175988
199901,(i),OLS,a,-0.06274835853859229
199902,(i),OLS,a,0.005373414332921049
199903,(i),OLS,a,0.08853868886834639
199904,(i),OLS,a,0.03395839216811232
199905,(i),OLS,a,0.048206966835284776
199906,(i),OLS,a,-0.009497330955844006
199907,(i),OLS,a,-0.03417051034947658
199908,(i),OLS,a,0.0038856796432236293
199909,(i),OLS,a,0.007915958957103527
199910,(i),OLS,a,0.10295250354021777
199911,(i),OLS,a,0.13556518335757592
199912,(i),OLS,a,-0.007435581704248833
200001,(i),OLS,a,0.13273334700959732
200002,(i),OLS,a,0.0205620766903286
200003,(i),OLS,a,-0.08971633753756064
200004,(i),OLS,a,-0.06663405618623411
200005,(i),OLS,a,0.08301082736854248
200006,(i),OLS,a,-0.07325863399345217
200007,(i),OLS,a,0.10223414418167752
200008,(i),OLS,a,-0.07797328572525121
200009,(i),OLS,a,-0.05654517017462772
200010,(i),OLS,a,-0.17758649797341233
200011,(i),OLS,a,-0.022299515716799775
200012,(i),OLS,a,0.27887209102484817
200101,(i),OLS,a,-0.14405251134946745
200102,(i),OLS,a,-0.10923961426726951
200103,(i),OLS,a,0.12115481441767231
200104,(i),OLS,a,0.032838876945061234
200105,(i),OLS,a,0.01614722924124703
200106,(i),OLS,a,-0.048166971300312285
200107,(i),OLS,a,-0.05846555679801986
200108,(i),OLS,a,-0.15436475412299885
200109,(i),OLS,a,0.12267349877978621
200110,(i),OLS,a,0.09007484643656327
200111,(i),OLS,a,0.05815562967002001
200112,(i),OLS,a,-0.027902317662012566
200201,(i),OLS,a,-0.04571500243731201
200202,(i),OLS,a,0.07439309339769425
200203,(i),OLS,a,-0.05803723514071373
200204,(i),OLS,a,-0.043728131919847146
200205,(i),OLS,a,-0.10888543186555728
200206,(i),OLS,a,-0.12837083402087185
200207,(i),OLS,a,-0.00284386821774119
200208,(i),OLS,a,-0.09750448212583646
200209,(i),OLS,a,0.09737486172099633
200210,(i),OLS,a,0.1421472257750997
200211,(i),OLS,a,-0.08324600373185057
200212,(i),OLS,a,-0.022655669315331008
200301,(i),OLS,a,-0.03595965172236518
200302,(i),OLS,a,0.01754209999371388
200303,(i),OLS,a,0.12318235044276878
200304,(i),OLS,a,0.1575223133247764
200305,(i),OLS,a,0.029919396785871855
200306,(i),OLS,a,0.05223429677343587
200307,(i),OLS,a,0.049894555395664814
200308,(i),OLS,a,-0.02412262403460323
200309,(i),OLS,a,0.06398902715510385
200310,(i),OLS,a,0.024107553254052037
200311,(i),OLS,a,0.012524002228306274
200312,(i),OLS,a,0.030067157935689526
200401,(i),OLS,a,0.00044004919688226784
200402,(i),OLS,a,-0.004912196420015982
200403,(i),OLS,a,-0.023058252076003108
200404,(i),OLS,a,0.008490767154571213
200405,(i),OLS,a,0.02025403998166542
200406,(i),OLS,a,-0.1145545614291318
200407,(i),OLS,a,-0.030799415748358375
200408,(i),OLS,a,0.04358177707229174
200409,(i),OLS,a,0.025550823489214027
200410,(i),OLS,a,0.08291814711569469
200411,(i),OLS,a,0.06661787964445655
200412,(i),OLS,a,-0.05197776058526362
200501,(i),OLS,a,0.004368899790593691
200502,(i),OLS,a,-0.0494104556117108
200503,(i),OLS,a,-0.06190131017451572
200504,(i),OLS,a,0.07044971774821336
200505,(i),OLS,a,0.008033124864334463
200506,(i),OLS,a,0.06534417225989941
200507,(i),OLS,a,-0.027879529867030007
200508,(i),OLS,a,0.0033146532737734235
200509,(i),OLS,a,-0.029608943780650095
200510,(i),OLS,a,0.040411265060325226
200511,(i),OLS,a,0.00431834704690981
200512,(i),OLS,a,0.07675045203619209
200601,(i),OLS,a,0.0020314728919907164
200602,(i),OLS,a,0.02869637374170162
200603,(i),OLS,a,-0.013390297933397787
200604,(i),OLS,a,-0.07319757305012807
200605,(i),OLS,a,-0.021829870657704843
200606,(i),OLS,a,-0.05236851308537306
200607,(i),OLS,a,0.03450392734210995
200608,(i),OLS,a,0.0029511324083061562
200609,(i),OLS,a,0.05153447525172433
200610,(i),OLS,a,0.024267733284510776
200611,(i),OLS,a,-0.011610333596180498
200612,(i),OLS,a,0.022415930158461047
200701,(i),OLS,a,-0.004731063463116732
200702,(i),OLS,a,0.01056784059365123
200703,(i),OLS,a,0.0340427710424858
200704,(i),OLS,a,0.025626601161930378
200705,(i),OLS,a,-0.011743718542596721
200706,(i),OLS,a,-0.040715847270361864
200707,(i),OLS,a,0.007681838513762191
200708,(i),OLS,a,0.031298625676187346
200709,(i),OLS,a,0.03881374306976566
200710,(i),OLS,a,-0.07438556169909245
200711,(i),OLS,a,-0.0074558199903166774
200712,(i),OLS,a,-0.07418619180597207
200801,(i),OLS,a,-0.014304624441024497
200802,(i),OLS,a,-0.018006484095632328
200803,(i),OLS,a,0.03847993222052106
200804,(i),OLS,a,0.04498085865207821
200805,(i),OLS,a,-0.0956837761678258
200806,(i),OLS,a,0.01803691222851304
200807,(i),OLS,a,0.020039577622838107
200808,(i),OLS,a,-0.12011824039587339
200809,(i),OLS,a,-0.21661393312260757
200810,(i),OLS,a,-0.10082861513496257
200811,(i),OLS,a,0.05229892308215911
200812,(i),OLS,a,-0.02275563758677374
200901,(i),OLS,a,-0.07217629972777378
200902,(i),OLS,a,0.10371164783849926
200903,(i),OLS,a,0.17484254611323263
200904,(i),OLS,a,0.045766772574515426
200905,(i),OLS,a,0.04053148262388263
200906,(i),OLS,a,0.06249796364692524
200907,(i),OLS,a,-0.016676975306909557
200908,(i),OLS,a,0.056736818439555144
200909,(i),OLS,a,-0.05327560699527266
200910,(i),OLS,a,0.015681924852477862
200911,(i),OLS,a,0.07093039799822329
200912,(i),OLS,a,-0.04050946900302399
201001,(i),OLS,a,0.03552039985898777
201002,(i),OLS,a,0.05495562680043014
201003,(i),OLS,a,0.029268877474292566
201004,(i),OLS,a,-0.060137578594264864
201005,(i),OLS,a,-0.04475351920296668
201006,(i),OLS,a,0.0700741031930118
201007,(i),OLS,a,-0.05796148051805728
201008,(i),OLS,a,0.12857648513982786
201009,(i),OLS,a,0.04661613546342851
201010,(i),OLS,a,0.025681448297385966
201011,(i),OLS,a,0.07552892985934004
201012,(i),OLS,a,0.003203561198623691
201101,(i),OLS,a,0.0387560226879657
201102,(i),OLS,a,0.03466916595804287
201103,(i),OLS,a,0.03815289002645537
201104,(i),OLS,a,-0.003974514804509086
201105,(i),OLS,a,-0.029007960374262905
201106,(i),OLS,a,-0.04438342170655031
201107,(i),OLS,a,-0.07780177599776501
201108,(i),OLS,a,-0.1056911744906495
201109,(i),OLS,a,0.1573759189324188
201110,(i),OLS,a,-0.01294647997548607
201111,(i),OLS,a,-0.011101391450971516
201112,(i),OLS,a,0.10166589390122702
201201,(i),OLS,a,0.03255187887428712
201202,(i),OLS,a,0.020818318734162976
201203,(i),OLS,a,-0.0183094025844364
201204,(i),OLS,a,-0.08026839826984815
201205,(i),OLS,a,0.03814284585099984
201206,(i),OLS,a,-0.013875208065804109
201207,(i),OLS,a,0.03968009001555355
201208,(i),OLS,a,0.03051290282646539
201209,(i),OLS,a,-0.03379728287442154
201210,(i),OLS,a,0.005716168266847417
201211,(i),OLS,a,0.017884005130290374
201212,(i),OLS,a,0.05581377396821259
201301,(i),OLS,a,-0.002030692575639653
201302,(i),OLS,a,0.042431432538697945
201303,(i),OLS,a,0.013550400547218906
201304,(i),OLS,a,0.0426660726857343
201305,(i),OLS,a,-0.012482447649125938
201306,(i),OLS,a,0.07951085798266035
201307,(i),OLS,a,-0.026235989607378676
201308,(i),OLS,a,0.05438072035166071
201309,(i),OLS,a,0.009898027944023427
201310,(i),OLS,a,0.05538569089655172
201311,(i),OLS,a,0.022239772063139564
201312,(i),OLS,a,-0.013743669188079491
201401,(i),OLS,a,0.04814405227653535
201402,(i),OLS,a,-0.02260954763551454
201403,(i),OLS,a,-0.033512026208880864
201404,(i),OLS,a,0.0008281840458733685
201405,(i),OLS,a,0.053659619109346156
201406,(i),OLS,a,-0.046448533343636106
201407,(i),OLS,a,0.04826201576454297
201408,(i),OLS,a,-0.036599709186515415
201409,(i),OLS,a,0.0643105517233874
201410,(i),OLS,a,0.02363189375192794
201411,(i),OLS,a,0.01523910151786363
201412,(i),OLS,a,-0.017757391383689654
201501,(i),OLS,a,0.08130307446805049
201502,(i),OLS,a,0.00707120454088708
201503,(i),OLS,a,-0.025941280962857582
201504,(i),OLS,a,0.017895296855497532
201505,(i),OLS,a,0.006427736786262848
201506,(i),OLS,a,0.025522256364634212
201507,(i),OLS,a,-0.07680884552249288
201508,(i),OLS,a,-0.04793796182960743
201509,(i),OLS,a,0.06899352530768214
201510,(i),OLS,a,0.028369714016999375
201511,(i),OLS,a,-0.021050823019118318
201512,(i),OLS,a,-0.08126351436267404
201601,(i),OLS,a,0.014821454953091067
201602,(i),OLS,a,0.048433528728035836
201603,(i),OLS,a,-0.005729656679709552
201604,(i),OLS,a,0.021591152091407564
201605,(i),OLS,a,-0.024990596828641073
201606,(i),OLS,a,0.05343848313822547
201607,(i),OLS,a,-0.0022862199861450384
201608,(i),OLS,a,0.00960922520289848
201609,(i),OLS,a,-0.05117517743234023
201610,(i),OLS,a,0.04059394551847856
201611,(i),OLS,a,0.0004512724279019273
201612,(i),OLS,a,0.02833779275059909
201701,(i),OLS,a,0.04695398606535302
201702,(i),OLS,a,0.016103404055036193
201703,(i),OLS,a,0.022530909977699052
201704,(i),OLS,a,0.005954276585776339
201705,(i),OLS,a,0.029410105855561728
201706,(i),OLS,a,0.007948288769155024
201707,(i),OLS,a,0.0018514769715562585
201708,(i),OLS,a,0.04669553087686176
201709,(i),OLS,a,0.00785373526030045
201710,(i),OLS,a,0.020076308598260845
201711,(i),OLS,a,0.0016029800530103558
201712,(i),OLS,a,0.03693074606175293
201801,(i),OLS,a,-0.03465465205531297
201802,(i),OLS,a,0.0008811640442077928
201803,(i),OLS,a,-0.00025221746013335124
201804,(i),OLS,a,0.0533083620814211
201805,(i),OLS,a,0.01451596790179031
201806,(i),OLS,a,0.01597646133586632
201807,(i),OLS,a,0.06648434728037282
201808,(i),OLS,a,-0.009290306982924969
201809,(i),OLS,a,-0.11497542653227623
201810,(i),OLS,a,0.029146630813908184
201811,(i),OLS,a,-0.10444397956622917
201812,(i),OLS,a,0.12029078190110282
201901,(i),OLS,a,0.06496255107951317
201902,(i),OLS,a,0.004298134896173778
201903,(i),OLS,a,0.032891694034705085
201904,(i),OLS,a,-0.0675584635167396
201905,(i),OLS,a,0.09976229417315406
201906,(i),OLS,a,0.014039958318329873
201907,(i),OLS,a,-0.024990781439029535
201908,(i),OLS,a,-0.022556264370083273
201909,(i),OLS,a,0.03640893018227468
201910,(i),OLS,a,0.0800644960471846
201911,(i),OLS,a,-0.0016993213475637048
201912,(i),OLS,a,0.017086876840379992
202001,(i),OLS,a,-0.05735153073193985
202002,(i),OLS,a,-0.13653629651614602
202003,(i),OLS,a,0.14353846154210567
202004,(i),OLS,a,0.09066456946840447
202005,(i),OLS,a,0.02952086348070934
202006,(i),OLS,a,0.03348058912335731
202007,(i),OLS,a,0.04527422163591398
202008,(i),OLS,a,-0.01871174241475149
202009,(i),OLS,a,0.008310493093304599
202010,(i),OLS,a,0.1413630591225623
202011,(i),OLS,a,0.06607358633668226
202012,(i),OLS,a,-0.022145794010576543
202101,(i),OLS,a,0.04758046900870539
202102,(i),OLS,a,-0.011632121363186988
202103,(i),OLS,a,0.029751728901999907
202104,(i),OLS,a,-0.023512668883226
202105,(i),OLS,a,0.030281229523835003
202106,(i),OLS,a,-0.0156315820836715
202107,(i),OLS,a,0.0155007096390052
202108,(i),OLS,a,-0.0704142965529485
202109,(i),OLS,a,0.042955220087434194
202110,(i),OLS,a,-0.04627454896937025
202111,(i),OLS,a,0.002439138190134387
202112,(i),OLS,a,-0.1349651081767354
202201,(i),OLS,a,-0.02184159322128875
202202,(i),OLS,a,0.004237035132722042
202203,(i),OLS,a,-0.13979438456577437
202204,(i),OLS,a,-0.04562591037662314
202205,(i),OLS,a,-0.04346811768131588
202206,(i),OLS,a,0.12212698361482752
202207,(i),OLS,a,-0.024971956356814203
202208,(i),OLS,a,-0.08633255332511515
202209,(i),OLS,a,0.06087473071501075
202210,(i),OLS,a,0.03826544745443338
202211,(i),OLS,a,-0.053218893633725034
202212,(i),OLS,a,0.11467186763817487
202301,(i),OLS,a,-0.02327099453656413
202302,(i),OLS,a,-0.0091875497960771
202303,(i),OLS,a,-0.02040617651098901
202304,(i),OLS,a,0.00686214518735726
202305,(i),OLS,a,0.057297452707383484
202306,(i),OLS,a,0.01842967230607131
202307,(i),OLS,a,-0.03659116632788892
202308,(i),OLS,a,-0.06740817736090472
202309,(i),OLS,a,-0.06920288706401886
202310,(i),OLS,a,0.09756183580806832
202311,(i),OLS,a,0.09283859313939846
202312,(i),OLS,a,-0.00914231362478587
202401,(i),OLS,a,0.06222618940593035
202402,(i),OLS,a,0.013163079791683742
202403,(i),OLS,a,-0.06923453647369586
202404,(i),OLS,a,0.0067095405161558055
202405,(i),OLS,a,-0.0016173056236319975
202406,(i),OLS,a,0.050646685483025373
202407,(i),OLS,a,-0.008066548781043245
202408,(i),OLS,a,0.01944616102960485
202409,(i),OLS,a,-0.011348881456935588
202410,(i),OLS,a,0.10348979981918453
202411,(i),OLS,a,-0.06725596988501395
197307,(i),OLS,b_BM,0.005101451339665075
197308,(i),OLS,b_BM,-0.038115177482719476
197309,(i),OLS,b_BM,0.04913574066873881
197310,(i),OLS,b_BM,0.02352381981044845
197311,(i),OLS,b_BM,-0.021409501648218667
197312,(i),OLS,b_BM,0.15964185298093705
197401,(i),OLS,b_BM,0.04427724794853963
197402,(i),OLS,b_BM,0.029807685013908174
197403,(i),OLS,b_BM,0.042731408089939735
197404,(i),OLS,b_BM,-0.011475751410527788
197405,(i),OLS,b_BM,0.02721388948520802
197406,(i),OLS,b_BM,0.07868081818393724
197407,(i),OLS,b_BM,0.037795099387775234
197408,(i),OLS,b_BM,0.05461621266255748
197409,(i),OLS,b_BM,-0.1293256830056277
197410,(i),OLS,b_BM,-0.055179762296308575
197411,(i),OLS,b_BM,-0.0620338264507082
197412,(i),OLS,b_BM,0.23192175575667723
197501,(i),OLS,b_BM,-0.04515389696707687
197502,(i),OLS,b_BM,0.05199549920106094
197503,(i),OLS,b_BM,-0.047320383169369304
197504,(i),OLS,b_BM,-0.010272118113981984
197505,(i),OLS,b_BM,0.02468004694965827
197506,(i),OLS,b_BM,0.07308460149822459
197507,(i),OLS,b_BM,-0.039688019137192006
197508,(i),OLS,b_BM,0.006394637366868206
197509,(i),OLS,b_BM,-0.03795856167611507
197510,(i),OLS,b_BM,0.021913929012614877
197511,(i),OLS,b_BM,0.005203749673037423
197512,(i),OLS,b_BM,0.20141587301423194
197601,(i),OLS,b_BM,0.18756087978880695
197602,(i),OLS,b_BM,-0.0016687222140682161
197603,(i),OLS,b_BM,-0.013357561221982407
197604,(i),OLS,b_BM,-0.04462792324990587
197605,(i),OLS,b_BM,-0.004568187397874903
197606,(i),OLS,b_BM,0.02336730185165548
197607,(i),OLS,b_BM,0.003459220862925022
197608,(i),OLS,b_BM,-0.017063238803374146
197609,(i),OLS,b_BM,-0.005622979857675397
197610,(i),OLS,b_BM,0.00012869797455391044
197611,(i),OLS,b_BM,0.04074448918185227
197612,(i),OLS,b_BM,0.12002129700860177
197701,(i),OLS,b_BM,0.021541366571516563
197702,(i),OLS,b_BM,0.01900485162473566
197703,(i),OLS,b_BM,0.02128026358026277
197704,(i),OLS,b_BM,0.018255086759384694
197705,(i),OLS,b_BM,0.005862434494499977
197706,(i),OLS,b_BM,0.02048198768786704
197707,(i),OLS,b_BM,-0.020267160499328446
197708,(i),OLS,b_BM,0.0024458285328202672
197709,(i),OLS,b_BM,0.022234016258437253
197710,(i),OLS,b_BM,0.01701660198552894
197711,(i),OLS,b_BM,0.003479823354320445
197712,(i),OLS,b_BM,0.06220595583303356
197801,(i),OLS,b_BM,0.03251702793738391
197802,(i),OLS,b_BM,0.026909315703707068
197803,(i),OLS,b_BM,-0.00030074196830934984
197804,(i),OLS,b_BM,0.014825740836746074
197805,(i),OLS,b_BM,0.01730427075648431
197806,(i),OLS,b_BM,-0.028535489065700484
197807,(i),OLS,b_BM,0.021699751699773975
197808,(i),OLS,b_BM,0.041049323291455025
197809,(i),OLS,b_BM,-0.0011635142143779822
197810,(i),OLS,b_BM,-0.03499075281193368
197811,(i),OLS,b_BM,-0.04571184527720465
197812,(i),OLS,b_BM,0.06466488149854724
197901,(i),OLS,b_BM,0.018422622495901094
197902,(i),OLS,b_BM,-0.010457488205111084
197903,(i),OLS,b_BM,0.018006883848161327
197904,(i),OLS,b_BM,0.016865228447748497
197905,(i),OLS,b_BM,-0.015010079011457891
197906,(i),OLS,b_BM,-0.00316391057508078
197907,(i),OLS,b_BM,-0.027464899262701636
197908,(i),OLS,b_BM,-0.013001460625426573
197909,(i),OLS,b_BM,-0.009402906419131512
197910,(i),OLS,b_BM,-0.05937949765967936
197911,(i),OLS,b_BM,-0.020225090443994988
197912,(i),OLS,b_BM,0.03137343331008713
198001,(i),OLS,b_BM,-0.002356309740101531
198002,(i),OLS,b_BM,-0.005223355570859717
198003,(i),OLS,b_BM,-0.023900076155100477
198004,(i),OLS,b_BM,-0.016662307185369117
198005,(i),OLS,b_BM,-0.01610979506879915
198006,(i),OLS,b_BM,-0.04794929646869056
198007,(i),OLS,b_BM,-0.037957571585495634
198008,(i),OLS,b_BM,-0.025726262617803072
198009,(i),OLS,b_BM,-0.021280233823863907
198010,(i),OLS,b_BM,-0.13575226312967614
198011,(i),OLS,b_BM,0.008166454498293976
198012,(i),OLS,b_BM,0.09734803334597086
198101,(i),OLS,b_BM,0.03495497028413645
198102,(i),OLS,b_BM,0.007214722563827224
198103,(i),OLS,b_BM,0.03609287272170813
198104,(i),OLS,b_BM,0.014996701605820442
198105,(i),OLS,b_BM,0.07702438743432148
198106,(i),OLS,b_BM,-0.008253854738635132
198107,(i),OLS,b_BM,0.06431463286359425
198108,(i),OLS,b_BM,0.04190301260834788
198109,(i),OLS,b_BM,-0.08719246772013083
198110,(i),OLS,b_BM,0.006937593221931954
198111,(i),OLS,b_BM,0.028238048408795013
198112,(i),OLS,b_BM,0.039826960708146515
198201,(i),OLS,b_BM,0.07596979405078996
198202,(i),OLS,b_BM,0.04282475302906483
198203,(i),OLS,b_BM,-0.015313319057255073
198204,(i),OLS,b_BM,0.026991313554916782
198205,(i),OLS,b_BM,0.06385293654865899
198206,(i),OLS,b_BM,0.021728495460523894
198207,(i),OLS,b_BM,-0.055369661905003816
198208,(i),OLS,b_BM,0.033895774670696
198209,(i),OLS,b_BM,-0.0384308666522122
198210,(i),OLS,b_BM,0.07098966426418088
198211,(i),OLS,b_BM,0.013284799855267239
198212,(i),OLS,b_BM,-0.017074247430604934
198301,(i),OLS,b_BM,0.079239200550766
198302,(i),OLS,b_BM,0.04403060319288452
198303,(i),OLS,b_BM,0.027472551964074703
198304,(i),OLS,b_BM,-0.016718807833751747
198305,(i),OLS,b_BM,0.008000821303513839
198306,(i),OLS,b_BM,0.0591764230647868
198307,(i),OLS,b_BM,0.030851987458489678
198308,(i),OLS,b_BM,0.026397640162831085
198309,(i),OLS,b_BM,0.06522925457653127
198310,(i),OLS,b_BM,0.003783997139267065
198311,(i),OLS,b_BM,0.04674680222449804
198312,(i),OLS,b_BM,0.07081538152059799
198401,(i),OLS,b_BM,0.03295853912291074
198402,(i),OLS,b_BM,0.038395216413924675
198403,(i),OLS,b_BM,0.022792082232060255
198404,(i),OLS,b_BM,0.03419088521721325
198405,(i),OLS,b_BM,-0.026233366744071018
198406,(i),OLS,b_BM,0.023630355271197123
198407,(i),OLS,b_BM,-0.05592185056969479
198408,(i),OLS,b_BM,0.047446840954087285
198409,(i),OLS,b_BM,0.01538639950617807
198410,(i),OLS,b_BM,0.038095451282196255
198411,(i),OLS,b_BM,-0.012605550907577019
198412,(i),OLS,b_BM,-0.053931050895109967
198501,(i),OLS,b_BM,-0.008236581708485886
198502,(i),OLS,b_BM,0.03154282463469303
198503,(i),OLS,b_BM,0.03217072036460295
198504,(i),OLS,b_BM,0.0008249184211863356
198505,(i),OLS,b_BM,0.00439945070682911
198506,(i),OLS,b_BM,0.001571291944692974
198507,(i),OLS,b_BM,0.011964031945051006
198508,(i),OLS,b_BM,0.02625474476442508
198509,(i),OLS,b_BM,-0.00880161826332237
198510,(i),OLS,b_BM,-0.02148079253901563
198511,(i),OLS,b_BM,-0.02033500852623455
198512,(i),OLS,b_BM,-0.01995510152216375
198601,(i),OLS,b_BM,-0.02854987449720043
198602,(i),OLS,b_BM,0.031689029075206945
198603,(i),OLS,b_BM,-0.006686814664091894
198604,(i),OLS,b_BM,-0.0014186416149024146
198605,(i),OLS,b_BM,0.0008354955089728659
198606,(i),OLS,b_BM,0.02456829612136924
198607,(i),OLS,b_BM,0.024324869361631387
198608,(i),OLS,b_BM,0.0713295058822453
198609,(i),OLS,b_BM,-0.05097378478848797
198610,(i),OLS,b_BM,0.006425368753956836
198611,(i),OLS,b_BM,0.035714353133898945
198612,(i),OLS,b_BM,-0.02183949023008569
198701,(i),OLS,b_BM,-0.041956168395559774
198702,(i),OLS,b_BM,0.03406025178346536
198703,(i),OLS,b_BM,0.021725598682461326
198704,(i),OLS,b_BM,0.01804320032812823
198705,(i),OLS,b_BM,0.01378454616260103
198706,(i),OLS,b_BM,0.06669884262555965
198707,(i),OLS,b_BM,-0.0019753184107676952
198708,(i),OLS,b_BM,0.020308736649759296
198709,(i),OLS,b_BM,0.03868639824766
198710,(i),OLS,b_BM,0.029143395638429895
198711,(i),OLS,b_BM,-0.03457940195159151
198712,(i),OLS,b_BM,0.011718115685137302
198801,(i),OLS,b_BM,0.002289532336123208
198802,(i),OLS,b_BM,0.03657732806453763
198803,(i),OLS,b_BM,0.019152336511128885
198804,(i),OLS,b_BM,0.03792695154909932
198805,(i),OLS,b_BM,-0.010418925536514068
198806,(i),OLS,b_BM,0.018749389979288496
198807,(i),OLS,b_BM,0.02719383610451307
198808,(i),OLS,b_BM,-0.023646185200241688
198809,(i),OLS,b_BM,0.01298752942662745
198810,(i),OLS,b_BM,0.014742205932480105
198811,(i),OLS,b_BM,-0.007662928054823623
198812,(i),OLS,b_BM,0.013526312394163745
198901,(i),OLS,b_BM,0.016889685242353295
198902,(i),OLS,b_BM,0.010892399518752838
198903,(i),OLS,b_BM,-0.00762910653542251
198904,(i),OLS,b_BM,0.0012865954265455966
198905,(i),OLS,b_BM,0.04325082444335551
198906,(i),OLS,b_BM,-0.035410207739785204
198907,(i),OLS,b_BM,0.015049193728044474
198908,(i),OLS,b_BM,-0.022586035772564263
198909,(i),OLS,b_BM,-0.01679761174646642
198910,(i),OLS,b_BM,-0.017214529142053285
198911,(i),OLS,b_BM,-0.008412875458859326
198912,(i),OLS,b_BM,0.03664371266688838
199001,(i),OLS,b_BM,0.021869138816618217
199002,(i),OLS,b_BM,0.002505598199507937
199003,(i),OLS,b_BM,-0.016057387020013518
199004,(i),OLS,b_BM,-0.05692500580924803
199005,(i),OLS,b_BM,-0.027914743460985495
199006,(i),OLS,b_BM,0.023547497841971254
199007,(i),OLS,b_BM,0.05923551879270563
199008,(i),OLS,b_BM,0.03679865359567409
199009,(i),OLS,b_BM,-0.004223345032001561
199010,(i),OLS,b_BM,-0.0665541408349697
199011,(i),OLS,b_BM,-0.035682194267050625
199012,(i),OLS,b_BM,0.02860567007924868
199101,(i),OLS,b_BM,-0.04838245872365353
199102,(i),OLS,b_BM,0.007250696910961575
199103,(i),OLS,b_BM,-0.012643527527199066
199104,(i),OLS,b_BM,-0.029922720221616853
199105,(i),OLS,b_BM,0.013616720233419375
199106,(i),OLS,b_BM,-0.03478656678591084
199107,(i),OLS,b_BM,-0.001299607218093318
199108,(i),OLS,b_BM,-0.010567893475575135
199109,(i),OLS,b_BM,-0.024521033491318858
199110,(i),OLS,b_BM,-0.0019202522735422278
199111,(i),OLS,b_BM,-0.06094550655315575
199112,(i),OLS,b_BM,0.1163991383151859
199201,(i),OLS,b_BM,0.06110168906429942
199202,(i),OLS,b_BM,0.07524718983090237
199203,(i),OLS,b_BM,0.03375117214173602
199204,(i),OLS,b_BM,0.02385859143533192
199205,(i),OLS,b_BM,0.03305186310945252
199206,(i),OLS,b_BM,-0.007184891493034323
199207,(i),OLS,b_BM,0.0033920402630631488
199208,(i),OLS,b_BM,-0.0007250766089862112
199209,(i),OLS,b_BM,0.001177754134052614
199210,(i),OLS,b_BM,-0.020174100131259965
199211,(i),OLS,b_BM,0.044674037186779175
199212,(i),OLS,b_BM,0.08123612937016247
199301,(i),OLS,b_BM,0.0889370650581654
199302,(i),OLS,b_BM,0.033039377311112825
199303,(i),OLS,b_BM,0.04134084046420123
199304,(i),OLS,b_BM,0.001384640257696134
199305,(i),OLS,b_BM,0.028031941140538096
199306,(i),OLS,b_BM,0.042915373696235194
199307,(i),OLS,b_BM,-0.03976091390026192
199308,(i),OLS,b_BM,0.01579133804950531
199309,(i),OLS,b_BM,0.023140498423797024
199310,(i),OLS,b_BM,0.028174043981730894
199311,(i),OLS,b_BM,-0.0023564055421420116
199312,(i),OLS,b_BM,0.06870490338256639
199401,(i),OLS,b_BM,0.041018699741306
199402,(i),OLS,b_BM,0.04192959078068019
199403,(i),OLS,b_BM,0.029583837225123876
199404,(i),OLS,b_BM,0.013278215472579239
199405,(i),OLS,b_BM,0.03764389595500402
199406,(i),OLS,b_BM,0.007525184861211111
199407,(i),OLS,b_BM,-0.01132219426430102
199408,(i),OLS,b_BM,0.031101571747283212
199409,(i),OLS,b_BM,0.021531235450082214
199410,(i),OLS,b_BM,0.02141516835923953
199411,(i),OLS,b_BM,0.009328224270500948
199412,(i),OLS,b_BM,-0.013915961868255132
199501,(i),OLS,b_BM,-0.0033325523675015447
199502,(i),OLS,b_BM,-0.013941838801542115
199503,(i),OLS,b_BM,0.027264670876502157
199504,(i),OLS,b_BM,0.009962435013145015
199505,(i),OLS,b_BM,-0.06126312259995873
199506,(i),OLS,b_BM,-0.022151110254173673
199507,(i),OLS,b_BM,0.0038716000624093986
199508,(i),OLS,b_BM,0.0022730290290639155
199509,(i),OLS,b_BM,0.008619289418327562
199510,(i),OLS,b_BM,-0.027805157376331137
199511,(i),OLS,b_BM,-0.003922547932837775
199512,(i),OLS,b_BM,0.01686787726663819
199601,(i),OLS,b_BM,-0.00021793192401505662
199602,(i),OLS,b_BM,0.003564069692169503
199603,(i),OLS,b_BM,0.007058395855417687
199604,(i),OLS,b_BM,0.025930425282372483
199605,(i),OLS,b_BM,0.03773972141838648
199606,(i),OLS,b_BM,0.056829499295918566
199607,(i),OLS,b_BM,-0.011983296914567038
199608,(i),OLS,b_BM,-0.023491625403984223
199609,(i),OLS,b_BM,0.05685824731946072
199610,(i),OLS,b_BM,0.006557299504056278
199611,(i),OLS,b_BM,0.018958160804948047
199612,(i),OLS,b_BM,-0.025198563581535008
199701,(i),OLS,b_BM,0.05799635250888779
199702,(i),OLS,b_BM,0.08260044360020301
199703,(i),OLS,b_BM,0.01368982513533904
199704,(i),OLS,b_BM,-0.060484288930272294
199705,(i),OLS,b_BM,0.03337069541688101
199706,(i),OLS,b_BM,-0.001601643946702111
199707,(i),OLS,b_BM,-0.0038329698493695
199708,(i),OLS,b_BM,0.019397710671622034
199709,(i),OLS,b_BM,0.04303236068284423
199710,(i),OLS,b_BM,0.019868686504253052
199711,(i),OLS,b_BM,0.005560447422097745
199712,(i),OLS,b_BM,0.009717605489924805
199801,(i),OLS,b_BM,-0.011953938661526256
199802,(i),OLS,b_BM,0.02519422644614568
199803,(i),OLS,b_BM,0.030994217531106205
199804,(i),OLS,b_BM,0.04922837495171565
199805,(i),OLS,b_BM,-0.007880986149883222
199806,(i),OLS,b_BM,0.02127783186760621
199807,(i),OLS,b_BM,0.05280425787018932
199808,(i),OLS,b_BM,-0.08406848644832221
199809,(i),OLS,b_BM,-0.07148683848292567
199810,(i),OLS,b_BM,3.6548402142515614e-05
199811,(i),OLS,b_BM,-0.030278774088668442
199812,(i),OLS,b_BM,0.042468053164657064
199901,(i),OLS,b_BM,0.012190118420291699
199902,(i),OLS,b_BM,-0.0463916137890308
199903,(i),OLS,b_BM,0.0061133592204125385
199904,(i),OLS,b_BM,0.017189120910054832
199905,(i),OLS,b_BM,-0.009665702618896044
199906,(i),OLS,b_BM,0.031305490794998767
199907,(i),OLS,b_BM,0.003384351543660512
199908,(i),OLS,b_BM,-0.05067790995509523
199909,(i),OLS,b_BM,-0.051981141338557926
199910,(i),OLS,b_BM,-0.026414180845252558
199911,(i),OLS,b_BM,-0.0927388502862405
199912,(i),OLS,b_BM,0.11695584997592556
200001,(i),OLS,b_BM,0.00628969224646406
200002,(i),OLS,b_BM,-0.007707911284336532
200003,(i),OLS,b_BM,0.027948824058475014
200004,(i),OLS,b_BM,0.009970063847558289
200005,(i),OLS,b_BM,-0.035548507155020365
200006,(i),OLS,b_BM,0.10214896290948272
200007,(i),OLS,b_BM,-0.0754743173877218
200008,(i),OLS,b_BM,0.061788334549315385
200009,(i),OLS,b_BM,-0.0020467392500480345
200010,(i),OLS,b_BM,0.12397391640276587
200011,(i),OLS,b_BM,0.02392884335563945
200012,(i),OLS,b_BM,-0.0982475105971293
200101,(i),OLS,b_BM,0.16248648356971046
200102,(i),OLS,b_BM,0.09010592339788398
200103,(i),OLS,b_BM,-0.09751383145638422
200104,(i),OLS,b_BM,0.07338064987197088
200105,(i),OLS,b_BM,-0.01022486998755299
200106,(i),OLS,b_BM,0.05815239100205616
200107,(i),OLS,b_BM,0.04615534895483725
200108,(i),OLS,b_BM,0.024477309718911214
200109,(i),OLS,b_BM,-0.08997798343002178
200110,(i),OLS,b_BM,-0.023975035340985662
200111,(i),OLS,b_BM,0.008044356168566115
200112,(i),OLS,b_BM,0.12307405429821577
200201,(i),OLS,b_BM,0.04028382893294182
200202,(i),OLS,b_BM,0.03636668264300427
200203,(i),OLS,b_BM,0.13448430655567983
200204,(i),OLS,b_BM,0.06404446458465782
200205,(i),OLS,b_BM,0.07589971631332044
200206,(i),OLS,b_BM,-0.00012735178919241147
200207,(i),OLS,b_BM,-0.004417815783414999
200208,(i),OLS,b_BM,0.01154545547355872
200209,(i),OLS,b_BM,-0.09316411554149538
200210,(i),OLS,b_BM,-0.013714123279814574
200211,(i),OLS,b_BM,0.052736624177758484
200212,(i),OLS,b_BM,0.026263125630421852
200301,(i),OLS,b_BM,0.019945173293811798
200302,(i),OLS,b_BM,-0.02076352391905657
200303,(i),OLS,b_BM,-0.03808615096337736
200304,(i),OLS,b_BM,-0.04604345671007007
200305,(i),OLS,b_BM,0.04621471548770449
200306,(i),OLS,b_BM,0.04898373575398776
200307,(i),OLS,b_BM,0.018794051877830162
200308,(i),OLS,b_BM,0.08456619917897756
200309,(i),OLS,b_BM,0.06697677216853995
200310,(i),OLS,b_BM,0.03741888417546932
200311,(i),OLS,b_BM,0.05242805660801496
200312,(i),OLS,b_BM,0.08559471579561878
200401,(i),OLS,b_BM,0.01949221727241573
200402,(i),OLS,b_BM,0.02052187770058537
200403,(i),OLS,b_BM,-0.005170061832572743
200404,(i),OLS,b_BM,-0.00803974227244626
200405,(i),OLS,b_BM,0.022118048847019862
200406,(i),OLS,b_BM,0.08007156817779716
200407,(i),OLS,b_BM,0.014781217117084846
200408,(i),OLS,b_BM,0.0006194292158701684
200409,(i),OLS,b_BM,-0.014721503046618184
200410,(i),OLS,b_BM,0.022846597701232475
200411,(i),OLS,b_BM,-0.003499096101690769
200412,(i),OLS,b_BM,0.032224762602573405
200501,(i),OLS,b_BM,0.02214449441074194
200502,(i),OLS,b_BM,0.045925778004955654
200503,(i),OLS,b_BM,-0.0049152525465829475
200504,(i),OLS,b_BM,-0.033512347014371634
200505,(i),OLS,b_BM,0.041970136422883685
200506,(i),OLS,b_BM,0.012904266527564748
200507,(i),OLS,b_BM,0.025336790832847848
200508,(i),OLS,b_BM,0.0020726151994577987
200509,(i),OLS,b_BM,-0.008557470317727476
200510,(i),OLS,b_BM,-0.0026181620414821587
200511,(i),OLS,b_BM,0.006179164038511451
200512,(i),OLS,b_BM,0.010268694809437639
200601,(i),OLS,b_BM,-0.005862192576068143
200602,(i),OLS,b_BM,0.03008373813686684
200603,(i),OLS,b_BM,0.04005192501235999
200604,(i),OLS,b_BM,0.031636743402084236
200605,(i),OLS,b_BM,0.012714504065488769
200606,(i),OLS,b_BM,0.019834793731690142
200607,(i),OLS,b_BM,-0.02454827831228576
200608,(i),OLS,b_BM,0.012308706721614037
200609,(i),OLS,b_BM,-0.007325534170322499
200610,(i),OLS,b_BM,0.0010582133077916358
200611,(i),OLS,b_BM,0.04300814086148749
200612,(i),OLS,b_BM,0.007371724350738516
200701,(i),OLS,b_BM,0.01663866699227046
200702,(i),OLS,b_BM,-0.013397766543307989
200703,(i),OLS,b_BM,-0.015607465936623622
200704,(i),OLS,b_BM,0.0022786229869020155
200705,(i),OLS,b_BM,0.010718421236765358
200706,(i),OLS,b_BM,-0.008929573636597967
200707,(i),OLS,b_BM,-0.052512001535835316
200708,(i),OLS,b_BM,-0.041356030168997276
200709,(i),OLS,b_BM,-0.0379656236944468
200710,(i),OLS,b_BM,-0.02642808096183188
200711,(i),OLS,b_BM,-0.009675759237483312
200712,(i),OLS,b_BM,0.02467023440015831
200801,(i),OLS,b_BM,-0.006341186850962239
200802,(i),OLS,b_BM,0.00760203056442719
200803,(i),OLS,b_BM,-0.01633507342400021
200804,(i),OLS,b_BM,-0.0016882296180395844
200805,(i),OLS,b_BM,0.02221294460855969
200806,(i),OLS,b_BM,-0.022362088356488685
200807,(i),OLS,b_BM,0.01922517208646325
200808,(i),OLS,b_BM,-0.011130836469828388
200809,(i),OLS,b_BM,-0.0372760088608268
200810,(i),OLS,b_BM,-0.08828265606485595
200811,(i),OLS,b_BM,-0.023036277797771537
200812,(i),OLS,b_BM,-0.029430000409751578
200901,(i),OLS,b_BM,-0.07340871128427896
200902,(i),OLS,b_BM,0.0307432515243098
200903,(i),OLS,b_BM,0.1433637840193974
200904,(i),OLS,b_BM,0.07760054412456177
200905,(i),OLS,b_BM,0.0022336378001677464
200906,(i),OLS,b_BM,0.08418871849583377
200907,(i),OLS,b_BM,0.17653589879017517
200908,(i),OLS,b_BM,0.054758092237679565
200909,(i),OLS,b_BM,-0.006111414155921834
200910,(i),OLS,b_BM,0.02845652102935011
200911,(i),OLS,b_BM,0.012625949636314995
200912,(i),OLS,b_BM,0.04170493305448343
201001,(i),OLS,b_BM,0.023460198364962846
201002,(i),OLS,b_BM,0.06047454412910818
201003,(i),OLS,b_BM,0.0892217553308369
201004,(i),OLS,b_BM,-0.03614222610951867
201005,(i),OLS,b_BM,-0.05874564144462696
201006,(i),OLS,b_BM,-0.002587894199338505
201007,(i),OLS,b_BM,-0.019999737352298208
201008,(i),OLS,b_BM,-0.010243407765067615
201009,(i),OLS,b_BM,0.004241908486377869
201010,(i),OLS,b_BM,0.014853160772585573
201011,(i),OLS,b_BM,0.014226912259263626
201012,(i),OLS,b_BM,0.033877516241057094
201101,(i),OLS,b_BM,0.022531383348779736
201102,(i),OLS,b_BM,-0.02624705488867019
201103,(i),OLS,b_BM,-0.033624244792932745
201104,(i),OLS,b_BM,-0.027086521088581585
201105,(i),OLS,b_BM,0.016274289811265507
201106,(i),OLS,b_BM,0.03677171740954687
201107,(i),OLS,b_BM,-0.034142765255635
201108,(i),OLS,b_BM,-0.009679163834531067
201109,(i),OLS,b_BM,-0.045519928421923025
201110,(i),OLS,b_BM,0.003937136831033311
201111,(i),OLS,b_BM,0.02487020659683225
201112,(i),OLS,b_BM,-0.018580243017143193
201201,(i),OLS,b_BM,0.010479643967657559
201202,(i),OLS,b_BM,0.013540084040613218
201203,(i),OLS,b_BM,0.010693679168303745
201204,(i),OLS,b_BM,0.008077007294075783
201205,(i),OLS,b_BM,0.002621027203551408
201206,(i),OLS,b_BM,0.0022292517319387863
201207,(i),OLS,b_BM,-0.01788275770080806
201208,(i),OLS,b_BM,0.010262175877849163
201209,(i),OLS,b_BM,0.020679166544873822
201210,(i),OLS,b_BM,0.008182260002123564
201211,(i),OLS,b_BM,0.022817599042218764
201212,(i),OLS,b_BM,0.02851126514596631
201301,(i),OLS,b_BM,0.01762727384826423
201302,(i),OLS,b_BM,-0.0005868666456412973
201303,(i),OLS,b_BM,-0.03031947942470707
201304,(i),OLS,b_BM,0.03090752827449984
201305,(i),OLS,b_BM,0.015458453112349458
201306,(i),OLS,b_BM,-0.009503354245195083
201307,(i),OLS,b_BM,0.016639109361912537
201308,(i),OLS,b_BM,0.01913026025034112
201309,(i),OLS,b_BM,0.048391969907735165
201310,(i),OLS,b_BM,-0.02198347500899103
201311,(i),OLS,b_BM,0.012218379378049203
201312,(i),OLS,b_BM,0.008140013798909787
201401,(i),OLS,b_BM,0.006584675316732194
201402,(i),OLS,b_BM,0.05294466117324225
201403,(i),OLS,b_BM,0.0006432995703680335
201404,(i),OLS,b_BM,-0.0021827429665062605
201405,(i),OLS,b_BM,-0.02117899778550432
201406,(i),OLS,b_BM,0.005956445944979195
201407,(i),OLS,b_BM,-0.006591722193303037
201408,(i),OLS,b_BM,-0.027414101049806978
201409,(i),OLS,b_BM,-0.07046173055590664
201410,(i),OLS,b_BM,-0.04217172125193967
201411,(i),OLS,b_BM,-0.0035073013931448413
201412,(i),OLS,b_BM,-0.02672793672706835
201501,(i),OLS,b_BM,-0.016355309108350702
201502,(i),OLS,b_BM,-0.022184927192202563
201503,(i),OLS,b_BM,0.05111918702439003
201504,(i),OLS,b_BM,-0.03153756127618145
201505,(i),OLS,b_BM,-0.029137061993080207
201506,(i),OLS,b_BM,-0.12648384078886718
201507,(i),OLS,b_BM,0.07069517801288808
201508,(i),OLS,b_BM,-0.03035794636347707
201509,(i),OLS,b_BM,-0.01104398395711906
201510,(i),OLS,b_BM,-0.02204840625269799
201511,(i),OLS,b_BM,-0.05805886515606632
201512,(i),OLS,b_BM,-0.0014930200052328214
201601,(i),OLS,b_BM,0.0017999913397219465
201602,(i),OLS,b_BM,0.0732357864775088
201603,(i),OLS,b_BM,0.07812681947567968
201604,(i),OLS,b_BM,-0.0456809953050958
201605,(i),OLS,b_BM,0.06587704673558842
201606,(i),OLS,b_BM,0.017290281888041166
201607,(i),OLS,b_BM,0.0350273354030165
201608,(i),OLS,b_BM,0.016020361696847677
201609,(i),OLS,b_BM,-0.005086785402958582
201610,(i),OLS,b_BM,0.09654772177167806
201611,(i),OLS,b_BM,0.03267722652692111
201612,(i),OLS,b_BM,-0.02420443484838917
201701,(i),OLS,b_BM,-0.07122470123201867
201702,(i),OLS,b_BM,-0.01584359114126096
201703,(i),OLS,b_BM,-0.026777896504045995
201704,(i),OLS,b_BM,-0.041526509872247486
201705,(i),OLS,b_BM,-0.010157225257985002
201706,(i),OLS,b_BM,-0.017703983138345213
201707,(i),OLS,b_BM,-0.03398719075328344
201708,(i),OLS,b_BM,0.04331698128479234
201709,(i),OLS,b_BM,-0.004555054188987667
201710,(i),OLS,b_BM,0.034303628738057874
201711,(i),OLS,b_BM,0.022845804708236567
201712,(i),OLS,b_BM,-0.012917976007817383
201801,(i),OLS,b_BM,-0.018396062390554403
201802,(i),OLS,b_BM,0.0053508507475891354
201803,(i),OLS,b_BM,0.008017335972201119
201804,(i),OLS,b_BM,-0.00804780449928325
201805,(i),OLS,b_BM,-0.00963099834005586
201806,(i),OLS,b_BM,-0.009096226144491659
201807,(i),OLS,b_BM,-0.06251354503154326
201808,(i),OLS,b_BM,-0.021726055607053662
201809,(i),OLS,b_BM,0.01579702766119258
201810,(i),OLS,b_BM,-0.06462776538806866
201811,(i),OLS,b_BM,-0.04691524106952853
201812,(i),OLS,b_BM,0.026407293094351292
201901,(i),OLS,b_BM,-0.03208639398062822
201902,(i),OLS,b_BM,-0.046104858546039726
201903,(i),OLS,b_BM,-0.013882129800404748
201904,(i),OLS,b_BM,-0.05272775246336998
201905,(i),OLS,b_BM,-0.07152302525299037
201906,(i),OLS,b_BM,-0.03987403687199425
201907,(i),OLS,b_BM,-0.06037172567129385
201908,(i),OLS,b_BM,0.10226926511308865
201909,(i),OLS,b_BM,-0.06983413849946588
201910,(i),OLS,b_BM,-0.08159176007633877
201911,(i),OLS,b_BM,0.08542457657115063
201912,(i),OLS,b_BM,-0.07865420785006709
202001,(i),OLS,b_BM,-0.04216200792865247
202002,(i),OLS,b_BM,-0.18957974159008803
202003,(i),OLS,b_BM,0.13391069234449052
202004,(i),OLS,b_BM,-0.02298963021622313
202005,(i),OLS,b_BM,0.07620437143102271
202006,(i),OLS,b_BM,0.039116328267415186
202007,(i),OLS,b_BM,0.022351894245469336
202008,(i),OLS,b_BM,-0.025447386356984892
202009,(i),OLS,b_BM,0.009143292150231293
202010,(i),OLS,b_BM,0.14981124886751468
202011,(i),OLS,b_BM,0.043170845129418836
202012,(i),OLS,b_BM,0.2729601014608653
202101,(i),OLS,b_BM,0.10259579985011087
202102,(i),OLS,b_BM,0.07708624604851681
202103,(i),OLS,b_BM,-0.02691298951457887
202104,(i),OLS,b_BM,0.09576583377941617
202105,(i),OLS,b_BM,0.008199233258563976
202106,(i),OLS,b_BM,-0.02464445842639512
202107,(i),OLS,b_BM,0.003417596714830346
202108,(i),OLS,b_BM,0.07825518439938915
202109,(i),OLS,b_BM,-0.020071625362482227
202110,(i),OLS,b_BM,-0.001288023190864719
202111,(i),OLS,b_BM,0.033024942618226485
202112,(i),OLS,b_BM,0.12005967046034852
202201,(i),OLS,b_BM,0.05607319614457253
202202,(i),OLS,b_BM,0.036211587349335606
202203,(i),OLS,b_BM,0.08379112278959672
202204,(i),OLS,b_BM,0.07107908198231346
202205,(i),OLS,b_BM,-0.06970242322619619
202206,(i),OLS,b_BM,-0.06551492407931238
202207,(i),OLS,b_BM,0.015190192583910678
202208,(i),OLS,b_BM,-0.06544409262601517
202209,(i),OLS,b_BM,0.05849930810370382
202210,(i),OLS,b_BM,-0.02000282664522541
202211,(i),OLS,b_BM,-0.01185082293519739
202212,(i),OLS,b_BM,0.042618206585660956
202301,(i),OLS,b_BM,-0.026497896569566456
202302,(i),OLS,b_BM,-0.06635533652512236
202303,(i),OLS,b_BM,-0.015984678395953744
202304,(i),OLS,b_BM,-0.03325377336520541
202305,(i),OLS,b_BM,0.0257145120227926
202306,(i),OLS,b_BM,0.04500464096106522
202307,(i),OLS,b_BM,-0.039487873486582926
202308,(i),OLS,b_BM,-0.0036304496179187153
202309,(i),OLS,b_BM,-0.032048335457331344
202310,(i),OLS,b_BM,-0.029148186430263553
202311,(i),OLS,b_BM,0.03986545402452287
202312,(i),OLS,b_BM,-0.05366867744789178
202401,(i),OLS,b_BM,-0.025950404341344848
202402,(i),OLS,b_BM,0.034619375859720795
202403,(i),OLS,b_BM,-0.01609918838045681
202404,(i),OLS,b_BM,0.08583345821827487
202405,(i),OLS,b_BM,-0.06910832220685101
202406,(i),OLS,b_BM,0.03962961662486494
202407,(i),OLS,b_BM,-0.03774847355118654
202408,(i),OLS,b_BM,-0.026924155654869428
202409,(i),OLS,b_BM,-0.017203200271097244
202410,(i),OLS,b_BM,-0.024409299274542554
202411,(i),OLS,b_BM,0.057117059048390956
197307,(i),WLS,a,-0.04573483845860275
197308,(i),WLS,a,-0.004819327878339673
197309,(i),WLS,a,-0.0034239940488600003
197310,(i),WLS,a,-0.1226232030806327
197311,(i),WLS,a,-0.0340002786056196
197312,(i),WLS,a,-0.024945071844856764
197401,(i),WLS,a,-0.021116176206549372
197402,(i),WLS,a,-0.01478498584457762
197403,(i),WLS,a,-0.0371393115991973
197404,(i),WLS,a,-0.010329774209905052
197405,(i),WLS,a,-0.019801214265824776
197406,(i),WLS,a,-0.122712691378026
197407,(i),WLS,a,-0.10208945081074061
197408,(i),WLS,a,-0.16384483031461375
197409,(i),WLS,a,0.2116846042871962
197410,(i),WLS,a,-0.05370417291431353
197411,(i),WLS,a,-0.04300010222975595
197412,(i),WLS,a,0.07834068104180067
197501,(i),WLS,a,0.10354294847788052
197502,(i),WLS,a,0.02047992952638844
197503,(i),WLS,a,0.04981568318462725
197504,(i),WLS,a,0.050352932509987444
197505,(i),WLS,a,0.0281706376019197
197506,(i),WLS,a,-0.0877059869607811
197507,(i),WLS,a,-0.022408766690695022
197508,(i),WLS,a,-0.04645844364560959
197509,(i),WLS,a,0.0727645330234009
197510,(i),WLS,a,0.02573481786064321
197511,(i),WLS,a,-0.032216260265795785
197512,(i),WLS,a,0.09848411929315168
197601,(i),WLS,a,-0.0310264498304742
197602,(i),WLS,a,0.02889289924948182
197603,(i),WLS,a,-0.02604345013150756
197604,(i),WLS,a,-0.01594728490075001
197605,(i),WLS,a,0.03430888761110693
197606,(i),WLS,a,-0.023551786798109268
197607,(i),WLS,a,-0.003058320383244658
197608,(i),WLS,a,0.015583340882677606
197609,(i),WLS,a,-0.02744005385400348
197610,(i),WLS,a,-0.018578910316539674
197611,(i),WLS,a,0.03220266872893373
197612,(i),WLS,a,-0.08093452185846542
197701,(i),WLS,a,-0.017694730240534116
197702,(i),WLS,a,-0.023732070770366598
197703,(i),WLS,a,-0.026468331077398904
197704,(i),WLS,a,-0.026732990928239116
197705,(i),WLS,a,0.05377291961933786
197706,(i),WLS,a,-0.018502675247783405
197707,(i),WLS,a,0.009896676850399034
197708,(i),WLS,a,-0.012528338006849889
197709,(i),WLS,a,-0.04790497808741207
197710,(i),WLS,a,0.03194242820470429
197711,(i),WLS,a,3.4121491590674804e-05
197712,(i),WLS,a,-0.07121418820751278
197801,(i),WLS,a,-0.032519555376738576
197802,(i),WLS,a,0.006603537212170851
197803,(i),WLS,a,0.11170582297297713
197804,(i),WLS,a,0.010801787724152261
197805,(i),WLS,a,-0.018901164668395674
197806,(i),WLS,a,0.06598972278478749
197807,(i),WLS,a,0.03128893516037951
197808,(i),WLS,a,-0.03656081147988879
197809,(i),WLS,a,-0.09864209198669498
197810,(i),WLS,a,0.02293798385326139
197811,(i),WLS,a,0.030518879638155073
197812,(i),WLS,a,0.018239167753489192
197901,(i),WLS,a,-0.044245978569534994
197902,(i),WLS,a,0.04486383998960337
197903,(i),WLS,a,-0.0058075648674675235
197904,(i),WLS,a,-0.02648375935166823
197905,(i),WLS,a,0.018216192163082588
197906,(i),WLS,a,-0.010857433261749948
197907,(i),WLS,a,0.06106053399907824
197908,(i),WLS,a,-0.021707163947403275
197909,(i),WLS,a,-0.0702099031434959
197910,(i),WLS,a,0.0594827792268212
197911,(i),WLS,a,0.015586096535347952
197912,(i),WLS,a,0.027288182427378717
198001,(i),WLS,a,-0.041093039815690874
198002,(i),WLS,a,-0.0944425008308829
198003,(i),WLS,a,0.01926519759172622
198004,(i),WLS,a,0.04829943382382141
198005,(i),WLS,a,0.029105565634381186
198006,(i),WLS,a,0.09147720206247538
198007,(i),WLS,a,0.02554797912659634
198008,(i),WLS,a,0.0441392915228474
198009,(i),WLS,a,0.013908776699236607
198010,(i),WLS,a,0.1272816254460056
198011,(i),WLS,a,-0.0364137654987756
198012,(i),WLS,a,-0.0879197356821934
198101,(i),WLS,a,0.012669688584460834
198102,(i),WLS,a,0.022740274781655936
198103,(i),WLS,a,-0.0389646049713611
198104,(i),WLS,a,-0.003209064496955444
198105,(i),WLS,a,-0.04781462113500423
198106,(i),WLS,a,0.007840964535175708
198107,(i),WLS,a,-0.08380852926454335
198108,(i),WLS,a,-0.08787631314509058
198109,(i),WLS,a,0.09690533544464873
198110,(i),WLS,a,0.027466456592269182
198111,(i),WLS,a,-0.04621497662336385
198112,(i),WLS,a,-0.031952339257519356
198201,(i),WLS,a,-0.10287391409767599
198202,(i),WLS,a,-0.04592831955989775
198203,(i),WLS,a,0.05302227268656424
198204,(i),WLS,a,-0.04594721786961636
198205,(i),WLS,a,-0.042768107806815246
198206,(i),WLS,a,-0.012005114180565421
198207,(i),WLS,a,0.09850681179888182
198208,(i),WLS,a,0.016553750233611792
198209,(i),WLS,a,0.11497768775375143
198210,(i),WLS,a,0.06410099464181865
198211,(i),WLS,a,0.004657589702535866
198212,(i),WLS,a,0.021720393490221326
198301,(i),WLS,a,0.022699214207780746
198302,(i),WLS,a,0.011159239410975429
198303,(i),WLS,a,0.04238849401907838
198304,(i),WLS,a,-0.004489877185455888
198305,(i),WLS,a,0.05244883527586564
198306,(i),WLS,a,-0.061463167053792005
198307,(i),WLS,a,-0.04186516639687736
198308,(i),WLS,a,0.0321274951225667
198309,(i),WLS,a,-0.04973788981096317
198310,(i),WLS,a,0.017742283736614413
198311,(i),WLS,a,-0.018967966986899055
198312,(i),WLS,a,-0.08686240931460461
198401,(i),WLS,a,-0.07044338051798356
198402,(i),WLS,a,0.0073650527967756415
198403,(i),WLS,a,-0.003959180558268616
198404,(i),WLS,a,-0.050120484736548884
198405,(i),WLS,a,0.04528681365053841
198406,(i),WLS,a,-0.00890590194624991
198407,(i),WLS,a,0.10801553367527263
198408,(i),WLS,a,-0.04912977155720588
198409,(i),WLS,a,3.96612850216771e-05
198410,(i),WLS,a,-0.03524658905773714
198411,(i),WLS,a,0.021184438949933045
198412,(i),WLS,a,0.11277774744688693
198501,(i),WLS,a,0.002950002990377689
198502,(i),WLS,a,-0.0285059637552997
198503,(i),WLS,a,-0.03753429363560975
198504,(i),WLS,a,0.06519274338798264
198505,(i),WLS,a,0.0061335177874639185
198506,(i),WLS,a,-0.0013565613767542923
198507,(i),WLS,a,-0.023567187516632625
198508,(i),WLS,a,-0.05031740852591612
198509,(i),WLS,a,0.030059039334308667
198510,(i),WLS,a,0.09978891587066904
198511,(i),WLS,a,0.06718120072773001
198512,(i),WLS,a,0.0036183914808924976
198601,(i),WLS,a,0.07339220396423386
198602,(i),WLS,a,0.062397869446769665
198603,(i),WLS,a,0.016843798508529496
198604,(i),WLS,a,0.04598491338192388
198605,(i),WLS,a,0.015590187726707078
198606,(i),WLS,a,-0.08238095026973316
198607,(i),WLS,a,0.01639110412529644
198608,(i),WLS,a,-0.12571797103487722
198609,(i),WLS,a,0.05510882525299714
198610,(i),WLS,a,0.02316026716309699
198611,(i),WLS,a,-0.028495412274616733
198612,(i),WLS,a,0.1340933411863312
198701,(i),WLS,a,0.09200708944687909
198702,(i),WLS,a,-0.007042042017487913
198703,(i),WLS,a,-0.02319923114341738
198704,(i),WLS,a,0.009516040936734181
198705,(i),WLS,a,0.03949470259433363
198706,(i),WLS,a,0.043682512210153214
198707,(i),WLS,a,0.0440188983709191
198708,(i),WLS,a,-0.03394185292078868
198709,(i),WLS,a,-0.23760496136114048
198710,(i),WLS,a,-0.0992604402606394
198711,(i),WLS,a,0.08350272378227058
198712,(i),WLS,a,0.00467165311936373
198801,(i),WLS,a,0.05040633721619958
198802,(i),WLS,a,-0.04881360355992973
198803,(i),WLS,a,-0.018797673138005847
198804,(i),WLS,a,-0.013032281907709869
198805,(i),WLS,a,0.05765733818243268
198806,(i),WLS,a,-0.0245327761347901
198807,(i),WLS,a,-0.042493053123156835
198808,(i),WLS,a,0.04998551363589732
198809,(i),WLS,a,0.009619266244956817
198810,(i),WLS,a,-0.029818252691250918
198811,(i),WLS,a,0.026819558300352472
198812,(i),WLS,a,0.057950278856395206
198901,(i),WLS,a,-0.033720904941884934
198902,(i),WLS,a,0.008755852031844672
198903,(i),WLS,a,0.05694095334671567
198904,(i),WLS,a,0.04746093652170053
198905,(i),WLS,a,-0.02353645536655518
198906,(i),WLS,a,0.11506762626573327
198907,(i),WLS,a,-0.009706205229956803
198908,(i),WLS,a,0.006498734129790051
198909,(i),WLS,a,-0.012667751175872016
198910,(i),WLS,a,0.01849410050566531
198911,(i),WLS,a,0.006306052733386866
198912,(i),WLS,a,-0.08280690540696621
199001,(i),WLS,a,-0.008237643169814271
199002,(i),WLS,a,0.043365389692385715
199003,(i),WLS,a,-0.0025324887944292375
199004,(i),WLS,a,0.11090988814569733
199005,(i),WLS,a,0.025399474447667263
199006,(i),WLS,a,-0.011504326530484905
199007,(i),WLS,a,-0.09598582125923254
199008,(i),WLS,a,-0.05225622495278256
199009,(i),WLS,a,0.007705187212676787
199010,(i),WLS,a,0.06399590465735655
199011,(i),WLS,a,0.03562058868290785
199012,(i),WLS,a,0.04610465707797517
199101,(i),WLS,a,0.08463910294314259
199102,(i),WLS,a,0.04414809935130275
199103,(i),WLS,a,-0.008246200746104928
199104,(i),WLS,a,0.03600698014887843
199105,(i),WLS,a,-0.04521843073384063
199106,(i),WLS,a,0.060645486291641695
199107,(i),WLS,a,0.04028927553077708
199108,(i),WLS,a,-0.02045963312711607
199109,(i),WLS,a,0.011382998495018892
199110,(i),WLS,a,-0.008134025846922938
199111,(i),WLS,a,0.15478646614533823
199112,(i),WLS,a,-0.04695406909665279
199201,(i),WLS,a,-0.014539480552644257
199202,(i),WLS,a,-0.038432276933129346
199203,(i),WLS,a,-0.011475975047015072
199204,(i),WLS,a,0.013514976556640315
199205,(i),WLS,a,-0.038228109799461146
199206,(i),WLS,a,0.05025861618492459
199207,(i),WLS,a,-0.0054352630809986514
199208,(i),WLS,a,0.0041528409341327266
199209,(i),WLS,a,0.022573529872447984
199210,(i),WLS,a,0.03936546017680386
199211,(i),WLS,a,-0.004374031639723546
199212,(i),WLS,a,-0.0426698926101313
199301,(i),WLS,a,-0.035680030341989945
199302,(i),WLS,a,0.008670673872821343
199303,(i),WLS,a,-0.06637107978315866
199304,(i),WLS,a,0.03862976806756728
199305,(i),WLS,a,-0.02881240473462231
199306,(i),WLS,a,-0.0393627529846146
199307,(i),WLS,a,0.035460220983738584
199308,(i),WLS,a,-0.018496478236356168
199309,(i),WLS,a,0.037238312078398936
199310,(i),WLS,a,0.00894419252589445
199311,(i),WLS,a,0.006476408120989227
199312,(i),WLS,a,0.014804812652109662
199401,(i),WLS,a,-0.016835788168161437
199402,(i),WLS,a,-0.05143708651431973
199403,(i),WLS,a,0.005764840274134679
199404,(i),WLS,a,0.002813244396818341
199405,(i),WLS,a,-0.03432076484657858
199406,(i),WLS,a,0.024186919416676157
199407,(i),WLS,a,0.06394687174830004
199408,(i),WLS,a,-0.009297638905052485
199409,(i),WLS,a,0.020406783442138084
199410,(i),WLS,a,-0.026541380288730137
199411,(i),WLS,a,0.009061806919314793
199412,(i),WLS,a,0.02061492247338006
199501,(i),WLS,a,0.03497435539876156
199502,(i),WLS,a,0.024234652187052542
199503,(i),WLS,a,0.026049277317155894
199504,(i),WLS,a,0.02783147923120586
199505,(i),WLS,a,0.038738458678203816
199506,(i),WLS,a,0.028520788281733517
199507,(i),WLS,a,-0.003564193429404215
199508,(i),WLS,a,0.052092704205258994
199509,(i),WLS,a,0.00764086740018611
199510,(i),WLS,a,0.03314558572246745
199511,(i),WLS,a,-0.002923674365129207
199512,(i),WLS,a,0.03226233063243315
199601,(i),WLS,a,0.016455988213099987
199602,(i),WLS,a,-0.012201984666739529
199603,(i),WLS,a,0.019292413717192404
199604,(i),WLS,a,0.03982429853385201
199605,(i),WLS,a,0.008337531873718006
199606,(i),WLS,a,-0.05585502236359565
199607,(i),WLS,a,0.013176225176831513
199608,(i),WLS,a,0.07416821155480781
199609,(i),WLS,a,-0.002631982567046537
199610,(i),WLS,a,0.06910806361386379
199611,(i),WLS,a,-0.019786938802546526
199612,(i),WLS,a,0.08239667321974305
199701,(i),WLS,a,-0.009116100499605408
199702,(i),WLS,a,-0.07139494566724988
199703,(i),WLS,a,0.07128263129176775
199704,(i),WLS,a,0.06429556816329256
199705,(i),WLS,a,0.04390441559961603
199706,(i),WLS,a,0.06646923412791375
199707,(i),WLS,a,-0.06519740853189776
199708,(i),WLS,a,0.029530793100730136
199709,(i),WLS,a,-0.04396758882892485
199710,(i),WLS,a,0.04609374769219551
199711,(i),WLS,a,-0.004432135451396815
199712,(i),WLS,a,0.02951580854338634
199801,(i),WLS,a,0.07795163034508276
199802,(i),WLS,a,0.03281465485208692
199803,(i),WLS,a,-0.0023219194130368985
199804,(i),WLS,a,-0.029503621122231115
199805,(i),WLS,a,0.06289767957410608
199806,(i),WLS,a,-0.015129058916586545
199807,(i),WLS,a,-0.12665422483849734
199808,(i),WLS,a,0.07641501981874196
199809,(i),WLS,a,0.06607043111344145
199810,(i),WLS,a,0.0692518290309821
199811,(i),WLS,a,0.06933154723816762
199812,(i),WLS,a,0.06039195161837152
199901,(i),WLS,a,-0.05804308264960535
199902,(i),WLS,a,0.03553963606356446
199903,(i),WLS,a,-0.013654559996982582
199904,(i),WLS,a,-0.030274473019792546
199905,(i),WLS,a,0.06794395921920333
199906,(i),WLS,a,-0.022561955985836272
199907,(i),WLS,a,0.019384478467389266
199908,(i),WLS,a,-0.0330571548835372
199909,(i),WLS,a,0.06933463953775541
199910,(i),WLS,a,0.04928746718857421
199911,(i),WLS,a,0.07945375646697334
199912,(i),WLS,a,-0.04944051044166964
200001,(i),WLS,a,0.025609209389007927
200002,(i),WLS,a,0.07130526320894055
200003,(i),WLS,a,-0.04766158141203028
200004,(i),WLS,a,-0.03919664261143017
200005,(i),WLS,a,0.07632729139135545
200006,(i),WLS,a,-0.060567185853201456
200007,(i),WLS,a,0.05738665276525937
200008,(i),WLS,a,-0.10227205420436668
200009,(i),WLS,a,-0.008797972241048786
200010,(i),WLS,a,-0.10681907277893253
200011,(i),WLS,a,-0.060764513946631175
200012,(i),WLS,a,0.028441999034018096
200101,(i),WLS,a,-0.14370673997605152
200102,(i),WLS,a,-0.10317411265263764
200103,(i),WLS,a,0.07590249318821034
200104,(i),WLS,a,-0.003967316499750821
200105,(i),WLS,a,-0.026720187470212736
200106,(i),WLS,a,0.002402491144596104
200107,(i),WLS,a,-0.06693190281290624
200108,(i),WLS,a,-0.06744705948195664
200109,(i),WLS,a,0.0481121120012551
200110,(i),WLS,a,0.0720553053693845
200111,(i),WLS,a,-0.008047666074291441
200112,(i),WLS,a,0.010973383992643523
200201,(i),WLS,a,-0.024694414571896854
200202,(i),WLS,a,0.02160088179066675
200203,(i),WLS,a,-0.06709326497335265
200204,(i),WLS,a,-0.0137153732451066
200205,(i),WLS,a,-0.07695461232381168
200206,(i),WLS,a,-0.05896299596226155
200207,(i),WLS,a,-0.0038966594504163824
200208,(i),WLS,a,-0.09587553710048488
200209,(i),WLS,a,0.11020863893257193
200210,(i),WLS,a,0.045952059190317376
200211,(i),WLS,a,-0.06458950912950912
200212,(i),WLS,a,-0.027201725546237943
200301,(i),WLS,a,-0.004346606249107488
200302,(i),WLS,a,0.021384954781893464
200303,(i),WLS,a,0.06146288164640295
200304,(i),WLS,a,0.041307655157344705
200305,(i),WLS,a,0.014600944724919506
200306,(i),WLS,a,0.017478966964229608
200307,(i),WLS,a,0.010483144984535502
200308,(i),WLS,a,-0.011178842420223016
200309,(i),WLS,a,0.04346173386544765
200310,(i),WLS,a,0.00617143439816323
200311,(i),WLS,a,0.035672141451872974
200312,(i),WLS,a,0.007086624830125881
200401,(i),WLS,a,0.008999873807234276
200402,(i),WLS,a,-0.017444300548153827
200403,(i),WLS,a,0.008097727859957637
200404,(i),WLS,a,0.011032492491523485
200405,(i),WLS,a,0.01162382466310586
200406,(i),WLS,a,-0.06557460261314924
200407,(i),WLS,a,-0.012259800828910043
200408,(i),WLS,a,0.00040820389215649153
200409,(i),WLS,a,0.016588649027521194
200410,(i),WLS,a,0.02114665932657968
200411,(i),WLS,a,0.04318861394760639
200412,(i),WLS,a,-0.02965718392594828
200501,(i),WLS,a,0.010969761751445293
200502,(i),WLS,a,-0.018005860671703424
200503,(i),WLS,a,-0.008200813076493112
200504,(i),WLS,a,0.03782586610548785
200505,(i),WLS,a,-0.02028770381270273
200506,(i),WLS,a,0.04618720088552679
200507,(i),WLS,a,-0.026924276826476898
200508,(i),WLS,a,-0.011892764625319777
200509,(i),WLS,a,-0.0050945133701143655
200510,(i),WLS,a,0.03934834386392868
200511,(i),WLS,a,-0.012696613971833649
200512,(i),WLS,a,0.0001282234530501613
200601,(i),WLS,a,0.0019706676886910844
200602,(i),WLS,a,0.009543587668278146
200603,(i),WLS,a,-0.016130155955578332
200604,(i),WLS,a,-0.037637160504588166
200605,(i),WLS,a,-0.011391425076534996
200606,(i),WLS,a,-0.017542074164750694
200607,(i),WLS,a,0.03590705099393191
200608,(i),WLS,a,0.0231763534944279
200609,(i),WLS,a,0.02559187220080436
200610,(i),WLS,a,0.008777336643143901
200611,(i),WLS,a,-0.005162477405340002
200612,(i),WLS,a,0.018975170209403827
200701,(i),WLS,a,-0.0216711611224508
200702,(i),WLS,a,0.0007161081754661408
200703,(i),WLS,a,0.04907755791746635
200704,(i),WLS,a,0.019925407411252028
200705,(i),WLS,a,-0.01781147109779944
200706,(i),WLS,a,-0.012608562238087085
200707,(i),WLS,a,0.021226024432681612
200708,(i),WLS,a,0.047278988300413535
200709,(i),WLS,a,0.035460905035764455
200710,(i),WLS,a,-0.03471070291639147
200711,(i),WLS,a,-0.011248161861560142
200712,(i),WLS,a,-0.07856663874250824
200801,(i),WLS,a,-0.022097556691104244
200802,(i),WLS,a,0.006416672606538941
200803,(i),WLS,a,0.026745074801815517
200804,(i),WLS,a,0.014785251598516855
200805,(i),WLS,a,-0.06757853782612157
200806,(i),WLS,a,-0.00395174616142313
200807,(i),WLS,a,0.012585816547564875
200808,(i),WLS,a,-0.09634883531704015
200809,(i),WLS,a,-0.14254390829256244
200810,(i),WLS,a,-0.05777363992110545
200811,(i),WLS,a,0.01737957393933676
200812,(i),WLS,a,-0.0404835820520676
200901,(i),WLS,a,-0.06345215270717207
200902,(i),WLS,a,0.0930770534120471
200903,(i),WLS,a,0.051108885574666696
200904,(i),WLS,a,0.04485012525489565
200905,(i),WLS,a,0.02401011239080415
200906,(i),WLS,a,0.05222093890186945
200907,(i),WLS,a,0.009746968767538488
200908,(i),WLS,a,0.027020522730541403
200909,(i),WLS,a,0.0023296494893266287
200910,(i),WLS,a,0.070176692592519
200911,(i),WLS,a,0.008365562553113227
200912,(i),WLS,a,-0.0406687052788887
201001,(i),WLS,a,0.026015594432996902
201002,(i),WLS,a,0.05011693238450671
201003,(i),WLS,a,0.004201230339193964
201004,(i),WLS,a,-0.07082637659236936
201005,(i),WLS,a,-0.03402142001341414
201006,(i),WLS,a,0.06482688325384925
201007,(i),WLS,a,-0.03886218426377621
201008,(i),WLS,a,0.10435086979969174
201009,(i),WLS,a,0.04417166189633261
201010,(i),WLS,a,0.0075105910387881615
201011,(i),WLS,a,0.04407908764903177
201012,(i),WLS,a,0.01782722988346582
201101,(i),WLS,a,0.016450852484685526
201102,(i),WLS,a,0.002696602547612078
201103,(i),WLS,a,0.042778653899822106
201104,(i),WLS,a,-0.005178949023664569
201105,(i),WLS,a,-0.007643426037878601
201106,(i),WLS,a,-0.001660092942956196
201107,(i),WLS,a,-0.03827816505219036
201108,(i),WLS,a,-0.05638533523629175
201109,(i),WLS,a,0.09542864891193018
201110,(i),WLS,a,-0.0038022837750629466
201111,(i),WLS,a,-0.010501270881332904
201112,(i),WLS,a,0.0691693278506138
201201,(i),WLS,a,0.04734601188968113
201202,(i),WLS,a,0.048898956804821904
201203,(i),WLS,a,-0.003208690020648048
201204,(i),WLS,a,-0.06507347230461534
201205,(i),WLS,a,0.02436550483155066
201206,(i),WLS,a,0.007441364926508765
201207,(i),WLS,a,0.028302283494101837
201208,(i),WLS,a,0.013304583138946384
201209,(i),WLS,a,-0.036808820183340536
201210,(i),WLS,a,0.0159483224116807
201211,(i),WLS,a,-0.010397589101954149
201212,(i),WLS,a,0.03338507775838856
201301,(i),WLS,a,0.006741853404579408
201302,(i),WLS,a,0.03391258216201539
201303,(i),WLS,a,0.016912961808928758
201304,(i),WLS,a,0.01868570816351018
201305,(i),WLS,a,-0.02202353818570656
201306,(i),WLS,a,0.05567578287103183
201307,(i),WLS,a,-0.01734221455229636
201308,(i),WLS,a,0.0393353268306045
201309,(i),WLS,a,0.03199956364633396
201310,(i),WLS,a,0.03703074414737224
201311,(i),WLS,a,0.017940270721618023
201312,(i),WLS,a,-0.03554723599416966
201401,(i),WLS,a,0.05472674155139492
201402,(i),WLS,a,-0.017206940710476057
201403,(i),WLS,a,-0.0005320915584817909
201404,(i),WLS,a,0.019726371119934232
201405,(i),WLS,a,0.012599967518901797
201406,(i),WLS,a,-0.015930464700709048
201407,(i),WLS,a,0.05905353143544643
201408,(i),WLS,a,-0.0016459945157262955
201409,(i),WLS,a,0.04316671665097738
201410,(i),WLS,a,0.049103075735674614
201411,(i),WLS,a,-0.01231713300873281
201412,(i),WLS,a,0.001126857051939577
201501,(i),WLS,a,0.06650633386665708
201502,(i),WLS,a,-0.011226429371887945
201503,(i),WLS,a,-0.0035797060791847015
201504,(i),WLS,a,0.02435287398584259
201505,(i),WLS,a,-0.008613443267981755
201506,(i),WLS,a,0.05010730031364532
201507,(i),WLS,a,-0.06599710424012994
201508,(i),WLS,a,-0.015741762470249176
201509,(i),WLS,a,0.08177842346866365
201510,(i),WLS,a,0.006225472343438973
201511,(i),WLS,a,-0.0011143947765091904
201512,(i),WLS,a,-0.06447848806428053
201601,(i),WLS,a,7.6609063432806e-05
201602,(i),WLS,a,0.061639156594115674
201603,(i),WLS,a,-0.018339359390075822
201604,(i),WLS,a,0.02668259490800051
201605,(i),WLS,a,-0.003495743158698526
201606,(i),WLS,a,0.049306584567633975
201607,(i),WLS,a,-0.006875754462139594
201608,(i),WLS,a,-0.0008937002190329441
201609,(i),WLS,a,-0.02322128178005166
201610,(i),WLS,a,0.006437398854837909
201611,(i),WLS,a,0.009216163386318359
201612,(i),WLS,a,0.03688178812452835
201701,(i),WLS,a,0.05115089323234768
201702,(i),WLS,a,0.016711236505689273
201703,(i),WLS,a,0.02530151394577611
201704,(i),WLS,a,0.035321303986013054
201705,(i),WLS,a,0.002269789088001495
201706,(i),WLS,a,0.024302661946866227
201707,(i),WLS,a,0.018200837852613724
201708,(i),WLS,a,0.006820342032563493
201709,(i),WLS,a,0.04830457741275092
201710,(i),WLS,a,0.031123846167524796
201711,(i),WLS,a,0.004163683339624795
201712,(i),WLS,a,0.08904089392728326
201801,(i),WLS,a,-0.013934457356811536
201802,(i),WLS,a,-0.03347224201401823
201803,(i),WLS,a,0.004640839690869431
201804,(i),WLS,a,0.03945368655604828
201805,(i),WLS,a,0.012091794988304679
201806,(i),WLS,a,0.03276012898116539
201807,(i),WLS,a,0.0707777101862551
201808,(i),WLS,a,0.007666480011484769
201809,(i),WLS,a,-0.1046584011866314
201810,(i),WLS,a,0.018243075597839945
201811,(i),WLS,a,-0.0777700244851329
201812,(i),WLS,a,0.07768252352390685
201901,(i),WLS,a,0.04028965956574612
201902,(i),WLS,a,0.03548728729240015
201903,(i),WLS,a,0.04977895725149687
201904,(i),WLS,a,-0.07096731226432737
201905,(i),WLS,a,0.07569099811925448
201906,(i),WLS,a,0.010991781249252559
201907,(i),WLS,a,-0.010289722538539206
201908,(i),WLS,a,-0.0048690034121701
201909,(i),WLS,a,0.03219484629322985
201910,(i),WLS,a,0.050813579689470485
201911,(i),WLS,a,0.03160079893693047
201912,(i),WLS,a,0.03629042658880959
202001,(i),WLS,a,-0.06322038720950215
202002,(i),WLS,a,-0.048646179237154065
202003,(i),WLS,a,0.14534477062809592
202004,(i),WLS,a,0.0608035657971116
202005,(i),WLS,a,0.06356742894654735
202006,(i),WLS,a,0.08968043194983846
202007,(i),WLS,a,0.12047412212643031
202008,(i),WLS,a,-0.0485264981304549
202009,(i),WLS,a,-0.03895741413375362
202010,(i),WLS,a,0.0918109007485744
202011,(i),WLS,a,0.05841197875632666
202012,(i),WLS,a,-0.009260802533505762
202101,(i),WLS,a,-0.022126410172378423
202102,(i),WLS,a,0.012248661074770418
202103,(i),WLS,a,0.06259704469955087
202104,(i),WLS,a,-0.024384728261793644
202105,(i),WLS,a,0.06788318609440532
202106,(i),WLS,a,0.034315415912994675
202107,(i),WLS,a,0.04792134205332673
202108,(i),WLS,a,-0.06372638950465322
202109,(i),WLS,a,0.09554320681613697
202110,(i),WLS,a,0.02437817344146618
202111,(i),WLS,a,0.010266775396948057
202112,(i),WLS,a,-0.10243407153971934
202201,(i),WLS,a,-0.04699872847357887
202202,(i),WLS,a,0.04823876122943276
202203,(i),WLS,a,-0.12699685927101248
202204,(i),WLS,a,-0.04368158802686917
202205,(i),WLS,a,-0.0755827315993411
202206,(i),WLS,a,0.14277087543795836
202207,(i),WLS,a,-0.05472531579119554
202208,(i),WLS,a,-0.09427958309573121
202209,(i),WLS,a,0.034432227907830695
202210,(i),WLS,a,0.04426968491335743
202211,(i),WLS,a,-0.08439938157270334
202212,(i),WLS,a,0.08377198093166661
202301,(i),WLS,a,0.0009255062867202637
202302,(i),WLS,a,0.08372622851814278
202303,(i),WLS,a,0.0035291405350010765
202304,(i),WLS,a,0.06562897531043
202305,(i),WLS,a,0.07726811256479652
202306,(i),WLS,a,0.014458550046407764
202307,(i),WLS,a,-0.00418726579129977
202308,(i),WLS,a,-0.061942076998005025
202309,(i),WLS,a,-0.019579067250423014
202310,(i),WLS,a,0.0982297445340161
202311,(i),WLS,a,0.040155252748219294
202312,(i),WLS,a,0.03330503610052974
202401,(i),WLS,a,0.08439056781121174
202402,(i),WLS,a,0.022097568127248852
202403,(i),WLS,a,-0.0452074582136016
202404,(i),WLS,a,0.06067280323643311
202405,(i),WLS,a,0.0695121558745142
202406,(i),WLS,a,-0.03397135502658246
202407,(i),WLS,a,0.017736142242656083
202408,(i),WLS,a,0.029678022137095816
202409,(i),WLS,a,-0.010417293004484554
202410,(i),WLS,a,0.06436496596425133
202411,(i),WLS,a,0.001375339875238156
197307,(i),WLS,b_BM,0.024567765300896157
197308,(i),WLS,b_BM,0.18086333142907765
197309,(i),WLS,b_BM,0.0002545965368938916
197310,(i),WLS,b_BM,-0.010061356617561584
197311,(i),WLS,b_BM,0.14877588166331404
197312,(i),WLS,b_BM,0.06770899289041801
197401,(i),WLS,b_BM,0.06354718843305013
197402,(i),WLS,b_BM,-0.031301824969154665
197403,(i),WLS,b_BM,-0.008488033869819419
197404,(i),WLS,b_BM,-0.08058324745239256
197405,(i),WLS,b_BM,0.01666722393635121
197406,(i),WLS,b_BM,0.1512900599356647
197407,(i),WLS,b_BM,0.06558024819788331
197408,(i),WLS,b_BM,0.16381641179961753
197409,(i),WLS,b_BM,-0.23452776020724841
197410,(i),WLS,b_BM,0.011935661595890736
197411,(i),WLS,b_BM,0.04242755670967956
197412,(i),WLS,b_BM,0.22574847918871307
197501,(i),WLS,b_BM,-0.16597680883853727
197502,(i),WLS,b_BM,0.060059131733961005
197503,(i),WLS,b_BM,-0.009949436151346441
197504,(i),WLS,b_BM,-0.016670470899502417
197505,(i),WLS,b_BM,0.06651895327061756
197506,(i),WLS,b_BM,0.09647743908926097
197507,(i),WLS,b_BM,-0.006314016865820385
197508,(i),WLS,b_BM,0.018684283776160705
197509,(i),WLS,b_BM,-0.07226417100675982
197510,(i),WLS,b_BM,0.002464807217704467
197511,(i),WLS,b_BM,0.060009400429976795
197512,(i),WLS,b_BM,0.15357285495591294
197601,(i),WLS,b_BM,0.16565389366364036
197602,(i),WLS,b_BM,-0.022051905825845212
197603,(i),WLS,b_BM,0.046944215075418884
197604,(i),WLS,b_BM,0.002587499320718621
197605,(i),WLS,b_BM,0.028109947868313376
197606,(i),WLS,b_BM,0.0282530595730711
197607,(i),WLS,b_BM,-0.015674852976167147
197608,(i),WLS,b_BM,0.024427715377863025
197609,(i),WLS,b_BM,-0.0008063170231939859
197610,(i),WLS,b_BM,0.07456971417758496
197611,(i),WLS,b_BM,0.07375528873203414
197612,(i),WLS,b_BM,0.14081477188263383
197701,(i),WLS,b_BM,0.001635470881235283
197702,(i),WLS,b_BM,0.027033187699598893
197703,(i),WLS,b_BM,0.09215737105657267
197704,(i),WLS,b_BM,0.03210635440395484
197705,(i),WLS,b_BM,-0.03514213192597621
197706,(i),WLS,b_BM,-0.014913119316813602
197707,(i),WLS,b_BM,-0.09619361621380249
197708,(i),WLS,b_BM,0.026181644752252306
197709,(i),WLS,b_BM,0.01687288966899727
197710,(i),WLS,b_BM,0.021340065352548596
197711,(i),WLS,b_BM,0.014524881821055786
197712,(i),WLS,b_BM,0.03540179195422756
197801,(i),WLS,b_BM,0.06040967915212832
197802,(i),WLS,b_BM,0.07100065117225474
197803,(i),WLS,b_BM,-0.08459600155870675
197804,(i),WLS,b_BM,0.025837019943853255
197805,(i),WLS,b_BM,-0.013186807740681364
197806,(i),WLS,b_BM,-0.03302500511986387
197807,(i),WLS,b_BM,0.016916103978620704
197808,(i),WLS,b_BM,0.06838581618868068
197809,(i),WLS,b_BM,-0.05782293543715949
197810,(i),WLS,b_BM,0.016464667785713604
197811,(i),WLS,b_BM,-0.05677799855915871
197812,(i),WLS,b_BM,0.06405427024704327
197901,(i),WLS,b_BM,0.021691934958493565
197902,(i),WLS,b_BM,0.037207867867057313
197903,(i),WLS,b_BM,0.02155254752466411
197904,(i),WLS,b_BM,-0.00576879547925865
197905,(i),WLS,b_BM,0.04413782143812832
197906,(i),WLS,b_BM,0.043644262647768994
197907,(i),WLS,b_BM,0.012602562824302202
197908,(i),WLS,b_BM,0.04354300534168651
197909,(i),WLS,b_BM,-0.03001519211895274
197910,(i),WLS,b_BM,-0.030085902208392804
197911,(i),WLS,b_BM,0.028084499762610553
197912,(i),WLS,b_BM,0.10866212608402116
198001,(i),WLS,b_BM,0.08828624251337465
198002,(i),WLS,b_BM,-0.11118034138787725
198003,(i),WLS,b_BM,0.01593557903265666
198004,(i),WLS,b_BM,0.007312244050698574
198005,(i),WLS,b_BM,-0.009268817665190044
198006,(i),WLS,b_BM,-0.02557060104158941
198007,(i),WLS,b_BM,-0.020814137373612186
198008,(i),WLS,b_BM,-0.04417729461372287
198009,(i),WLS,b_BM,-0.0006367455646717345
198010,(i),WLS,b_BM,-0.04395038454912152
198011,(i),WLS,b_BM,-0.04809526755982705
198012,(i),WLS,b_BM,0.0830427631562399
198101,(i),WLS,b_BM,0.007714473534661304
198102,(i),WLS,b_BM,0.03655915538667894
198103,(i),WLS,b_BM,0.02489112743120975
198104,(i),WLS,b_BM,-0.013808033961606025
198105,(i),WLS,b_BM,0.06123743809431926
198106,(i),WLS,b_BM,-0.05742411647500185
198107,(i),WLS,b_BM,0.0111383480996654
198108,(i),WLS,b_BM,0.022141820435447563
198109,(i),WLS,b_BM,-0.1227678760670696
198110,(i),WLS,b_BM,0.014357893175663966
198111,(i),WLS,b_BM,0.029245651361461702
198112,(i),WLS,b_BM,-0.008012191223808517
198201,(i),WLS,b_BM,0.10170775740617816
198202,(i),WLS,b_BM,0.06946953913629735
198203,(i),WLS,b_BM,-0.0332914826228303
198204,(i),WLS,b_BM,0.01939420247036562
198205,(i),WLS,b_BM,0.04272603450763651
198206,(i),WLS,b_BM,-0.048385804571522265
198207,(i),WLS,b_BM,0.03875561892535589
198208,(i),WLS,b_BM,-0.018821990767447856
198209,(i),WLS,b_BM,-0.0018660326499582308
198210,(i),WLS,b_BM,-0.03436501986779524
198211,(i),WLS,b_BM,0.012613766578121363
198212,(i),WLS,b_BM,0.023499931009175534
198301,(i),WLS,b_BM,0.01550343369494699
198302,(i),WLS,b_BM,0.03990638595553608
198303,(i),WLS,b_BM,0.04712657208720571
198304,(i),WLS,b_BM,0.015503344688007048
198305,(i),WLS,b_BM,-0.018708475645217364
198306,(i),WLS,b_BM,0.04178895915270019
198307,(i),WLS,b_BM,0.08240821914079847
198308,(i),WLS,b_BM,-0.05128977182326726
198309,(i),WLS,b_BM,0.03936902011391962
198310,(i),WLS,b_BM,0.012118854037682345
198311,(i),WLS,b_BM,0.01848900268531295
198312,(i),WLS,b_BM,0.1372127551158203
198401,(i),WLS,b_BM,0.05064110650249435
198402,(i),WLS,b_BM,0.007520163939725029
198403,(i),WLS,b_BM,0.007464500447100481
198404,(i),WLS,b_BM,-0.02105345562527487
198405,(i),WLS,b_BM,-0.06280887699331414
198406,(i),WLS,b_BM,-0.03990869485572926
198407,(i),WLS,b_BM,-0.0014956146581363873
198408,(i),WLS,b_BM,0.058116384347788985
198409,(i),WLS,b_BM,-0.022976224388589754
198410,(i),WLS,b_BM,0.0244639615446009
198411,(i),WLS,b_BM,-0.018493652326498217
198412,(i),WLS,b_BM,-0.05808220281568268
198501,(i),WLS,b_BM,0.01656387214213846
198502,(i),WLS,b_BM,0.021143906325111695
198503,(i),WLS,b_BM,0.03975161922161856
198504,(i),WLS,b_BM,-0.028574330338928557
198505,(i),WLS,b_BM,0.002444767297744881
198506,(i),WLS,b_BM,0.012191144847826773
198507,(i),WLS,b_BM,0.021968975229208713
198508,(i),WLS,b_BM,0.024354464914561478
198509,(i),WLS,b_BM,0.005983402874182247
198510,(i),WLS,b_BM,-0.07247181246540767
198511,(i),WLS,b_BM,-0.06728893859385132
198512,(i),WLS,b_BM,-0.008001877124794329
198601,(i),WLS,b_BM,0.00020927497827862032
198602,(i),WLS,b_BM,-0.03462808765504666
198603,(i),WLS,b_BM,-0.05695884190557877
198604,(i),WLS,b_BM,0.007369127421565747
198605,(i),WLS,b_BM,-0.031008304043934818
198606,(i),WLS,b_BM,0.007677901336702572
198607,(i),WLS,b_BM,0.10280043986724854
198608,(i),WLS,b_BM,0.11665144534338581
198609,(i),WLS,b_BM,-0.002734234703558671
198610,(i),WLS,b_BM,-0.007378970757313748
198611,(i),WLS,b_BM,-0.007680702492559312
198612,(i),WLS,b_BM,0.010718454363313795
198701,(i),WLS,b_BM,-0.07777689540951208
198702,(i),WLS,b_BM,0.08868533397042751
198703,(i),WLS,b_BM,0.0281379809461743
198704,(i),WLS,b_BM,-0.006473603077556513
198705,(i),WLS,b_BM,0.0053173761894238425
198706,(i),WLS,b_BM,0.025289973970516855
198707,(i),WLS,b_BM,-0.02989355312018384
198708,(i),WLS,b_BM,0.017013830247440763
198709,(i),WLS,b_BM,-0.01972851999912587
198710,(i),WLS,b_BM,0.034131122232938516
198711,(i),WLS,b_BM,0.0020433160966281984
198712,(i),WLS,b_BM,0.05712447240309284
198801,(i),WLS,b_BM,0.02202802099711772
198802,(i),WLS,b_BM,0.058478964912433554
198803,(i),WLS,b_BM,0.0634550266918487
198804,(i),WLS,b_BM,0.011063064136067424
198805,(i),WLS,b_BM,-0.015360072964667713
198806,(i),WLS,b_BM,0.01996709453836945
198807,(i),WLS,b_BM,-0.0029799216899749847
198808,(i),WLS,b_BM,-0.03767979299347382
198809,(i),WLS,b_BM,0.02699913333310835
198810,(i),WLS,b_BM,0.0214164023738413
198811,(i),WLS,b_BM,-0.02276994475806507
198812,(i),WLS,b_BM,0.01829183031174603
198901,(i),WLS,b_BM,0.01698299658510763
198902,(i),WLS,b_BM,0.013252777971359785
198903,(i),WLS,b_BM,-0.02828732744522408
198904,(i),WLS,b_BM,-0.03788733323794956
198905,(i),WLS,b_BM,0.005021701508176584
198906,(i),WLS,b_BM,-0.09298718286077957
198907,(i),WLS,b_BM,0.06868295713864449
198908,(i),WLS,b_BM,-0.04437411874460381
198909,(i),WLS,b_BM,-0.060411542618295476
198910,(i),WLS,b_BM,-0.018097832944980262
198911,(i),WLS,b_BM,0.02774674055219067
198912,(i),WLS,b_BM,0.01867625176395272
199001,(i),WLS,b_BM,0.04799210216212584
199002,(i),WLS,b_BM,-0.032625765440915576
199003,(i),WLS,b_BM,-0.0659782261046666
199004,(i),WLS,b_BM,-0.06764550437968653
199005,(i),WLS,b_BM,-0.09230933955471535
199006,(i),WLS,b_BM,-0.002592121106445816
199007,(i),WLS,b_BM,-0.017618044998164207
199008,(i),WLS,b_BM,-0.02501546260600886
199009,(i),WLS,b_BM,-0.07950780886631144
199010,(i),WLS,b_BM,-0.022090957276501275
199011,(i),WLS,b_BM,-0.023707056523877588
199012,(i),WLS,b_BM,0.008236035820424785
199101,(i),WLS,b_BM,-0.036795896121040776
199102,(i),WLS,b_BM,-0.04779658961300642
199103,(i),WLS,b_BM,0.019375766146774564
199104,(i),WLS,b_BM,0.02126916790506206
199105,(i),WLS,b_BM,-0.005912187030798
199106,(i),WLS,b_BM,-0.06969699017146258
199107,(i),WLS,b_BM,-0.07016182033374165
199108,(i),WLS,b_BM,-0.013015809158074713
199109,(i),WLS,b_BM,0.0017162623886405838
199110,(i),WLS,b_BM,-0.11913788439514374
199111,(i),WLS,b_BM,-0.1363807585127971
199112,(i),WLS,b_BM,0.14084923619731785
199201,(i),WLS,b_BM,0.0941948890671104
199202,(i),WLS,b_BM,0.043875214915775465
199203,(i),WLS,b_BM,0.08806101774120861
199204,(i),WLS,b_BM,-0.04661770544703145
199205,(i),WLS,b_BM,0.022655403408075724
199206,(i),WLS,b_BM,-0.0385537762758701
199207,(i),WLS,b_BM,-0.04922270761944643
199208,(i),WLS,b_BM,0.011559346908787843
199209,(i),WLS,b_BM,-0.054728653935558626
199210,(i),WLS,b_BM,-0.01026697819160284
199211,(i),WLS,b_BM,0.03758825830654635
199212,(i),WLS,b_BM,0.13302102548049097
199301,(i),WLS,b_BM,0.10943930002740285
199302,(i),WLS,b_BM,0.029165190305764165
199303,(i),WLS,b_BM,0.1062510724045326
199304,(i),WLS,b_BM,-0.009391756566385832
199305,(i),WLS,b_BM,0.0633985807613782
199306,(i),WLS,b_BM,0.08056858787730632
199307,(i),WLS,b_BM,0.002545067519643715
199308,(i),WLS,b_BM,0.03275816618931923
199309,(i),WLS,b_BM,-0.02995454015154181
199310,(i),WLS,b_BM,-0.05195866867809692
199311,(i),WLS,b_BM,0.025425781535663907
199312,(i),WLS,b_BM,0.054927778837861624
199401,(i),WLS,b_BM,-0.006358626848035124
199402,(i),WLS,b_BM,0.015825274420952228
199403,(i),WLS,b_BM,0.0012597677298643807
199404,(i),WLS,b_BM,0.005752447791454733
199405,(i),WLS,b_BM,0.01639781406386634
199406,(i),WLS,b_BM,0.01258275528920469
199407,(i),WLS,b_BM,-0.05668511733394526
199408,(i),WLS,b_BM,-0.02510476006814285
199409,(i),WLS,b_BM,-0.00888437886137798
199410,(i),WLS,b_BM,-0.03295203383027182
199411,(i),WLS,b_BM,-0.0066468825981683
199412,(i),WLS,b_BM,-0.02699316850058374
199501,(i),WLS,b_BM,0.006998189168380079
199502,(i),WLS,b_BM,0.014360198892137426
199503,(i),WLS,b_BM,-0.0020147414613814517
199504,(i),WLS,b_BM,-0.010072417268804935
199505,(i),WLS,b_BM,-0.0284218606139852
199506,(i),WLS,b_BM,0.01107138876996263
199507,(i),WLS,b_BM,-7.839815573458105e-05
199508,(i),WLS,b_BM,-0.06497391733775448
199509,(i),WLS,b_BM,-0.06625436837219274
199510,(i),WLS,b_BM,9.388293079433297e-05
199511,(i),WLS,b_BM,0.04052772595040404
199512,(i),WLS,b_BM,-0.027793582199262666
199601,(i),WLS,b_BM,-0.0034547861547816546
199602,(i),WLS,b_BM,0.05611163819245171
199603,(i),WLS,b_BM,0.024584397703579484
199604,(i),WLS,b_BM,-0.03960625819462438
199605,(i),WLS,b_BM,-0.06784722493069782
199606,(i),WLS,b_BM,-0.0021338891300098192
199607,(i),WLS,b_BM,0.0323820440092759
199608,(i),WLS,b_BM,-0.08897368161718282
199609,(i),WLS,b_BM,0.026172839397150774
199610,(i),WLS,b_BM,-0.022394112952789133
199611,(i),WLS,b_BM,0.02609617507192213
199612,(i),WLS,b_BM,-0.08914998943166579
199701,(i),WLS,b_BM,0.0007917524096971989
199702,(i),WLS,b_BM,0.09785191004357643
199703,(i),WLS,b_BM,-0.09550579403554743
199704,(i),WLS,b_BM,0.0015974256416787357
199705,(i),WLS,b_BM,-0.03268247204854462
199706,(i),WLS,b_BM,0.0054972014685495
199707,(i),WLS,b_BM,0.09341185675796132
199708,(i),WLS,b_BM,0.04217602864770858
199709,(i),WLS,b_BM,-0.01206576536585908
199710,(i),WLS,b_BM,-0.06348943008886619
199711,(i),WLS,b_BM,0.008045443849360654
199712,(i),WLS,b_BM,-0.05904272702723451
199801,(i),WLS,b_BM,-0.019604839764571554
199802,(i),WLS,b_BM,0.025804929188180323
199803,(i),WLS,b_BM,0.01821620368579551
199804,(i),WLS,b_BM,0.010479178780719968
199805,(i),WLS,b_BM,-0.11463885985578923
199806,(i),WLS,b_BM,-0.04643908394440028
199807,(i),WLS,b_BM,-0.06467764664968031
199808,(i),WLS,b_BM,-0.027167730951477426
199809,(i),WLS,b_BM,0.01676153317596474
199810,(i),WLS,b_BM,-0.0429317009809978
199811,(i),WLS,b_BM,-0.05131179325626473
199812,(i),WLS,b_BM,-0.08338198969271908
199901,(i),WLS,b_BM,0.038600590457820085
199902,(i),WLS,b_BM,-0.018164720276146462
199903,(i),WLS,b_BM,0.19372531359028305
199904,(i),WLS,b_BM,0.04420781892901805
199905,(i),WLS,b_BM,-0.06890390014050429
199906,(i),WLS,b_BM,0.004097000715717917
199907,(i),WLS,b_BM,-0.11998811930245921
199908,(i),WLS,b_BM,-0.00892988882848108
199909,(i),WLS,b_BM,-0.15279112962958016
199910,(i),WLS,b_BM,-0.0695140288954199
199911,(i),WLS,b_BM,-0.05859085009343111
199912,(i),WLS,b_BM,0.0046546772007033405
200001,(i),WLS,b_BM,-0.0020425464813776293
200002,(i),WLS,b_BM,-0.04848390345784788
200003,(i),WLS,b_BM,0.05531966058512302
200004,(i),WLS,b_BM,-0.021274860429842446
200005,(i),WLS,b_BM,-0.15676332204621984
200006,(i),WLS,b_BM,0.11687032669320746
200007,(i),WLS,b_BM,-0.04462223569423799
200008,(i),WLS,b_BM,0.14560593148820614
200009,(i),WLS,b_BM,0.07237962075053989
200010,(i),WLS,b_BM,0.13307159367613525
200011,(i),WLS,b_BM,0.2760302421725698
200012,(i),WLS,b_BM,0.0409415517828109
200101,(i),WLS,b_BM,0.23647708477553442
200102,(i),WLS,b_BM,0.14835607349981053
200103,(i),WLS,b_BM,-0.016561424159078485
200104,(i),WLS,b_BM,0.043035752574598046
200105,(i),WLS,b_BM,0.004551877151689343
200106,(i),WLS,b_BM,-0.026110720498470897
200107,(i),WLS,b_BM,0.031063471885669748
200108,(i),WLS,b_BM,-0.10499094297714893
200109,(i),WLS,b_BM,-0.07896495341582944
200110,(i),WLS,b_BM,0.03643135527029314
200111,(i),WLS,b_BM,0.08293249781857542
200112,(i),WLS,b_BM,-0.04133335184475625
200201,(i),WLS,b_BM,0.03846149455819318
200202,(i),WLS,b_BM,0.065194834756895
200203,(i),WLS,b_BM,0.0557143220633539
200204,(i),WLS,b_BM,0.024249060616229088
200205,(i),WLS,b_BM,0.019965502271425312
200206,(i),WLS,b_BM,-0.11789836666250673
200207,(i),WLS,b_BM,0.013385972732301207
200208,(i),WLS,b_BM,-0.016081474865828418
200209,(i),WLS,b_BM,-0.12022792206785032
200210,(i),WLS,b_BM,0.07112022659733615
200211,(i),WLS,b_BM,0.021604049228587892
200212,(i),WLS,b_BM,-0.008564202455706656
200301,(i),WLS,b_BM,-0.04931600597981065
200302,(i),WLS,b_BM,-0.05318188980070009
200303,(i),WLS,b_BM,0.02545753822505486
200304,(i),WLS,b_BM,0.07837067703451617
200305,(i),WLS,b_BM,0.006730447681880883
200306,(i),WLS,b_BM,0.018656810466521047
200307,(i),WLS,b_BM,0.09242428463726277
200308,(i),WLS,b_BM,-0.046076951108733416
200309,(i),WLS,b_BM,0.07877038056442918
200310,(i),WLS,b_BM,0.0426269449232174
200311,(i),WLS,b_BM,0.03312276309323582
200312,(i),WLS,b_BM,0.018364548757858045
200401,(i),WLS,b_BM,0.0008692545520794751
200402,(i),WLS,b_BM,0.0180339342999521
200403,(i),WLS,b_BM,-0.0717680814423418
200404,(i),WLS,b_BM,-0.003494514350102838
200405,(i),WLS,b_BM,0.0423256797454498
200406,(i),WLS,b_BM,0.06085474503090775
200407,(i),WLS,b_BM,0.005885567421401363
200408,(i),WLS,b_BM,0.05729137116087339
200409,(i),WLS,b_BM,0.0025439104849785264
200410,(i),WLS,b_BM,0.0711306528948393
200411,(i),WLS,b_BM,-0.028121081921007162
200412,(i),WLS,b_BM,0.008509336054472525
200501,(i),WLS,b_BM,0.05453479507142554
200502,(i),WLS,b_BM,0.0038319461478605555
200503,(i),WLS,b_BM,-0.060429517831366054
200504,(i),WLS,b_BM,0.0013996679415899003
200505,(i),WLS,b_BM,0.057514214545025644
200506,(i),WLS,b_BM,0.011984130896230438
200507,(i),WLS,b_BM,0.04085337602145479
200508,(i),WLS,b_BM,0.03679440889741592
200509,(i),WLS,b_BM,-0.056076196968715394
200510,(i),WLS,b_BM,-0.0080419073552636
200511,(i),WLS,b_BM,0.017949199592011182
200512,(i),WLS,b_BM,0.0935246818188132
200601,(i),WLS,b_BM,-0.023055751239384376
200602,(i),WLS,b_BM,0.028626459610023906
200603,(i),WLS,b_BM,0.04797136196179698
200604,(i),WLS,b_BM,0.003432759376192859
200605,(i),WLS,b_BM,0.0216330832591671
200606,(i),WLS,b_BM,0.012194939590364997
200607,(i),WLS,b_BM,-0.04488581844916503
200608,(i),WLS,b_BM,-0.01089654748187707
200609,(i),WLS,b_BM,0.016148454690865427
200610,(i),WLS,b_BM,0.02468780606323754
200611,(i),WLS,b_BM,0.025537677082429953
200612,(i),WLS,b_BM,-0.005587897446010251
200701,(i),WLS,b_BM,0.013794216098898684
200702,(i),WLS,b_BM,0.0187975138139642
200703,(i),WLS,b_BM,-0.030575249840220718
200704,(i),WLS,b_BM,0.04397532743561498
200705,(i),WLS,b_BM,0.014465019646356705
200706,(i),WLS,b_BM,-0.03152844761647652
200707,(i),WLS,b_BM,-0.03805651382113745
200708,(i),WLS,b_BM,-0.03171208178660018
200709,(i),WLS,b_BM,-0.034676455882071765
200710,(i),WLS,b_BM,-0.03535187936394145
200711,(i),WLS,b_BM,0.03191500850886924
200712,(i),WLS,b_BM,0.02015460095595585
200801,(i),WLS,b_BM,0.020858662839272346
200802,(i),WLS,b_BM,-0.010052183333038506
200803,(i),WLS,b_BM,0.0367396026766316
200804,(i),WLS,b_BM,0.04109245850711528
200805,(i),WLS,b_BM,-0.003692021690903537
200806,(i),WLS,b_BM,-0.04254562381491914
200807,(i),WLS,b_BM,0.02578075375662024
200808,(i),WLS,b_BM,-0.02204958679979854
200809,(i),WLS,b_BM,-0.09572865452751875
200810,(i),WLS,b_BM,-0.03235176091945529
200811,(i),WLS,b_BM,0.016671200011248357
200812,(i),WLS,b_BM,-0.07349215993749911
200901,(i),WLS,b_BM,-0.08505113177170588
200902,(i),WLS,b_BM,-0.02094033962634723
200903,(i),WLS,b_BM,0.14464694375304415
200904,(i),WLS,b_BM,-0.019485595701065124
200905,(i),WLS,b_BM,-0.05232469787832744
200906,(i),WLS,b_BM,0.08920919439511586
200907,(i),WLS,b_BM,0.05308891572719383
200908,(i),WLS,b_BM,0.07236923986644146
200909,(i),WLS,b_BM,-0.08795175515486202
200910,(i),WLS,b_BM,-0.04302940232012085
200911,(i),WLS,b_BM,0.08273500152062592
200912,(i),WLS,b_BM,-0.00536228991278415
201001,(i),WLS,b_BM,0.04588459725559766
201002,(i),WLS,b_BM,0.04107862120620546
201003,(i),WLS,b_BM,0.07053754802518515
201004,(i),WLS,b_BM,-0.02483717367242741
201005,(i),WLS,b_BM,-0.08849068837155963
201006,(i),WLS,b_BM,0.018660194558613296
201007,(i),WLS,b_BM,-0.013172772640063505
201008,(i),WLS,b_BM,-7.271031573100677e-05
201009,(i),WLS,b_BM,-0.0004493212040689983
201010,(i),WLS,b_BM,0.014718832611221805
201011,(i),WLS,b_BM,0.05328410672105312
201012,(i),WLS,b_BM,0.0062330912733103575
201101,(i),WLS,b_BM,0.05688329646291598
201102,(i),WLS,b_BM,0.024433769167179535
201103,(i),WLS,b_BM,-0.023963693585412206
201104,(i),WLS,b_BM,-0.017128527997258773
201105,(i),WLS,b_BM,-0.017470704147709796
201106,(i),WLS,b_BM,-0.05518732088735007
201107,(i),WLS,b_BM,-0.053485072593277366
201108,(i),WLS,b_BM,-0.04492392887507502
201109,(i),WLS,b_BM,0.05094639217515282
201110,(i),WLS,b_BM,0.02277587766105899
201111,(i),WLS,b_BM,0.037038902527467416
201112,(i),WLS,b_BM,-0.04789419039158782
201201,(i),WLS,b_BM,-0.018347558289728186
201202,(i),WLS,b_BM,-0.06343407377905681
201203,(i),WLS,b_BM,-0.004178806341736566
201204,(i),WLS,b_BM,0.010204704204862127
201205,(i),WLS,b_BM,0.035238852358623646
201206,(i),WLS,b_BM,0.012087452625465733
201207,(i),WLS,b_BM,-0.0067671854408540765
201208,(i),WLS,b_BM,0.02483078822638544
201209,(i),WLS,b_BM,0.03979881146571372
201210,(i),WLS,b_BM,-0.012491119233122995
201211,(i),WLS,b_BM,0.05249279530480309
201212,(i),WLS,b_BM,0.05759609996885773
201301,(i),WLS,b_BM,0.011217656307449964
201302,(i),WLS,b_BM,0.015011190269767773
201303,(i),WLS,b_BM,-0.011822297208324435
201304,(i),WLS,b_BM,0.013621763093515898
201305,(i),WLS,b_BM,0.01994862940070366
201306,(i),WLS,b_BM,-0.0038455718690356844
201307,(i),WLS,b_BM,-0.017283615033765208
201308,(i),WLS,b_BM,0.0009688331905732006
201309,(i),WLS,b_BM,0.03497975139347444
201310,(i),WLS,b_BM,-0.023757686637760223
201311,(i),WLS,b_BM,0.023584679660301273
201312,(i),WLS,b_BM,-0.0036424527968357645
201401,(i),WLS,b_BM,-0.012401825400536666
201402,(i),WLS,b_BM,0.061560185642757226
201403,(i),WLS,b_BM,0.01804734921669285
201404,(i),WLS,b_BM,0.007288173193413229
201405,(i),WLS,b_BM,0.027971074436175126
201406,(i),WLS,b_BM,-0.0011152049086383552
201407,(i),WLS,b_BM,-0.045554005834349307
201408,(i),WLS,b_BM,-0.0531597065092711
201409,(i),WLS,b_BM,-0.056270346897598314
201410,(i),WLS,b_BM,-0.05002117318840148
201411,(i),WLS,b_BM,0.016529510041233323
201412,(i),WLS,b_BM,-0.06422805667109088
201501,(i),WLS,b_BM,-0.00343701572274892
201502,(i),WLS,b_BM,-0.015619256044446875
201503,(i),WLS,b_BM,0.03301369802029849
201504,(i),WLS,b_BM,-0.03270041696037776
201505,(i),WLS,b_BM,-0.032431964373509495
201506,(i),WLS,b_BM,-0.11843666351895475
201507,(i),WLS,b_BM,0.020015393383754774
201508,(i),WLS,b_BM,-0.03693010144927446
201509,(i),WLS,b_BM,0.005266915888459559
201510,(i),WLS,b_BM,-0.004975709749818427
201511,(i),WLS,b_BM,-0.06534858438928995
201512,(i),WLS,b_BM,0.027328344889680747
201601,(i),WLS,b_BM,0.021252823348920556
201602,(i),WLS,b_BM,0.02540907009193906
201603,(i),WLS,b_BM,0.06690374638956365
201604,(i),WLS,b_BM,-0.029188865419629156
201605,(i),WLS,b_BM,0.03503282836526075
201606,(i),WLS,b_BM,-0.03119823354085155
201607,(i),WLS,b_BM,0.0124336850019264
201608,(i),WLS,b_BM,0.020673714293749076
201609,(i),WLS,b_BM,-0.012346938177198697
201610,(i),WLS,b_BM,0.10027830403208444
201611,(i),WLS,b_BM,0.010600620571948062
201612,(i),WLS,b_BM,-0.03957782612929065
201701,(i),WLS,b_BM,-0.060533285731530447
201702,(i),WLS,b_BM,-0.027967232048287525
201703,(i),WLS,b_BM,-0.036427303760446623
201704,(i),WLS,b_BM,-0.06455693866299435
201705,(i),WLS,b_BM,-0.011830664203545869
201706,(i),WLS,b_BM,-0.015291834655950801
201707,(i),WLS,b_BM,-0.04512303100955642
201708,(i),WLS,b_BM,0.052667782632358134
201709,(i),WLS,b_BM,-0.07765828962243103
201710,(i),WLS,b_BM,0.005107928860973095
201711,(i),WLS,b_BM,0.030230628652031123
201712,(i),WLS,b_BM,-0.09174199764814385
201801,(i),WLS,b_BM,-0.06892964188795149
201802,(i),WLS,b_BM,0.036269815349703666
201803,(i),WLS,b_BM,-0.0036342263528879653
201804,(i),WLS,b_BM,-0.01858315786200533
201805,(i),WLS,b_BM,-0.020919115195897276
201806,(i),WLS,b_BM,-0.010212145051318232
201807,(i),WLS,b_BM,-0.09570906615670233
201808,(i),WLS,b_BM,-0.002787308234919382
201809,(i),WLS,b_BM,0.06911676127182823
201810,(i),WLS,b_BM,-0.027268215125221422
201811,(i),WLS,b_BM,-0.05712818996368875
201812,(i),WLS,b_BM,0.016755195217890755
201901,(i),WLS,b_BM,-0.016493528960235638
201902,(i),WLS,b_BM,-0.05507337518041656
201903,(i),WLS,b_BM,-0.04162732742889559
201904,(i),WLS,b_BM,-0.017034799279065233
201905,(i),WLS,b_BM,0.010398700144055646
201906,(i),WLS,b_BM,-0.015240947967474912
201907,(i),WLS,b_BM,-0.05503353391388927
201908,(i),WLS,b_BM,0.06791351450570415
201909,(i),WLS,b_BM,-0.03299093941632473
201910,(i),WLS,b_BM,-0.04188374269884671
201911,(i),WLS,b_BM,-0.003244474795155882
201912,(i),WLS,b_BM,-0.14337488030417866
202001,(i),WLS,b_BM,-0.05041508933188508
202002,(i),WLS,b_BM,-0.24885715744163336
202003,(i),WLS,b_BM,-0.00010317026639620093
202004,(i),WLS,b_BM,-0.018338150491658968
202005,(i),WLS,b_BM,-0.12067778424093031
202006,(i),WLS,b_BM,-0.10018964853864153
202007,(i),WLS,b_BM,-0.1473204276776938
202008,(i),WLS,b_BM,0.03533719704441574
202009,(i),WLS,b_BM,0.03862919400841081
202010,(i),WLS,b_BM,0.11282279804253074
202011,(i),WLS,b_BM,-0.03947338568064302
202012,(i),WLS,b_BM,0.039472153637528824
202101,(i),WLS,b_BM,0.1694363493458241
202102,(i),WLS,b_BM,0.06615557672605758
202103,(i),WLS,b_BM,-0.06841435882128162
202104,(i),WLS,b_BM,0.09603184000024541
202105,(i),WLS,b_BM,-0.12338052014879651
202106,(i),WLS,b_BM,-0.0752895757034888
202107,(i),WLS,b_BM,-0.0721250317780613
202108,(i),WLS,b_BM,0.06156090256317221
202109,(i),WLS,b_BM,-0.10960529163385452
202110,(i),WLS,b_BM,-0.09555719279528
202111,(i),WLS,b_BM,0.08746696067672853
202112,(i),WLS,b_BM,0.15235367688932966
202201,(i),WLS,b_BM,0.07732489535435214
202202,(i),WLS,b_BM,-0.027984495463446394
202203,(i),WLS,b_BM,0.12875685109949148
202204,(i),WLS,b_BM,0.14691909557417135
202205,(i),WLS,b_BM,-0.04440740618611598
202206,(i),WLS,b_BM,-0.13977723355990193
202207,(i),WLS,b_BM,0.05104589618017339
202208,(i),WLS,b_BM,-0.0023251603544004367
202209,(i),WLS,b_BM,0.16649272955228195
202210,(i),WLS,b_BM,0.0075049321765906065
202211,(i),WLS,b_BM,0.06539086037759635
202212,(i),WLS,b_BM,-0.051468521070510115
202301,(i),WLS,b_BM,-0.07727175916660167
202302,(i),WLS,b_BM,-0.1405611651389848
202303,(i),WLS,b_BM,-0.006518288965429447
202304,(i),WLS,b_BM,-0.21768221872825252
202305,(i),WLS,b_BM,-0.022186843452591472
202306,(i),WLS,b_BM,0.0414291551721727
202307,(i),WLS,b_BM,-0.05436630019296264
202308,(i),WLS,b_BM,0.04803644286647197
202309,(i),WLS,b_BM,-0.06069465000048562
202310,(i),WLS,b_BM,-0.04734256725601549
202311,(i),WLS,b_BM,0.05041406154143387
202312,(i),WLS,b_BM,-0.06290427268134659
202401,(i),WLS,b_BM,-0.06804016216716895
202402,(i),WLS,b_BM,0.03682921226600978
202403,(i),WLS,b_BM,-0.04442884793621942
202404,(i),WLS,b_BM,-0.0792064279117898
202405,(i),WLS,b_BM,-0.15655956671193172
202406,(i),WLS,b_BM,0.13030563360976374
202407,(i),WLS,b_BM,-0.04262239477648945
202408,(i),WLS,b_BM,-0.02901801418689216
202409,(i),WLS,b_BM,-0.022340184896676954
202410,(i),WLS,b_BM,-0.009237882638330272
202411,(i),WLS,b_BM,-0.1452075113244742
197307,(ii),OLS,a,-0.04236997764786168
197308,(ii),OLS,a,0.10446086301025737
197309,(ii),OLS,a,0.034147062696858826
197310,(ii),OLS,a,-0.17738775567603515
197311,(ii),OLS,a,-0.004553426587581926
197312,(ii),OLS,a,0.16338693319575992
197401,(ii),OLS,a,0.01045611278211476
197402,(ii),OLS,a,-0.014349017694060082
197403,(ii),OLS,a,-0.05000677329141219
197404,(ii),OLS,a,-0.08976329020240936
197405,(ii),OLS,a,-0.012409708203197043
197406,(ii),OLS,a,-0.02698334639977846
197407,(ii),OLS,a,-0.0722432428707056
197408,(ii),OLS,a,-0.0997462134043712
197409,(ii),OLS,a,0.12100828036350553
197410,(ii),OLS,a,-0.05381273219525384
197411,(ii),OLS,a,-0.08464934033528393
197412,(ii),OLS,a,0.29383553000760093
197501,(ii),OLS,a,0.05246098199954242
197502,(ii),OLS,a,0.07952628368568655
197503,(ii),OLS,a,0.04192865312657056
197504,(ii),OLS,a,0.07029273777867098
197505,(ii),OLS,a,0.08072854580873584
197506,(ii),OLS,a,-0.015974833882867422
197507,(ii),OLS,a,-0.0589132124280888
197508,(ii),OLS,a,-0.051946403684120325
197509,(ii),OLS,a,-0.005450957467214421
197510,(ii),OLS,a,0.0015252622545898174
197511,(ii),OLS,a,-0.003180591284110329
197512,(ii),OLS,a,0.24197508687434532
197601,(ii),OLS,a,0.12209422134308584
197602,(ii),OLS,a,0.0005681111098325835
197603,(ii),OLS,a,-0.008932933243999002
197604,(ii),OLS,a,-0.017749729393526564
197605,(ii),OLS,a,0.0474281524961672
197606,(ii),OLS,a,-0.012552209967327036
197607,(ii),OLS,a,-0.03244443634175498
197608,(ii),OLS,a,0.01742954585899819
197609,(ii),OLS,a,-0.025375549290268008
197610,(ii),OLS,a,0.027622723429298265
197611,(ii),OLS,a,0.10004300387269871
197612,(ii),OLS,a,0.04175423396927824
197701,(ii),OLS,a,-0.01155549541523682
197702,(ii),OLS,a,0.013224203275431827
197703,(ii),OLS,a,0.021124621206803917
197704,(ii),OLS,a,-0.005149387629395475
197705,(ii),OLS,a,0.0550901554616967
197706,(ii),OLS,a,-0.010354103474286076
197707,(ii),OLS,a,-0.03643444425573327
197708,(ii),OLS,a,0.00045486446888898035
197709,(ii),OLS,a,-0.03922237543708529
197710,(ii),OLS,a,0.071610956379822
197711,(ii),OLS,a,0.013605741076409309
197712,(ii),OLS,a,-0.01687680098294136
197801,(ii),OLS,a,0.011623333382363845
197802,(ii),OLS,a,0.07259031572897254
197803,(ii),OLS,a,0.07913176187639041
197804,(ii),OLS,a,0.05685756476178381
197805,(ii),OLS,a,-0.008736247064884833
197806,(ii),OLS,a,0.05689217331162874
197807,(ii),OLS,a,0.07375688982893701
197808,(ii),OLS,a,0.006500150687872356
197809,(ii),OLS,a,-0.20074962908592753
197810,(ii),OLS,a,0.041852181335616176
197811,(ii),OLS,a,-0.0026845337158912844
197812,(ii),OLS,a,0.11141810376355665
197901,(ii),OLS,a,-0.027602862182901432
197902,(ii),OLS,a,0.09553682577487381
197903,(ii),OLS,a,0.028624945666638712
197904,(ii),OLS,a,-0.01876115773232687
197905,(ii),OLS,a,0.06821917182070031
197906,(ii),OLS,a,0.015650770739757566
197907,(ii),OLS,a,0.0722481973875921
197908,(ii),OLS,a,-0.0024506076994551085
197909,(ii),OLS,a,-0.11018116336590938
197910,(ii),OLS,a,0.06723070895640973
197911,(ii),OLS,a,0.07224777773805163
197912,(ii),OLS,a,0.13588282994084666
198001,(ii),OLS,a,-0.013084906962052086
198002,(ii),OLS,a,-0.19844067831596074
198003,(ii),OLS,a,0.032417520719622235
198004,(ii),OLS,a,0.055299072738725336
198005,(ii),OLS,a,0.03768162424835638
198006,(ii),OLS,a,0.08764692117270612
198007,(ii),OLS,a,0.06269923640096832
198008,(ii),OLS,a,0.0351087802741382
198009,(ii),OLS,a,0.024625211681676876
198010,(ii),OLS,a,0.07050017645500317
198011,(ii),OLS,a,-0.07222015225640613
198012,(ii),OLS,a,-0.003973157900839397
198101,(ii),OLS,a,0.010426245137069683
198102,(ii),OLS,a,0.06727515117677972
198103,(ii),OLS,a,-0.0072071321034629515
198104,(ii),OLS,a,0.013818684049486456
198105,(ii),OLS,a,-0.024144592823989952
198106,(ii),OLS,a,-0.02530675896575802
198107,(ii),OLS,a,-0.09301637741558047
198108,(ii),OLS,a,-0.11106769440509921
198109,(ii),OLS,a,0.06030427770587455
198110,(ii),OLS,a,0.0036728092835628216
198111,(ii),OLS,a,-0.04874247042589843
198112,(ii),OLS,a,-0.03722160311136925
198201,(ii),OLS,a,-0.06205545636179243
198202,(ii),OLS,a,-0.040676448747221546
198203,(ii),OLS,a,0.03140490795237822
198204,(ii),OLS,a,-0.047863776548058526
198205,(ii),OLS,a,-0.04477191451515174
198206,(ii),OLS,a,-0.03853332021755356
198207,(ii),OLS,a,0.06689380826564954
198208,(ii),OLS,a,-0.004569152086722671
198209,(ii),OLS,a,0.1185021209589386
198210,(ii),OLS,a,0.06165527113974719
198211,(ii),OLS,a,0.009682618881178285
198212,(ii),OLS,a,0.12077898718687151
198301,(ii),OLS,a,0.02906876617738066
198302,(ii),OLS,a,0.035618522656880695
198303,(ii),OLS,a,0.062295758908434744
198304,(ii),OLS,a,0.09561728559573293
198305,(ii),OLS,a,0.040054261991391206
198306,(ii),OLS,a,-0.0170856401581616
198307,(ii),OLS,a,-0.037260459198543434
198308,(ii),OLS,a,-0.01784605629437906
198309,(ii),OLS,a,-0.06016822559132952
198310,(ii),OLS,a,0.025751357080023567
198311,(ii),OLS,a,-0.01817350807728611
198312,(ii),OLS,a,0.017709916900593897
198401,(ii),OLS,a,-0.05605784157140328
198402,(ii),OLS,a,0.005323761816938623
198403,(ii),OLS,a,-0.03339418101665036
198404,(ii),OLS,a,-0.06806357305956201
198405,(ii),OLS,a,-0.012211768335623636
198406,(ii),OLS,a,-0.07586936559845633
198407,(ii),OLS,a,0.07533080417409467
198408,(ii),OLS,a,-0.016325461484769307
198409,(ii),OLS,a,-0.059240933259231854
198410,(ii),OLS,a,-0.0590767736888651
198411,(ii),OLS,a,-0.02307455206476467
198412,(ii),OLS,a,0.1112256151516404
198501,(ii),OLS,a,0.03391514012147959
198502,(ii),OLS,a,-0.02538257414518082
198503,(ii),OLS,a,-0.030331814437094835
198504,(ii),OLS,a,0.0008296553552669849
198505,(ii),OLS,a,-0.023419237384208234
198506,(ii),OLS,a,0.01652630710838088
198507,(ii),OLS,a,-0.012450161478168647
198508,(ii),OLS,a,-0.07379506862554315
198509,(ii),OLS,a,-0.008085626402515094
198510,(ii),OLS,a,0.020439180170577755
198511,(ii),OLS,a,-0.01286558808294105
198512,(ii),OLS,a,0.02510699691242079
198601,(ii),OLS,a,0.03377909432193966
198602,(ii),OLS,a,0.03237025550947803
198603,(ii),OLS,a,-0.010599392721748537
198604,(ii),OLS,a,0.009551516946453733
198605,(ii),OLS,a,-0.014483282116251078
198606,(ii),OLS,a,-0.09694693852659733
198607,(ii),OLS,a,0.03500776957112247
198608,(ii),OLS,a,-0.04091221447005559
198609,(ii),OLS,a,0.013037876246812232
198610,(ii),OLS,a,-0.027172761012395047
198611,(ii),OLS,a,-0.05321522508141634
198612,(ii),OLS,a,0.1378457575129478
198701,(ii),OLS,a,0.07136041198450815
198702,(ii),OLS,a,0.06400080131644348
198703,(ii),OLS,a,-0.010009310882509281
198704,(ii),OLS,a,0.015031670226461971
198705,(ii),OLS,a,0.017950902401108765
198706,(ii),OLS,a,0.07942327712343687
198707,(ii),OLS,a,-0.01654544459781132
198708,(ii),OLS,a,-0.017073752209439942
198709,(ii),OLS,a,-0.30409745868063626
198710,(ii),OLS,a,-0.05927000107668513
198711,(ii),OLS,a,0.012886889407683465
198712,(ii),OLS,a,0.07809417638965034
198801,(ii),OLS,a,0.05959252142128929
198802,(ii),OLS,a,0.038797614200583835
198803,(ii),OLS,a,0.016504352637452115
198804,(ii),OLS,a,-0.03358864110677285
198805,(ii),OLS,a,0.03876624743578796
198806,(ii),OLS,a,-0.014181635244503018
198807,(ii),OLS,a,-0.03797080316054547
198808,(ii),OLS,a,0.0056225611509622435
198809,(ii),OLS,a,-0.031484069798891325
198810,(ii),OLS,a,-0.05524106146131585
198811,(ii),OLS,a,0.017252098591118214
198812,(ii),OLS,a,0.05892206414080772
198901,(ii),OLS,a,-0.010435955724702881
198902,(ii),OLS,a,0.02469699441515482
198903,(ii),OLS,a,0.03025675802682384
198904,(ii),OLS,a,0.016102733324862298
198905,(ii),OLS,a,-0.0213444060078452
198906,(ii),OLS,a,0.019769437487692863
198907,(ii),OLS,a,0.014180642239359626
198908,(ii),OLS,a,-0.01043406566142042
198909,(ii),OLS,a,-0.06858151457904281
198910,(ii),OLS,a,-0.010359720561391035
198911,(ii),OLS,a,-0.014901880234101161
198912,(ii),OLS,a,-0.0517440076964258
199001,(ii),OLS,a,0.027694221157286775
199002,(ii),OLS,a,0.015503114243277608
199003,(ii),OLS,a,-0.042583239841875675
199004,(ii),OLS,a,0.04884754319687076
199005,(ii),OLS,a,-0.0009748155111584713
199006,(ii),OLS,a,-0.019711443462502747
199007,(ii),OLS,a,-0.11192595471151308
199008,(ii),OLS,a,-0.07494525836706974
199009,(ii),OLS,a,-0.07467226921968304
199010,(ii),OLS,a,0.02398093424027899
199011,(ii),OLS,a,-0.026768396230805926
199012,(ii),OLS,a,0.09926650656710441
199101,(ii),OLS,a,0.13437351187756383
199102,(ii),OLS,a,0.06946692902223053
199103,(ii),OLS,a,-0.0029330000403516064
199104,(ii),OLS,a,0.024003648591748916
199105,(ii),OLS,a,-0.046286660679924464
199106,(ii),OLS,a,0.02995428466473766
199107,(ii),OLS,a,0.005998364064133732
199108,(ii),OLS,a,0.0010010084572475084
199109,(ii),OLS,a,0.031100211747818872
199110,(ii),OLS,a,-0.04190458802730194
199111,(ii),OLS,a,0.027068792546355292
199112,(ii),OLS,a,0.14638150466054436
199201,(ii),OLS,a,0.03245419558224535
199202,(ii),OLS,a,-0.02154254691277384
199203,(ii),OLS,a,-0.03226459214202725
199204,(ii),OLS,a,0.0001697849217834117
199205,(ii),OLS,a,-0.043899752922398734
199206,(ii),OLS,a,0.025544210301524872
199207,(ii),OLS,a,-0.03996468091528114
199208,(ii),OLS,a,0.025437181983256656
199209,(ii),OLS,a,-0.001352708145118241
199210,(ii),OLS,a,0.049267538677727506
199211,(ii),OLS,a,0.020705981584818768
199212,(ii),OLS,a,0.06175668404560194
199301,(ii),OLS,a,0.0036608543923854022
199302,(ii),OLS,a,0.030369836950687484
199303,(ii),OLS,a,-0.009920223999636523
199304,(ii),OLS,a,0.05418451260180722
199305,(ii),OLS,a,0.016821640439434248
199306,(ii),OLS,a,0.011345683474697013
199307,(ii),OLS,a,0.05622073774666651
199308,(ii),OLS,a,0.01419362783463175
199309,(ii),OLS,a,0.05226470560263791
199310,(ii),OLS,a,-0.03505865569707143
199311,(ii),OLS,a,0.009717472782359775
199312,(ii),OLS,a,0.07538362905105796
199401,(ii),OLS,a,-0.007039375925295777
199402,(ii),OLS,a,-0.05036353479638887
199403,(ii),OLS,a,-0.014086804947086442
199404,(ii),OLS,a,0.005938717289950043
199405,(ii),OLS,a,-0.03608960591126138
199406,(ii),OLS,a,0.021227998990861325
199407,(ii),OLS,a,0.024200246209771997
199408,(ii),OLS,a,0.0019953626199467646
199409,(ii),OLS,a,-0.010455823520041499
199410,(ii),OLS,a,-0.06105877127284626
199411,(ii),OLS,a,-0.030957334448291993
199412,(ii),OLS,a,0.03596086061646919
199501,(ii),OLS,a,0.02715770965232936
199502,(ii),OLS,a,0.01441862222701304
199503,(ii),OLS,a,0.018077602135001456
199504,(ii),OLS,a,0.0284524989979929
199505,(ii),OLS,a,0.03828178801765439
199506,(ii),OLS,a,0.02916776099965299
199507,(ii),OLS,a,0.039794090130933754
199508,(ii),OLS,a,0.026171094947796278
199509,(ii),OLS,a,-0.07318025655045683
199510,(ii),OLS,a,0.011333923105095445
199511,(ii),OLS,a,0.02930684985613762
199512,(ii),OLS,a,0.047231580656525156
199601,(ii),OLS,a,0.02502032413343802
199602,(ii),OLS,a,0.028334022435586987
199603,(ii),OLS,a,0.056843451944140685
199604,(ii),OLS,a,0.06475875743877295
199605,(ii),OLS,a,-0.03881634220704448
199606,(ii),OLS,a,-0.09922634749560628
199607,(ii),OLS,a,0.0448204309205625
199608,(ii),OLS,a,0.02421676095226226
199609,(ii),OLS,a,-0.02989613631617358
199610,(ii),OLS,a,0.018861913105142573
199611,(ii),OLS,a,-0.006977706481658689
199612,(ii),OLS,a,0.07124807496059601
199701,(ii),OLS,a,-0.029640412243707125
199702,(ii),OLS,a,-0.047870198056848536
199703,(ii),OLS,a,-0.03964315676306242
199704,(ii),OLS,a,0.09364167417850978
199705,(ii),OLS,a,0.034467973672831345
199706,(ii),OLS,a,0.03966639094121595
199707,(ii),OLS,a,0.0342241130160166
199708,(ii),OLS,a,0.10131687266550289
199709,(ii),OLS,a,-0.02855234016914028
199710,(ii),OLS,a,-0.051824168778594484
199711,(ii),OLS,a,-0.04937189934266918
199712,(ii),OLS,a,0.01240343144199134
199801,(ii),OLS,a,0.05251906235389056
199802,(ii),OLS,a,0.04319465515800663
199803,(ii),OLS,a,0.007756378565834088
199804,(ii),OLS,a,-0.056831962213064385
199805,(ii),OLS,a,-0.06339275272153141
199806,(ii),OLS,a,-0.07584423399137594
199807,(ii),OLS,a,-0.21995035174117453
199808,(ii),OLS,a,0.04726183941780134
199809,(ii),OLS,a,0.04409542150676385
199810,(ii),OLS,a,0.025404830131808342
199811,(ii),OLS,a,-0.019851293561999467
199812,(ii),OLS,a,0.047167704647934926
199901,(ii),OLS,a,-0.0640696272131136
199902,(ii),OLS,a,0.004460782440879473
199903,(ii),OLS,a,0.1128796382943679
199904,(ii),OLS,a,0.030397792498106636
199905,(ii),OLS,a,0.03056588647485303
199906,(ii),OLS,a,0.016369318567993715
199907,(ii),OLS,a,-0.037136665835209005
199908,(ii),OLS,a,-0.03683843945860266
199909,(ii),OLS,a,-0.0450291485419126
199910,(ii),OLS,a,0.08249230924390194
199911,(ii),OLS,a,0.1012670990632579
199912,(ii),OLS,a,0.07752011983041447
200001,(ii),OLS,a,0.13782248417970083
200002,(ii),OLS,a,0.023961120455253032
200003,(ii),OLS,a,-0.07147293399708762
200004,(ii),OLS,a,-0.05465773166868797
200005,(ii),OLS,a,0.07707601811241489
200006,(ii),OLS,a,-0.016035258754323885
200007,(ii),OLS,a,0.07069440451168532
200008,(ii),OLS,a,-0.052090261119757945
200009,(ii),OLS,a,-0.0820785512651089
200010,(ii),OLS,a,-0.13288957014357872
200011,(ii),OLS,a,0.016890801852447658
200012,(ii),OLS,a,0.21513491069434953
200101,(ii),OLS,a,-0.07451476664009715
200102,(ii),OLS,a,-0.06068510129984741
200103,(ii),OLS,a,0.07405445622902875
200104,(ii),OLS,a,0.07586187144434427
200105,(ii),OLS,a,-0.015131490872837248
200106,(ii),OLS,a,-0.0404057146063923
200107,(ii),OLS,a,-0.05229931414736081
200108,(ii),OLS,a,-0.17102769509837398
200109,(ii),OLS,a,0.07284580580083219
200110,(ii),OLS,a,0.0508655688354845
200111,(ii),OLS,a,0.05217531208347565
200112,(ii),OLS,a,-0.0036506826862821875
200201,(ii),OLS,a,-0.03567433159243661
200202,(ii),OLS,a,0.09941228882640346
200203,(ii),OLS,a,-0.01742094524649022
200204,(ii),OLS,a,-0.022639066202697913
200205,(ii),OLS,a,-0.09149272307581763
200206,(ii),OLS,a,-0.12729435633425298
200207,(ii),OLS,a,-0.020913236207030974
200208,(ii),OLS,a,-0.11024043142622579
200209,(ii),OLS,a,0.0429205903008944
200210,(ii),OLS,a,0.17130466313227408
200211,(ii),OLS,a,-0.07495524996586896
200212,(ii),OLS,a,-0.01798012792160279
200301,(ii),OLS,a,-0.038717715379097115
200302,(ii),OLS,a,-0.0025838983247493522
200303,(ii),OLS,a,0.12190495493086274
200304,(ii),OLS,a,0.17950763775041476
200305,(ii),OLS,a,0.0424663444269941
200306,(ii),OLS,a,0.04933708044464096
200307,(ii),OLS,a,0.0610766398332651
200308,(ii),OLS,a,0.03265787969563732
200309,(ii),OLS,a,0.08778547774839243
200310,(ii),OLS,a,0.0323266515810684
200311,(ii),OLS,a,0.07572908255998341
200312,(ii),OLS,a,0.09015566688544126
200401,(ii),OLS,a,-0.002124278851427601
200402,(ii),OLS,a,-0.003761806805074974
200403,(ii),OLS,a,-0.03146984758714025
200404,(ii),OLS,a,-8.652847484202446e-05
200405,(ii),OLS,a,0.03450535957663855
200406,(ii),OLS,a,-0.07447511802701982
200407,(ii),OLS,a,-0.02090167135030201
200408,(ii),OLS,a,0.044595312604027625
200409,(ii),OLS,a,0.01223467751874416
200410,(ii),OLS,a,0.09218069682845177
200411,(ii),OLS,a,0.06724677290074652
200412,(ii),OLS,a,-0.04753603274554746
200501,(ii),OLS,a,0.023454547805894656
200502,(ii),OLS,a,-0.04967634084258668
200503,(ii),OLS,a,-0.0738346184400853
200504,(ii),OLS,a,0.04613910551587329
200505,(ii),OLS,a,0.02812905504596824
200506,(ii),OLS,a,0.08239451980697184
200507,(ii),OLS,a,-0.009619281314909335
200508,(ii),OLS,a,0.013161480560417986
200509,(ii),OLS,a,-0.04560996519850585
200510,(ii),OLS,a,0.030535138485755585
200511,(ii),OLS,a,0.002157693424070121
200512,(ii),OLS,a,0.10828927235620656
200601,(ii),OLS,a,-0.010609718728894857
200602,(ii),OLS,a,0.04600212498067683
200603,(ii),OLS,a,0.008781854749729718
200604,(ii),OLS,a,-0.060749153178095344
200605,(ii),OLS,a,-0.019209942376110088
200606,(ii),OLS,a,-0.057439831880727016
200607,(ii),OLS,a,0.031426022678372606
200608,(ii),OLS,a,-0.024957510155396222
200609,(ii),OLS,a,0.05396428588810162
200610,(ii),OLS,a,0.03745411240951653
200611,(ii),OLS,a,0.003832102365983873
200612,(ii),OLS,a,0.021055733988504695
200701,(ii),OLS,a,0.0031487787327726343
200702,(ii),OLS,a,-0.003411504378677519
200703,(ii),OLS,a,0.037614786142526176
200704,(ii),OLS,a,0.0243590291952944
200705,(ii),OLS,a,-0.008614067258296134
200706,(ii),OLS,a,-0.050364836025490904
200707,(ii),OLS,a,-0.01840789574258447
200708,(ii),OLS,a,0.012982207784461769
200709,(ii),OLS,a,0.03271071493049906
200710,(ii),OLS,a,-0.10293129087535156
200711,(ii),OLS,a,-0.013102136612222698
200712,(ii),OLS,a,-0.055309837394723414
200801,(ii),OLS,a,-0.005231933355046059
200802,(ii),OLS,a,-0.01869765141414415
200803,(ii),OLS,a,0.030208524760695556
200804,(ii),OLS,a,0.05496989306285086
200805,(ii),OLS,a,-0.08140967756974096
200806,(ii),OLS,a,0.0012750331811606532
200807,(ii),OLS,a,0.0032386930734310203
200808,(ii),OLS,a,-0.16311092941802016
200809,(ii),OLS,a,-0.2652061342400039
200810,(ii),OLS,a,-0.14420030172521045
200811,(ii),OLS,a,0.0419663366949809
200812,(ii),OLS,a,-0.02087980864274665
200901,(ii),OLS,a,-0.15277308200554238
200902,(ii),OLS,a,0.11544014101038602
200903,(ii),OLS,a,0.27297356332506695
200904,(ii),OLS,a,0.1294945346477698
200905,(ii),OLS,a,0.03487301528298889
200906,(ii),OLS,a,0.11852301881346536
200907,(ii),OLS,a,0.08615130447505005
200908,(ii),OLS,a,0.10594908908897024
200909,(ii),OLS,a,-0.09095743928926792
200910,(ii),OLS,a,0.046873524431720534
200911,(ii),OLS,a,0.08566362425009426
200912,(ii),OLS,a,-0.01287701249975375
201001,(ii),OLS,a,0.036158007222079666
201002,(ii),OLS,a,0.07091198798567376
201003,(ii),OLS,a,0.08400769804594667
201004,(ii),OLS,a,-0.09611721138537598
201005,(ii),OLS,a,-0.08501001877677222
201006,(ii),OLS,a,0.09207860015236931
201007,(ii),OLS,a,-0.07648785199120466
201008,(ii),OLS,a,0.10730056249546331
201009,(ii),OLS,a,0.054189581177990116
201010,(ii),OLS,a,0.03339646730927838
201011,(ii),OLS,a,0.1081381208336782
201012,(ii),OLS,a,0.035599638898594174
201101,(ii),OLS,a,0.05942996465814806
201102,(ii),OLS,a,0.015319496358003316
201103,(ii),OLS,a,0.006420462453057272
201104,(ii),OLS,a,-0.03284854502346248
201105,(ii),OLS,a,-0.03337721520391563
201106,(ii),OLS,a,-0.03439950594135056
201107,(ii),OLS,a,-0.11362460680833046
201108,(ii),OLS,a,-0.1520011731818145
201109,(ii),OLS,a,0.15604442905224475
201110,(ii),OLS,a,-0.008867753292764973
201111,(ii),OLS,a,-0.0067223462177941696
201112,(ii),OLS,a,0.11395333880205187
201201,(ii),OLS,a,0.042402864602928074
201202,(ii),OLS,a,0.006442310994425389
201203,(ii),OLS,a,-0.014522128172151434
201204,(ii),OLS,a,-0.09772624260738087
201205,(ii),OLS,a,0.05428950145173332
201206,(ii),OLS,a,-0.0082546964183222
201207,(ii),OLS,a,0.027805360597070373
201208,(ii),OLS,a,0.04440662200925344
201209,(ii),OLS,a,-0.025566994304589686
201210,(ii),OLS,a,0.007115908281676127
201211,(ii),OLS,a,0.031198269959974732
201212,(ii),OLS,a,0.08222917694083882
201301,(ii),OLS,a,0.0044714165881408145
201302,(ii),OLS,a,0.044449204772123135
201303,(ii),OLS,a,-0.013132331695760889
201304,(ii),OLS,a,0.05882262265343667
201305,(ii),OLS,a,-0.01813714344964324
201306,(ii),OLS,a,0.07785606352726086
201307,(ii),OLS,a,-0.01582849562851198
201308,(ii),OLS,a,0.0788514377012334
201309,(ii),OLS,a,0.024517543090575356
201310,(ii),OLS,a,0.03643484649025488
201311,(ii),OLS,a,0.04048212159537197
201312,(ii),OLS,a,0.00699974326851819
201401,(ii),OLS,a,0.06743390768402216
201402,(ii),OLS,a,0.009762834173195779
201403,(ii),OLS,a,-0.033829629192772985
201404,(ii),OLS,a,0.0028680395734861724
201405,(ii),OLS,a,0.06725071758726012
201406,(ii),OLS,a,-0.05789605004474619
201407,(ii),OLS,a,0.03809609370577328
201408,(ii),OLS,a,-0.08551509828052972
201409,(ii),OLS,a,-0.005453654880987569
201410,(ii),OLS,a,-0.02562435692882152
201411,(ii),OLS,a,-0.019196477149867833
201412,(ii),OLS,a,-0.037237851829633725
201501,(ii),OLS,a,0.11288719589894586
201502,(ii),OLS,a,-0.019489584360411292
201503,(ii),OLS,a,0.019534730275811107
201504,(ii),OLS,a,-0.00624023196517378
201505,(ii),OLS,a,-0.029651685960698948
201506,(ii),OLS,a,-0.07374013061156465
201507,(ii),OLS,a,-0.03832271055718346
201508,(ii),OLS,a,-0.10619687843039222
201509,(ii),OLS,a,0.0714925721448422
201510,(ii),OLS,a,0.026742320177745794
201511,(ii),OLS,a,-0.09301503267730601
201512,(ii),OLS,a,-0.11853664977602181
201601,(ii),OLS,a,0.008169914919941857
201602,(ii),OLS,a,0.11432191039908282
201603,(ii),OLS,a,0.07805438835411935
201604,(ii),OLS,a,-0.0019435772109452174
201605,(ii),OLS,a,-0.006430733789950969
201606,(ii),OLS,a,0.0577547962910105
201607,(ii),OLS,a,0.020683349373601445
201608,(ii),OLS,a,0.04026913242061766
201609,(ii),OLS,a,-0.08279362602922252
201610,(ii),OLS,a,0.11269453741093058
201611,(ii),OLS,a,0.005263180973323705
201612,(ii),OLS,a,0.036525410287297125
201701,(ii),OLS,a,-0.0009903079807859093
201702,(ii),OLS,a,0.0027641677786823427
201703,(ii),OLS,a,-0.009384759251604556
201704,(ii),OLS,a,-0.03289460324009894
201705,(ii),OLS,a,0.03735144064295854
201706,(ii),OLS,a,0.0005705449169991351
201707,(ii),OLS,a,-0.022861711241708316
201708,(ii),OLS,a,0.09408964677328392
201709,(ii),OLS,a,0.0037188723721134106
201710,(ii),OLS,a,0.0226507779760115
201711,(ii),OLS,a,0.017802582922547088
201712,(ii),OLS,a,0.040093727159281056
201801,(ii),OLS,a,-0.06481980726172783
201802,(ii),OLS,a,-0.012089313222440796
201803,(ii),OLS,a,0.005530309893659176
201804,(ii),OLS,a,0.039577037330292913
201805,(ii),OLS,a,-0.01787303292865363
201806,(ii),OLS,a,-0.0012132569041377543
201807,(ii),OLS,a,5.00804820329632e-05
201808,(ii),OLS,a,-0.01842373149051589
201809,(ii),OLS,a,-0.13141100985792345
201810,(ii),OLS,a,-0.019369017125977498
201811,(ii),OLS,a,-0.17022588149819773
201812,(ii),OLS,a,0.1637490061032279
201901,(ii),OLS,a,0.04604838433187761
201902,(ii),OLS,a,-0.00924413940864953
201903,(ii),OLS,a,0.01891638963837134
201904,(ii),OLS,a,-0.09960060535929512
201905,(ii),OLS,a,0.06216065790200307
201906,(ii),OLS,a,-0.021088262478042612
201907,(ii),OLS,a,-0.07487509275171103
201908,(ii),OLS,a,0.009771168399698002
201909,(ii),OLS,a,-0.019308392625948138
201910,(ii),OLS,a,0.050488860649585715
201911,(ii),OLS,a,0.07355943392396228
201912,(ii),OLS,a,-0.01685844414072584
202001,(ii),OLS,a,-0.08290526914736639
202002,(ii),OLS,a,-0.26462933659304916
202003,(ii),OLS,a,0.2505668423944797
202004,(ii),OLS,a,0.07550105383365079
202005,(ii),OLS,a,0.07253196350387081
202006,(ii),OLS,a,0.03926769401102051
202007,(ii),OLS,a,0.04992170313903502
202008,(ii),OLS,a,-0.03692536162006215
202009,(ii),OLS,a,0.00019747716106652643
202010,(ii),OLS,a,0.26348378643233134
202011,(ii),OLS,a,0.10384038880862538
202012,(ii),OLS,a,0.14691688828655752
202101,(ii),OLS,a,0.1265346288623197
202102,(ii),OLS,a,0.029159555843516476
202103,(ii),OLS,a,-0.0015673699568135514
202104,(ii),OLS,a,0.03269335626252945
202105,(ii),OLS,a,0.025480556722165308
202106,(ii),OLS,a,-0.07285740132053325
202107,(ii),OLS,a,0.028678324985407948
202108,(ii),OLS,a,-0.004992209009902825
202109,(ii),OLS,a,0.018852535813790067
202110,(ii),OLS,a,-0.0932292348934085
202111,(ii),OLS,a,-0.005108355958306057
202112,(ii),OLS,a,-0.059431890481137575
202201,(ii),OLS,a,0.035396540532460524
202202,(ii),OLS,a,0.0629552367557648
202203,(ii),OLS,a,-0.12849482043364877
202204,(ii),OLS,a,-0.011911788205892988
202205,(ii),OLS,a,-0.07360220018772379
202206,(ii),OLS,a,0.06680973382353765
202207,(ii),OLS,a,0.007938556958235386
202208,(ii),OLS,a,-0.13903086042515558
202209,(ii),OLS,a,0.07846249148204541
202210,(ii),OLS,a,0.0006275862880174077
202211,(ii),OLS,a,-0.05934577015626116
202212,(ii),OLS,a,0.17700377103385592
202301,(ii),OLS,a,-0.07075259519162634
202302,(ii),OLS,a,-0.07071906895086905
202303,(ii),OLS,a,-0.029451247726688497
202304,(ii),OLS,a,0.0066434635960704175
202305,(ii),OLS,a,0.05426713859490297
202306,(ii),OLS,a,0.033919338493471195
202307,(ii),OLS,a,-0.0852621773310044
202308,(ii),OLS,a,-0.09148039318541185
202309,(ii),OLS,a,-0.11271116101935516
202310,(ii),OLS,a,0.0601302841428218
202311,(ii),OLS,a,0.12952043529429935
202312,(ii),OLS,a,-0.041067183898125366
202401,(ii),OLS,a,0.06898823384973503
202402,(ii),OLS,a,0.03360998299009212
202403,(ii),OLS,a,-0.09140312787942327
202404,(ii),OLS,a,0.02622220483673117
202405,(ii),OLS,a,-0.05947377715536919
202406,(ii),OLS,a,0.09033472541002091
202407,(ii),OLS,a,-0.03565766499828539
202408,(ii),OLS,a,-1.3432519782452122e-05
202409,(ii),OLS,a,-0.005641840232590108
202410,(ii),OLS,a,0.0707775115409345
202411,(ii),OLS,a,-0.04444394269933508
197307,(ii),OLS,b_GP,-0.022264048831300755
197308,(ii),OLS,b_GP,-0.03409853979319627
197309,(ii),OLS,b_GP,-0.06719489261989926
197310,(ii),OLS,b_GP,-0.040637155438049
197311,(ii),OLS,b_GP,-0.06671139810819848
197312,(ii),OLS,b_GP,-0.05362490321314749
197401,(ii),OLS,b_GP,-0.019375447629809917
197402,(ii),OLS,b_GP,0.021547674252433972
197403,(ii),OLS,b_GP,-0.0048384919911914626
197404,(ii),OLS,b_GP,0.028024149146719555
197405,(ii),OLS,b_GP,-0.03217809327795275
197406,(ii),OLS,b_GP,-0.050582590412699156
197407,(ii),OLS,b_GP,-0.018750791493038425
197408,(ii),OLS,b_GP,-0.0001296866490124928
197409,(ii),OLS,b_GP,-0.029067278875643886
197410,(ii),OLS,b_GP,-0.004404907687063518
197411,(ii),OLS,b_GP,0.009745326266525018
197412,(ii),OLS,b_GP,0.009409724450702501
197501,(ii),OLS,b_GP,-0.012788281032590628
197502,(ii),OLS,b_GP,0.026918525312533484
197503,(ii),OLS,b_GP,-0.008423305409308341
197504,(ii),OLS,b_GP,-0.006353106148448924
197505,(ii),OLS,b_GP,-0.007178185470051029
197506,(ii),OLS,b_GP,-0.022300977597574267
197507,(ii),OLS,b_GP,0.00601162873093136
197508,(ii),OLS,b_GP,0.015158141993627755
197509,(ii),OLS,b_GP,0.04594649400607368
197510,(ii),OLS,b_GP,0.049891905426630655
197511,(ii),OLS,b_GP,-0.02357281803822461
197512,(ii),OLS,b_GP,-0.04350850980045616
197601,(ii),OLS,b_GP,-0.033086031277270195
197602,(ii),OLS,b_GP,0.01962583751998948
197603,(ii),OLS,b_GP,-0.01970051199070231
197604,(ii),OLS,b_GP,-0.018529886081970384
197605,(ii),OLS,b_GP,-0.02488326767941328
197606,(ii),OLS,b_GP,0.0076576003863690675
197607,(ii),OLS,b_GP,0.013116699851475136
197608,(ii),OLS,b_GP,-0.0043872317588109925
197609,(ii),OLS,b_GP,-0.008575205025552703
197610,(ii),OLS,b_GP,-0.008933668076628092
197611,(ii),OLS,b_GP,-0.01210420148404045
197612,(ii),OLS,b_GP,-0.029845873916815705
197701,(ii),OLS,b_GP,0.007918376223811151
197702,(ii),OLS,b_GP,-0.02031733553541348
197703,(ii),OLS,b_GP,-0.022666232721924355
197704,(ii),OLS,b_GP,0.00789016149167431
197705,(ii),OLS,b_GP,0.0011026619486045619
197706,(ii),OLS,b_GP,0.016768987969336246
197707,(ii),OLS,b_GP,0.039827583466177964
197708,(ii),OLS,b_GP,0.011472114973726348
197709,(ii),OLS,b_GP,0.015904152331342465
197710,(ii),OLS,b_GP,0.006725030024244109
197711,(ii),OLS,b_GP,0.0008414742596613122
197712,(ii),OLS,b_GP,-0.015264744495707139
197801,(ii),OLS,b_GP,0.017005188632756043
197802,(ii),OLS,b_GP,-0.008705898717054189
197803,(ii),OLS,b_GP,0.010415013730335855
197804,(ii),OLS,b_GP,0.0184916074906909
197805,(ii),OLS,b_GP,0.005036426654491017
197806,(ii),OLS,b_GP,-0.01443520424548923
197807,(ii),OLS,b_GP,0.023440527148666023
197808,(ii),OLS,b_GP,-0.027795790479372723
197809,(ii),OLS,b_GP,-0.012836259788649253
197810,(ii),OLS,b_GP,0.01747827994124979
197811,(ii),OLS,b_GP,0.013036757072654196
197812,(ii),OLS,b_GP,-0.034119168031698614
197901,(ii),OLS,b_GP,-0.013083320684846318
197902,(ii),OLS,b_GP,-0.032042863046624084
197903,(ii),OLS,b_GP,-0.019983588270462645
197904,(ii),OLS,b_GP,-0.002909030195383996
197905,(ii),OLS,b_GP,-0.05626377602883153
197906,(ii),OLS,b_GP,-0.0007936159288227138
197907,(ii),OLS,b_GP,0.004280929981935269
197908,(ii),OLS,b_GP,-0.017550336192374515
197909,(ii),OLS,b_GP,0.006439867557047289
197910,(ii),OLS,b_GP,-0.01804080190136381
197911,(ii),OLS,b_GP,-0.03406022886184098
197912,(ii),OLS,b_GP,-0.08039310803122873
198001,(ii),OLS,b_GP,-0.02937863003127533
198002,(ii),OLS,b_GP,0.044466014459943456
198003,(ii),OLS,b_GP,0.0004141289195430212
198004,(ii),OLS,b_GP,0.02208095136378323
198005,(ii),OLS,b_GP,-0.015003477731370521
198006,(ii),OLS,b_GP,0.02830350576474483
198007,(ii),OLS,b_GP,0.003631970766611516
198008,(ii),OLS,b_GP,-0.004476652956267285
198009,(ii),OLS,b_GP,-0.006530075776565853
198010,(ii),OLS,b_GP,-0.036508664462749536
198011,(ii),OLS,b_GP,0.04658308285616096
198012,(ii),OLS,b_GP,5.905059288781359e-05
198101,(ii),OLS,b_GP,-0.014162102208605452
198102,(ii),OLS,b_GP,0.01168392237026374
198103,(ii),OLS,b_GP,0.05775273554604105
198104,(ii),OLS,b_GP,0.009954630676887092
198105,(ii),OLS,b_GP,0.011398713131321958
198106,(ii),OLS,b_GP,-0.016157280911342508
198107,(ii),OLS,b_GP,0.008287114603962715
198108,(ii),OLS,b_GP,0.04026239219746596
198109,(ii),OLS,b_GP,0.0004925418414523202
198110,(ii),OLS,b_GP,0.010077573947846315
198111,(ii),OLS,b_GP,0.04693230512560873
198112,(ii),OLS,b_GP,0.02284534693069041
198201,(ii),OLS,b_GP,0.027646108672346778
198202,(ii),OLS,b_GP,0.050779515498339346
198203,(ii),OLS,b_GP,0.02644117848045302
198204,(ii),OLS,b_GP,0.02913387492925186
198205,(ii),OLS,b_GP,0.028697154051734574
198206,(ii),OLS,b_GP,0.037997635425486065
198207,(ii),OLS,b_GP,-0.005775580474148853
198208,(ii),OLS,b_GP,0.0592337437640033
198209,(ii),OLS,b_GP,0.014538597263072509
198210,(ii),OLS,b_GP,0.06434359549636173
198211,(ii),OLS,b_GP,0.016980107820506667
198212,(ii),OLS,b_GP,-0.07048187394068797
198301,(ii),OLS,b_GP,0.05338647101391247
198302,(ii),OLS,b_GP,0.02764809608898266
198303,(ii),OLS,b_GP,0.005366417042380533
198304,(ii),OLS,b_GP,-0.03313977962460692
198305,(ii),OLS,b_GP,0.014234448515618161
198306,(ii),OLS,b_GP,-0.02280787186646967
198307,(ii),OLS,b_GP,-0.001860294703928934
198308,(ii),OLS,b_GP,0.037999041962657465
198309,(ii),OLS,b_GP,-0.0035313875406142808
198310,(ii),OLS,b_GP,0.02443939406871523
198311,(ii),OLS,b_GP,-0.007133541462003267
198312,(ii),OLS,b_GP,-0.04940940852610048
198401,(ii),OLS,b_GP,-0.019396745477598
198402,(ii),OLS,b_GP,0.0012812847795120566
198403,(ii),OLS,b_GP,0.02667207286573278
198404,(ii),OLS,b_GP,0.02834527383679129
198405,(ii),OLS,b_GP,0.05720899420194304
198406,(ii),OLS,b_GP,0.046309601336769264
198407,(ii),OLS,b_GP,0.0407142818607378
198408,(ii),OLS,b_GP,0.002055932358078249
198409,(ii),OLS,b_GP,0.04664370913161735
198410,(ii),OLS,b_GP,0.03644516775531496
198411,(ii),OLS,b_GP,0.04443773980641131
198412,(ii),OLS,b_GP,0.007149833238863235
198501,(ii),OLS,b_GP,0.0032524820632056904
198502,(ii),OLS,b_GP,-3.83081371779165e-05
198503,(ii),OLS,b_GP,0.009137621330811746
198504,(ii),OLS,b_GP,0.04358122801767241
198505,(ii),OLS,b_GP,0.03668812931298125
198506,(ii),OLS,b_GP,-0.0012282465647596521
198507,(ii),OLS,b_GP,-0.00469211966465166
198508,(ii),OLS,b_GP,0.030586420388971886
198509,(ii),OLS,b_GP,0.040423105917523135
198510,(ii),OLS,b_GP,0.05432547327531016
198511,(ii),OLS,b_GP,0.06462327930068228
198512,(ii),OLS,b_GP,-0.004341162701569756
198601,(ii),OLS,b_GP,0.04320752405443125
198602,(ii),OLS,b_GP,0.018499075257710152
198603,(ii),OLS,b_GP,0.029485942871213998
198604,(ii),OLS,b_GP,0.04405863022740538
198605,(ii),OLS,b_GP,0.03278795046075183
198606,(ii),OLS,b_GP,0.01792754114897197
198607,(ii),OLS,b_GP,-0.030570702238000465
198608,(ii),OLS,b_GP,-0.04006414031396372
198609,(ii),OLS,b_GP,0.03481825293356324
198610,(ii),OLS,b_GP,0.050462128930455624
198611,(ii),OLS,b_GP,0.03392717072941936
198612,(ii),OLS,b_GP,-0.03436200616468213
198701,(ii),OLS,b_GP,0.007336144113683802
198702,(ii),OLS,b_GP,-0.061376405803741374
198703,(ii),OLS,b_GP,-0.017046145850364257
198704,(ii),OLS,b_GP,-0.01567575542739484
198705,(ii),OLS,b_GP,0.015307109157272819
198706,(ii),OLS,b_GP,-0.06178660729618746
198707,(ii),OLS,b_GP,0.057131268998014094
198708,(ii),OLS,b_GP,0.007751893619625225
198709,(ii),OLS,b_GP,0.012286984616357336
198710,(ii),OLS,b_GP,0.007956888141027301
198711,(ii),OLS,b_GP,0.07148217543340056
198712,(ii),OLS,b_GP,-0.02701198247364682
198801,(ii),OLS,b_GP,0.02889541232769785
198802,(ii),OLS,b_GP,0.0008582990268835479
198803,(ii),OLS,b_GP,-0.002851828192794244
198804,(ii),OLS,b_GP,0.023047251808774448
198805,(ii),OLS,b_GP,0.0260520887656626
198806,(ii),OLS,b_GP,0.0007374262166010225
198807,(ii),OLS,b_GP,0.016161287647704387
198808,(ii),OLS,b_GP,0.026376177706971378
198809,(ii),OLS,b_GP,0.02710302628073398
198810,(ii),OLS,b_GP,0.017811653817207288
198811,(ii),OLS,b_GP,0.02042867332256905
198812,(ii),OLS,b_GP,-0.010204601453769193
198901,(ii),OLS,b_GP,0.01569700369104474
198902,(ii),OLS,b_GP,-0.007489129519439143
198903,(ii),OLS,b_GP,-0.0005431193123187449
198904,(ii),OLS,b_GP,0.021973076395112503
198905,(ii),OLS,b_GP,-0.0030398373829298854
198906,(ii),OLS,b_GP,0.009590265520020385
198907,(ii),OLS,b_GP,-0.005170416686182666
198908,(ii),OLS,b_GP,0.010181493190927832
198909,(ii),OLS,b_GP,0.011801877739473571
198910,(ii),OLS,b_GP,-0.018668901990912496
198911,(ii),OLS,b_GP,0.010102338664471173
198912,(ii),OLS,b_GP,-0.023753625283094902
199001,(ii),OLS,b_GP,-0.02107783647037391
199002,(ii),OLS,b_GP,0.029874409360816288
199003,(ii),OLS,b_GP,0.024105080232283277
199004,(ii),OLS,b_GP,0.006252820375975587
199005,(ii),OLS,b_GP,0.0037388015800242104
199006,(ii),OLS,b_GP,-0.03224693575202358
199007,(ii),OLS,b_GP,-0.031543313677504896
199008,(ii),OLS,b_GP,-0.01906769694253998
199009,(ii),OLS,b_GP,0.02375696400890656
199010,(ii),OLS,b_GP,0.032610997231538826
199011,(ii),OLS,b_GP,0.05681354727872268
199012,(ii),OLS,b_GP,-0.001886343022154321
199101,(ii),OLS,b_GP,-0.021741624975352314
199102,(ii),OLS,b_GP,0.027325609443191345
199103,(ii),OLS,b_GP,0.03795762717292558
199104,(ii),OLS,b_GP,0.020710601602567637
199105,(ii),OLS,b_GP,0.008937975472344956
199106,(ii),OLS,b_GP,-0.0026308457842857853
199107,(ii),OLS,b_GP,0.0410052461105307
199108,(ii),OLS,b_GP,-0.00021413473070886282
199109,(ii),OLS,b_GP,-0.01288487236239346
199110,(ii),OLS,b_GP,0.02046837621446258
199111,(ii),OLS,b_GP,0.03321166104963971
199112,(ii),OLS,b_GP,-0.007789013525633175
199201,(ii),OLS,b_GP,0.03997441728390137
199202,(ii),OLS,b_GP,0.017344351119596448
199203,(ii),OLS,b_GP,-0.015306463461792118
199204,(ii),OLS,b_GP,-0.009883123311023458
199205,(ii),OLS,b_GP,-0.012588547070717748
199206,(ii),OLS,b_GP,-0.008909966545069316
199207,(ii),OLS,b_GP,0.019905184665349775
199208,(ii),OLS,b_GP,-0.02144328280867133
199209,(ii),OLS,b_GP,0.04385072072843947
199210,(ii),OLS,b_GP,0.0547665164482942
199211,(ii),OLS,b_GP,0.0241101255165058
199212,(ii),OLS,b_GP,-0.011028274537680197
199301,(ii),OLS,b_GP,-0.03387948459910697
199302,(ii),OLS,b_GP,-0.01630999406025552
199303,(ii),OLS,b_GP,-0.038291359339569654
199304,(ii),OLS,b_GP,-0.005386872168737563
199305,(ii),OLS,b_GP,-0.022428880211588266
199306,(ii),OLS,b_GP,-0.01259784145360585
199307,(ii),OLS,b_GP,-0.028159560526349128
199308,(ii),OLS,b_GP,0.015174440801028399
199309,(ii),OLS,b_GP,-0.015293280859873233
199310,(ii),OLS,b_GP,0.040910886753295225
199311,(ii),OLS,b_GP,0.013545658167199647
199312,(ii),OLS,b_GP,-0.04375030890976971
199401,(ii),OLS,b_GP,0.019049696811865087
199402,(ii),OLS,b_GP,0.008068509764885936
199403,(ii),OLS,b_GP,0.007578300547808339
199404,(ii),OLS,b_GP,-0.017650744903330236
199405,(ii),OLS,b_GP,0.004793112672630565
199406,(ii),OLS,b_GP,-0.012432778697903957
199407,(ii),OLS,b_GP,0.030956317178036114
199408,(ii),OLS,b_GP,0.014324287224298841
199409,(ii),OLS,b_GP,0.032924673122620804
199410,(ii),OLS,b_GP,0.04677360503027744
199411,(ii),OLS,b_GP,0.025383895094941707
199412,(ii),OLS,b_GP,-0.013169840190666552
199501,(ii),OLS,b_GP,0.007011101867651247
199502,(ii),OLS,b_GP,0.00609481323622069
199503,(ii),OLS,b_GP,0.015547502458050125
199504,(ii),OLS,b_GP,-0.02302618827556534
199505,(ii),OLS,b_GP,0.02452026256273642
199506,(ii),OLS,b_GP,0.040911503323114724
199507,(ii),OLS,b_GP,-0.022730886123272058
199508,(ii),OLS,b_GP,-0.0007733498855402669
199509,(ii),OLS,b_GP,0.024273153631526375
199510,(ii),OLS,b_GP,0.000996172142300668
199511,(ii),OLS,b_GP,-0.04921020580617726
199512,(ii),OLS,b_GP,-0.04909150195464057
199601,(ii),OLS,b_GP,0.022689447196546583
199602,(ii),OLS,b_GP,1.8389957512242708e-05
199603,(ii),OLS,b_GP,0.017061883349372746
199604,(ii),OLS,b_GP,0.021344657816353307
199605,(ii),OLS,b_GP,-0.007785161435933825
199606,(ii),OLS,b_GP,0.009118994062107165
199607,(ii),OLS,b_GP,-0.013689328971253792
199608,(ii),OLS,b_GP,0.0038422927234185718
199609,(ii),OLS,b_GP,0.006991327693669333
199610,(ii),OLS,b_GP,0.009398656779545368
199611,(ii),OLS,b_GP,0.001564157098621437
199612,(ii),OLS,b_GP,-0.020115136851556224
199701,(ii),OLS,b_GP,0.01081143334055264
199702,(ii),OLS,b_GP,-0.000632000847713887
199703,(ii),OLS,b_GP,0.029045449544210473
199704,(ii),OLS,b_GP,0.003478223760707449
199705,(ii),OLS,b_GP,0.006226658431744836
199706,(ii),OLS,b_GP,0.019202399367782848
199707,(ii),OLS,b_GP,-0.00014036944250350546
199708,(ii),OLS,b_GP,-0.04404900099107154
199709,(ii),OLS,b_GP,0.0007045785026698072
199710,(ii),OLS,b_GP,0.05790620390301735
199711,(ii),OLS,b_GP,0.01309405618899772
199712,(ii),OLS,b_GP,-0.0008512821042431642
199801,(ii),OLS,b_GP,0.024503172398947465
199802,(ii),OLS,b_GP,-0.0018938537560145255
199803,(ii),OLS,b_GP,0.022661810126625298
199804,(ii),OLS,b_GP,0.0239015541567404
199805,(ii),OLS,b_GP,0.06360567955600782
199806,(ii),OLS,b_GP,0.024480548957792437
199807,(ii),OLS,b_GP,0.03928734356480383
199808,(ii),OLS,b_GP,-0.015832571448359756
199809,(ii),OLS,b_GP,0.0001769979263114952
199810,(ii),OLS,b_GP,0.0997421372857201
199811,(ii),OLS,b_GP,0.0794331558509541
199812,(ii),OLS,b_GP,0.015072585014588292
199901,(ii),OLS,b_GP,0.014831741712831715
199902,(ii),OLS,b_GP,-0.04456698999926185
199903,(ii),OLS,b_GP,-0.042551319292453926
199904,(ii),OLS,b_GP,0.0243077760559469
199905,(ii),OLS,b_GP,0.025603679340387993
199906,(ii),OLS,b_GP,-0.020408879127521998
199907,(ii),OLS,b_GP,0.009314742051877885
199908,(ii),OLS,b_GP,0.030743641407730497
199909,(ii),OLS,b_GP,0.05387408019780946
199910,(ii),OLS,b_GP,0.014492480679753231
199911,(ii),OLS,b_GP,-0.02416598202660868
199912,(ii),OLS,b_GP,-0.05289742397842701
200001,(ii),OLS,b_GP,-0.003885061417734669
200002,(ii),OLS,b_GP,-0.014503621029110245
200003,(ii),OLS,b_GP,-0.008525081039769128
200004,(ii),OLS,b_GP,-0.013974045918715827
200005,(ii),OLS,b_GP,-0.023683175251111924
200006,(ii),OLS,b_GP,-0.012256185696553476
200007,(ii),OLS,b_GP,-0.012415711469094138
200008,(ii),OLS,b_GP,0.010039592609880504
200009,(ii),OLS,b_GP,0.04900267688397793
200010,(ii),OLS,b_GP,0.034610843751245915
200011,(ii),OLS,b_GP,-0.054424443340727525
200012,(ii),OLS,b_GP,0.02918171041774162
200101,(ii),OLS,b_GP,0.023460681714177745
200102,(ii),OLS,b_GP,-0.006968045126875475
200103,(ii),OLS,b_GP,-0.0033475451654923468
200104,(ii),OLS,b_GP,-0.012633458434117038
200105,(ii),OLS,b_GP,0.05230915802496129
200106,(ii),OLS,b_GP,0.04263572633817537
200107,(ii),OLS,b_GP,0.033827282315397084
200108,(ii),OLS,b_GP,0.0577911953118678
200109,(ii),OLS,b_GP,0.009641295503988392
200110,(ii),OLS,b_GP,0.054414837141639257
200111,(ii),OLS,b_GP,0.020000581077947957
200112,(ii),OLS,b_GP,0.0745888421538851
200201,(ii),OLS,b_GP,0.02021003661976613
200202,(ii),OLS,b_GP,-0.013652761455286001
200203,(ii),OLS,b_GP,0.05328276711105722
200204,(ii),OLS,b_GP,0.021882561750372564
200205,(ii),OLS,b_GP,0.041127833915778754
200206,(ii),OLS,b_GP,-0.002279464518448421
200207,(ii),OLS,b_GP,0.031707745300531484
200208,(ii),OLS,b_GP,0.03700802370854954
200209,(ii),OLS,b_GP,0.01570407585638151
200210,(ii),OLS,b_GP,-0.07200720618746881
200211,(ii),OLS,b_GP,0.036161359683269605
200212,(ii),OLS,b_GP,0.01691560380366133
200301,(ii),OLS,b_GP,0.025459184716476475
200302,(ii),OLS,b_GP,0.019472834801538535
200303,(ii),OLS,b_GP,-0.03553235868507897
200304,(ii),OLS,b_GP,-0.08999675329266042
200305,(ii),OLS,b_GP,0.021130793931724803
200306,(ii),OLS,b_GP,0.054775848782811484
200307,(ii),OLS,b_GP,-0.0035619069500594054
200308,(ii),OLS,b_GP,-0.028952826393348115
200309,(ii),OLS,b_GP,0.019401556935580898
200310,(ii),OLS,b_GP,0.020986839541142447
200311,(ii),OLS,b_GP,-0.07393445604905828
200312,(ii),OLS,b_GP,-0.03453662478807337
200401,(ii),OLS,b_GP,0.024618913622724198
200402,(ii),OLS,b_GP,0.01822198270561107
200403,(ii),OLS,b_GP,0.011646618666860118
200404,(ii),OLS,b_GP,0.009108174048147207
200405,(ii),OLS,b_GP,-0.0063733996718663595
200406,(ii),OLS,b_GP,-5.558510037604796e-05
200407,(ii),OLS,b_GP,-0.005006707487665223
200408,(ii),OLS,b_GP,-0.001406865489476906
200409,(ii),OLS,b_GP,0.011900529922079286
200410,(ii),OLS,b_GP,0.004328681330943378
200411,(ii),OLS,b_GP,-0.004756391291414187
200412,(ii),OLS,b_GP,0.02334480297024042
200501,(ii),OLS,b_GP,-0.016011714151073195
200502,(ii),OLS,b_GP,0.04645733694305519
200503,(ii),OLS,b_GP,0.01894180586820418
200504,(ii),OLS,b_GP,0.015089272117863026
200505,(ii),OLS,b_GP,0.0017945744620343177
200506,(ii),OLS,b_GP,-0.021182447141777246
200507,(ii),OLS,b_GP,-0.011169115581379828
200508,(ii),OLS,b_GP,-0.0176131239178131
200509,(ii),OLS,b_GP,0.023431600469813914
200510,(ii),OLS,b_GP,0.01712603553948868
200511,(ii),OLS,b_GP,0.010498695890909938
200512,(ii),OLS,b_GP,-0.05278278339150371
200601,(ii),OLS,b_GP,0.01940965194821998
200602,(ii),OLS,b_GP,-0.004513233903435445
200603,(ii),OLS,b_GP,-0.004273677567996151
200604,(ii),OLS,b_GP,0.006750489049066437
200605,(ii),OLS,b_GP,0.00747689251368023
200606,(ii),OLS,b_GP,0.029973057610629784
200607,(ii),OLS,b_GP,-0.018395005371019343
200608,(ii),OLS,b_GP,0.068102879101554
200609,(ii),OLS,b_GP,-0.01218312806665952
200610,(ii),OLS,b_GP,-0.025303473255297106
200611,(ii),OLS,b_GP,0.012136350204386342
200612,(ii),OLS,b_GP,0.01009094964117034
200701,(ii),OLS,b_GP,0.0008857814289610066
200702,(ii),OLS,b_GP,0.014548767449199676
200703,(ii),OLS,b_GP,-0.022748361415247543
200704,(ii),OLS,b_GP,0.004812645175070747
200705,(ii),OLS,b_GP,0.004461917998472146
200706,(ii),OLS,b_GP,0.010359730625340955
200707,(ii),OLS,b_GP,-0.0003548033895579542
200708,(ii),OLS,b_GP,-0.004738950443947644
200709,(ii),OLS,b_GP,-0.025764872090524013
200710,(ii),OLS,b_GP,0.03063829327014481
200711,(ii),OLS,b_GP,0.0016118572878730407
200712,(ii),OLS,b_GP,-0.01306562805517143
200801,(ii),OLS,b_GP,-0.02447842842975087
200802,(ii),OLS,b_GP,0.008983740558596333
200803,(ii),OLS,b_GP,0.00020021176651119308
200804,(ii),OLS,b_GP,-0.021657113120586477
200805,(ii),OLS,b_GP,-0.006322084599973404
200806,(ii),OLS,b_GP,0.011146099019175354
200807,(ii),OLS,b_GP,0.05281237604912709
200808,(ii),OLS,b_GP,0.07481704249987102
200809,(ii),OLS,b_GP,0.059865674955401
200810,(ii),OLS,b_GP,-0.0015776818986055587
200811,(ii),OLS,b_GP,-0.0023803182078887654
200812,(ii),OLS,b_GP,-0.0331799751852494
200901,(ii),OLS,b_GP,0.08771211249302932
200902,(ii),OLS,b_GP,0.007296932295744938
200903,(ii),OLS,b_GP,-0.052808263226635656
200904,(ii),OLS,b_GP,-0.08977774038903819
200905,(ii),OLS,b_GP,0.01354531856613268
200906,(ii),OLS,b_GP,-0.02780910527152874
200907,(ii),OLS,b_GP,-0.02903030200416416
200908,(ii),OLS,b_GP,-0.043623051997085924
200909,(ii),OLS,b_GP,0.0692188000705117
200910,(ii),OLS,b_GP,-0.033898741183699246
200911,(ii),OLS,b_GP,-0.016827241637677286
200912,(ii),OLS,b_GP,-0.013534961883697337
201001,(ii),OLS,b_GP,0.022185565662843937
201002,(ii),OLS,b_GP,0.028576467340250163
201003,(ii),OLS,b_GP,-0.020205318772682404
201004,(ii),OLS,b_GP,0.03578369412257273
201005,(ii),OLS,b_GP,0.021729944599291087
201006,(ii),OLS,b_GP,-0.04657626534677022
201007,(ii),OLS,b_GP,0.017036596053276287
201008,(ii),OLS,b_GP,0.03228950034284757
201009,(ii),OLS,b_GP,-0.010898193659271974
201010,(ii),OLS,b_GP,-0.0005699016463060491
201011,(ii),OLS,b_GP,-0.050961676001907534
201012,(ii),OLS,b_GP,-0.030884808516434555
201101,(ii),OLS,b_GP,-0.018797358052723707
201102,(ii),OLS,b_GP,0.012434276242911905
201103,(ii),OLS,b_GP,0.029810884426394204
201104,(ii),OLS,b_GP,0.030634312541009373
201105,(ii),OLS,b_GP,0.025008622362703212
201106,(ii),OLS,b_GP,0.016813458185729567
201107,(ii),OLS,b_GP,0.037469448344197534
201108,(ii),OLS,b_GP,0.08289743148716996
201109,(ii),OLS,b_GP,-0.042858203600199145
201110,(ii),OLS,b_GP,-0.004216448609626785
201111,(ii),OLS,b_GP,0.016116298599659223
201112,(ii),OLS,b_GP,-0.04314333498403473
201201,(ii),OLS,b_GP,-0.009212823403055476
201202,(ii),OLS,b_GP,0.04227818276525808
201203,(ii),OLS,b_GP,0.003122818050074887
201204,(ii),OLS,b_GP,0.0429756306276578
201205,(ii),OLS,b_GP,-0.029656422843101465
201206,(ii),OLS,b_GP,-0.009006212204323266
201207,(ii),OLS,b_GP,0.005855266635033148
201208,(ii),OLS,b_GP,-0.01751182562197951
201209,(ii),OLS,b_GP,0.004226607221644472
201210,(ii),OLS,b_GP,0.005384152939621444
201211,(ii),OLS,b_GP,-0.0037977612157358166
201212,(ii),OLS,b_GP,-0.024293309018777104
201301,(ii),OLS,b_GP,0.004629534951858026
201302,(ii),OLS,b_GP,-0.004620392330867484
201303,(ii),OLS,b_GP,0.023019154762365653
201304,(ii),OLS,b_GP,-0.0013892436670012208
201305,(ii),OLS,b_GP,0.026762089297811015
201306,(ii),OLS,b_GP,-0.006195461689552834
201307,(ii),OLS,b_GP,-0.004165695137915901
201308,(ii),OLS,b_GP,-0.02978712460374338
201309,(ii),OLS,b_GP,0.0191674287277597
201310,(ii),OLS,b_GP,0.015899281891108903
201311,(ii),OLS,b_GP,-0.024248013264406343
201312,(ii),OLS,b_GP,-0.03332584758476906
201401,(ii),OLS,b_GP,-0.03197537203707176
201402,(ii),OLS,b_GP,-0.011767001849281948
201403,(ii),OLS,b_GP,0.0012781797915021175
201404,(ii),OLS,b_GP,-0.006260352161322173
201405,(ii),OLS,b_GP,-0.04834714709432665
201406,(ii),OLS,b_GP,0.028839567259060832
201407,(ii),OLS,b_GP,0.013729879181607877
201408,(ii),OLS,b_GP,0.07036721769525504
201409,(ii),OLS,b_GP,0.06899571194419178
201410,(ii),OLS,b_GP,0.05629049297257025
201411,(ii),OLS,b_GP,0.06532853740009478
201412,(ii),OLS,b_GP,0.012212828489242024
201501,(ii),OLS,b_GP,-0.07949068607895421
201502,(ii),OLS,b_GP,0.030908838265994925
201503,(ii),OLS,b_GP,-0.03978511665836323
201504,(ii),OLS,b_GP,0.01670807716682447
201505,(ii),OLS,b_GP,0.04298358400614042
201506,(ii),OLS,b_GP,0.0719345995941935
201507,(ii),OLS,b_GP,-0.00623727180912726
201508,(ii),OLS,b_GP,0.0860993266337257
201509,(ii),OLS,b_GP,-0.016039455336751725
201510,(ii),OLS,b_GP,-0.01879532981902706
201511,(ii),OLS,b_GP,0.0857933612437836
201512,(ii),OLS,b_GP,0.07301334382423212
201601,(ii),OLS,b_GP,0.015095896066178805
201602,(ii),OLS,b_GP,-0.0584695531446166
201603,(ii),OLS,b_GP,-0.08934965326553324
201604,(ii),OLS,b_GP,0.0013625154172477272
201605,(ii),OLS,b_GP,0.028777885603403382
201606,(ii),OLS,b_GP,0.008662480974480911
201607,(ii),OLS,b_GP,-0.010887223788001632
201608,(ii),OLS,b_GP,-0.04526639623485191
201609,(ii),OLS,b_GP,0.058115911197407534
201610,(ii),OLS,b_GP,-0.047574835413561355
201611,(ii),OLS,b_GP,0.023058679872600452
201612,(ii),OLS,b_GP,-0.04057065272185495
201701,(ii),OLS,b_GP,0.024610762988739925
201702,(ii),OLS,b_GP,0.010819993870959733
201703,(ii),OLS,b_GP,0.03701756149449452
201704,(ii),OLS,b_GP,0.036127303082867455
201705,(ii),OLS,b_GP,-0.026030850032337405
201706,(ii),OLS,b_GP,-0.002956907912770224
201707,(ii),OLS,b_GP,0.015412526354784796
201708,(ii),OLS,b_GP,-0.05141965103511088
201709,(ii),OLS,b_GP,0.003710150140816496
201710,(ii),OLS,b_GP,0.029157525301254553
201711,(ii),OLS,b_GP,-0.009535431421441825
201712,(ii),OLS,b_GP,-0.019240421825889153
201801,(ii),OLS,b_GP,0.041900506237928126
201802,(ii),OLS,b_GP,0.0312772317109238
201803,(ii),OLS,b_GP,-0.003541195861888398
201804,(ii),OLS,b_GP,0.0193993381427234
201805,(ii),OLS,b_GP,0.05511019763807012
201806,(ii),OLS,b_GP,0.02526356494324219
201807,(ii),OLS,b_GP,0.0702818633402621
201808,(ii),OLS,b_GP,-0.003469259893476215
201809,(ii),OLS,b_GP,0.04864998313982696
201810,(ii),OLS,b_GP,0.03234938356319832
201811,(ii),OLS,b_GP,0.084574567404159
201812,(ii),OLS,b_GP,-0.06046007769928106
201901,(ii),OLS,b_GP,0.005720458348546723
201902,(ii),OLS,b_GP,-0.019035795670303723
201903,(ii),OLS,b_GP,0.014052415423991087
201904,(ii),OLS,b_GP,0.011319595035179106
201905,(ii),OLS,b_GP,0.0036367520478180816
201906,(ii),OLS,b_GP,0.030341414964862312
201907,(ii),OLS,b_GP,0.03934180660474545
201908,(ii),OLS,b_GP,0.037650318943270304
201909,(ii),OLS,b_GP,0.04153828788436309
201910,(ii),OLS,b_GP,-0.022473720332149515
201911,(ii),OLS,b_GP,-0.06500760658497223
201912,(ii),OLS,b_GP,-0.010802096331647904
202001,(ii),OLS,b_GP,0.008916414054656055
202002,(ii),OLS,b_GP,0.0664601970462319
202003,(ii),OLS,b_GP,-0.08002340072890822
202004,(ii),OLS,b_GP,0.007319931565225736
202005,(ii),OLS,b_GP,-0.009767960673244348
202006,(ii),OLS,b_GP,0.027548863369580207
202007,(ii),OLS,b_GP,0.013062156063851258
202008,(ii),OLS,b_GP,0.010959318097373397
202009,(ii),OLS,b_GP,0.02536012558394525
202010,(ii),OLS,b_GP,-0.0942914321982625
202011,(ii),OLS,b_GP,-0.03231962240444814
202012,(ii),OLS,b_GP,-0.0649711613167584
202101,(ii),OLS,b_GP,-0.05522155884346153
202102,(ii),OLS,b_GP,-0.0044500319918875444
202103,(ii),OLS,b_GP,0.03568879064623549
202104,(ii),OLS,b_GP,-0.016580670127085095
202105,(ii),OLS,b_GP,0.017794957465180082
202106,(ii),OLS,b_GP,0.08973977625553002
202107,(ii),OLS,b_GP,-0.022922802672014086
202108,(ii),OLS,b_GP,-0.05251498380034132
202109,(ii),OLS,b_GP,0.028106322611115894
202110,(ii),OLS,b_GP,0.09256771680578506
202111,(ii),OLS,b_GP,0.04811126061740674
202112,(ii),OLS,b_GP,-0.0309197951925678
202201,(ii),OLS,b_GP,-0.05833701465922864
202202,(ii),OLS,b_GP,-0.08115665779852235
202203,(ii),OLS,b_GP,0.061205156510356656
202204,(ii),OLS,b_GP,0.00369031553566666
202205,(ii),OLS,b_GP,-0.009469626854819847
202206,(ii),OLS,b_GP,0.045054150015637194
202207,(ii),OLS,b_GP,-0.05059414451072024
202208,(ii),OLS,b_GP,0.03989354193545356
202209,(ii),OLS,b_GP,0.023343581460762344
202210,(ii),OLS,b_GP,0.055230391044843764
202211,(ii),OLS,b_GP,0.00039597959765420024
202212,(ii),OLS,b_GP,-0.0819747282291285
202301,(ii),OLS,b_GP,0.0684110090279735
202302,(ii),OLS,b_GP,0.05663681293750896
202303,(ii),OLS,b_GP,0.0020950073057161033
202304,(ii),OLS,b_GP,-0.03281666416821976
202305,(ii),OLS,b_GP,0.031771606353744875
202306,(ii),OLS,b_GP,0.014043435755589497
202307,(ii),OLS,b_GP,0.05780138861612165
202308,(ii),OLS,b_GP,0.044487716656491566
202309,(ii),OLS,b_GP,0.0549204798434067
202310,(ii),OLS,b_GP,0.04567357890832972
202311,(ii),OLS,b_GP,-0.03345749531342445
202312,(ii),OLS,b_GP,0.010145472384993082
202401,(ii),OLS,b_GP,-0.039466925188166524
202402,(ii),OLS,b_GP,-0.006251482273124667
202403,(ii),OLS,b_GP,0.028212973447470136
202404,(ii),OLS,b_GP,0.0468303030593066
202405,(ii),OLS,b_GP,0.046538461369451466
202406,(ii),OLS,b_GP,-0.039700923309531205
202407,(ii),OLS,b_GP,0.01740554710802445
202408,(ii),OLS,b_GP,0.011975062646009444
202409,(ii),OLS,b_GP,-0.028611383969168742
202410,(ii),OLS,b_GP,0.04098125514126248
202411,(ii),OLS,b_GP,0.011516866630156225
197307,(ii),WLS,a,-0.019337975671558115
197308,(ii),WLS,a,0.13480961149330972
197309,(ii),WLS,a,0.0053763209780212365
197310,(ii),WLS,a,-0.12265248703408015
197311,(ii),WLS,a,0.09935538838497715
197312,(ii),WLS,a,-0.016775264104414673
197401,(ii),WLS,a,0.02421353378853861
197402,(ii),WLS,a,-0.04325284671792345
197403,(ii),WLS,a,-0.05120231475933454
197404,(ii),WLS,a,-0.07152463277051695
197405,(ii),WLS,a,-0.005886291723872566
197406,(ii),WLS,a,-0.028196145581575783
197407,(ii),WLS,a,-0.06372965572543009
197408,(ii),WLS,a,-0.06800316201974901
197409,(ii),WLS,a,0.13290872188299788
197410,(ii),WLS,a,-0.04331835862796292
197411,(ii),WLS,a,-0.013017752520270034
197412,(ii),WLS,a,0.1190112990016358
197501,(ii),WLS,a,0.013629043689456784
197502,(ii),WLS,a,0.038022211095456684
197503,(ii),WLS,a,0.06490052766912245
197504,(ii),WLS,a,0.047981487891538624
197505,(ii),WLS,a,0.07060543764439571
197506,(ii),WLS,a,-0.02418828825799627
197507,(ii),WLS,a,-0.018546268313768734
197508,(ii),WLS,a,-0.04398774603056602
197509,(ii),WLS,a,0.011851855981934636
197510,(ii),WLS,a,0.0075204349723003135
197511,(ii),WLS,a,0.01089433279987479
197512,(ii),WLS,a,0.14975039413802763
197601,(ii),WLS,a,0.037600650616689976
197602,(ii),WLS,a,0.022563829856154075
197603,(ii),WLS,a,0.02060802548665231
197604,(ii),WLS,a,-0.008229710496739004
197605,(ii),WLS,a,0.03426586334852743
197606,(ii),WLS,a,-0.021662350367295382
197607,(ii),WLS,a,-0.01830369690609536
197608,(ii),WLS,a,0.0319565391362477
197609,(ii),WLS,a,-0.011892692342428093
197610,(ii),WLS,a,0.014372952869527809
197611,(ii),WLS,a,0.070486357102735
197612,(ii),WLS,a,-0.020796765514992023
197701,(ii),WLS,a,-0.022808427918140358
197702,(ii),WLS,a,-0.017043958632799387
197703,(ii),WLS,a,0.036875193907462044
197704,(ii),WLS,a,-0.01117512872277973
197705,(ii),WLS,a,0.01840899749854859
197706,(ii),WLS,a,-0.042616960383723514
197707,(ii),WLS,a,-0.05421875263568387
197708,(ii),WLS,a,0.005722394883782471
197709,(ii),WLS,a,-0.05205795414473035
197710,(ii),WLS,a,0.029534670905311356
197711,(ii),WLS,a,0.006605465502905826
197712,(ii),WLS,a,-0.06878491740569907
197801,(ii),WLS,a,-0.006265385389760916
197802,(ii),WLS,a,0.04160207027489294
197803,(ii),WLS,a,0.06451535174416761
197804,(ii),WLS,a,0.010011131725680005
197805,(ii),WLS,a,-0.0369217805087959
197806,(ii),WLS,a,0.03993185293079105
197807,(ii),WLS,a,0.042176121681370214
197808,(ii),WLS,a,0.01647879296944946
197809,(ii),WLS,a,-0.1255119958968885
197810,(ii),WLS,a,0.031274380594049835
197811,(ii),WLS,a,-0.00836626617278614
197812,(ii),WLS,a,0.054163559355166806
197901,(ii),WLS,a,-0.02152594142574642
197902,(ii),WLS,a,0.07121186436320488
197903,(ii),WLS,a,0.0027096148227575335
197904,(ii),WLS,a,-0.027889540991170185
197905,(ii),WLS,a,0.06065029917901756
197906,(ii),WLS,a,0.024315079105920324
197907,(ii),WLS,a,0.07174004426994395
197908,(ii),WLS,a,0.021228995235574272
197909,(ii),WLS,a,-0.07863571108059156
197910,(ii),WLS,a,0.05871922859823494
197911,(ii),WLS,a,0.053524508744299634
197912,(ii),WLS,a,0.13515210808345968
198001,(ii),WLS,a,0.04595174156409575
198002,(ii),WLS,a,-0.1906727351993742
198003,(ii),WLS,a,0.040901788651339
198004,(ii),WLS,a,0.041121338299263545
198005,(ii),WLS,a,0.04286464016987984
198006,(ii),WLS,a,0.054570763944751015
198007,(ii),WLS,a,0.029726031769484684
198008,(ii),WLS,a,0.05332531240450739
198009,(ii),WLS,a,0.04084471894417415
198010,(ii),WLS,a,0.17504430176315178
198011,(ii),WLS,a,-0.09920738077501787
198012,(ii),WLS,a,-0.07983345459266296
198101,(ii),WLS,a,0.01426914542392543
198102,(ii),WLS,a,0.031390179514092176
198103,(ii),WLS,a,-0.06831732197139578
198104,(ii),WLS,a,-0.03548619715874578
198105,(ii),WLS,a,-0.002777220126411182
198106,(ii),WLS,a,0.011865224661788647
198107,(ii),WLS,a,-0.09248089321599913
198108,(ii),WLS,a,-0.12172946955686208
198109,(ii),WLS,a,0.058794286270362164
198110,(ii),WLS,a,0.04235714893245394
198111,(ii),WLS,a,-0.055256880693228774
198112,(ii),WLS,a,-0.09077537096378138
198201,(ii),WLS,a,-0.09847441066668257
198202,(ii),WLS,a,-0.02378644999434429
198203,(ii),WLS,a,0.027023674231089256
198204,(ii),WLS,a,-0.03933728794127551
198205,(ii),WLS,a,-0.04565771215678564
198206,(ii),WLS,a,-0.07636478979064035
198207,(ii),WLS,a,0.13177008700801165
198208,(ii),WLS,a,-0.011132146181338657
198209,(ii),WLS,a,0.12085426372976577
198210,(ii),WLS,a,0.007292584740737338
198211,(ii),WLS,a,0.01434186384301692
198212,(ii),WLS,a,0.05257560935870919
198301,(ii),WLS,a,0.022269678016213535
198302,(ii),WLS,a,0.023695552942145304
198303,(ii),WLS,a,0.07033732839745559
198304,(ii),WLS,a,0.02152071299164036
198305,(ii),WLS,a,0.03699283400607316
198306,(ii),WLS,a,-0.03982538504127257
198307,(ii),WLS,a,0.011669436573347522
198308,(ii),WLS,a,-0.02251837415577931
198309,(ii),WLS,a,-0.036175343671756705
198310,(ii),WLS,a,0.0435792429080548
198311,(ii),WLS,a,-0.006074192838946953
198312,(ii),WLS,a,0.018174403560845126
198401,(ii),WLS,a,-0.03839475268059703
198402,(ii),WLS,a,0.010492171411101203
198403,(ii),WLS,a,-0.009968488485234881
198404,(ii),WLS,a,-0.07639997493761455
198405,(ii),WLS,a,-0.007032724524115215
198406,(ii),WLS,a,-0.054117257152334085
198407,(ii),WLS,a,0.11966548532850564
198408,(ii),WLS,a,-0.021091929591086495
198409,(ii),WLS,a,-0.03266053789932243
198410,(ii),WLS,a,-0.024404107772962837
198411,(ii),WLS,a,0.005238926856828899
198412,(ii),WLS,a,0.08622420659818428
198501,(ii),WLS,a,0.006014521802310462
198502,(ii),WLS,a,-0.026932479999791408
198503,(ii),WLS,a,-0.00830173949712974
198504,(ii),WLS,a,0.029316535119272118
198505,(ii),WLS,a,0.009832615092762977
198506,(ii),WLS,a,0.01201575596731187
198507,(ii),WLS,a,-0.013629323604290111
198508,(ii),WLS,a,-0.06208747316409227
198509,(ii),WLS,a,0.018024299725316117
198510,(ii),WLS,a,0.04166021128444364
198511,(ii),WLS,a,0.00896341539719284
198512,(ii),WLS,a,-0.010132971641597713
198601,(ii),WLS,a,0.0846359622914363
198602,(ii),WLS,a,0.0316773599367609
198603,(ii),WLS,a,-0.0375843015839768
198604,(ii),WLS,a,0.03213477151507054
198605,(ii),WLS,a,-0.01991166904254167
198606,(ii),WLS,a,-0.09362624353546979
198607,(ii),WLS,a,0.10052725251672434
198608,(ii),WLS,a,-0.03822853484040839
198609,(ii),WLS,a,0.062958344137982
198610,(ii),WLS,a,0.011792957003264664
198611,(ii),WLS,a,-0.03147701533766725
198612,(ii),WLS,a,0.14598350810811342
198701,(ii),WLS,a,0.03099818905491644
198702,(ii),WLS,a,0.05476146097123964
198703,(ii),WLS,a,-0.008359096194361032
198704,(ii),WLS,a,3.952946132386195e-05
198705,(ii),WLS,a,0.03253578915672256
198706,(ii),WLS,a,0.07511808377405804
198707,(ii),WLS,a,0.015367693064156878
198708,(ii),WLS,a,-0.002139942879711639
198709,(ii),WLS,a,-0.27026316407586115
198710,(ii),WLS,a,-0.06889007248586082
198711,(ii),WLS,a,0.08522671832527942
198712,(ii),WLS,a,0.034486916199841455
198801,(ii),WLS,a,0.06093653684327398
198802,(ii),WLS,a,-0.002100399152598831
198803,(ii),WLS,a,0.022960871385111388
198804,(ii),WLS,a,-0.0015470182108183025
198805,(ii),WLS,a,0.04432839172943388
198806,(ii),WLS,a,-0.01395439853408695
198807,(ii),WLS,a,-0.048289037602474584
198808,(ii),WLS,a,0.022070113244169177
198809,(ii),WLS,a,0.018115891389762544
198810,(ii),WLS,a,-0.015128969317870621
198811,(ii),WLS,a,0.011388032520273822
198812,(ii),WLS,a,0.0733279102034095
198901,(ii),WLS,a,-0.021427529543835748
198902,(ii),WLS,a,0.023115689157734067
198903,(ii),WLS,a,0.04831536658413417
198904,(ii),WLS,a,0.03447738489295817
198905,(ii),WLS,a,-0.02271615810238177
198906,(ii),WLS,a,0.05286743392375582
198907,(ii),WLS,a,0.03683647201813912
198908,(ii),WLS,a,-0.023123483230663416
198909,(ii),WLS,a,-0.061374355836651864
198910,(ii),WLS,a,0.01723653577906448
198911,(ii),WLS,a,0.023550016003906514
198912,(ii),WLS,a,-0.06847803769303688
199001,(ii),WLS,a,0.030738171291852395
199002,(ii),WLS,a,0.012749035721836766
199003,(ii),WLS,a,-0.05709179483230596
199004,(ii),WLS,a,0.05761457011934459
199005,(ii),WLS,a,-0.03708097315853198
199006,(ii),WLS,a,-0.006322648939663372
199007,(ii),WLS,a,-0.09871411507289303
199008,(ii),WLS,a,-0.0651833353313746
199009,(ii),WLS,a,-0.05760974895985066
199010,(ii),WLS,a,0.02948727283699677
199011,(ii),WLS,a,0.015224458954738613
199012,(ii),WLS,a,0.04233759185146526
199101,(ii),WLS,a,0.0590856944259185
199102,(ii),WLS,a,-0.003415481777523753
199103,(ii),WLS,a,0.0029431854721889868
199104,(ii),WLS,a,0.04503833209248909
199105,(ii),WLS,a,-0.053368069838023426
199106,(ii),WLS,a,0.014437870458780769
199107,(ii),WLS,a,-0.004504863339986675
199108,(ii),WLS,a,-0.021750318036369183
199109,(ii),WLS,a,0.00401389511783334
199110,(ii),WLS,a,-0.0896269716747435
199111,(ii),WLS,a,0.07185322115823906
199112,(ii),WLS,a,0.02986573185518518
199201,(ii),WLS,a,0.022207113300488922
199202,(ii),WLS,a,-0.025376316119694393
199203,(ii),WLS,a,0.055937007086820145
199204,(ii),WLS,a,-0.01107078099624062
199205,(ii),WLS,a,-0.01141221702196399
199206,(ii),WLS,a,0.020120374455209134
199207,(ii),WLS,a,-0.03531995537403761
199208,(ii),WLS,a,0.021838196235328438
199209,(ii),WLS,a,-0.01892888960070683
199210,(ii),WLS,a,0.03330359615185404
199211,(ii),WLS,a,0.02832000684474924
199212,(ii),WLS,a,0.03678176079771354
199301,(ii),WLS,a,0.02407239213521849
199302,(ii),WLS,a,0.03303052349294311
199303,(ii),WLS,a,0.006027489897555703
199304,(ii),WLS,a,0.025983439039736655
199305,(ii),WLS,a,0.011542319789104418
199306,(ii),WLS,a,0.030069150860774788
199307,(ii),WLS,a,0.03003216434549563
199308,(ii),WLS,a,-0.006640006957047228
199309,(ii),WLS,a,0.023556813147432364
199310,(ii),WLS,a,-0.020924897681669524
199311,(ii),WLS,a,0.03285133710391536
199312,(ii),WLS,a,0.0660920119851327
199401,(ii),WLS,a,-0.03551637949603875
199402,(ii),WLS,a,-0.05262165567972097
199403,(ii),WLS,a,0.006114860848077062
199404,(ii),WLS,a,0.004992829352868751
199405,(ii),WLS,a,-0.03304547511781961
199406,(ii),WLS,a,0.03442166530968594
199407,(ii),WLS,a,0.005302925606930508
199408,(ii),WLS,a,-0.032823543920952616
199409,(ii),WLS,a,0.0018929836024565527
199410,(ii),WLS,a,-0.06440329155372727
199411,(ii),WLS,a,0.016399503608141883
199412,(ii),WLS,a,0.0017888946242022238
199501,(ii),WLS,a,0.046555693850930044
199502,(ii),WLS,a,0.02640944141471657
199503,(ii),WLS,a,0.015822839202478945
199504,(ii),WLS,a,0.01832270994139099
199505,(ii),WLS,a,0.00806983428698294
199506,(ii),WLS,a,0.04250520048107878
199507,(ii),WLS,a,-0.004284831305798042
199508,(ii),WLS,a,0.010952128510895864
199509,(ii),WLS,a,-0.0417521056917239
199510,(ii),WLS,a,0.05624713236306241
199511,(ii),WLS,a,0.040578047107234054
199512,(ii),WLS,a,0.030124312331137392
199601,(ii),WLS,a,-0.005861080918552998
199602,(ii),WLS,a,0.03303961806086701
199603,(ii),WLS,a,0.011100621096785002
199604,(ii),WLS,a,0.0001843431367084151
199605,(ii),WLS,a,-0.02055959343446866
199606,(ii),WLS,a,-0.06451676422273797
199607,(ii),WLS,a,0.027455367939010007
199608,(ii),WLS,a,0.008922892198681458
199609,(ii),WLS,a,0.016284155431094814
199610,(ii),WLS,a,0.0445503580603774
199611,(ii),WLS,a,-0.0014208974634041791
199612,(ii),WLS,a,0.015120803890023184
199701,(ii),WLS,a,-0.011277065693635293
199702,(ii),WLS,a,-0.015787622998184193
199703,(ii),WLS,a,-0.006956349307703757
199704,(ii),WLS,a,0.06157297928684414
199705,(ii),WLS,a,0.026402153979322926
199706,(ii),WLS,a,0.06405428122793737
199707,(ii),WLS,a,-0.00887724675744895
199708,(ii),WLS,a,0.05733995402973109
199709,(ii),WLS,a,-0.06885840818960935
199710,(ii),WLS,a,-0.010883337924111506
199711,(ii),WLS,a,0.010318097064505979
199712,(ii),WLS,a,-0.026879067103286993
199801,(ii),WLS,a,0.06489534502776091
199802,(ii),WLS,a,0.05359867481807853
199803,(ii),WLS,a,0.012930859223790928
199804,(ii),WLS,a,-0.03290478380014734
199805,(ii),WLS,a,-0.033545986173039145
199806,(ii),WLS,a,-0.049485338179664114
199807,(ii),WLS,a,-0.15738379116398046
199808,(ii),WLS,a,0.06141928072252725
199809,(ii),WLS,a,0.07809647856236522
199810,(ii),WLS,a,0.02180812513174927
199811,(ii),WLS,a,0.031855472475527
199812,(ii),WLS,a,-0.004620474416804375
199901,(ii),WLS,a,-0.019668735460117638
199902,(ii),WLS,a,0.0379329130077923
199903,(ii),WLS,a,0.12889107460644256
199904,(ii),WLS,a,-0.01966389188643209
199905,(ii),WLS,a,0.019342812678873195
199906,(ii),WLS,a,-0.010602522918118973
199907,(ii),WLS,a,-0.05894432768849532
199908,(ii),WLS,a,-0.025943894818810116
199909,(ii),WLS,a,0.0022818246987672403
199910,(ii),WLS,a,0.0029443101371759593
199911,(ii),WLS,a,0.05592114779528701
199912,(ii),WLS,a,-0.05024848816166366
200001,(ii),WLS,a,-0.005559662538166214
200002,(ii),WLS,a,0.05385330666345902
200003,(ii),WLS,a,-0.03925964260744415
200004,(ii),WLS,a,-0.05631866335804219
200005,(ii),WLS,a,-0.0022174963484652395
200006,(ii),WLS,a,-0.02133925788546336
200007,(ii),WLS,a,0.05717069092244356
200008,(ii),WLS,a,-0.07157600921107413
200009,(ii),WLS,a,0.008469717676450647
200010,(ii),WLS,a,-0.13075928926158092
200011,(ii),WLS,a,0.017036965983385655
200012,(ii),WLS,a,0.08907180259001844
200101,(ii),WLS,a,-0.09731386237186508
200102,(ii),WLS,a,-0.04935256713654501
200103,(ii),WLS,a,0.10780078092029359
200104,(ii),WLS,a,0.012041789014161733
200105,(ii),WLS,a,-0.04230064721309554
200106,(ii),WLS,a,-0.03066985913117687
200107,(ii),WLS,a,-0.07509188043010644
200108,(ii),WLS,a,-0.11484035718361549
200109,(ii),WLS,a,0.003158830313469156
200110,(ii),WLS,a,0.07362848288839338
200111,(ii),WLS,a,0.028957120639843518
200112,(ii),WLS,a,-0.03400958448750994
200201,(ii),WLS,a,-0.015984008049102456
200202,(ii),WLS,a,0.06292695940760881
200203,(ii),WLS,a,-0.07839335353832753
200204,(ii),WLS,a,0.015435425294866271
200205,(ii),WLS,a,-0.08619454265095151
200206,(ii),WLS,a,-0.12781079525007183
200207,(ii),WLS,a,-0.016903041126039943
200208,(ii),WLS,a,-0.1216559002484172
200209,(ii),WLS,a,0.07233732509463128
200210,(ii),WLS,a,0.11246714962871691
200211,(ii),WLS,a,-0.07462857772862705
200212,(ii),WLS,a,-0.03777025330866831
200301,(ii),WLS,a,-0.03496120708255979
200302,(ii),WLS,a,-0.01512737449308942
200303,(ii),WLS,a,0.09664400177948634
200304,(ii),WLS,a,0.09720171102169538
200305,(ii),WLS,a,0.008835430165519775
200306,(ii),WLS,a,0.01995087627659296
200307,(ii),WLS,a,0.05325010870246134
200308,(ii),WLS,a,-0.04204355073201513
200309,(ii),WLS,a,0.06505297185202204
200310,(ii),WLS,a,0.019640996781518844
200311,(ii),WLS,a,0.08914984950974733
200312,(ii),WLS,a,0.005680652507589307
200401,(ii),WLS,a,-0.003460802285939188
200402,(ii),WLS,a,-0.014275113321927668
200403,(ii),WLS,a,-0.02429959033443691
200404,(ii),WLS,a,0.0030401928156093094
200405,(ii),WLS,a,0.04288538720270687
200406,(ii),WLS,a,-0.030495610211427673
200407,(ii),WLS,a,-0.014820790957759768
200408,(ii),WLS,a,0.04948145238766843
200409,(ii),WLS,a,0.007724123105488005
200410,(ii),WLS,a,0.07737287198155988
200411,(ii),WLS,a,0.017692828121323088
200412,(ii),WLS,a,-0.036853786856767025
200501,(ii),WLS,a,0.05982648220671754
200502,(ii),WLS,a,-0.02646461693605862
200503,(ii),WLS,a,-0.04358196316149803
200504,(ii),WLS,a,0.02779331727568886
200505,(ii),WLS,a,0.008117935955461258
200506,(ii),WLS,a,0.061513958657269
200507,(ii),WLS,a,0.010291047961156598
200508,(ii),WLS,a,0.023674554677364328
200509,(ii),WLS,a,-0.04409867360465409
200510,(ii),WLS,a,0.0411813322358894
200511,(ii),WLS,a,0.0018815018035398003
200512,(ii),WLS,a,0.05692539180473684
200601,(ii),WLS,a,-0.01669603666015083
200602,(ii),WLS,a,0.03330733420768127
200603,(ii),WLS,a,0.020264599197932776
200604,(ii),WLS,a,-0.032930954586872896
200605,(ii),WLS,a,-0.004889344049565636
200606,(ii),WLS,a,-0.01710646826004106
200607,(ii),WLS,a,0.004618863746527646
200608,(ii),WLS,a,0.0016748678931300723
200609,(ii),WLS,a,0.03210892267994555
200610,(ii),WLS,a,0.03773635385378757
200611,(ii),WLS,a,0.012773839678742752
200612,(ii),WLS,a,0.00862976749174334
200701,(ii),WLS,a,-0.00523097742457932
200702,(ii),WLS,a,0.019509994341863682
200703,(ii),WLS,a,0.03339322141521464
200704,(ii),WLS,a,0.053694681609123746
200705,(ii),WLS,a,-0.006771916611523511
200706,(ii),WLS,a,-0.016601193435982466
200707,(ii),WLS,a,-0.002507250048849674
200708,(ii),WLS,a,0.05260913746156501
200709,(ii),WLS,a,0.018525158357866788
200710,(ii),WLS,a,-0.0679958962109335
200711,(ii),WLS,a,0.014015735249121317
200712,(ii),WLS,a,-0.07887112818221759
200801,(ii),WLS,a,-0.0018610180255031702
200802,(ii),WLS,a,-0.0013800104033051836
200803,(ii),WLS,a,0.04634529919720085
200804,(ii),WLS,a,0.040531326697081746
200805,(ii),WLS,a,-0.08295870105280403
200806,(ii),WLS,a,-0.05393079461831061
200807,(ii),WLS,a,-0.005549826671359392
200808,(ii),WLS,a,-0.16977350247785317
200809,(ii),WLS,a,-0.23483349667448053
200810,(ii),WLS,a,-0.08523135535832592
200811,(ii),WLS,a,0.014284511388550332
200812,(ii),WLS,a,-0.08140348148423021
200901,(ii),WLS,a,-0.15708306730108587
200902,(ii),WLS,a,0.07306278313775753
200903,(ii),WLS,a,0.1653409072267794
200904,(ii),WLS,a,0.07725754364414833
200905,(ii),WLS,a,-0.039466695214833925
200906,(ii),WLS,a,0.10755737100693308
200907,(ii),WLS,a,0.0344759455159736
200908,(ii),WLS,a,0.07671616831501078
200909,(ii),WLS,a,-0.06119504908673022
200910,(ii),WLS,a,0.06659771316861163
200911,(ii),WLS,a,0.04894743381751926
200912,(ii),WLS,a,-0.04790150410674356
201001,(ii),WLS,a,0.043436460767165654
201002,(ii),WLS,a,0.08331360598915816
201003,(ii),WLS,a,0.04634371543685394
201004,(ii),WLS,a,-0.09207103930015033
201005,(ii),WLS,a,-0.07093770451078268
201006,(ii),WLS,a,0.08798434115135079
201007,(ii),WLS,a,-0.04604769919705032
201008,(ii),WLS,a,0.10283708337341624
201009,(ii),WLS,a,0.056907492333399784
201010,(ii),WLS,a,0.025355420275219143
201011,(ii),WLS,a,0.09364154785752368
201012,(ii),WLS,a,0.04781498912355245
201101,(ii),WLS,a,0.058917868153424584
201102,(ii),WLS,a,0.02016048225283698
201103,(ii),WLS,a,0.014526974526837074
201104,(ii),WLS,a,-0.03441957758078856
201105,(ii),WLS,a,-0.02433266169306766
201106,(ii),WLS,a,-0.033460263926423095
201107,(ii),WLS,a,-0.09190348494684901
201108,(ii),WLS,a,-0.13031707626907055
201109,(ii),WLS,a,0.16056287373636352
201110,(ii),WLS,a,0.010053897754441208
201111,(ii),WLS,a,-0.000773257708449797
201112,(ii),WLS,a,0.05133961447916213
201201,(ii),WLS,a,0.044886717297666814
201202,(ii),WLS,a,-0.012069711589104372
201203,(ii),WLS,a,-0.007683572172093384
201204,(ii),WLS,a,-0.09236946251206236
201205,(ii),WLS,a,0.04981812210111997
201206,(ii),WLS,a,0.014658692499479126
201207,(ii),WLS,a,0.022285262450445847
201208,(ii),WLS,a,0.036010529658076725
201209,(ii),WLS,a,-0.011054066348170792
201210,(ii),WLS,a,0.012738864501984894
201211,(ii),WLS,a,0.03120909411517526
201212,(ii),WLS,a,0.06857169368164098
201301,(ii),WLS,a,0.01395313536085203
201302,(ii),WLS,a,0.04030702698418202
201303,(ii),WLS,a,-0.0014191704891366465
201304,(ii),WLS,a,0.024817630242511247
201305,(ii),WLS,a,-0.00990212745170524
201306,(ii),WLS,a,0.05677082776329556
201307,(ii),WLS,a,-0.02093450159433106
201308,(ii),WLS,a,0.0460212097713472
201309,(ii),WLS,a,0.048067545309190836
201310,(ii),WLS,a,0.014764640087276433
201311,(ii),WLS,a,0.047218820750383514
201312,(ii),WLS,a,-0.02627332842530368
201401,(ii),WLS,a,0.04410414001870718
201402,(ii),WLS,a,0.010558206039215806
201403,(ii),WLS,a,0.018869377100940707
201404,(ii),WLS,a,0.029298656705189944
201405,(ii),WLS,a,0.03057733376305299
201406,(ii),WLS,a,-0.027351982756224656
201407,(ii),WLS,a,0.031208501461906214
201408,(ii),WLS,a,-0.04906929237133287
201409,(ii),WLS,a,0.004458777074112385
201410,(ii),WLS,a,-0.008661259167419591
201411,(ii),WLS,a,-0.011258495322784083
201412,(ii),WLS,a,-0.0415058207586081
201501,(ii),WLS,a,0.07943348903311774
201502,(ii),WLS,a,-0.02529654163819707
201503,(ii),WLS,a,0.030762302560650077
201504,(ii),WLS,a,0.001179982890738678
201505,(ii),WLS,a,-0.0313382303386318
201506,(ii),WLS,a,-0.021995716252922286
201507,(ii),WLS,a,-0.06044128255880465
201508,(ii),WLS,a,-0.04544922429304685
201509,(ii),WLS,a,0.1068001261146487
201510,(ii),WLS,a,0.006976532704895938
201511,(ii),WLS,a,-0.04861756353168619
201512,(ii),WLS,a,-0.07183315112090029
201601,(ii),WLS,a,0.016363515916150123
201602,(ii),WLS,a,0.08178561400959185
201603,(ii),WLS,a,0.038530403221158506
201604,(ii),WLS,a,-0.0004285768335655508
201605,(ii),WLS,a,0.013422370622207734
201606,(ii),WLS,a,0.016262768361291972
201607,(ii),WLS,a,0.0016551888288520197
201608,(ii),WLS,a,0.013209206366928817
201609,(ii),WLS,a,-0.0250048821640737
201610,(ii),WLS,a,0.08124609018474907
201611,(ii),WLS,a,0.012947532111753347
201612,(ii),WLS,a,0.02553147983254534
201701,(ii),WLS,a,0.007583980874980817
201702,(ii),WLS,a,-0.005831856205419183
201703,(ii),WLS,a,-0.0012289572261604401
201704,(ii),WLS,a,-0.004669557378217197
201705,(ii),WLS,a,0.0060439165704340115
201706,(ii),WLS,a,0.020143651402012887
201707,(ii),WLS,a,-0.003677685494657087
201708,(ii),WLS,a,0.045644686397086284
201709,(ii),WLS,a,-0.006246204283842066
201710,(ii),WLS,a,0.013522405076854756
201711,(ii),WLS,a,0.030680608368456135
201712,(ii),WLS,a,0.037722620579017103
201801,(ii),WLS,a,-0.05143885636991042
201802,(ii),WLS,a,-0.02310133344588402
201803,(ii),WLS,a,0.003691355595134813
201804,(ii),WLS,a,0.03642172403654009
201805,(ii),WLS,a,-0.01461974246972876
201806,(ii),WLS,a,0.03162647466789571
201807,(ii),WLS,a,-0.000916559396764812
201808,(ii),WLS,a,0.016064450715868636
201809,(ii),WLS,a,-0.06438251094903172
201810,(ii),WLS,a,-0.010012565391860908
201811,(ii),WLS,a,-0.11392179715140603
201812,(ii),WLS,a,0.08703908171361681
201901,(ii),WLS,a,0.041787168553678145
201902,(ii),WLS,a,0.011508359051137992
201903,(ii),WLS,a,0.0294429361703864
201904,(ii),WLS,a,-0.07408225991975236
201905,(ii),WLS,a,0.08622759821292342
201906,(ii),WLS,a,0.0017840159221013821
201907,(ii),WLS,a,-0.04590884366663751
201908,(ii),WLS,a,0.025206563943128476
201909,(ii),WLS,a,0.010856804609521204
201910,(ii),WLS,a,0.042205082976774784
201911,(ii),WLS,a,0.025768026803741507
201912,(ii),WLS,a,-0.024733969627017852
202001,(ii),WLS,a,-0.10865989336062215
202002,(ii),WLS,a,-0.21810063435641197
202003,(ii),WLS,a,0.13436634311872478
202004,(ii),WLS,a,0.04850902496560136
202005,(ii),WLS,a,0.010598639602179242
202006,(ii),WLS,a,0.042079696479927785
202007,(ii),WLS,a,0.07665231139735096
202008,(ii),WLS,a,-0.034233212232588864
202009,(ii),WLS,a,-0.019530504578923157
202010,(ii),WLS,a,0.19192225271984742
202011,(ii),WLS,a,0.0722261067185539
202012,(ii),WLS,a,0.010695006667280993
202101,(ii),WLS,a,0.07140162307676268
202102,(ii),WLS,a,0.022571049951245856
202103,(ii),WLS,a,0.020917731222186202
202104,(ii),WLS,a,0.017347059596240662
202105,(ii),WLS,a,-0.009472154113754192
202106,(ii),WLS,a,-0.02640768970075594
202107,(ii),WLS,a,-0.0020402097966355733
202108,(ii),WLS,a,0.00016605030241123993
202109,(ii),WLS,a,0.054974657933103674
202110,(ii),WLS,a,-0.06870158172489373
202111,(ii),WLS,a,0.04519589801492281
202112,(ii),WLS,a,-0.009948235366503662
202201,(ii),WLS,a,0.020326163940282724
202202,(ii),WLS,a,0.0569964770060615
202203,(ii),WLS,a,-0.06947690151998301
202204,(ii),WLS,a,0.05369115517998523
202205,(ii),WLS,a,-0.11417805575373018
202206,(ii),WLS,a,0.06107000326056914
202207,(ii),WLS,a,-0.008248084592523
202208,(ii),WLS,a,-0.09533460935312676
202209,(ii),WLS,a,0.1535812113941868
202210,(ii),WLS,a,0.037141426731446284
202211,(ii),WLS,a,-0.048094880374142994
202212,(ii),WLS,a,0.044470923913901214
202301,(ii),WLS,a,-0.046011649085055596
202302,(ii),WLS,a,-0.051776965171387884
202303,(ii),WLS,a,-0.0340953098365331
202304,(ii),WLS,a,-0.08856438867345541
202305,(ii),WLS,a,0.07894275139570182
202306,(ii),WLS,a,0.025189250976886193
202307,(ii),WLS,a,-0.04829736949822287
202308,(ii),WLS,a,-0.05058306374469937
202309,(ii),WLS,a,-0.09501982268144019
202310,(ii),WLS,a,0.07686458571572247
202311,(ii),WLS,a,0.07667985371503395
202312,(ii),WLS,a,-0.03599034638082286
202401,(ii),WLS,a,-0.004147212989450509
202402,(ii),WLS,a,0.04715510033290946
202403,(ii),WLS,a,-0.0494171270246377
202404,(ii),WLS,a,-0.010358554120597665
202405,(ii),WLS,a,-0.05778164547100429
202406,(ii),WLS,a,0.08569518005673875
202407,(ii),WLS,a,-0.017288890737412826
202408,(ii),WLS,a,0.02654821042859922
202409,(ii),WLS,a,-0.04964690400527677
202410,(ii),WLS,a,0.0752193261234154
202411,(ii),WLS,a,-0.07906086506290859
197307,(ii),WLS,b_GP,-0.034639345062070455
197308,(ii),WLS,b_GP,-0.16324244310161246
197309,(ii),WLS,b_GP,-0.015228310261646715
197310,(ii),WLS,b_GP,-0.004374886789084922
197311,(ii),WLS,b_GP,-0.16805247286915767
197312,(ii),WLS,b_GP,0.01676758401952695
197401,(ii),WLS,b_GP,-0.05125981868528988
197402,(ii),WLS,b_GP,0.03631100681084674
197403,(ii),WLS,b_GP,0.021252509403542792
197404,(ii),WLS,b_GP,0.07180116496162867
197405,(ii),WLS,b_GP,-0.017117602822488035
197406,(ii),WLS,b_GP,-0.11588885553115927
197407,(ii),WLS,b_GP,-0.04567102171560136
197408,(ii),WLS,b_GP,-0.11419168861878194
197409,(ii),WLS,b_GP,0.05563186547898649
197410,(ii),WLS,b_GP,-0.014715337338780846
197411,(ii),WLS,b_GP,-0.03973420680146261
197412,(ii),WLS,b_GP,0.007242606706524377
197501,(ii),WLS,b_GP,0.10368406355034167
197502,(ii),WLS,b_GP,-0.010380311761098516
197503,(ii),WLS,b_GP,-0.031176642831966722
197504,(ii),WLS,b_GP,-0.00169075386652576
197505,(ii),WLS,b_GP,-0.0540385558532362
197506,(ii),WLS,b_GP,-0.08426285726389768
197507,(ii),WLS,b_GP,-0.009981579250814063
197508,(ii),WLS,b_GP,0.0024590956677529186
197509,(ii),WLS,b_GP,0.09039036591436338
197510,(ii),WLS,b_GP,0.03591253625578039
197511,(ii),WLS,b_GP,-0.05976806331748256
197512,(ii),WLS,b_GP,-0.03954784788079157
197601,(ii),WLS,b_GP,-0.06744092798519193
197602,(ii),WLS,b_GP,0.0033417521317376576
197603,(ii),WLS,b_GP,-0.0725898288819761
197604,(ii),WLS,b_GP,-0.014323062303040517
197605,(ii),WLS,b_GP,0.011890377336440223
197606,(ii),WLS,b_GP,0.009436867498906615
197607,(ii),WLS,b_GP,0.02301320471827072
197608,(ii),WLS,b_GP,-0.020695976616290666
197609,(ii),WLS,b_GP,-0.032189767651817865
197610,(ii),WLS,b_GP,-0.030334420456338478
197611,(ii),WLS,b_GP,-0.041520893968702635
197612,(ii),WLS,b_GP,-0.05299182279394275
197701,(ii),WLS,b_GP,0.01158843467725317
197702,(ii),WLS,b_GP,0.0002252837005067656
197703,(ii),WLS,b_GP,-0.08400404136065716
197704,(ii),WLS,b_GP,-0.015625924747701837
197705,(ii),WLS,b_GP,0.05630528768945695
197706,(ii),WLS,b_GP,0.04332331198490512
197707,(ii),WLS,b_GP,0.08287691156034364
197708,(ii),WLS,b_GP,-0.024229925205818965
197709,(ii),WLS,b_GP,0.018739744625195284
197710,(ii),WLS,b_GP,0.017511954308438812
197711,(ii),WLS,b_GP,-0.0057666561333993204
197712,(ii),WLS,b_GP,0.015107469262222551
197801,(ii),WLS,b_GP,-0.02159684768622385
197802,(ii),WLS,b_GP,-0.03391975833731725
197803,(ii),WLS,b_GP,0.05206436226888895
197804,(ii),WLS,b_GP,0.016518775873694772
197805,(ii),WLS,b_GP,0.031012321809491476
197806,(ii),WLS,b_GP,0.03155219563054739
197807,(ii),WLS,b_GP,-0.010928286542986769
197808,(ii),WLS,b_GP,-0.06321445406129829
197809,(ii),WLS,b_GP,0.01566375982683406
197810,(ii),WLS,b_GP,-0.006094569020162071
197811,(ii),WLS,b_GP,0.04236074150800707
197812,(ii),WLS,b_GP,-0.03179486736266066
197901,(ii),WLS,b_GP,-0.03306065011742119
197902,(ii),WLS,b_GP,-0.030154185821338133
197903,(ii),WLS,b_GP,-0.0031454647658901093
197904,(ii),WLS,b_GP,-0.0010124689992555694
197905,(ii),WLS,b_GP,-0.06015012391066249
197906,(ii),WLS,b_GP,-0.04099773161874745
197907,(ii),WLS,b_GP,-0.01248192346212356
197908,(ii),WLS,b_GP,-0.05560090172832677
197909,(ii),WLS,b_GP,-0.005085566519101832
197910,(ii),WLS,b_GP,-0.02065828269638213
197911,(ii),WLS,b_GP,-0.05790967372073285
197912,(ii),WLS,b_GP,-0.14474066311679643
198001,(ii),WLS,b_GP,-0.11773011306111848
198002,(ii),WLS,b_GP,0.12074259655929882
198003,(ii),WLS,b_GP,-0.03398810020626253
198004,(ii),WLS,b_GP,0.02091031038797934
198005,(ii),WLS,b_GP,-0.036418474855178476
198006,(ii),WLS,b_GP,0.05809559198726803
198007,(ii),WLS,b_GP,-0.025490173792804136
198008,(ii),WLS,b_GP,-0.05477062519799756
198009,(ii),WLS,b_GP,-0.05871685496233672
198010,(ii),WLS,b_GP,-0.13900661251130259
198011,(ii),WLS,b_GP,0.10095424696265391
198012,(ii),WLS,b_GP,0.04681662761775482
198101,(ii),WLS,b_GP,0.0025240961706677048
198102,(ii),WLS,b_GP,0.009618759343138007
198103,(ii),WLS,b_GP,0.08271887916798827
198104,(ii),WLS,b_GP,0.05828781488866948
198105,(ii),WLS,b_GP,-0.048752739972749336
198106,(ii),WLS,b_GP,-0.05270532021493093
198107,(ii),WLS,b_GP,0.027241562804475834
198108,(ii),WLS,b_GP,0.08834444828423071
198109,(ii),WLS,b_GP,-0.016623425080823654
198110,(ii),WLS,b_GP,-0.019810396592305785
198111,(ii),WLS,b_GP,0.041121106788464416
198112,(ii),WLS,b_GP,0.11438303630009414
198201,(ii),WLS,b_GP,0.06602250529445017
198202,(ii),WLS,b_GP,0.007086469059528313
198203,(ii),WLS,b_GP,0.027054655290073604
198204,(ii),WLS,b_GP,0.0011027735279064896
198205,(ii),WLS,b_GP,0.03690672263406761
198206,(ii),WLS,b_GP,0.09048087587394123
198207,(ii),WLS,b_GP,-0.033978291631984014
198208,(ii),WLS,b_GP,0.038995414794803375
198209,(ii),WLS,b_GP,-0.012884334089779903
198210,(ii),WLS,b_GP,0.08322644670446382
198211,(ii),WLS,b_GP,-0.008778676740407394
198212,(ii),WLS,b_GP,-0.040871575481409364
198301,(ii),WLS,b_GP,0.012890487962630242
198302,(ii),WLS,b_GP,0.0069839815415775495
198303,(ii),WLS,b_GP,-0.0167645126929858
198304,(ii),WLS,b_GP,-0.03767579124011103
198305,(ii),WLS,b_GP,0.014934208503754064
198306,(ii),WLS,b_GP,-0.007915928464708382
198307,(ii),WLS,b_GP,-0.033968747604357655
198308,(ii),WLS,b_GP,0.06220390967698588
198309,(ii),WLS,b_GP,0.007042336276228826
198310,(ii),WLS,b_GP,-0.0393423639432881
198311,(ii),WLS,b_GP,-0.009169166664765771
198312,(ii),WLS,b_GP,-0.08570035019067156
198401,(ii),WLS,b_GP,-0.01826437245899676
198402,(ii),WLS,b_GP,0.0004971043056475235
198403,(ii),WLS,b_GP,0.018244835745941903
198404,(ii),WLS,b_GP,0.032629488395373336
198405,(ii),WLS,b_GP,0.04742049635784839
198406,(ii),WLS,b_GP,0.04983238006740996
198407,(ii),WLS,b_GP,-0.02257847677078444
198408,(ii),WLS,b_GP,2.8528012630261605e-05
198409,(ii),WLS,b_GP,0.03927868102239354
198410,(ii),WLS,b_GP,0.001754336186280956
198411,(ii),WLS,b_GP,0.012762217523345857
198412,(ii),WLS,b_GP,-0.002602869382025813
198501,(ii),WLS,b_GP,0.00886260642502461
198502,(ii),WLS,b_GP,0.015677492490103872
198503,(ii),WLS,b_GP,-0.018393268375464192
198504,(ii),WLS,b_GP,0.04018075911779242
198505,(ii),WLS,b_GP,-0.0045635539446588595
198506,(ii),WLS,b_GP,-0.014871679532050867
198507,(ii),WLS,b_GP,-0.0014506300513898059
198508,(ii),WLS,b_GP,0.038695124693537815
198509,(ii),WLS,b_GP,0.025624568214628576
198510,(ii),WLS,b_GP,0.0491057464998472
198511,(ii),WLS,b_GP,0.053366763432907825
198512,(ii),WLS,b_GP,0.018333223881457403
198601,(ii),WLS,b_GP,-0.019488015044012007
198602,(ii),WLS,b_GP,0.02902399665594346
198603,(ii),WLS,b_GP,0.05461924802243013
198604,(ii),WLS,b_GP,0.029267379907735213
198605,(ii),WLS,b_GP,0.039849955925872524
198606,(ii),WLS,b_GP,0.02500049534743511
198607,(ii),WLS,b_GP,-0.07771745649589655
198608,(ii),WLS,b_GP,-0.07362846615879202
198609,(ii),WLS,b_GP,-0.0159542872561333
198610,(ii),WLS,b_GP,0.015028382240188815
198611,(ii),WLS,b_GP,-0.00020618753944029173
198612,(ii),WLS,b_GP,-0.013420639159441439
198701,(ii),WLS,b_GP,0.052548721332970096
198702,(ii),WLS,b_GP,-0.04650521798916668
198703,(ii),WLS,b_GP,-0.006054744913117189
198704,(ii),WLS,b_GP,0.01213743157052554
198705,(ii),WLS,b_GP,0.016095392699713607
198706,(ii),WLS,b_GP,-0.03962532160229138
198707,(ii),WLS,b_GP,0.03068509677233441
198708,(ii),WLS,b_GP,-0.04581101080302158
198709,(ii),WLS,b_GP,0.04576486972175373
198710,(ii),WLS,b_GP,-0.030848760800731772
198711,(ii),WLS,b_GP,-0.0016789945938202452
198712,(ii),WLS,b_GP,-0.012988021156920392
198801,(ii),WLS,b_GP,-0.003118041000987615
198802,(ii),WLS,b_GP,-0.042726545629600134
198803,(ii),WLS,b_GP,-0.029778735682818414
198804,(ii),WLS,b_GP,-0.012935383790354976
198805,(ii),WLS,b_GP,0.013115859404617815
198806,(ii),WLS,b_GP,-0.006540256621512907
198807,(ii),WLS,b_GP,0.008918965953240597
198808,(ii),WLS,b_GP,0.027194577348820994
198809,(ii),WLS,b_GP,0.002099056843343414
198810,(ii),WLS,b_GP,-0.013316845227590225
198811,(ii),WLS,b_GP,0.013792837189317848
198812,(ii),WLS,b_GP,-0.016740508046334684
198901,(ii),WLS,b_GP,-0.011785268628211215
198902,(ii),WLS,b_GP,-0.018225383148124438
198903,(ii),WLS,b_GP,-0.0030851939182984004
198904,(ii),WLS,b_GP,-0.0014284607828763203
198905,(ii),WLS,b_GP,0.0019087810118020923
198906,(ii),WLS,b_GP,0.051925290766211794
198907,(ii),WLS,b_GP,-0.039871378528783856
198908,(ii),WLS,b_GP,0.024750157808738908
198909,(ii),WLS,b_GP,0.0505826870533646
198910,(ii),WLS,b_GP,-0.011074871310683361
198911,(ii),WLS,b_GP,-0.01323459326517873
198912,(ii),WLS,b_GP,-0.014176935381684817
199001,(ii),WLS,b_GP,-0.040660012327666
199002,(ii),WLS,b_GP,0.0358973438743601
199003,(ii),WLS,b_GP,0.05762619923084015
199004,(ii),WLS,b_GP,0.05384917485385594
199005,(ii),WLS,b_GP,0.053889728337100554
199006,(ii),WLS,b_GP,-0.011682242013563084
199007,(ii),WLS,b_GP,-0.006630977845854316
199008,(ii),WLS,b_GP,0.00876524424568551
199009,(ii),WLS,b_GP,0.07667437239260577
199010,(ii),WLS,b_GP,0.053479663369417216
199011,(ii),WLS,b_GP,0.02434988575449398
199012,(ii),WLS,b_GP,0.012748679883586791
199101,(ii),WLS,b_GP,0.025862099119545283
199102,(ii),WLS,b_GP,0.061715860441816546
199103,(ii),WLS,b_GP,-0.009264536823267555
199104,(ii),WLS,b_GP,-0.0037971714531264823
199105,(ii),WLS,b_GP,0.01197721516084959
199106,(ii),WLS,b_GP,0.05055597563853823
199107,(ii),WLS,b_GP,0.04734295976016544
199108,(ii),WLS,b_GP,-0.004975287748425375
199109,(ii),WLS,b_GP,0.015439595362287825
199110,(ii),WLS,b_GP,0.09092240754525721
199111,(ii),WLS,b_GP,0.08403929523868515
199112,(ii),WLS,b_GP,-0.07049548735210977
199201,(ii),WLS,b_GP,-0.017969334612658778
199202,(ii),WLS,b_GP,-0.000129808451757011
199203,(ii),WLS,b_GP,-0.07964458374353166
199204,(ii),WLS,b_GP,0.02064263022193226
199205,(ii),WLS,b_GP,-0.03936641352203853
199206,(ii),WLS,b_GP,0.03431230797935802
199207,(ii),WLS,b_GP,0.026595023441045064
199208,(ii),WLS,b_GP,-0.027008857887449167
199209,(ii),WLS,b_GP,0.046018423605788485
199210,(ii),WLS,b_GP,0.005280623470356246
199211,(ii),WLS,b_GP,-0.03962350206193259
199212,(ii),WLS,b_GP,-0.07101034053227658
199301,(ii),WLS,b_GP,-0.04662521525522846
199302,(ii),WLS,b_GP,-0.028957801366339558
199303,(ii),WLS,b_GP,-0.07345091837917457
199304,(ii),WLS,b_GP,0.01907643555649789
199305,(ii),WLS,b_GP,-0.03801080245944875
199306,(ii),WLS,b_GP,-0.08561385249400214
199307,(ii),WLS,b_GP,0.0129077168582446
199308,(ii),WLS,b_GP,-0.001900462996277432
199309,(ii),WLS,b_GP,0.0075074272785630985
199310,(ii),WLS,b_GP,0.025676905269189434
199311,(ii),WLS,b_GP,-0.03656995623682645
199312,(ii),WLS,b_GP,-0.06785583143051169
199401,(ii),WLS,b_GP,0.03432079207415241
199402,(ii),WLS,b_GP,0.01325164320274337
199403,(ii),WLS,b_GP,0.00013390834650260622
199404,(ii),WLS,b_GP,-0.000611797775857197
199405,(ii),WLS,b_GP,0.008455947860799217
199406,(ii),WLS,b_GP,-0.012698225131543001
199407,(ii),WLS,b_GP,0.07923102389415174
199408,(ii),WLS,b_GP,0.029834339609190165
199409,(ii),WLS,b_GP,0.030774400377602047
199410,(ii),WLS,b_GP,0.053043353882985304
199411,(ii),WLS,b_GP,-0.01865177210725891
199412,(ii),WLS,b_GP,0.019438862039346895
199501,(ii),WLS,b_GP,-0.01812435217690108
199502,(ii),WLS,b_GP,0.004898334202256974
199503,(ii),WLS,b_GP,0.01863755334907663
199504,(ii),WLS,b_GP,0.012071979452317534
199505,(ii),WLS,b_GP,0.04144302546906349
199506,(ii),WLS,b_GP,-0.020491477549138645
199507,(ii),WLS,b_GP,0.0013465295133621386
199508,(ii),WLS,b_GP,0.03939700851186793
199509,(ii),WLS,b_GP,0.05492814164248888
199510,(ii),WLS,b_GP,-0.04425507633972682
199511,(ii),WLS,b_GP,-0.05940613432604663
199512,(ii),WLS,b_GP,-0.01279765122505631
199601,(ii),WLS,b_GP,0.04135210537671275
199602,(ii),WLS,b_GP,-0.05386582827198115
199603,(ii),WLS,b_GP,0.0309811422550981
199604,(ii),WLS,b_GP,0.05294204467857006
199605,(ii),WLS,b_GP,0.014887646179438746
199606,(ii),WLS,b_GP,0.015217138614512408
199607,(ii),WLS,b_GP,-0.00863362078396962
199608,(ii),WLS,b_GP,0.07169199672288337
199609,(ii),WLS,b_GP,-0.020682593674225088
199610,(ii),WLS,b_GP,0.03313896441776101
199611,(ii),WLS,b_GP,-0.019532639225923222
199612,(ii),WLS,b_GP,0.07470655174324302
199701,(ii),WLS,b_GP,0.004312373487641259
199702,(ii),WLS,b_GP,-0.04924708688387826
199703,(ii),WLS,b_GP,0.09144215588219713
199704,(ii),WLS,b_GP,0.0057604638311702094
199705,(ii),WLS,b_GP,0.014565604847776059
199706,(ii),WLS,b_GP,0.0070409763447767575
199707,(ii),WLS,b_GP,-0.05413935148389832
199708,(ii),WLS,b_GP,-0.028569265289455147
199709,(ii),WLS,b_GP,0.03875877241903825
199710,(ii),WLS,b_GP,0.07009232697394283
199711,(ii),WLS,b_GP,-0.02230211995523309
199712,(ii),WLS,b_GP,0.0714541196185425
199801,(ii),WLS,b_GP,0.01352293366088666
199802,(ii),WLS,b_GP,-0.024170850512490107
199803,(ii),WLS,b_GP,-0.01806133902283455
199804,(ii),WLS,b_GP,0.011135844086268804
199805,(ii),WLS,b_GP,0.11442300347967785
199806,(ii),WLS,b_GP,0.04015471445671851
199807,(ii),WLS,b_GP,0.02708850278704918
199808,(ii),WLS,b_GP,0.015051816086673503
199809,(ii),WLS,b_GP,-0.013985980865867144
199810,(ii),WLS,b_GP,0.06395924385461901
199811,(ii),WLS,b_GP,0.04374624241369862
199812,(ii),WLS,b_GP,0.0784265891792737
199901,(ii),WLS,b_GP,-0.05007127292360754
199902,(ii),WLS,b_GP,-0.01044951503873759
199903,(ii),WLS,b_GP,-0.16928739652114377
199904,(ii),WLS,b_GP,-0.0014273992922307337
199905,(ii),WLS,b_GP,0.05651340200474541
199906,(ii),WLS,b_GP,-0.019340724357636185
199907,(ii),WLS,b_GP,0.10098761137736688
199908,(ii),WLS,b_GP,-0.014684864785310078
199909,(ii),WLS,b_GP,0.0718088752991016
199910,(ii),WLS,b_GP,0.06018903548195419
199911,(ii),WLS,b_GP,0.02433688199924048
199912,(ii),WLS,b_GP,0.002639390763155789
200001,(ii),WLS,b_GP,0.05295522567446263
200002,(ii),WLS,b_GP,0.016508836769703467
200003,(ii),WLS,b_GP,0.0006963912823508506
200004,(ii),WLS,b_GP,0.023351472446224833
200005,(ii),WLS,b_GP,0.09088821049889463
200006,(ii),WLS,b_GP,-0.033578294461115855
200007,(ii),WLS,b_GP,-0.012422479594626983
200008,(ii),WLS,b_GP,-0.011580977190527381
200009,(ii),WLS,b_GP,-0.008871220633634522
200010,(ii),WLS,b_GP,0.08116381131526006
200011,(ii),WLS,b_GP,-0.051232029640385125
200012,(ii),WLS,b_GP,-0.09303750722787107
200101,(ii),WLS,b_GP,-0.004034236533625051
200102,(ii),WLS,b_GP,-0.04425390889135313
200103,(ii),WLS,b_GP,-0.06343207160732016
200104,(ii),WLS,b_GP,-0.013474122503852869
200105,(ii),WLS,b_GP,0.029986060229548174
200106,(ii),WLS,b_GP,0.05043828271188532
200107,(ii),WLS,b_GP,0.025397465641626375
200108,(ii),WLS,b_GP,0.04959310394606011
200109,(ii),WLS,b_GP,0.05434741640717473
200110,(ii),WLS,b_GP,0.00900849251550969
200111,(ii),WLS,b_GP,-0.03861479275198282
200112,(ii),WLS,b_GP,0.06647840658974914
200201,(ii),WLS,b_GP,-0.0026214433496392457
200202,(ii),WLS,b_GP,-0.05171710985023106
200203,(ii),WLS,b_GP,0.039983520789730845
200204,(ii),WLS,b_GP,-0.04383301331622816
200205,(ii),WLS,b_GP,0.023931829075485973
200206,(ii),WLS,b_GP,0.07757535971833404
200207,(ii),WLS,b_GP,0.029086156921613184
200208,(ii),WLS,b_GP,0.04061834982500142
200209,(ii),WLS,b_GP,0.020767852995081746
200210,(ii),WLS,b_GP,-0.09278712309083811
200211,(ii),WLS,b_GP,0.026967644410974094
200212,(ii),WLS,b_GP,0.01593216441792913
200301,(ii),WLS,b_GP,0.036109045951492356
200302,(ii),WLS,b_GP,0.045456857462728324
200303,(ii),WLS,b_GP,-0.05400843669448572
200304,(ii),WLS,b_GP,-0.07076884140267693
200305,(ii),WLS,b_GP,0.013520051637666494
200306,(ii),WLS,b_GP,0.003235494389238614
200307,(ii),WLS,b_GP,-0.04274725135690505
200308,(ii),WLS,b_GP,0.03931661002158849
200309,(ii),WLS,b_GP,-0.0074508266429681195
200310,(ii),WLS,b_GP,-0.007085804018976645
200311,(ii),WLS,b_GP,-0.08786012017194371
200312,(ii),WLS,b_GP,0.011205860631029674
200401,(ii),WLS,b_GP,0.024585257673733926
200402,(ii),WLS,b_GP,0.0021733425665490156
200403,(ii),WLS,b_GP,0.029258308645884534
200404,(ii),WLS,b_GP,0.013789742014854712
200405,(ii),WLS,b_GP,-0.0406814534816698
200406,(ii),WLS,b_GP,-0.030454621469097845
200407,(ii),WLS,b_GP,0.008942172262888147
200408,(ii),WLS,b_GP,-0.05858342592629864
200409,(ii),WLS,b_GP,0.01927456485287218
200410,(ii),WLS,b_GP,-0.06373858754090965
200411,(ii),WLS,b_GP,0.03167725738310647
200412,(ii),WLS,b_GP,0.02010859621267297
200501,(ii),WLS,b_GP,-0.06014787393033981
200502,(ii),WLS,b_GP,0.019509419904946902
200503,(ii),WLS,b_GP,0.029246071427495295
200504,(ii),WLS,b_GP,0.020823561785389216
200505,(ii),WLS,b_GP,-0.017716583935739584
200506,(ii),WLS,b_GP,-0.021810579830285212
200507,(ii),WLS,b_GP,-0.04645595540783701
200508,(ii),WLS,b_GP,-0.045973579939770186
200509,(ii),WLS,b_GP,0.03921238083117741
200510,(ii),WLS,b_GP,-0.009529892834858687
200511,(ii),WLS,b_GP,-0.016935097135643465
200512,(ii),WLS,b_GP,-0.04897952617162062
200601,(ii),WLS,b_GP,0.021367223634943346
200602,(ii),WLS,b_GP,-0.027727581157946424
200603,(ii),WLS,b_GP,-0.03928976141144668
200604,(ii),WLS,b_GP,-0.007061703412061978
200605,(ii),WLS,b_GP,0.0022872064779804065
200606,(ii),WLS,b_GP,0.007590007529484574
200607,(ii),WLS,b_GP,0.03128656364980245
200608,(ii),WLS,b_GP,0.03521070460154706
200609,(ii),WLS,b_GP,-0.0018879425927617666
200610,(ii),WLS,b_GP,-0.04033512215864486
200611,(ii),WLS,b_GP,-0.01805762503629412
200612,(ii),WLS,b_GP,0.016854938809315368
200701,(ii),WLS,b_GP,-0.02341722214390501
200702,(ii),WLS,b_GP,-0.024582342187953382
200703,(ii),WLS,b_GP,0.0097959622738417
200704,(ii),WLS,b_GP,-0.036608568463297436
200705,(ii),WLS,b_GP,-0.011842661684923319
200706,(ii),WLS,b_GP,-0.014552827906023405
200707,(ii),WLS,b_GP,0.01965757359394717
200708,(ii),WLS,b_GP,-0.032972029830607125
200709,(ii),WLS,b_GP,0.00912943992552903
200710,(ii),WLS,b_GP,0.04102993229455548
200711,(ii),WLS,b_GP,-0.02766899551153907
200712,(ii),WLS,b_GP,0.014359848495653254
200801,(ii),WLS,b_GP,-0.025242560926862088
200802,(ii),WLS,b_GP,0.008320185003081683
200803,(ii),WLS,b_GP,-0.01284082282463971
200804,(ii),WLS,b_GP,-0.021597905538211067
200805,(ii),WLS,b_GP,0.02734010019076552
200806,(ii),WLS,b_GP,0.07146107326966158
200807,(ii),WLS,b_GP,0.04975239192307774
200808,(ii),WLS,b_GP,0.12653575705430598
200809,(ii),WLS,b_GP,0.11724656055644146
200810,(ii),WLS,b_GP,0.03241482303017957
200811,(ii),WLS,b_GP,0.0148882035475318
200812,(ii),WLS,b_GP,0.033908079500896436
200901,(ii),WLS,b_GP,0.12433017487545517
200902,(ii),WLS,b_GP,0.024936826883630494
200903,(ii),WLS,b_GP,-0.12892020993491365
200904,(ii),WLS,b_GP,-0.07092788467134481
200905,(ii),WLS,b_GP,0.08858483861774229
200906,(ii),WLS,b_GP,-0.058905312483991445
200907,(ii),WLS,b_GP,-0.02033598932206514
200908,(ii),WLS,b_GP,-0.056831402591761046
200909,(ii),WLS,b_GP,0.07466755663198207
200910,(ii),WLS,b_GP,-0.014466433121488598
200911,(ii),WLS,b_GP,-0.034765409008713465
200912,(ii),WLS,b_GP,0.010803265216991438
201001,(ii),WLS,b_GP,-0.009502135367804017
201002,(ii),WLS,b_GP,-0.041086318615965
201003,(ii),WLS,b_GP,-0.041670923398805376
201004,(ii),WLS,b_GP,0.026618698568198047
201005,(ii),WLS,b_GP,0.02232079229149444
201006,(ii),WLS,b_GP,-0.033312180721750954
201007,(ii),WLS,b_GP,0.005977291907448699
201008,(ii),WLS,b_GP,0.0028929455305284476
201009,(ii),WLS,b_GP,-0.02494452322496786
201010,(ii),WLS,b_GP,-0.02580196609874105
201011,(ii),WLS,b_GP,-0.06424607845106513
201012,(ii),WLS,b_GP,-0.05533628760365049
201101,(ii),WLS,b_GP,-0.04854203491254087
201102,(ii),WLS,b_GP,-0.019257450695755633
201103,(ii),WLS,b_GP,0.04137821946060975
201104,(ii),WLS,b_GP,0.047612498039685876
201105,(ii),WLS,b_GP,0.022060250685055217
201106,(ii),WLS,b_GP,0.02484748962606928
201107,(ii),WLS,b_GP,0.06987118068252364
201108,(ii),WLS,b_GP,0.11531894909011102
201109,(ii),WLS,b_GP,-0.09301846429605462
201110,(ii),WLS,b_GP,-0.011946743468940195
201111,(ii),WLS,b_GP,0.0058142470708937265
201112,(ii),WLS,b_GP,0.0024108262063852496
201201,(ii),WLS,b_GP,-0.0075632407222869435
201202,(ii),WLS,b_GP,0.07723759645367864
201203,(ii),WLS,b_GP,0.005842645370237035
201204,(ii),WLS,b_GP,0.05941623064316941
201205,(ii),WLS,b_GP,-0.025397048578811157
201206,(ii),WLS,b_GP,-0.006654714377342075
201207,(ii),WLS,b_GP,0.007516580375277333
201208,(ii),WLS,b_GP,-0.028777373822889515
201209,(ii),WLS,b_GP,-0.025632529893972834
201210,(ii),WLS,b_GP,-0.0014751300764013367
201211,(ii),WLS,b_GP,-0.048417955652396746
201212,(ii),WLS,b_GP,-0.032658428041887844
201301,(ii),WLS,b_GP,-0.007010665566173648
201302,(ii),WLS,b_GP,-0.0029709253295041533
201303,(ii),WLS,b_GP,0.028232982020268752
201304,(ii),WLS,b_GP,-0.0032093404142589585
201305,(ii),WLS,b_GP,-0.010808658537945404
201306,(ii),WLS,b_GP,-0.004729751512532421
201307,(ii),WLS,b_GP,-0.004479926892268184
201308,(ii),WLS,b_GP,-0.01268818758985962
201309,(ii),WLS,b_GP,-0.00848052420968003
201310,(ii),WLS,b_GP,0.02827797388676285
201311,(ii),WLS,b_GP,-0.04237402880780069
201312,(ii),WLS,b_GP,-0.021129753618104128
201401,(ii),WLS,b_GP,0.012841331365482114
201402,(ii),WLS,b_GP,-0.013510904162125938
201403,(ii),WLS,b_GP,-0.02663197577984822
201404,(ii),WLS,b_GP,-0.014291303733985409
201405,(ii),WLS,b_GP,-0.016701399270671335
201406,(ii),WLS,b_GP,0.022374328644186453
201407,(ii),WLS,b_GP,0.02152511583641771
201408,(ii),WLS,b_GP,0.0554891509020737
201409,(ii),WLS,b_GP,0.03561991721351573
201410,(ii),WLS,b_GP,0.07835494454921063
201411,(ii),WLS,b_GP,0.009829332835921488
201412,(ii),WLS,b_GP,0.03751063670237578
201501,(ii),WLS,b_GP,-0.027791182308114257
201502,(ii),WLS,b_GP,0.016520798790355545
201503,(ii),WLS,b_GP,-0.04380208359005161
201504,(ii),WLS,b_GP,0.02218344511313408
201505,(ii),WLS,b_GP,0.02152185104370373
201506,(ii),WLS,b_GP,0.06581978790550336
201507,(ii),WLS,b_GP,0.0017020431909644145
201508,(ii),WLS,b_GP,0.034443117214037144
201509,(ii),WLS,b_GP,-0.04485866238172077
201510,(ii),WLS,b_GP,-0.004549936513451772
201511,(ii),WLS,b_GP,0.05131822242726742
201512,(ii),WLS,b_GP,0.03124358563867903
201601,(ii),WLS,b_GP,-0.018389111058678766
201602,(ii),WLS,b_GP,-0.0232508547053182
201603,(ii),WLS,b_GP,-0.06830749714625892
201604,(ii),WLS,b_GP,0.03431665968804091
201605,(ii),WLS,b_GP,-0.010728914085463167
201606,(ii),WLS,b_GP,0.046461731614005956
201607,(ii),WLS,b_GP,-0.009199019280951447
201608,(ii),WLS,b_GP,-0.015128064365678536
201609,(ii),WLS,b_GP,-0.003909469406980494
201610,(ii),WLS,b_GP,-0.08591395864072675
201611,(ii),WLS,b_GP,-0.000847954955759772
201612,(ii),WLS,b_GP,-0.0020966688062552924
201701,(ii),WLS,b_GP,0.0491642489750015
201702,(ii),WLS,b_GP,0.027594155656582
201703,(ii),WLS,b_GP,0.03064441957778569
201704,(ii),WLS,b_GP,0.04062764158148269
201705,(ii),WLS,b_GP,-0.014385081077320578
201706,(ii),WLS,b_GP,-0.0013384643317722812
201707,(ii),WLS,b_GP,0.015477206066640593
201708,(ii),WLS,b_GP,-0.043889455858446315
201709,(ii),WLS,b_GP,0.05939130784721207
201710,(ii),WLS,b_GP,0.03682962550140681
201711,(ii),WLS,b_GP,-0.03316325832854442
201712,(ii),WLS,b_GP,0.04471336759873726
201801,(ii),WLS,b_GP,0.03210645452682888
201802,(ii),WLS,b_GP,0.0008600155914264682
201803,(ii),WLS,b_GP,-0.0002842167228496347
201804,(ii),WLS,b_GP,-0.0049962816591423796
201805,(ii),WLS,b_GP,0.03929973426047325
201806,(ii),WLS,b_GP,-0.0034408223405444746
201807,(ii),WLS,b_GP,0.08361246871155717
201808,(ii),WLS,b_GP,-0.01734388026143023
201809,(ii),WLS,b_GP,-0.03878556582962051
201810,(ii),WLS,b_GP,0.03866513353956932
201811,(ii),WLS,b_GP,0.03725261798108366
201812,(ii),WLS,b_GP,-0.008528726783997562
201901,(ii),WLS,b_GP,-0.011383262409261572
201902,(ii),WLS,b_GP,0.015775554501336178
201903,(ii),WLS,b_GP,0.016402977996540995
201904,(ii),WLS,b_GP,-0.0027653209151453154
201905,(ii),WLS,b_GP,-0.014072892596740723
201906,(ii),WLS,b_GP,0.009458235554476762
201907,(ii),WLS,b_GP,0.03835162092215646
201908,(ii),WLS,b_GP,-0.022145794502979776
201909,(ii),WLS,b_GP,0.022876682535798425
201910,(ii),WLS,b_GP,-0.004741829131873222
201911,(ii),WLS,b_GP,0.00909067249626925
201912,(ii),WLS,b_GP,0.042007748339430544
202001,(ii),WLS,b_GP,0.058839728449640305
202002,(ii),WLS,b_GP,0.19107310447151135
202003,(ii),WLS,b_GP,0.019228576991393364
202004,(ii),WLS,b_GP,0.013848884141366377
202005,(ii),WLS,b_GP,0.042102375954556
202006,(ii),WLS,b_GP,0.040797398605670734
202007,(ii),WLS,b_GP,0.018349750474993765
202008,(ii),WLS,b_GP,-0.011231783156809587
202009,(ii),WLS,b_GP,-0.01865918440887233
202010,(ii),WLS,b_GP,-0.12812347391786738
202011,(ii),WLS,b_GP,-0.03926924812356376
202012,(ii),WLS,b_GP,-0.018861611398382706
202101,(ii),WLS,b_GP,-0.09393168433964114
202102,(ii),WLS,b_GP,0.009134140756147898
202103,(ii),WLS,b_GP,0.04356072609627857
202104,(ii),WLS,b_GP,-0.03267431600615672
202105,(ii),WLS,b_GP,0.08162345412111248
202106,(ii),WLS,b_GP,0.069086049117646
202107,(ii),WLS,b_GP,0.0532688573176452
202108,(ii),WLS,b_GP,-0.08043937359230283
202109,(ii),WLS,b_GP,0.02295044450205181
202110,(ii),WLS,b_GP,0.11594884950771288
202111,(ii),WLS,b_GP,-0.024063379865233245
202112,(ii),WLS,b_GP,-0.09187372951391495
202201,(ii),WLS,b_GP,-0.07924758684078044
202202,(ii),WLS,b_GP,-0.0261095623682211
202203,(ii),WLS,b_GP,-0.04156176095073372
202204,(ii),WLS,b_GP,-0.09673319569900256
202205,(ii),WLS,b_GP,0.0438742880073769
202206,(ii),WLS,b_GP,0.07460915399194673
202207,(ii),WLS,b_GP,-0.054828520860765784
202208,(ii),WLS,b_GP,0.0007963644628101545
202209,(ii),WLS,b_GP,-0.12759151085754566
202210,(ii),WLS,b_GP,0.01457842901615561
202211,(ii),WLS,b_GP,-0.03249766078391625
202212,(ii),WLS,b_GP,0.042391695440767006
202301,(ii),WLS,b_GP,0.04444729834657449
202302,(ii),WLS,b_GP,0.16213321155792262
202303,(ii),WLS,b_GP,0.056762869635620654
202304,(ii),WLS,b_GP,0.16059368497958296
202305,(ii),WLS,b_GP,-0.010137422336000191
202306,(ii),WLS,b_GP,-0.0025918615771843958
202307,(ii),WLS,b_GP,0.050294098257735564
202308,(ii),WLS,b_GP,-0.0006211164396603188
202309,(ii),WLS,b_GP,0.09729708721593783
202310,(ii),WLS,b_GP,0.016642388056840027
202311,(ii),WLS,b_GP,-0.03940309807324192
202312,(ii),WLS,b_GP,0.08673520966622729
202401,(ii),WLS,b_GP,0.11478730799830447
202402,(ii),WLS,b_GP,-0.026225240248274936
202403,(ii),WLS,b_GP,-0.009177593006774646
202404,(ii),WLS,b_GP,0.08347139903528394
202405,(ii),WLS,b_GP,0.1444843831657718
202406,(ii),WLS,b_GP,-0.14531812583169135
202407,(ii),WLS,b_GP,0.041042904026875444
202408,(ii),WLS,b_GP,-0.0046678771346686685
202409,(ii),WLS,b_GP,0.054479166662169176
202410,(ii),WLS,b_GP,-0.020034731400015486
202411,(ii),WLS,b_GP,0.0789346016682615
197307,(iii),OLS,a,-0.05164034676277551
197308,(iii),OLS,a,0.0622756632289374
197309,(iii),OLS,a,0.02067564556138345
197310,(iii),OLS,a,-0.18463067962641685
197311,(iii),OLS,a,-0.04995375817543784
197312,(iii),OLS,a,0.2164104783721429
197401,(iii),OLS,a,0.02005865912330943
197402,(iii),OLS,a,0.0134150103369188
197403,(iii),OLS,a,-0.030087899116698447
197404,(iii),OLS,a,-0.07857082740758589
197405,(iii),OLS,a,-0.016481367068803203
197406,(iii),OLS,a,-0.0031802102255332598
197407,(iii),OLS,a,-0.06257196308650508
197408,(iii),OLS,a,-0.06968498857361641
197409,(iii),OLS,a,0.04081684965176478
197410,(iii),OLS,a,-0.08243391613984731
197411,(iii),OLS,a,-0.10741093501239096
197412,(iii),OLS,a,0.4152752602055551
197501,(iii),OLS,a,0.02213701897963847
197502,(iii),OLS,a,0.12128160390035561
197503,(iii),OLS,a,0.0138563845242346
197504,(iii),OLS,a,0.06246230387972725
197505,(iii),OLS,a,0.09140834355227956
197506,(iii),OLS,a,0.02177424110097231
197507,(iii),OLS,a,-0.07533020641419313
197508,(iii),OLS,a,-0.03866040065751925
197509,(iii),OLS,a,-0.0008213080749716349
197510,(iii),OLS,a,0.039639391675196166
197511,(iii),OLS,a,-0.014548498454427756
197512,(iii),OLS,a,0.32696735446207537
197601,(iii),OLS,a,0.19727409427652157
197602,(iii),OLS,a,0.010524523777195136
197603,(iii),OLS,a,-0.02488155233755087
197604,(iii),OLS,a,-0.05095364908962007
197605,(iii),OLS,a,0.03091486066935622
197606,(iii),OLS,a,-0.008092504428504881
197607,(iii),OLS,a,-0.02074168257892202
197608,(iii),OLS,a,0.007734248773887087
197609,(iii),OLS,a,-0.030774464444729966
197610,(iii),OLS,a,0.025072169983158435
197611,(iii),OLS,a,0.11359545064250734
197612,(iii),OLS,a,0.08405298867823557
197701,(iii),OLS,a,0.006939136253338814
197702,(iii),OLS,a,0.01273846866123268
197703,(iii),OLS,a,0.020089868844985558
197704,(iii),OLS,a,0.012255321822646822
197705,(iii),OLS,a,0.05450222816335979
197706,(iii),OLS,a,0.007928464353856118
197707,(iii),OLS,a,-0.02267531142051369
197708,(iii),OLS,a,0.007612793409764922
197709,(iii),OLS,a,-0.015739191770304813
197710,(iii),OLS,a,0.08280302810872178
197711,(iii),OLS,a,0.013496425934097755
197712,(iii),OLS,a,0.005282084505682235
197801,(iii),OLS,a,0.03760449341160341
197802,(iii),OLS,a,0.07990550606848494
197803,(iii),OLS,a,0.08031309624569072
197804,(iii),OLS,a,0.0720255576741877
197805,(iii),OLS,a,0.002403131714064914
197806,(iii),OLS,a,0.03587786801866613
197807,(iii),OLS,a,0.09464488947131403
197808,(iii),OLS,a,0.009521481453817471
197809,(iii),OLS,a,-0.20139954771487414
197810,(iii),OLS,a,0.032809398866411446
197811,(iii),OLS,a,-0.01764603098251704
197812,(iii),OLS,a,0.12281055997056327
197901,(iii),OLS,a,-0.027499756514013155
197902,(iii),OLS,a,0.06700321011581827
197903,(iii),OLS,a,0.024458076375977304
197904,(iii),OLS,a,-0.01314371766339817
197905,(iii),OLS,a,0.026256230072002416
197906,(iii),OLS,a,0.014175004530216771
197907,(iii),OLS,a,0.059643648466163594
197908,(iii),OLS,a,-0.020020631609044888
197909,(iii),OLS,a,-0.10713422200885636
197910,(iii),OLS,a,0.02257418046560962
197911,(iii),OLS,a,0.03953453174933121
197912,(iii),OLS,a,0.10211774085275
198001,(iii),OLS,a,-0.0314021960087153
198002,(iii),OLS,a,-0.1706710633878217
198003,(iii),OLS,a,0.0191469122785167
198004,(iii),OLS,a,0.061388912500276484
198005,(iii),OLS,a,0.021023384699502486
198006,(iii),OLS,a,0.07964999213390488
198007,(iii),OLS,a,0.045052913695173134
198008,(iii),OLS,a,0.018387826247538156
198009,(iii),OLS,a,0.012138215600744127
198010,(iii),OLS,a,-0.01829099770894121
198011,(iii),OLS,a,-0.041130559165914536
198012,(iii),OLS,a,0.0455404094621348
198101,(iii),OLS,a,0.021583632314154402
198102,(iii),OLS,a,0.07695793465409116
198103,(iii),OLS,a,0.041227881367408084
198104,(iii),OLS,a,0.02691969036787283
198105,(iii),OLS,a,0.023791512075399576
198106,(iii),OLS,a,-0.03415303066953499
198107,(iii),OLS,a,-0.05180115004095195
198108,(iii),OLS,a,-0.06559144456484867
198109,(iii),OLS,a,0.020319858881511783
198110,(iii),OLS,a,0.01571311586823484
198111,(iii),OLS,a,-0.006502795520921058
198112,(iii),OLS,a,-0.0037580888495423377
198201,(iii),OLS,a,-0.00757573957349299
198202,(iii),OLS,a,0.006813283702974302
198203,(iii),OLS,a,0.03586824683480233
198204,(iii),OLS,a,-0.01468069164567835
198205,(iii),OLS,a,-0.0004069194883897944
198206,(iii),OLS,a,0.00010011787820039453
198207,(iii),OLS,a,0.03906212904133946
198208,(iii),OLS,a,0.04661396606900761
198209,(iii),OLS,a,0.10518123693632335
198210,(iii),OLS,a,0.12163237974065379
198211,(iii),OLS,a,0.02458768364125708
198212,(iii),OLS,a,0.06924253801768762
198301,(iii),OLS,a,0.09571790865393284
198302,(iii),OLS,a,0.07055380537195431
198303,(iii),OLS,a,0.07825148156882566
198304,(iii),OLS,a,0.060770880609621554
198305,(iii),OLS,a,0.05063987359883173
198306,(iii),OLS,a,-0.009686229417822038
198307,(iii),OLS,a,-0.01994116152960836
198308,(iii),OLS,a,0.023560185178240118
198309,(iii),OLS,a,-0.02917592371456868
198310,(iii),OLS,a,0.04406750209890435
198311,(iii),OLS,a,0.0023669880495252585
198312,(iii),OLS,a,0.01762485581229179
198401,(iii),OLS,a,-0.05145653194460485
198402,(iii),OLS,a,0.02739579001618694
198403,(iii),OLS,a,0.0007987001434257204
198404,(iii),OLS,a,-0.030699415041149106
198405,(iii),OLS,a,0.013753134037668743
198406,(iii),OLS,a,-0.03219304719755523
198407,(iii),OLS,a,0.07878830556383301
198408,(iii),OLS,a,0.013864385984536622
198409,(iii),OLS,a,-0.007610585886909594
198410,(iii),OLS,a,-0.0059586627144091065
198411,(iii),OLS,a,0.008399732484381523
198412,(iii),OLS,a,0.08312162553051275
198501,(iii),OLS,a,0.03361498266186332
198502,(iii),OLS,a,-0.005439263378745158
198503,(iii),OLS,a,-0.002705713163298217
198504,(iii),OLS,a,0.0320312287850278
198505,(iii),OLS,a,0.007004592955340974
198506,(iii),OLS,a,0.014875209395856919
198507,(iii),OLS,a,-0.005348908278890271
198508,(iii),OLS,a,-0.03049192629098787
198509,(iii),OLS,a,0.025258508029714282
198510,(iii),OLS,a,0.04686228617623035
198511,(iii),OLS,a,0.03659895300821184
198512,(iii),OLS,a,0.01260944348958198
198601,(iii),OLS,a,0.05996458775045155
198602,(iii),OLS,a,0.06138926325355844
198603,(iii),OLS,a,0.006955836809114629
198604,(iii),OLS,a,0.035321008317553186
198605,(iii),OLS,a,0.0007372015847348013
198606,(iii),OLS,a,-0.06338136596358646
198607,(iii),OLS,a,0.03406233610992609
198608,(iii),OLS,a,-0.038184718890936116
198609,(iii),OLS,a,0.0249325543115239
198610,(iii),OLS,a,0.014003991778328666
198611,(iii),OLS,a,-0.01376671115727976
198612,(iii),OLS,a,0.10729430971779089
198701,(iii),OLS,a,0.05023264006951303
198702,(iii),OLS,a,0.03330991712161408
198703,(iii),OLS,a,-0.014084012071238687
198704,(iii),OLS,a,0.013679746968477888
198705,(iii),OLS,a,0.03584353507890198
198706,(iii),OLS,a,0.07450978900063795
198707,(iii),OLS,a,0.032440663968601506
198708,(iii),OLS,a,-0.005620392462964391
198709,(iii),OLS,a,-0.2709524564789817
198710,(iii),OLS,a,-0.030153139028109472
198711,(iii),OLS,a,0.0608906350342899
198712,(iii),OLS,a,0.04924118386485204
198801,(iii),OLS,a,0.08486999192115449
198802,(iii),OLS,a,0.057535158125577836
198803,(iii),OLS,a,0.023381371418383215
198804,(iii),OLS,a,-0.0006460110632598893
198805,(iii),OLS,a,0.04973129489020923
198806,(iii),OLS,a,-0.006694593295448198
198807,(iii),OLS,a,-0.013497115501279777
198808,(iii),OLS,a,0.016174365601120184
198809,(iii),OLS,a,-0.0019839406003981817
198810,(iii),OLS,a,-0.026559095704091675
198811,(iii),OLS,a,0.03780850718258627
198812,(iii),OLS,a,0.04738747026564272
198901,(iii),OLS,a,0.008486858258762116
198902,(iii),OLS,a,0.021292642375156174
198903,(iii),OLS,a,0.02818945144398833
198904,(iii),OLS,a,0.028119911308329526
198905,(iii),OLS,a,-0.009252081959916097
198906,(iii),OLS,a,0.017302621020220125
198907,(iii),OLS,a,0.02281075024526552
198908,(iii),OLS,a,-0.009232236832482714
198909,(iii),OLS,a,-0.054263913963310914
198910,(iii),OLS,a,-0.02246458649338371
198911,(iii),OLS,a,-0.007014803678389343
198912,(iii),OLS,a,-0.05051376034313058
199001,(iii),OLS,a,0.013219256596635677
199002,(iii),OLS,a,0.04073056976484372
199003,(iii),OLS,a,-0.031619435479561635
199004,(iii),OLS,a,0.02880082586541168
199005,(iii),OLS,a,-0.01218734075850695
199006,(iii),OLS,a,-0.03372746982091113
199007,(iii),OLS,a,-0.10581175618793702
199008,(iii),OLS,a,-0.07149361415845092
199009,(iii),OLS,a,-0.05510796175421665
199010,(iii),OLS,a,0.031239330979409743
199011,(iii),OLS,a,0.019807552703933706
199012,(iii),OLS,a,0.09497711096829696
199101,(iii),OLS,a,0.1005555572069041
199102,(iii),OLS,a,0.0783700947724523
199103,(iii),OLS,a,0.01473715256969904
199104,(iii),OLS,a,0.021058043570194928
199105,(iii),OLS,a,-0.02895841640196517
199106,(iii),OLS,a,0.02550591356874184
199107,(iii),OLS,a,0.023604524464407563
199108,(iii),OLS,a,-0.012371473013522481
199109,(iii),OLS,a,0.006992821887417878
199110,(iii),OLS,a,-0.03277151076119372
199111,(iii),OLS,a,0.04396117454243659
199112,(iii),OLS,a,0.15511743078663692
199201,(iii),OLS,a,0.07298309704450574
199202,(iii),OLS,a,0.01488512891193009
199203,(iii),OLS,a,-0.018870166690380757
199204,(iii),OLS,a,0.007282093641009687
199205,(iii),OLS,a,-0.03907351959071163
199206,(iii),OLS,a,0.01867114566436103
199207,(iii),OLS,a,-0.014355303527540558
199208,(iii),OLS,a,0.00870803966681325
199209,(iii),OLS,a,0.03981296484855397
199210,(iii),OLS,a,0.08072945180522287
199211,(iii),OLS,a,0.054945568248769505
199212,(iii),OLS,a,0.07028293421473368
199301,(iii),OLS,a,0.003295561563655975
199302,(iii),OLS,a,0.025411844871863636
199303,(iii),OLS,a,-0.0210194697214788
199304,(iii),OLS,a,0.04846036598126311
199305,(iii),OLS,a,-0.002548916835258123
199306,(iii),OLS,a,0.014373158766349392
199307,(iii),OLS,a,0.024735685755149905
199308,(iii),OLS,a,0.031378652212512764
199309,(iii),OLS,a,0.03958731535012872
199310,(iii),OLS,a,0.0027162492297413696
199311,(iii),OLS,a,0.02341536467767053
199312,(iii),OLS,a,0.05227919165683294
199401,(iii),OLS,a,0.020251365765756382
199402,(iii),OLS,a,-0.025083745430678102
199403,(iii),OLS,a,0.0017923680415544518
199404,(iii),OLS,a,0.0015029334500975525
199405,(iii),OLS,a,-0.015797981812868303
199406,(iii),OLS,a,0.01152463589694694
199407,(iii),OLS,a,0.04753408188682612
199408,(iii),OLS,a,0.022925010251191733
199409,(iii),OLS,a,0.02597359292606662
199410,(iii),OLS,a,-0.011162427399707856
199411,(iii),OLS,a,-0.004993427370376071
199412,(iii),OLS,a,0.021942230161257712
199501,(iii),OLS,a,0.034589393415917935
199502,(iii),OLS,a,0.019272303545077633
199503,(iii),OLS,a,0.035228785016531636
199504,(iii),OLS,a,0.020623520037931938
199505,(iii),OLS,a,0.03120895628549794
199506,(iii),OLS,a,0.05354211526058098
199507,(iii),OLS,a,0.015928380942585193
199508,(iii),OLS,a,0.02664670986953465
199509,(iii),OLS,a,-0.038129296414150166
199510,(iii),OLS,a,0.00844804098281354
199511,(iii),OLS,a,-0.005619314934744952
199512,(iii),OLS,a,0.009231835817135648
199601,(iii),OLS,a,0.03466209475068028
199602,(iii),OLS,a,0.02447649945259358
199603,(iii),OLS,a,0.06323622355809037
199604,(iii),OLS,a,0.07956071900480123
199605,(iii),OLS,a,-0.02665179242419825
199606,(iii),OLS,a,-0.07099416140192745
199607,(iii),OLS,a,0.03614650818271923
199608,(iii),OLS,a,0.018955058264880875
199609,(iii),OLS,a,0.005474420467971867
199610,(iii),OLS,a,0.03808539902176694
199611,(iii),OLS,a,0.012182911065400977
199612,(iii),OLS,a,0.03763653948580656
199701,(iii),OLS,a,0.00278220361937972
199702,(iii),OLS,a,-0.015611823234220957
199703,(iii),OLS,a,-0.008573513902402172
199704,(iii),OLS,a,0.07710242831033204
199705,(iii),OLS,a,0.04824471875480817
199706,(iii),OLS,a,0.06259241389248993
199707,(iii),OLS,a,0.03285787657978231
199708,(iii),OLS,a,0.07522701666834827
199709,(iii),OLS,a,-0.01467619424501828
199710,(iii),OLS,a,0.007011282640164336
199711,(iii),OLS,a,-0.02868009835507406
199712,(iii),OLS,a,0.009021504033775024
199801,(iii),OLS,a,0.06363191178882421
199802,(iii),OLS,a,0.0442703722519286
199803,(iii),OLS,a,0.031102247706080527
199804,(iii),OLS,a,-0.022035053875822497
199805,(iii),OLS,a,-0.016652375797593343
199806,(iii),OLS,a,-0.04556220304216999
199807,(iii),OLS,a,-0.15390802241702614
199808,(iii),OLS,a,0.009966799045465826
199809,(iii),OLS,a,0.03744540345468691
199810,(iii),OLS,a,0.10111502668997642
199811,(iii),OLS,a,0.04358548162252577
199812,(iii),OLS,a,0.058461520702682165
199901,(iii),OLS,a,-0.04878519776793258
199902,(iii),OLS,a,-0.046102230130886664
199903,(iii),OLS,a,0.06966407879149994
199904,(iii),OLS,a,0.0605859486736913
199905,(iii),OLS,a,0.050080892446328476
199906,(iii),OLS,a,0.002060464351330888
199907,(iii),OLS,a,-0.025028465461462156
199908,(iii),OLS,a,-0.024504237900177854
199909,(iii),OLS,a,-0.011846962341597786
199910,(iii),OLS,a,0.08739220010408431
199911,(iii),OLS,a,0.05386217820114009
199912,(iii),OLS,a,0.06052598322070513
200001,(iii),OLS,a,0.12659034213871728
200002,(iii),OLS,a,0.015307749692908048
200003,(iii),OLS,a,-0.057672888986021326
200004,(iii),OLS,a,-0.060205196062604605
200005,(iii),OLS,a,0.047752224909701664
200006,(iii),OLS,a,-0.008313066639240725
200007,(iii),OLS,a,0.02748104061788231
200008,(iii),OLS,a,-0.012422738755145662
200009,(iii),OLS,a,-0.0292949860647106
200010,(iii),OLS,a,-0.04329019572613507
200011,(iii),OLS,a,-0.0015988749010402985
200012,(iii),OLS,a,0.16331147944858132
200101,(iii),OLS,a,0.01057653071643443
200102,(iii),OLS,a,-0.03238983971801763
200103,(iii),OLS,a,0.03365399195692675
200104,(iii),OLS,a,0.08947658859732953
200105,(iii),OLS,a,0.029812288642472855
200106,(iii),OLS,a,0.022475022951051762
200107,(iii),OLS,a,0.0038801462319326715
200108,(iii),OLS,a,-0.10629779310287571
200109,(iii),OLS,a,0.044321895909780126
200110,(iii),OLS,a,0.07851526275139435
200111,(iii),OLS,a,0.07164041225810928
200112,(iii),OLS,a,0.09137985144604764
200201,(iii),OLS,a,0.004610416394085599
200202,(iii),OLS,a,0.10276463053297276
200203,(iii),OLS,a,0.07893483924137981
200204,(iii),OLS,a,0.018576684306194486
200205,(iii),OLS,a,-0.016908146213116055
200206,(iii),OLS,a,-0.12506264841123857
200207,(iii),OLS,a,-0.002450208890258441
200208,(iii),OLS,a,-0.06475863750028212
200209,(iii),OLS,a,0.02354528472291503
200210,(iii),OLS,a,0.0558554247788675
200211,(iii),OLS,a,-0.00923203667051266
200212,(iii),OLS,a,0.0010579706210801397
200301,(iii),OLS,a,-0.02031719507264352
200302,(iii),OLS,a,-0.004285602813098589
200303,(iii),OLS,a,0.06981095782634804
200304,(iii),OLS,a,0.08380411461223695
200305,(iii),OLS,a,0.06091471929568175
200306,(iii),OLS,a,0.0822524520097194
200307,(iii),OLS,a,0.065843670728545
200308,(iii),OLS,a,0.02451777272622792
200309,(iii),OLS,a,0.11142140948957675
200310,(iii),OLS,a,0.06436941858160264
200311,(iii),OLS,a,0.03121890216532312
200312,(iii),OLS,a,0.06529809437265251
200401,(iii),OLS,a,0.024722341460113074
200402,(iii),OLS,a,0.021238072317451857
200403,(iii),OLS,a,-0.01908106417009504
200404,(iii),OLS,a,0.013524916314395575
200405,(iii),OLS,a,0.04326772867458796
200406,(iii),OLS,a,-0.046406831258257376
200407,(iii),OLS,a,-0.014809855135626618
200408,(iii),OLS,a,0.04396942895371019
200409,(iii),OLS,a,0.015818352532225695
200410,(iii),OLS,a,0.09645632656732761
200411,(iii),OLS,a,0.057670509992022584
200412,(iii),OLS,a,-0.009678875896642325
200501,(iii),OLS,a,0.0188908518576913
200502,(iii),OLS,a,0.009908953545385608
200503,(iii),OLS,a,-0.04794432418233907
200504,(iii),OLS,a,0.0470647743730142
200505,(iii),OLS,a,0.04078449649080636
200506,(iii),OLS,a,0.05858889865967749
200507,(iii),OLS,a,-0.007052556316881731
200508,(iii),OLS,a,-0.0056641769484505255
200509,(iii),OLS,a,-0.023063210288400946
200510,(iii),OLS,a,0.046390133683710935
200511,(iii),OLS,a,0.008366369957627575
200512,(iii),OLS,a,0.059977808652201585
200601,(iii),OLS,a,0.003086483767762251
200602,(iii),OLS,a,0.04329306561574648
200603,(iii),OLS,a,0.014753020538851873
200604,(iii),OLS,a,-0.03837602443867255
200605,(iii),OLS,a,-0.007824669469076338
200606,(iii),OLS,a,-0.018768191745894388
200607,(iii),OLS,a,0.005861531649739498
200608,(iii),OLS,a,0.03898119728575991
200609,(iii),OLS,a,0.03994969914018144
200610,(iii),OLS,a,0.016041763982367417
200611,(iii),OLS,a,0.022152615669164634
200612,(iii),OLS,a,0.027182992747168098
200701,(iii),OLS,a,0.00304819341273444
200702,(iii),OLS,a,0.006212931013256986
200703,(iii),OLS,a,0.01586702925271343
200704,(iii),OLS,a,0.029887047412358234
200705,(iii),OLS,a,-0.003194122606694581
200706,(iii),OLS,a,-0.043930755233060524
200707,(iii),OLS,a,-0.03545472543356079
200708,(iii),OLS,a,-0.005982357736338611
200709,(iii),OLS,a,0.003513737015715729
200710,(iii),OLS,a,-0.07649932285888256
200711,(iii),OLS,a,-0.006163503828466965
200712,(iii),OLS,a,-0.05550016794965865
200801,(iii),OLS,a,-0.021116156856161406
200802,(iii),OLS,a,-0.0037505786741125952
200803,(iii),OLS,a,0.028033401043105918
200804,(iii),OLS,a,0.03066819415330151
200805,(iii),OLS,a,-0.08239691177534579
200806,(iii),OLS,a,0.010899363180694024
200807,(iii),OLS,a,0.05269714029458194
200808,(iii),OLS,a,-0.09088725734130747
200809,(iii),OLS,a,-0.20799013376174988
200810,(iii),OLS,a,-0.15695616878303623
200811,(iii),OLS,a,0.054901416550531594
200812,(iii),OLS,a,-0.07453933772519247
200901,(iii),OLS,a,-0.08850415656248664
200902,(iii),OLS,a,0.12738313276148341
200903,(iii),OLS,a,0.26026515656916943
200904,(iii),OLS,a,0.06405098463862997
200905,(iii),OLS,a,0.039070666524793775
200906,(iii),OLS,a,0.11509787568310828
200907,(iii),OLS,a,0.054202040937110445
200908,(iii),OLS,a,0.06446847754671878
200909,(iii),OLS,a,-0.020422962160097768
200910,(iii),OLS,a,0.04441139761771648
200911,(iii),OLS,a,0.0678115862686639
200912,(iii),OLS,a,-0.02519357706827092
201001,(iii),OLS,a,0.06514218793260616
201002,(iii),OLS,a,0.0902270325651808
201003,(iii),OLS,a,0.06783348567019003
201004,(iii),OLS,a,-0.059001142752637806
201005,(iii),OLS,a,-0.0671422643931973
201006,(iii),OLS,a,0.05288031454609901
201007,(iii),OLS,a,-0.062449197001762824
201008,(iii),OLS,a,0.12017980692941868
201009,(iii),OLS,a,0.040602190485789676
201010,(iii),OLS,a,0.039638205091776825
201011,(iii),OLS,a,0.06384553286914788
201012,(iii),OLS,a,0.0073115020269280875
201101,(iii),OLS,a,0.04479263866926003
201102,(iii),OLS,a,0.0175862217979442
201103,(iii),OLS,a,0.0282514319536221
201104,(iii),OLS,a,-0.011390163220013004
201105,(iii),OLS,a,-0.000590399854468568
201106,(iii),OLS,a,-0.0017700972723548138
201107,(iii),OLS,a,-0.07507803647173343
201108,(iii),OLS,a,-0.06897509768104006
201109,(iii),OLS,a,0.10024906433953366
201110,(iii),OLS,a,-0.005597671686228889
201111,(iii),OLS,a,0.013035368548443818
201112,(iii),OLS,a,0.06745718067036227
201201,(iii),OLS,a,0.035245640386454606
201202,(iii),OLS,a,0.046831372528013955
201203,(iii),OLS,a,-0.006286888985737587
201204,(iii),OLS,a,-0.04882772625945577
201205,(iii),OLS,a,0.03000116915193553
201206,(iii),OLS,a,-0.007826891546190732
201207,(iii),OLS,a,0.017946713688511275
201208,(iii),OLS,a,0.02810379896366214
201209,(iii),OLS,a,-0.015231823291163066
201210,(iii),OLS,a,0.01689948125093039
201211,(iii),OLS,a,0.031964761049083634
201212,(iii),OLS,a,0.06917930582624472
201301,(iii),OLS,a,0.016312115279100352
201302,(iii),OLS,a,0.03729335184708995
201303,(iii),OLS,a,-0.004119814305055293
201304,(iii),OLS,a,0.06052706154651092
201305,(iii),OLS,a,0.01029414747938701
201306,(iii),OLS,a,0.06658458716133188
201307,(iii),OLS,a,-0.010886284064024088
201308,(iii),OLS,a,0.055266474010682146
201309,(iii),OLS,a,0.049722364154685214
201310,(iii),OLS,a,0.049032372863568215
201311,(iii),OLS,a,0.01766419840184447
201312,(iii),OLS,a,-0.032773349869812236
201401,(iii),OLS,a,0.04425175084088714
201402,(iii),OLS,a,0.010334635615054169
201403,(iii),OLS,a,-0.031259718445093204
201404,(iii),OLS,a,-0.0048732142750806725
201405,(iii),OLS,a,0.013710904828828864
201406,(iii),OLS,a,-0.036420998573334196
201407,(iii),OLS,a,0.0475357094364599
201408,(iii),OLS,a,-0.01941237826246781
201409,(iii),OLS,a,0.05064179257474232
201410,(iii),OLS,a,0.024689840059752503
201411,(iii),OLS,a,0.04421605134049683
201412,(iii),OLS,a,-0.025211671552623455
201501,(iii),OLS,a,0.035626181105218646
201502,(iii),OLS,a,0.015917707949105676
201503,(iii),OLS,a,-0.009266258794856522
201504,(iii),OLS,a,0.008681342446311715
201505,(iii),OLS,a,0.01020927495553881
201506,(iii),OLS,a,-0.02380557657072088
201507,(iii),OLS,a,-0.036895932847310874
201508,(iii),OLS,a,-0.02455859572305892
201509,(iii),OLS,a,0.055290449502084324
201510,(iii),OLS,a,0.008838953736814429
201511,(iii),OLS,a,-0.015900502480733505
201512,(iii),OLS,a,-0.04202149328754449
201601,(iii),OLS,a,0.03056527619213023
201602,(iii),OLS,a,0.060430042415283
201603,(iii),OLS,a,0.004339582468300078
201604,(iii),OLS,a,-0.016754675211770754
201605,(iii),OLS,a,0.03484672938118655
201606,(iii),OLS,a,0.05403653351323065
201607,(iii),OLS,a,0.014951653295889718
201608,(iii),OLS,a,0.0038037090138094945
201609,(iii),OLS,a,-0.015112112811930912
201610,(iii),OLS,a,0.0970554300506007
201611,(iii),OLS,a,0.0399193174405191
201612,(iii),OLS,a,-0.017476627457698173
201701,(iii),OLS,a,0.0013737409251395464
201702,(iii),OLS,a,0.008722492768622738
201703,(iii),OLS,a,0.023498403776413154
201704,(iii),OLS,a,-0.001130926772507939
201705,(iii),OLS,a,0.022553436462038744
201706,(iii),OLS,a,-0.001968352515062247
201707,(iii),OLS,a,-0.01460288007713835
201708,(iii),OLS,a,0.0488671765358883
201709,(iii),OLS,a,0.005792658496009887
201710,(iii),OLS,a,0.055808619588082885
201711,(iii),OLS,a,0.012468174387025126
201712,(iii),OLS,a,0.018269000174558646
201801,(iii),OLS,a,-0.033589109471102385
201802,(iii),OLS,a,0.017874184462397528
201803,(iii),OLS,a,0.002017191718086605
201804,(iii),OLS,a,0.05724939466901728
201805,(iii),OLS,a,0.031230099870582693
201806,(iii),OLS,a,0.027530439588885708
201807,(iii),OLS,a,0.0470019293752503
201808,(iii),OLS,a,-0.02354978842611133
201809,(iii),OLS,a,-0.06982582459942964
201810,(iii),OLS,a,0.011210853119102668
201811,(iii),OLS,a,-0.08353837369579775
201812,(iii),OLS,a,0.08528044781596415
201901,(iii),OLS,a,0.03375684394929971
201902,(iii),OLS,a,-0.03498879826024082
201903,(iii),OLS,a,0.04006251176985568
201904,(iii),OLS,a,-0.08181447985538867
201905,(iii),OLS,a,0.05378788139690429
201906,(iii),OLS,a,0.011184163911484997
201907,(iii),OLS,a,-0.04349716296968197
201908,(iii),OLS,a,0.07279385082121387
201909,(iii),OLS,a,0.020735957065992978
201910,(iii),OLS,a,0.012717333961205928
201911,(iii),OLS,a,0.023216685305784236
201912,(iii),OLS,a,-0.05445190485196944
202001,(iii),OLS,a,-0.08162445863223527
202002,(iii),OLS,a,-0.22206535029754682
202003,(iii),OLS,a,0.16476423468908408
202004,(iii),OLS,a,0.05036750937048154
202005,(iii),OLS,a,0.03988382136725322
202006,(iii),OLS,a,0.0454390210810645
202007,(iii),OLS,a,0.06356852339004895
202008,(iii),OLS,a,-0.024537184671247526
202009,(iii),OLS,a,0.025693492331652724
202010,(iii),OLS,a,0.16950214244247527
202011,(iii),OLS,a,0.06978242634648371
202012,(iii),OLS,a,0.09669972488858959
202101,(iii),OLS,a,0.0857436865271283
202102,(iii),OLS,a,0.05543232193475053
202103,(iii),OLS,a,0.03880994269213292
202104,(iii),OLS,a,0.030833490982881268
202105,(iii),OLS,a,0.013407060707891293
202106,(iii),OLS,a,0.00993655299724265
202107,(iii),OLS,a,0.00876346173835808
202108,(iii),OLS,a,-0.046855903962862606
202109,(iii),OLS,a,0.0527745742717383
202110,(iii),OLS,a,0.01253111720460677
202111,(iii),OLS,a,0.06199457732875942
202112,(iii),OLS,a,-0.06193208045989985
202201,(iii),OLS,a,-0.009512122385837391
202202,(iii),OLS,a,-0.0201835568656907
202203,(iii),OLS,a,-0.029403491789163225
202204,(iii),OLS,a,0.01737785835237427
202205,(iii),OLS,a,-0.08460387132681461
202206,(iii),OLS,a,0.09870363565640532
202207,(iii),OLS,a,-0.04573744178128235
202208,(iii),OLS,a,-0.09662958968635617
202209,(iii),OLS,a,0.1351947783815505
202210,(iii),OLS,a,0.06929679717035063
202211,(iii),OLS,a,-0.0510806140439759
202212,(iii),OLS,a,0.07651762740165627
202301,(iii),OLS,a,0.004090169169377017
202302,(iii),OLS,a,-0.014359712603332554
202303,(iii),OLS,a,-0.02343569818175246
202304,(iii),OLS,a,-0.037276505182898004
202305,(iii),OLS,a,0.10102191423059703
202306,(iii),OLS,a,0.04000164787436772
202307,(iii),OLS,a,-0.013560522255753446
202308,(iii),OLS,a,-0.03077657870159482
202309,(iii),OLS,a,-0.03737118934060541
202310,(iii),OLS,a,0.06644561761908684
202311,(iii),OLS,a,0.07836322326910015
202312,(iii),OLS,a,-0.03142424204744642
202401,(iii),OLS,a,0.032341387132411754
202402,(iii),OLS,a,0.03834495447640197
202403,(iii),OLS,a,-0.05382880369991102
202404,(iii),OLS,a,0.055491247887509754
202405,(iii),OLS,a,-0.04022061752936383
202406,(iii),OLS,a,0.06333253362314044
202407,(iii),OLS,a,-0.010142990082380681
202408,(iii),OLS,a,0.01680288439646526
202409,(iii),OLS,a,-0.04783958645064688
202410,(iii),OLS,a,0.10014564699761273
202411,(iii),OLS,a,-0.05925331195476175
197307,(iii),OLS,b_Dur,-0.0037361593459150724
197308,(iii),OLS,b_Dur,0.05021339102407804
197309,(iii),OLS,b_Dur,-0.04027071682143531
197310,(iii),OLS,b_Dur,-0.026161353201571935
197311,(iii),OLS,b_Dur,0.024026383721823745
197312,(iii),OLS,b_Dur,-0.15959850285880817
197401,(iii),OLS,b_Dur,-0.038567203442280935
197402,(iii),OLS,b_Dur,-0.03394182065948076
197403,(iii),OLS,b_Dur,-0.04464857523759853
197404,(iii),OLS,b_Dur,0.005654779446988964
197405,(iii),OLS,b_Dur,-0.024040442434514416
197406,(iii),OLS,b_Dur,-0.09815571076094688
197407,(iii),OLS,b_Dur,-0.038080951984793145
197408,(iii),OLS,b_Dur,-0.06021347235575581
197409,(iii),OLS,b_Dur,0.13121250872944198
197410,(iii),OLS,b_Dur,0.05280057723312269
197411,(iii),OLS,b_Dur,0.0552391647571966
197412,(iii),OLS,b_Dur,-0.2333134428561477
197501,(iii),OLS,b_Dur,0.04782056773528435
197502,(iii),OLS,b_Dur,-0.056538202501937355
197503,(iii),OLS,b_Dur,0.04768496271448197
197504,(iii),OLS,b_Dur,0.009297638270125088
197505,(iii),OLS,b_Dur,-0.028523947022237497
197506,(iii),OLS,b_Dur,-0.09775038763628806
197507,(iii),OLS,b_Dur,0.038828821824381944
197508,(iii),OLS,b_Dur,-0.011400272240621364
197509,(iii),OLS,b_Dur,0.03669193143580011
197510,(iii),OLS,b_Dur,-0.026297361977834617
197511,(iii),OLS,b_Dur,-0.0008486630895593079
197512,(iii),OLS,b_Dur,-0.21340348515759414
197601,(iii),OLS,b_Dur,-0.18336651528548745
197602,(iii),OLS,b_Dur,-0.0002765731571337796
197603,(iii),OLS,b_Dur,0.01217995582932094
197604,(iii),OLS,b_Dur,0.047843329827738965
197605,(iii),OLS,b_Dur,0.008126033617508726
197606,(iii),OLS,b_Dur,-0.0012571261266336165
197607,(iii),OLS,b_Dur,-0.01027801675324764
197608,(iii),OLS,b_Dur,0.014994397735419412
197609,(iii),OLS,b_Dur,0.0022179890316284465
197610,(iii),OLS,b_Dur,-0.0038347542655575197
197611,(iii),OLS,b_Dur,-0.0391974769809918
197612,(iii),OLS,b_Dur,-0.11440655377033418
197701,(iii),OLS,b_Dur,-0.029054706333227622
197702,(iii),OLS,b_Dur,-0.019346288501377807
197703,(iii),OLS,b_Dur,-0.02059762974326523
197704,(iii),OLS,b_Dur,-0.026903983424299654
197705,(iii),OLS,b_Dur,0.0022779994588241646
197706,(iii),OLS,b_Dur,-0.0197800112634458
197707,(iii),OLS,b_Dur,0.012320802881577886
197708,(iii),OLS,b_Dur,-0.00283774045189062
197709,(iii),OLS,b_Dur,-0.031042372852943638
197710,(iii),OLS,b_Dur,-0.015649632644289136
197711,(iii),OLS,b_Dur,0.0010600115892314443
197712,(iii),OLS,b_Dur,-0.05956350313019271
197801,(iii),OLS,b_Dur,-0.034934724215693554
197802,(iii),OLS,b_Dur,-0.023329945897949567
197803,(iii),OLS,b_Dur,0.008053374477024405
197804,(iii),OLS,b_Dur,-0.0118310789102568
197805,(iii),OLS,b_Dur,-0.01723247304608198
197806,(iii),OLS,b_Dur,0.02757478489135057
197807,(iii),OLS,b_Dur,-0.01831756557831482
197808,(iii),OLS,b_Dur,-0.03383584965918205
197809,(iii),OLS,b_Dur,-0.01153698160054432
197810,(iii),OLS,b_Dur,0.035556025785436
197811,(iii),OLS,b_Dur,0.04294676419508398
197812,(iii),OLS,b_Dur,-0.056894104564619824
197901,(iii),OLS,b_Dur,-0.013289440697849743
197902,(iii),OLS,b_Dur,0.02499908372061495
197903,(iii),OLS,b_Dur,-0.011653553572953734
197904,(iii),OLS,b_Dur,-0.014138901470050218
197905,(iii),OLS,b_Dur,0.02762448941231261
197906,(iii),OLS,b_Dur,0.0021565803506395412
197907,(iii),OLS,b_Dur,0.02947900022293623
197908,(iii),OLS,b_Dur,0.017574245056462108
197909,(iii),OLS,b_Dur,0.0003486693727711283
197910,(iii),OLS,b_Dur,0.07123277097016502
197911,(iii),OLS,b_Dur,0.031337171745223054
197912,(iii),OLS,b_Dur,-0.012893335158131465
198001,(iii),OLS,b_Dur,0.007239280829069644
198002,(iii),OLS,b_Dur,-0.011047855017405022
198003,(iii),OLS,b_Dur,0.02694315975176226
198004,(iii),OLS,b_Dur,0.00990688459622154
198005,(iii),OLS,b_Dur,0.01829762689513392
198006,(iii),OLS,b_Dur,0.04429009390685746
198007,(iii),OLS,b_Dur,0.038908937526308626
198008,(iii),OLS,b_Dur,0.02895028557676572
198009,(iii),OLS,b_Dur,0.01843270723262377
198010,(iii),OLS,b_Dur,0.14099369181634286
198011,(iii),OLS,b_Dur,-0.015567993385319097
198012,(iii),OLS,b_Dur,-0.0989232145658988
198101,(iii),OLS,b_Dur,-0.03646659799328888
198102,(iii),OLS,b_Dur,-0.0076726956162654954
198103,(iii),OLS,b_Dur,-0.03907234010709707
198104,(iii),OLS,b_Dur,-0.016235194977263882
198105,(iii),OLS,b_Dur,-0.08442869656942026
198106,(iii),OLS,b_Dur,0.0015270142242265442
198107,(iii),OLS,b_Dur,-0.074106963069059
198108,(iii),OLS,b_Dur,-0.05064963018010655
198109,(iii),OLS,b_Dur,0.0804256312391056
198110,(iii),OLS,b_Dur,-0.013992298537657691
198111,(iii),OLS,b_Dur,-0.03750919551328419
198112,(iii),OLS,b_Dur,-0.044051574967446674
198201,(iii),OLS,b_Dur,-0.08126379788899002
198202,(iii),OLS,b_Dur,-0.044156440714512066
198203,(iii),OLS,b_Dur,0.017518614391994168
198204,(iii),OLS,b_Dur,-0.03720162659001645
198205,(iii),OLS,b_Dur,-0.059991470039060364
198206,(iii),OLS,b_Dur,-0.03923286276404842
198207,(iii),OLS,b_Dur,0.049863774801358514
198208,(iii),OLS,b_Dur,-0.043088101291467916
198209,(iii),OLS,b_Dur,0.041168746569513096
198210,(iii),OLS,b_Dur,-0.05555807934136818
198211,(iii),OLS,b_Dur,-0.012816935602407693
198212,(iii),OLS,b_Dur,0.03254521422064055
198301,(iii),OLS,b_Dur,-0.07985219932159207
198302,(iii),OLS,b_Dur,-0.04219110912328752
198303,(iii),OLS,b_Dur,-0.026530640791782367
198304,(iii),OLS,b_Dur,0.036521480863699024
198305,(iii),OLS,b_Dur,-0.006927147039774568
198306,(iii),OLS,b_Dur,-0.0375999358944179
198307,(iii),OLS,b_Dur,-0.03648421267089318
198308,(iii),OLS,b_Dur,-0.04477823159357359
198309,(iii),OLS,b_Dur,-0.06548951346254535
198310,(iii),OLS,b_Dur,-0.012177207622135061
198311,(iii),OLS,b_Dur,-0.04819687206805356
198312,(iii),OLS,b_Dur,-0.04923936018724654
198401,(iii),OLS,b_Dur,-0.028595330264183247
198402,(iii),OLS,b_Dur,-0.04284335056469576
198403,(iii),OLS,b_Dur,-0.041683376616511524
198404,(iii),OLS,b_Dur,-0.04634977046537872
198405,(iii),OLS,b_Dur,0.005302518208613702
198406,(iii),OLS,b_Dur,-0.04100347358242345
198407,(iii),OLS,b_Dur,0.03380206626496915
198408,(iii),OLS,b_Dur,-0.05829919801790606
198409,(iii),OLS,b_Dur,-0.05657464830480883
198410,(iii),OLS,b_Dur,-0.06974710044020484
198411,(iii),OLS,b_Dur,-0.01848462256036638
198412,(iii),OLS,b_Dur,0.0633341956831176
198501,(iii),OLS,b_Dur,0.0038525425038798407
198502,(iii),OLS,b_Dur,-0.03990794941396887
198503,(iii),OLS,b_Dur,-0.046090938853688784
198504,(iii),OLS,b_Dur,-0.018795009334794676
198505,(iii),OLS,b_Dur,-0.02413300666660581
198506,(iii),OLS,b_Dur,0.0020725011639160457
198507,(iii),OLS,b_Dur,-0.01888895413573295
198508,(iii),OLS,b_Dur,-0.05598512449487224
198509,(iii),OLS,b_Dur,-0.026238196400690413
198510,(iii),OLS,b_Dur,0.0015008311464585677
198511,(iii),OLS,b_Dur,-0.03426512480506824
198512,(iii),OLS,b_Dur,0.020643598487300886
198601,(iii),OLS,b_Dur,-0.009141650646467147
198602,(iii),OLS,b_Dur,-0.039514574984653786
198603,(iii),OLS,b_Dur,-0.0056096262587643575
198604,(iii),OLS,b_Dur,-0.007458355509781924
198605,(iii),OLS,b_Dur,0.002360098512206167
198606,(iii),OLS,b_Dur,-0.049174237771832795
198607,(iii),OLS,b_Dur,-0.028680568778339407
198608,(iii),OLS,b_Dur,-0.04551700227971312
198609,(iii),OLS,b_Dur,0.011038284868910788
198610,(iii),OLS,b_Dur,-0.03185846158081534
198611,(iii),OLS,b_Dur,-0.04493769363420305
198612,(iii),OLS,b_Dur,0.026715723488403367
198701,(iii),OLS,b_Dur,0.04957421253266072
198702,(iii),OLS,b_Dur,-2.0255848301904323e-05
198703,(iii),OLS,b_Dur,-0.008900171913114726
198704,(iii),OLS,b_Dur,-0.012973050738502667
198705,(iii),OLS,b_Dur,-0.020462928425821883
198706,(iii),OLS,b_Dur,-0.05196385407433081
198707,(iii),OLS,b_Dur,-0.040804364035807485
198708,(iii),OLS,b_Dur,-0.015146207844923706
198709,(iii),OLS,b_Dur,-0.05397784318064599
198710,(iii),OLS,b_Dur,-0.050254481359541595
198711,(iii),OLS,b_Dur,-0.024488161217934068
198712,(iii),OLS,b_Dur,0.03067146997733613
198801,(iii),OLS,b_Dur,-0.02163964081168649
198802,(iii),OLS,b_Dur,-0.0366019413239562
198803,(iii),OLS,b_Dur,-0.0166003641396317
198804,(iii),OLS,b_Dur,-0.0428113987224812
198805,(iii),OLS,b_Dur,0.0041309412639635845
198806,(iii),OLS,b_Dur,-0.014230500574642618
198807,(iii),OLS,b_Dur,-0.03276672557615984
198808,(iii),OLS,b_Dur,0.005280986680169763
198809,(iii),OLS,b_Dur,-0.03187345127852679
198810,(iii),OLS,b_Dur,-0.039528921047601626
198811,(iii),OLS,b_Dur,-0.020667231965186862
198812,(iii),OLS,b_Dur,0.01285501004593803
198901,(iii),OLS,b_Dur,-0.022132762738598162
198902,(iii),OLS,b_Dur,-0.0006833019515162192
198903,(iii),OLS,b_Dur,0.0035897404126543665
198904,(iii),OLS,b_Dur,-0.0020509820756921602
198905,(iii),OLS,b_Dur,-0.027214006861762167
198906,(iii),OLS,b_Dur,0.014521744970489673
198907,(iii),OLS,b_Dur,-0.02242389568940282
198908,(iii),OLS,b_Dur,0.0077787811104158625
198909,(iii),OLS,b_Dur,-0.01682197382840265
198910,(iii),OLS,b_Dur,0.005531142105220131
198911,(iii),OLS,b_Dur,-0.005665464143767489
198912,(iii),OLS,b_Dur,-0.026213115296052553
199001,(iii),OLS,b_Dur,0.007860213320144008
199002,(iii),OLS,b_Dur,-0.02055966115730842
199003,(iii),OLS,b_Dur,0.0021865814406525656
199004,(iii),OLS,b_Dur,0.0463294865593191
199005,(iii),OLS,b_Dur,0.026154370023772026
199006,(iii),OLS,b_Dur,-0.004226857427653119
199007,(iii),OLS,b_Dur,-0.043767147889937894
199008,(iii),OLS,b_Dur,-0.02596839985849772
199009,(iii),OLS,b_Dur,-0.015356907660936956
199010,(iii),OLS,b_Dur,0.01809967765730383
199011,(iii),OLS,b_Dur,-0.03630303902977494
199012,(iii),OLS,b_Dur,0.006689168821027208
199101,(iii),OLS,b_Dur,0.04586830053602422
199102,(iii),OLS,b_Dur,0.009526158287222482
199103,(iii),OLS,b_Dur,0.002631078397051659
199104,(iii),OLS,b_Dur,0.02659950679041619
199105,(iii),OLS,b_Dur,-0.025704911635945703
199106,(iii),OLS,b_Dur,0.006262379908815735
199107,(iii),OLS,b_Dur,0.005806020260076195
199108,(iii),OLS,b_Dur,0.02652085618885438
199109,(iii),OLS,b_Dur,0.035311835851766546
199110,(iii),OLS,b_Dur,0.002209109372492081
199111,(iii),OLS,b_Dur,-0.0005602814002108662
199112,(iii),OLS,b_Dur,-0.02525418182515869
199201,(iii),OLS,b_Dur,-0.04105224549351051
199202,(iii),OLS,b_Dur,-0.05548289275525529
199203,(iii),OLS,b_Dur,-0.04208493108954117
199204,(iii),OLS,b_Dur,-0.02410218642794596
199205,(iii),OLS,b_Dur,-0.0222371879446891
199206,(iii),OLS,b_Dur,0.004830651049517234
199207,(iii),OLS,b_Dur,-0.03129415435775251
199208,(iii),OLS,b_Dur,0.012002275203967116
199209,(iii),OLS,b_Dur,-0.038449080681898305
199210,(iii),OLS,b_Dur,-0.00813312693726718
199211,(iii),OLS,b_Dur,-0.04434263856599348
199212,(iii),OLS,b_Dur,-0.028074165379688588
199301,(iii),OLS,b_Dur,-0.03314918343762067
199302,(iii),OLS,b_Dur,-0.0063978893956272605
199303,(iii),OLS,b_Dur,-0.01610160402002667
199304,(iii),OLS,b_Dur,0.006056894266007767
199305,(iii),OLS,b_Dur,0.016296854776641508
199306,(iii),OLS,b_Dur,-0.018650374890969164
199307,(iii),OLS,b_Dur,0.034787315827033406
199308,(iii),OLS,b_Dur,-0.01918289713788605
199309,(iii),OLS,b_Dur,0.010052095052969643
199310,(iii),OLS,b_Dur,-0.034610764393713286
199311,(iii),OLS,b_Dur,-0.013839845779597985
199312,(iii),OLS,b_Dur,0.0024411417177495082
199401,(iii),OLS,b_Dur,-0.03551103315450459
199402,(iii),OLS,b_Dur,-0.04247174929564085
199403,(iii),OLS,b_Dur,-0.02416783537719461
199404,(iii),OLS,b_Dur,-0.008782611822030106
199405,(iii),OLS,b_Dur,-0.03577436891646453
199406,(iii),OLS,b_Dur,0.0069664021064925336
199407,(iii),OLS,b_Dur,-0.01569469904710921
199408,(iii),OLS,b_Dur,-0.027519983165519714
199409,(iii),OLS,b_Dur,-0.03990789486949006
199410,(iii),OLS,b_Dur,-0.0529829259450768
199411,(iii),OLS,b_Dur,-0.026524953460394924
199412,(iii),OLS,b_Dur,0.014857135591029129
199501,(iii),OLS,b_Dur,-0.00784678506677988
199502,(iii),OLS,b_Dur,-0.003608942055933723
199503,(iii),OLS,b_Dur,-0.01874204478267726
199504,(iii),OLS,b_Dur,-0.007374130113514293
199505,(iii),OLS,b_Dur,0.03866057187736563
199506,(iii),OLS,b_Dur,-0.007818648400674318
199507,(iii),OLS,b_Dur,0.024984563227537903
199508,(iii),OLS,b_Dur,-0.001724259880380978
199509,(iii),OLS,b_Dur,-0.0458050274198636
199510,(iii),OLS,b_Dur,0.006765969187053779
199511,(iii),OLS,b_Dur,0.020618209934580797
199512,(iii),OLS,b_Dur,0.02688175386508466
199601,(iii),OLS,b_Dur,0.0034126086180350807
199602,(iii),OLS,b_Dur,0.007730739297855558
199603,(iii),OLS,b_Dur,0.004280835741455022
199604,(iii),OLS,b_Dur,-0.008248778626673123
199605,(iii),OLS,b_Dur,-0.032105606039134024
199606,(iii),OLS,b_Dur,-0.04732516173707031
199607,(iii),OLS,b_Dur,0.0036530526160939514
199608,(iii),OLS,b_Dur,0.01436236051322265
199609,(iii),OLS,b_Dur,-0.06372723531243848
199610,(iii),OLS,b_Dur,-0.029036015958427246
199611,(iii),OLS,b_Dur,-0.03674470433224501
199612,(iii),OLS,b_Dur,0.04708605158794789
199701,(iii),OLS,b_Dur,-0.054012516721122825
199702,(iii),OLS,b_Dur,-0.06512745080672105
199703,(iii),OLS,b_Dur,-0.03307320560416143
199704,(iii),OLS,b_Dur,0.03654566354526327
199705,(iii),OLS,b_Dur,-0.021317548211264067
199706,(iii),OLS,b_Dur,-0.026634077079450143
199707,(iii),OLS,b_Dur,0.0025912511302543643
199708,(iii),OLS,b_Dur,0.008114307447125092
199709,(iii),OLS,b_Dur,-0.027038900296400437
199710,(iii),OLS,b_Dur,-0.05972710439685251
199711,(iii),OLS,b_Dur,-0.028276161697584734
199712,(iii),OLS,b_Dur,0.005910359408911837
199801,(iii),OLS,b_Dur,0.0022848014878239687
199802,(iii),OLS,b_Dur,-0.004044570081266587
199803,(iii),OLS,b_Dur,-0.0240142070298674
199804,(iii),OLS,b_Dur,-0.045668663393743855
199805,(iii),OLS,b_Dur,-0.029842939278513957
199806,(iii),OLS,b_Dur,-0.03606251291915674
199807,(iii),OLS,b_Dur,-0.09275485778402395
199808,(iii),OLS,b_Dur,0.05873321285307191
199809,(iii),OLS,b_Dur,0.01347263732431525
199810,(iii),OLS,b_Dur,-0.05162769810336525
199811,(iii),OLS,b_Dur,-0.04739763295747317
199812,(iii),OLS,b_Dur,-0.007507300993359727
199901,(iii),OLS,b_Dur,-0.01572654337646141
199902,(iii),OLS,b_Dur,0.056523577211190675
199903,(iii),OLS,b_Dur,0.043849226271822576
199904,(iii),OLS,b_Dur,-0.03604696562271399
199905,(iii),OLS,b_Dur,-0.01341219641569474
199906,(iii),OLS,b_Dur,0.008198358135502392
199907,(iii),OLS,b_Dur,-0.014893819135645742
199908,(iii),OLS,b_Dur,0.006083320991771041
199909,(iii),OLS,b_Dur,-0.012468360817360644
199910,(iii),OLS,b_Dur,0.004695986373585221
199911,(iii),OLS,b_Dur,0.07061165526769349
199912,(iii),OLS,b_Dur,-0.01892077863215902
200001,(iii),OLS,b_Dur,0.018571452244280213
200002,(iii),OLS,b_Dur,0.0027970670707721927
200003,(iii),OLS,b_Dur,-0.03611541148268601
200004,(iii),OLS,b_Dur,-0.0028830725422150922
200005,(iii),OLS,b_Dur,0.03494323109421865
200006,(iii),OLS,b_Dur,-0.02769495582849002
200007,(iii),OLS,b_Dur,0.07398241713658343
200008,(iii),OLS,b_Dur,-0.06926892753066832
200009,(iii),OLS,b_Dur,-0.05652859511654674
200010,(iii),OLS,b_Dur,-0.1445261975255025
200011,(iii),OLS,b_Dur,-0.017457992608876156
200012,(iii),OLS,b_Dur,0.13279187076250343
200101,(iii),OLS,b_Dur,-0.14666111178605462
200102,(iii),OLS,b_Dur,-0.06353813849877919
200103,(iii),OLS,b_Dur,0.07742385087558876
200104,(iii),OLS,b_Dur,-0.039852804027858554
200105,(iii),OLS,b_Dur,-0.03754476045212948
200106,(iii),OLS,b_Dur,-0.08307836314177867
200107,(iii),OLS,b_Dur,-0.07849138085782315
200108,(iii),OLS,b_Dur,-0.07162200687783594
200109,(iii),OLS,b_Dur,0.06666844578617151
200110,(iii),OLS,b_Dur,-0.0008643241401322232
200111,(iii),OLS,b_Dur,-0.018915264477680178
200112,(iii),OLS,b_Dur,-0.11540146621938784
200201,(iii),OLS,b_Dur,-0.060329170069077905
200202,(iii),OLS,b_Dur,-0.020354906177242022
200203,(iii),OLS,b_Dur,-0.139355163511998
200204,(iii),OLS,b_Dur,-0.060517222645243
200205,(iii),OLS,b_Dur,-0.10798327733735777
200206,(iii),OLS,b_Dur,-0.0067411334306824435
200207,(iii),OLS,b_Dur,-0.005204847410070256
200208,(iii),OLS,b_Dur,-0.05392224414778767
200209,(iii),OLS,b_Dur,0.05444032961658033
200210,(iii),OLS,b_Dur,0.15880498558783965
200211,(iii),OLS,b_Dur,-0.09523557653598563
200212,(iii),OLS,b_Dur,-0.02114609358746029
200301,(iii),OLS,b_Dur,-0.011327739655305707
200302,(iii),OLS,b_Dur,0.022874921552527332
200303,(iii),OLS,b_Dur,0.06861490526820027
200304,(iii),OLS,b_Dur,0.10133475744846392
200305,(iii),OLS,b_Dur,-0.015751290960762818
200306,(iii),OLS,b_Dur,-0.011028540967389266
200307,(iii),OLS,b_Dur,-0.01309246871793545
200308,(iii),OLS,b_Dur,-0.012678631017907806
200309,(iii),OLS,b_Dur,-0.02785273989369128
200310,(iii),OLS,b_Dur,-0.04307471035288972
200311,(iii),OLS,b_Dur,0.015052350137627754
200312,(iii),OLS,b_Dur,0.015159624325293754
200401,(iii),OLS,b_Dur,-0.029053809904207726
200402,(iii),OLS,b_Dur,-0.031758559644652046
200403,(iii),OLS,b_Dur,-0.013121359325576228
200404,(iii),OLS,b_Dur,-0.018104122966289684
200405,(iii),OLS,b_Dur,-0.02389125732665961
200406,(iii),OLS,b_Dur,-0.05616993513293756
200407,(iii),OLS,b_Dur,-0.0171856843448229
200408,(iii),OLS,b_Dur,-0.0001555776094857045
200409,(iii),OLS,b_Dur,0.004735940815773747
200410,(iii),OLS,b_Dur,-0.00421926241998482
200411,(iii),OLS,b_Dur,0.014388653070636219
200412,(iii),OLS,b_Dur,-0.05233971367377292
200501,(iii),OLS,b_Dur,-0.006887929919447665
200502,(iii),OLS,b_Dur,-0.0726658490529467
200503,(iii),OLS,b_Dur,-0.032818045527338205
200504,(iii),OLS,b_Dur,0.013238680910724067
200505,(iii),OLS,b_Dur,-0.023506044484864264
200506,(iii),OLS,b_Dur,0.02640927434826259
200507,(iii),OLS,b_Dur,-0.016300514658539305
200508,(iii),OLS,b_Dur,0.02002305793472385
200509,(iii),OLS,b_Dur,-0.021643630667858335
200510,(iii),OLS,b_Dur,-0.014571022560175782
200511,(iii),OLS,b_Dur,-0.0019135555521017904
200512,(iii),OLS,b_Dur,0.04380006814449962
200601,(iii),OLS,b_Dur,-0.007971334785405489
200602,(iii),OLS,b_Dur,0.0009026102173867098
200603,(iii),OLS,b_Dur,-0.016210972313014712
200604,(iii),OLS,b_Dur,-0.03797674366044293
200605,(iii),OLS,b_Dur,-0.01528389728247209
200606,(iii),OLS,b_Dur,-0.04733687066236897
200607,(iii),OLS,b_Dur,0.032712909944566916
200608,(iii),OLS,b_Dur,-0.05972158447024791
200609,(iii),OLS,b_Dur,0.015834351990092
200610,(iii),OLS,b_Dur,0.017503245136845657
200611,(iii),OLS,b_Dur,-0.024489157119210927
200612,(iii),OLS,b_Dur,-0.0021583106828843186
200701,(iii),OLS,b_Dur,0.0010868652827388278
200702,(iii),OLS,b_Dur,-0.004691734260415493
200703,(iii),OLS,b_Dur,0.020728067013882252
200704,(iii),OLS,b_Dur,-0.006238499207537387
200705,(iii),OLS,b_Dur,-0.006373123411482656
200706,(iii),OLS,b_Dur,-0.002502647516110928
200707,(iii),OLS,b_Dur,0.0337243047079807
200708,(iii),OLS,b_Dur,0.03317386699290404
200709,(iii),OLS,b_Dur,0.032603706096352734
200710,(iii),OLS,b_Dur,-0.022202416077365752
200711,(iii),OLS,b_Dur,-0.012259243346023376
200712,(iii),OLS,b_Dur,-0.012685136807465087
200801,(iii),OLS,b_Dur,0.007275766240939986
200802,(iii),OLS,b_Dur,-0.0208968964960352
200803,(iii),OLS,b_Dur,0.004548479116376322
200804,(iii),OLS,b_Dur,0.026923938308710347
200805,(iii),OLS,b_Dur,-0.004348526921425714
200806,(iii),OLS,b_Dur,-0.00809362058973855
200807,(iii),OLS,b_Dur,-0.04606164154252787
200808,(iii),OLS,b_Dur,-0.06956730673678442
200809,(iii),OLS,b_Dur,-0.05451602622046678
200810,(iii),OLS,b_Dur,0.023922758842050154
200811,(iii),OLS,b_Dur,-0.028238944187509465
200812,(iii),OLS,b_Dur,0.07409093625099043
200901,(iii),OLS,b_Dur,-0.04076773394773662
200902,(iii),OLS,b_Dur,-0.016578189003856804
200903,(iii),OLS,b_Dur,-0.02740310345785355
200904,(iii),OLS,b_Dur,0.04104898735063526
200905,(iii),OLS,b_Dur,0.005153913623137408
200906,(iii),OLS,b_Dur,-0.020962015597963773
200907,(iii),OLS,b_Dur,0.034840150147692296
200908,(iii),OLS,b_Dur,0.03930159206489303
200909,(iii),OLS,b_Dur,-0.07178754035992875
200910,(iii),OLS,b_Dur,-0.028976692774512442
200911,(iii),OLS,b_Dur,0.018860765884155965
200912,(iii),OLS,b_Dur,0.011087015995239641
201001,(iii),OLS,b_Dur,-0.03575633826782974
201002,(iii),OLS,b_Dur,-0.010035893462105303
201003,(iii),OLS,b_Dur,0.012128164443148863
201004,(iii),OLS,b_Dur,-0.03841404456215042
201005,(iii),OLS,b_Dur,-0.01398895844817153
201006,(iii),OLS,b_Dur,0.031783568953299694
201007,(iii),OLS,b_Dur,-0.01102827933305694
201008,(iii),OLS,b_Dur,0.0065424749768808275
201009,(iii),OLS,b_Dur,0.016264407186633002
201010,(iii),OLS,b_Dur,-0.013047733687087306
201011,(iii),OLS,b_Dur,0.037583031596440844
201012,(iii),OLS,b_Dur,0.02566541721872849
201101,(iii),OLS,b_Dur,0.010463740845433016
201102,(iii),OLS,b_Dur,0.007902934926026832
201103,(iii),OLS,b_Dur,-0.013830604017826263
201104,(iii),OLS,b_Dur,-0.01226221685391083
201105,(iii),OLS,b_Dur,-0.040533663388438085
201106,(iii),OLS,b_Dur,-0.048414074963701
201107,(iii),OLS,b_Dur,-0.039587701133537524
201108,(iii),OLS,b_Dur,-0.08307690688504354
201109,(iii),OLS,b_Dur,0.06867993829957494
201110,(iii),OLS,b_Dur,-0.010753510749577542
201111,(iii),OLS,b_Dur,-0.0233802601450744
201112,(iii),OLS,b_Dur,0.049804337824585376
201201,(iii),OLS,b_Dur,0.005094719844926252
201202,(iii),OLS,b_Dur,-0.03846084150082168
201203,(iii),OLS,b_Dur,-0.013339641589367787
201204,(iii),OLS,b_Dur,-0.054773602931977396
201205,(iii),OLS,b_Dur,0.018896382883901015
201206,(iii),OLS,b_Dur,-0.009861398798366502
201207,(iii),OLS,b_Dur,0.025563067291912003
201208,(iii),OLS,b_Dur,0.015078053715774024
201209,(iii),OLS,b_Dur,-0.016433666445721768
201210,(iii),OLS,b_Dur,-0.014173396556543538
201211,(iii),OLS,b_Dur,-0.005329985242530185
201212,(iii),OLS,b_Dur,0.001793474053395616
201301,(iii),OLS,b_Dur,-0.01904006302927285
201302,(iii),OLS,b_Dur,0.00968415408655756
201303,(iii),OLS,b_Dur,0.005003182341327225
201304,(iii),OLS,b_Dur,-0.00479639892773975
201305,(iii),OLS,b_Dur,-0.030071554859558373
201306,(iii),OLS,b_Dur,0.016335936479141742
201307,(iii),OLS,b_Dur,-0.014045282443443045
201308,(iii),OLS,b_Dur,0.017359623451864845
201309,(iii),OLS,b_Dur,-0.031217233399405384
201310,(iii),OLS,b_Dur,-0.009283185914085928
201311,(iii),OLS,b_Dur,0.021364935056222625
201312,(iii),OLS,b_Dur,0.04618014354976111
201401,(iii),OLS,b_Dur,0.014365310500530484
201402,(iii),OLS,b_Dur,-0.012910020068947762
201403,(iii),OLS,b_Dur,-0.0038590058979624045
201404,(iii),OLS,b_Dur,0.009214178973370964
201405,(iii),OLS,b_Dur,0.058677140114775234
201406,(iii),OLS,b_Dur,-0.014088189116155055
201407,(iii),OLS,b_Dur,-0.005139841331925888
201408,(iii),OLS,b_Dur,-0.06177138440354015
201409,(iii),OLS,b_Dur,-0.04313811740525807
201410,(iii),OLS,b_Dur,-0.04428653377947461
201411,(iii),OLS,b_Dur,-0.06143148108987523
201412,(iii),OLS,b_Dur,-0.01182708904328135
201501,(iii),OLS,b_Dur,0.07495094703108739
201502,(iii),OLS,b_Dur,-0.03986867065428555
201503,(iii),OLS,b_Dur,0.017786640088354323
201504,(iii),OLS,b_Dur,-0.013119356464559907
201505,(iii),OLS,b_Dur,-0.03669613458555559
201506,(iii),OLS,b_Dur,-0.02788101673169237
201507,(iii),OLS,b_Dur,-0.009089350997408515
201508,(iii),OLS,b_Dur,-0.07709237570120349
201509,(iii),OLS,b_Dur,0.0163477887707549
201510,(iii),OLS,b_Dur,0.01699257723061598
201511,(iii),OLS,b_Dur,-0.0683540532730283
201512,(iii),OLS,b_Dur,-0.0799350471436342
201601,(iii),OLS,b_Dur,-0.029670667512424274
201602,(iii),OLS,b_Dur,0.04925576345389496
201603,(iii),OLS,b_Dur,0.057999351829357504
201604,(iii),OLS,b_Dur,0.030968381652635466
201605,(iii),OLS,b_Dur,-0.05373130393757404
201606,(iii),OLS,b_Dur,0.016094849724252208
201607,(iii),OLS,b_Dur,0.0005700349312766046
201608,(iii),OLS,b_Dur,0.027625134758379723
201609,(iii),OLS,b_Dur,-0.07717390646138629
201610,(iii),OLS,b_Dur,-0.016313675335606476
201611,(iii),OLS,b_Dur,-0.04621563453334876
201612,(iii),OLS,b_Dur,0.06737394915828436
201701,(iii),OLS,b_Dur,0.01988528462166012
201702,(iii),OLS,b_Dur,-0.0010900061926376351
201703,(iii),OLS,b_Dur,-0.028711796418732536
201704,(iii),OLS,b_Dur,-0.027364118091604602
201705,(iii),OLS,b_Dur,0.0035483041106173278
201706,(iii),OLS,b_Dur,0.002117991971384395
201707,(iii),OLS,b_Dur,-0.0010962267713728682
201708,(iii),OLS,b_Dur,0.03897605430605228
201709,(iii),OLS,b_Dur,-0.0004351544348890875
201710,(iii),OLS,b_Dur,-0.037121640476178906
201711,(iii),OLS,b_Dur,0.0011274683911045194
201712,(iii),OLS,b_Dur,0.024384768967363624
201801,(iii),OLS,b_Dur,-0.02052595567689036
201802,(iii),OLS,b_Dur,-0.028616096807421578
201803,(iii),OLS,b_Dur,0.0034810775809932665
201804,(iii),OLS,b_Dur,-0.015925419044788853
201805,(iii),OLS,b_Dur,-0.0430402689458579
201806,(iii),OLS,b_Dur,-0.032190978103955555
201807,(iii),OLS,b_Dur,-0.023570153819983005
201808,(iii),OLS,b_Dur,0.006777211647570913
201809,(iii),OLS,b_Dur,-0.07445214894474121
201810,(iii),OLS,b_Dur,-0.02877622760749206
201811,(iii),OLS,b_Dur,-0.08870293694327061
201812,(iii),OLS,b_Dur,0.0963884239025899
201901,(iii),OLS,b_Dur,0.030289579385840457
201902,(iii),OLS,b_Dur,0.03242408274316862
201903,(iii),OLS,b_Dur,-0.028215522951470173
201904,(iii),OLS,b_Dur,-0.02423215323430078
201905,(iii),OLS,b_Dur,0.02037261994927634
201906,(iii),OLS,b_Dur,-0.03416578037383174
201907,(iii),OLS,b_Dur,-0.023379400358780368
201908,(iii),OLS,b_Dur,-0.08832502069707082
201909,(iii),OLS,b_Dur,-0.038505694191097076
201910,(iii),OLS,b_Dur,0.05302689312698268
201911,(iii),OLS,b_Dur,0.03562081270510475
201912,(iii),OLS,b_Dur,0.06434215373929414
202001,(iii),OLS,b_Dur,0.006356249318328058
202002,(iii),OLS,b_Dur,-0.0186192142369628
202003,(iii),OLS,b_Dur,0.09148347358422637
202004,(iii),OLS,b_Dur,0.057558064795178124
202005,(iii),OLS,b_Dur,0.055490470681571515
202006,(iii),OLS,b_Dur,0.015213401918385014
202007,(iii),OLS,b_Dur,-0.014216142313105163
202008,(iii),OLS,b_Dur,-0.013803069422635983
202009,(iii),OLS,b_Dur,-0.025602997710548473
202010,(iii),OLS,b_Dur,0.0935650584587341
202011,(iii),OLS,b_Dur,0.03575740136339639
202012,(iii),OLS,b_Dur,0.035405510871372635
202101,(iii),OLS,b_Dur,0.026313331653724126
202102,(iii),OLS,b_Dur,-0.05696524361337323
202103,(iii),OLS,b_Dur,-0.045018884288112175
202104,(iii),OLS,b_Dur,-0.012863108506890372
202105,(iii),OLS,b_Dur,0.041927811910573244
202106,(iii),OLS,b_Dur,-0.07575061299920001
202107,(iii),OLS,b_Dur,0.01688450979479578
202108,(iii),OLS,b_Dur,0.031165048984590774
202109,(iii),OLS,b_Dur,-0.039699162679686206
202110,(iii),OLS,b_Dur,-0.11883218744495919
202111,(iii),OLS,b_Dur,-0.08601752045036344
202112,(iii),OLS,b_Dur,-0.025922293979981376
202201,(iii),OLS,b_Dur,0.03142848352252783
202202,(iii),OLS,b_Dur,0.08502442475068993
202203,(iii),OLS,b_Dur,-0.13686207698287237
202204,(iii),OLS,b_Dur,-0.054854680570846484
202205,(iii),OLS,b_Dur,0.01252080266380894
202206,(iii),OLS,b_Dur,-0.018695931708249607
202207,(iii),OLS,b_Dur,0.056698013504837566
202208,(iii),OLS,b_Dur,-0.044861544286701804
202209,(iii),OLS,b_Dur,-0.09005714058034185
202210,(iii),OLS,b_Dur,-0.08203048220386294
202211,(iii),OLS,b_Dur,-0.01612495638628979
202212,(iii),OLS,b_Dur,0.11888330531880445
202301,(iii),OLS,b_Dur,-0.081188936201339
202302,(iii),OLS,b_Dur,-0.05601696962352307
202303,(iii),OLS,b_Dur,-0.009929137391618492
202304,(iii),OLS,b_Dur,0.05497226297301679
202305,(iii),OLS,b_Dur,-0.06168342039795152
202306,(iii),OLS,b_Dur,0.0018859349684961653
202307,(iii),OLS,b_Dur,-0.08552419616302503
202308,(iii),OLS,b_Dur,-0.07685367792545371
202309,(iii),OLS,b_Dur,-0.0956768085808194
202310,(iii),OLS,b_Dur,0.03304988637156576
202311,(iii),OLS,b_Dur,0.06880011895127126
202312,(iii),OLS,b_Dur,-0.009129661102484473
202401,(iii),OLS,b_Dur,0.033785753308911676
202402,(iii),OLS,b_Dur,-0.01571611102409867
202403,(iii),OLS,b_Dur,-0.046893265967785154
202404,(iii),OLS,b_Dur,-0.011674522766056461
202405,(iii),OLS,b_Dur,0.00805415830912292
202406,(iii),OLS,b_Dur,0.014272476682145022
202407,(iii),OLS,b_Dur,-0.033597714099126576
202408,(iii),OLS,b_Dur,-0.02164031483254421
202409,(iii),OLS,b_Dur,0.05574049322537573
202410,(iii),OLS,b_Dur,-0.01772447168945576
202411,(iii),OLS,b_Dur,0.041120114168985075
197307,(iii),WLS,a,-0.01973099166367977
197308,(iii),WLS,a,0.17660962099417607
197309,(iii),WLS,a,-0.010073639958855275
197310,(iii),WLS,a,-0.15186544741494348
197311,(iii),WLS,a,0.11088701488511514
197312,(iii),WLS,a,0.06113224306689847
197401,(iii),WLS,a,0.03966133909895772
197402,(iii),WLS,a,-0.03954848380114919
197403,(iii),WLS,a,-0.03930814383321413
197404,(iii),WLS,a,-0.08866634122679214
197405,(iii),WLS,a,-0.009525464250065846
197406,(iii),WLS,a,0.03096307950667542
197407,(iii),WLS,a,-0.04411842242201666
197408,(iii),WLS,a,-0.007905144577303938
197409,(iii),WLS,a,-0.04332919168216004
197410,(iii),WLS,a,-0.045553930950601146
197411,(iii),WLS,a,-0.005622577003393289
197412,(iii),WLS,a,0.3395445292333274
197501,(iii),WLS,a,-0.06220038264319415
197502,(iii),WLS,a,0.09677340014511202
197503,(iii),WLS,a,0.044237650308873305
197504,(iii),WLS,a,0.02757666029630736
197505,(iii),WLS,a,0.0977122206552437
197506,(iii),WLS,a,0.02173194735536318
197507,(iii),WLS,a,-0.024899863510578706
197508,(iii),WLS,a,-0.024630809961402395
197509,(iii),WLS,a,0.00797839869994646
197510,(iii),WLS,a,0.03115519362918882
197511,(iii),WLS,a,0.025164872549516028
197512,(iii),WLS,a,0.2619867661690226
197601,(iii),WLS,a,0.13687112745062077
197602,(iii),WLS,a,0.004809197081669015
197603,(iii),WLS,a,0.016987800124327327
197604,(iii),WLS,a,-0.017280444336184374
197605,(iii),WLS,a,0.06361548851589861
197606,(iii),WLS,a,-0.00877184260674237
197607,(iii),WLS,a,-0.0256309311807288
197608,(iii),WLS,a,0.04306271149721359
197609,(iii),WLS,a,-0.0369423342426933
197610,(iii),WLS,a,0.055582776405132504
197611,(iii),WLS,a,0.1176791628206818
197612,(iii),WLS,a,0.07203863740108127
197701,(iii),WLS,a,-0.01829950987547276
197702,(iii),WLS,a,0.00531251888648749
197703,(iii),WLS,a,0.0684378368907997
197704,(iii),WLS,a,0.0030774689188009493
197705,(iii),WLS,a,0.024750945836387345
197706,(iii),WLS,a,-0.03114687619827432
197707,(iii),WLS,a,-0.08757265129793379
197708,(iii),WLS,a,0.011383216192001309
197709,(iii),WLS,a,-0.01851715423555066
197710,(iii),WLS,a,0.060752396421532795
197711,(iii),WLS,a,0.013891331874250857
197712,(iii),WLS,a,-0.030789485487459977
197801,(iii),WLS,a,0.02730589868737096
197802,(iii),WLS,a,0.08384464360651896
197803,(iii),WLS,a,0.03416966887707363
197804,(iii),WLS,a,0.0449652700287604
197805,(iii),WLS,a,-0.03151416020539279
197806,(iii),WLS,a,0.04383869069443669
197807,(iii),WLS,a,0.04928876164581208
197808,(iii),WLS,a,0.02326199873031222
197809,(iii),WLS,a,-0.16799984414835298
197810,(iii),WLS,a,0.038569620380063105
197811,(iii),WLS,a,-0.02501811537599361
197812,(iii),WLS,a,0.0868470467529812
197901,(iii),WLS,a,-0.03786684449812462
197902,(iii),WLS,a,0.0868566857361197
197903,(iii),WLS,a,0.024154556744595733
197904,(iii),WLS,a,-0.04037685189445402
197905,(iii),WLS,a,0.05888856445162162
197906,(iii),WLS,a,0.047297767582447914
197907,(iii),WLS,a,0.06941576444970837
197908,(iii),WLS,a,0.02072628571404326
197909,(iii),WLS,a,-0.10310564030770883
197910,(iii),WLS,a,0.012080778858156803
197911,(iii),WLS,a,0.03362541748203677
197912,(iii),WLS,a,0.13195860348049224
198001,(iii),WLS,a,0.04355772457290846
198002,(iii),WLS,a,-0.19051012340421808
198003,(iii),WLS,a,0.024549038196921266
198004,(iii),WLS,a,0.05354444788841401
198005,(iii),WLS,a,0.010515244646039293
198006,(iii),WLS,a,0.05933429097651901
198007,(iii),WLS,a,-0.0011108327436715464
198008,(iii),WLS,a,-0.015982230182135213
198009,(iii),WLS,a,0.0046226920555466995
198010,(iii),WLS,a,0.06474244059713632
198011,(iii),WLS,a,-0.06931094476147455
198012,(iii),WLS,a,0.004369624823557594
198101,(iii),WLS,a,0.023708528618784235
198102,(iii),WLS,a,0.05006632830421132
198103,(iii),WLS,a,-0.003882193177205889
198104,(iii),WLS,a,-0.016845599173646787
198105,(iii),WLS,a,0.014302110420140318
198106,(iii),WLS,a,-0.02824185173062634
198107,(iii),WLS,a,-0.06117151379840749
198108,(iii),WLS,a,-0.048396016104424726
198109,(iii),WLS,a,-0.03874523334821372
198110,(iii),WLS,a,0.03590323719617641
198111,(iii),WLS,a,-0.00826404894010342
198112,(iii),WLS,a,-0.018556964828195317
198201,(iii),WLS,a,0.017845222223889304
198202,(iii),WLS,a,0.03128594349191781
198203,(iii),WLS,a,0.016141565406358083
198204,(iii),WLS,a,-0.009493396673130337
198205,(iii),WLS,a,0.00876011284246886
198206,(iii),WLS,a,-0.02234542199856348
198207,(iii),WLS,a,0.1277895862866829
198208,(iii),WLS,a,0.004335475287542504
198209,(iii),WLS,a,0.10138906877603829
198210,(iii),WLS,a,0.03980834086460449
198211,(iii),WLS,a,0.02319339230808982
198212,(iii),WLS,a,0.036069553921977755
198301,(iii),WLS,a,0.04516087690338784
198302,(iii),WLS,a,0.05389532116546376
198303,(iii),WLS,a,0.08891933640873198
198304,(iii),WLS,a,-0.007692356201257944
198305,(iii),WLS,a,0.03660948665807964
198306,(iii),WLS,a,-0.013109394748003248
198307,(iii),WLS,a,0.04301678134134986
198308,(iii),WLS,a,-0.012368278386922034
198309,(iii),WLS,a,-0.0007265241887154223
198310,(iii),WLS,a,0.016982773484871788
198311,(iii),WLS,a,0.006271704680893877
198312,(iii),WLS,a,0.05401623951939418
198401,(iii),WLS,a,-0.009465250240403535
198402,(iii),WLS,a,0.00928076007365402
198403,(iii),WLS,a,0.013238026513055978
198404,(iii),WLS,a,-0.06025897291005413
198405,(iii),WLS,a,-0.015226000320313739
198406,(iii),WLS,a,-0.04640564935205173
198407,(iii),WLS,a,0.09516111752181003
198408,(iii),WLS,a,0.017574661976722646
198409,(iii),WLS,a,-0.007246007709238331
198410,(iii),WLS,a,-0.006660187827504228
198411,(iii),WLS,a,0.005767733656238738
198412,(iii),WLS,a,0.04593849747613781
198501,(iii),WLS,a,0.02607114626752495
198502,(iii),WLS,a,-0.004001654168539837
198503,(iii),WLS,a,0.0042370323274417395
198504,(iii),WLS,a,0.04055744935609571
198505,(iii),WLS,a,0.006622537323048302
198506,(iii),WLS,a,-0.0028667265729554283
198507,(iii),WLS,a,0.0016249214584662063
198508,(iii),WLS,a,-0.007735684684820852
198509,(iii),WLS,a,0.04517762400907815
198510,(iii),WLS,a,0.033567614304956986
198511,(iii),WLS,a,0.009567690465591954
198512,(iii),WLS,a,-0.007375370105286018
198601,(iii),WLS,a,0.07761949822999091
198602,(iii),WLS,a,0.033879854925553614
198603,(iii),WLS,a,-0.03280355836011351
198604,(iii),WLS,a,0.05737616998799871
198605,(iii),WLS,a,-0.005357439876343171
198606,(iii),WLS,a,-0.06284320838540028
198607,(iii),WLS,a,0.10944068700501312
198608,(iii),WLS,a,-0.026691541456033557
198609,(iii),WLS,a,0.04131933415534451
198610,(iii),WLS,a,0.022215832983849913
198611,(iii),WLS,a,-0.02941271539383986
198612,(iii),WLS,a,0.13228535897333127
198701,(iii),WLS,a,0.013429467929354386
198702,(iii),WLS,a,0.07878059242407451
198703,(iii),WLS,a,-0.0013037901933067753
198704,(iii),WLS,a,0.003445005878724295
198705,(iii),WLS,a,0.05292457612909244
198706,(iii),WLS,a,0.05487826037954632
198707,(iii),WLS,a,0.029084778351774053
198708,(iii),WLS,a,-0.04013287990562071
198709,(iii),WLS,a,-0.22614897898734931
198710,(iii),WLS,a,-0.07598285515745375
198711,(iii),WLS,a,0.09330881929480923
198712,(iii),WLS,a,0.06772262915901718
198801,(iii),WLS,a,0.06480298977486051
198802,(iii),WLS,a,-0.0017388252695805485
198803,(iii),WLS,a,0.042875517501357395
198804,(iii),WLS,a,0.004119735926472074
198805,(iii),WLS,a,0.0429195519575644
198806,(iii),WLS,a,-0.009748852287863843
198807,(iii),WLS,a,-0.051107645211679896
198808,(iii),WLS,a,0.01748991992874841
198809,(iii),WLS,a,0.04262111297573386
198810,(iii),WLS,a,-0.01083148274280295
198811,(iii),WLS,a,-0.0022373017144665473
198812,(iii),WLS,a,0.0713856075900639
198901,(iii),WLS,a,-0.030362331718407295
198902,(iii),WLS,a,0.0017151665910098252
198903,(iii),WLS,a,0.019015583759292434
198904,(iii),WLS,a,-0.004561624045615163
198905,(iii),WLS,a,-0.018169579484886275
198906,(iii),WLS,a,0.031335606590207406
198907,(iii),WLS,a,0.06233139910248859
198908,(iii),WLS,a,-0.02401456771944875
198909,(iii),WLS,a,-0.05310558640780387
198910,(iii),WLS,a,-0.011225083651926652
198911,(iii),WLS,a,0.03533897282238561
198912,(iii),WLS,a,-0.06838960823072521
199001,(iii),WLS,a,0.017314197432444493
199002,(iii),WLS,a,0.026522582224484097
199003,(iii),WLS,a,-0.04140384810500176
199004,(iii),WLS,a,0.07391819743251501
199005,(iii),WLS,a,-0.04590024243609942
199006,(iii),WLS,a,0.005996672468814883
199007,(iii),WLS,a,-0.12736453052032212
199008,(iii),WLS,a,-0.06212323100020059
199009,(iii),WLS,a,-0.04264575832761323
199010,(iii),WLS,a,0.08324272596768757
199011,(iii),WLS,a,0.04660267826316009
199012,(iii),WLS,a,0.06577580381551065
199101,(iii),WLS,a,0.04951769741403073
199102,(iii),WLS,a,0.018006211810497857
199103,(iii),WLS,a,0.0064867796917015275
199104,(iii),WLS,a,0.04713209261398712
199105,(iii),WLS,a,-0.03705901138014793
199106,(iii),WLS,a,0.019442004908653825
199107,(iii),WLS,a,-0.011030325142445242
199108,(iii),WLS,a,-0.027326708650797185
199109,(iii),WLS,a,0.036221236620715254
199110,(iii),WLS,a,-0.0832724072790448
199111,(iii),WLS,a,0.04556087828336796
199112,(iii),WLS,a,0.06855812433239614
199201,(iii),WLS,a,0.07038393073056633
199202,(iii),WLS,a,0.010770619849928808
199203,(iii),WLS,a,0.04434347061152332
199204,(iii),WLS,a,-0.029416172249799633
199205,(iii),WLS,a,-0.05574408577737262
199206,(iii),WLS,a,0.037362475568283975
199207,(iii),WLS,a,-0.014478769854513936
199208,(iii),WLS,a,0.00917045820126136
199209,(iii),WLS,a,0.01209850995602799
199210,(iii),WLS,a,0.018458271391426348
199211,(iii),WLS,a,0.016185976169950066
199212,(iii),WLS,a,0.008156849200684005
199301,(iii),WLS,a,0.03877357333237038
199302,(iii),WLS,a,0.01597737258752027
199303,(iii),WLS,a,-0.007874710560985392
199304,(iii),WLS,a,0.03559131205002766
199305,(iii),WLS,a,-0.014254751636572156
199306,(iii),WLS,a,-0.027247423205943342
199307,(iii),WLS,a,0.05534312766029928
199308,(iii),WLS,a,0.012264654000820155
199309,(iii),WLS,a,-0.005636060298480078
199310,(iii),WLS,a,-0.020898723340455644
199311,(iii),WLS,a,0.004274918086673867
199312,(iii),WLS,a,0.0030253467228325685
199401,(iii),WLS,a,0.010646018019991698
199402,(iii),WLS,a,-0.016272201503913543
199403,(iii),WLS,a,0.015220879304579384
199404,(iii),WLS,a,0.016822587690268186
199405,(iii),WLS,a,-0.015111605428518393
199406,(iii),WLS,a,0.01497510627801678
199407,(iii),WLS,a,0.09111554910806581
199408,(iii),WLS,a,-0.006877566729019316
199409,(iii),WLS,a,0.05075323121884638
199410,(iii),WLS,a,0.007789402692965131
199411,(iii),WLS,a,-0.01069408286353779
199412,(iii),WLS,a,0.025936314429042456
199501,(iii),WLS,a,0.025361789989827237
199502,(iii),WLS,a,0.047113050003851825
199503,(iii),WLS,a,0.057944483282222806
199504,(iii),WLS,a,0.03624694539872412
199505,(iii),WLS,a,0.048262853105386895
199506,(iii),WLS,a,0.03546290421969752
199507,(iii),WLS,a,-0.009052851606308986
199508,(iii),WLS,a,0.03041792782834542
199509,(iii),WLS,a,0.02037568184258948
199510,(iii),WLS,a,-0.028670481429083336
199511,(iii),WLS,a,-0.011217970281613837
199512,(iii),WLS,a,-0.010672077040579955
199601,(iii),WLS,a,0.05009129020075765
199602,(iii),WLS,a,-0.026956396789261372
199603,(iii),WLS,a,0.06653450549004182
199604,(iii),WLS,a,0.057754827886758744
199605,(iii),WLS,a,-0.024443414779312667
199606,(iii),WLS,a,-0.04025545380200345
199607,(iii),WLS,a,0.025474291619046633
199608,(iii),WLS,a,0.06971520430823716
199609,(iii),WLS,a,0.0109048855027056
199610,(iii),WLS,a,0.08757332855113674
199611,(iii),WLS,a,-0.010131223540993111
199612,(iii),WLS,a,0.08729781068484581
199701,(iii),WLS,a,-0.00024767831032618915
199702,(iii),WLS,a,-0.0160546613298751
199703,(iii),WLS,a,0.058647281532754614
199704,(iii),WLS,a,0.05017557831562548
199705,(iii),WLS,a,0.030252797273449282
199706,(iii),WLS,a,0.11021744999367557
199707,(iii),WLS,a,-0.01627090440551484
199708,(iii),WLS,a,0.028732706851315626
199709,(iii),WLS,a,-0.024532619285689634
199710,(iii),WLS,a,0.06584235528376578
199711,(iii),WLS,a,-0.03273545193902245
199712,(iii),WLS,a,0.03757333685164801
199801,(iii),WLS,a,0.0564697654816555
199802,(iii),WLS,a,0.0011231035634740386
199803,(iii),WLS,a,-0.014367892942543772
199804,(iii),WLS,a,-0.028131534245633458
199805,(iii),WLS,a,0.04673692327465824
199806,(iii),WLS,a,-0.003264906799144799
199807,(iii),WLS,a,-0.12927706682917356
199808,(iii),WLS,a,0.08258270482488483
199809,(iii),WLS,a,0.07900151426827333
199810,(iii),WLS,a,0.1252555703166705
199811,(iii),WLS,a,0.06765677818532764
199812,(iii),WLS,a,0.05292233225526357
199901,(iii),WLS,a,-0.07677951244147795
199902,(iii),WLS,a,-0.005914733040620939
199903,(iii),WLS,a,-0.00968592907573288
199904,(iii),WLS,a,0.0364172166422011
199905,(iii),WLS,a,0.09252720834296932
199906,(iii),WLS,a,-0.0006420939822126953
199907,(iii),WLS,a,-0.012031194425518003
199908,(iii),WLS,a,-0.04438206382551583
199909,(iii),WLS,a,-0.0011435359667240433
199910,(iii),WLS,a,0.06955265616754953
199911,(iii),WLS,a,0.03410453650404994
199912,(iii),WLS,a,-0.0050703917466750495
200001,(iii),WLS,a,0.10769021221113126
200002,(iii),WLS,a,0.008840902313538183
200003,(iii),WLS,a,0.034738845916648026
200004,(iii),WLS,a,0.009073135531817472
200005,(iii),WLS,a,0.010917516853954307
200006,(iii),WLS,a,-0.017625869998060394
200007,(iii),WLS,a,-0.01397879938548789
200008,(iii),WLS,a,0.07016121504249985
200009,(iii),WLS,a,0.09865333139089019
200010,(iii),WLS,a,0.17029399040703158
200011,(iii),WLS,a,0.18574688996358807
200012,(iii),WLS,a,-0.08384947860200734
200101,(iii),WLS,a,0.15946931597152433
200102,(iii),WLS,a,0.0005984113742161594
200103,(iii),WLS,a,-0.027034097108483906
200104,(iii),WLS,a,0.048188385385612674
200105,(iii),WLS,a,0.0059028866583629375
200106,(iii),WLS,a,0.04528207559332249
200107,(iii),WLS,a,0.05824219021628246
200108,(iii),WLS,a,-0.15819599421343947
200109,(iii),WLS,a,0.07835404883419866
200110,(iii),WLS,a,0.09979946897632479
200111,(iii),WLS,a,0.08419177794661334
200112,(iii),WLS,a,0.04901741449425923
200201,(iii),WLS,a,0.018305481746324886
200202,(iii),WLS,a,0.07057202007319462
200203,(iii),WLS,a,0.07479793847363785
200204,(iii),WLS,a,-0.01823608388056927
200205,(iii),WLS,a,-0.03488335102432346
200206,(iii),WLS,a,-0.10955216313909688
200207,(iii),WLS,a,0.01720553254865766
200208,(iii),WLS,a,-0.06333487710518744
200209,(iii),WLS,a,0.01135221054370824
200210,(iii),WLS,a,-0.01943337454912022
200211,(iii),WLS,a,0.018834681504985656
200212,(iii),WLS,a,-0.04245781498069956
200301,(iii),WLS,a,-0.02179653529599326
200302,(iii),WLS,a,0.01637126026141612
200303,(iii),WLS,a,0.013546621429921323
200304,(iii),WLS,a,0.06826476053602379
200305,(iii),WLS,a,0.023403261429842726
200306,(iii),WLS,a,-0.002719930776937481
200307,(iii),WLS,a,0.07211079894098575
200308,(iii),WLS,a,-0.026285200032629605
200309,(iii),WLS,a,0.12257618379508824
200310,(iii),WLS,a,0.05010304979053407
200311,(iii),WLS,a,-0.03516000148147654
200312,(iii),WLS,a,0.03226643815487682
200401,(iii),WLS,a,0.05312037166337309
200402,(iii),WLS,a,0.002254505469397787
200403,(iii),WLS,a,-0.039710345179961616
200404,(iii),WLS,a,0.011239651835572696
200405,(iii),WLS,a,0.017400358996872027
200406,(iii),WLS,a,-0.06550363197408055
200407,(iii),WLS,a,0.011476425382446845
200408,(iii),WLS,a,0.018913901029645453
200409,(iii),WLS,a,0.03457644069810204
200410,(iii),WLS,a,0.042396550520415396
200411,(iii),WLS,a,0.03441156154237147
200412,(iii),WLS,a,0.010157536706772857
200501,(iii),WLS,a,0.04480834930698787
200502,(iii),WLS,a,0.0013652323741122172
200503,(iii),WLS,a,-0.044447245174384635
200504,(iii),WLS,a,0.03625764811802905
200505,(iii),WLS,a,0.03189990161679817
200506,(iii),WLS,a,0.03754495277258417
200507,(iii),WLS,a,-0.018744269235776264
200508,(iii),WLS,a,0.00012562635762278977
200509,(iii),WLS,a,-0.034815377634231905
200510,(iii),WLS,a,0.023178029610060207
200511,(iii),WLS,a,-0.006915434470226924
200512,(iii),WLS,a,0.05183369420723251
200601,(iii),WLS,a,-0.007491540305594413
200602,(iii),WLS,a,0.017398786148891867
200603,(iii),WLS,a,0.008077091032158038
200604,(iii),WLS,a,-0.02866106650669791
200605,(iii),WLS,a,0.01161583637744862
200606,(iii),WLS,a,0.010139298096561463
200607,(iii),WLS,a,0.005317622406963047
200608,(iii),WLS,a,0.028065469421719707
200609,(iii),WLS,a,0.037157627528113774
200610,(iii),WLS,a,0.008849512650729072
200611,(iii),WLS,a,0.0033092739133576536
200612,(iii),WLS,a,0.017047210992681115
200701,(iii),WLS,a,-0.02642622169784483
200702,(iii),WLS,a,0.0051678167251412235
200703,(iii),WLS,a,0.028330210951369193
200704,(iii),WLS,a,0.03391377824789989
200705,(iii),WLS,a,-0.011679027973133867
200706,(iii),WLS,a,-0.04901254549546509
200707,(iii),WLS,a,-0.0009733226026572725
200708,(iii),WLS,a,-0.003843121250013157
200709,(iii),WLS,a,-0.012172297410095553
200710,(iii),WLS,a,-0.026146688941626195
200711,(iii),WLS,a,-0.007013630462625233
200712,(iii),WLS,a,-0.04297373753877108
200801,(iii),WLS,a,0.007998904964537649
200802,(iii),WLS,a,-0.01644464499327633
200803,(iii),WLS,a,0.0630446872902201
200804,(iii),WLS,a,0.030054935260360037
200805,(iii),WLS,a,-0.03988918704393708
200806,(iii),WLS,a,-0.02170095099229043
200807,(iii),WLS,a,0.061853549451895314
200808,(iii),WLS,a,-0.009483232326395101
200809,(iii),WLS,a,-0.12162160333044368
200810,(iii),WLS,a,-0.040952312051643264
200811,(iii),WLS,a,0.05353984234467995
200812,(iii),WLS,a,-0.08002542668730027
200901,(iii),WLS,a,-0.06172441140589618
200902,(iii),WLS,a,0.08659753057268348
200903,(iii),WLS,a,0.06592724139541271
200904,(iii),WLS,a,-0.020839174753112127
200905,(iii),WLS,a,0.020640082122865295
200906,(iii),WLS,a,0.07833278744827601
200907,(iii),WLS,a,0.019439423731394553
200908,(iii),WLS,a,0.022201514678977113
200909,(iii),WLS,a,0.00344064506796639
200910,(iii),WLS,a,0.029434416094173323
200911,(iii),WLS,a,0.030252838252402398
200912,(iii),WLS,a,-0.04027267793204782
201001,(iii),WLS,a,0.055739021761945784
201002,(iii),WLS,a,0.045958978212461546
201003,(iii),WLS,a,0.012524087716930244
201004,(iii),WLS,a,-0.0756575458281658
201005,(iii),WLS,a,-0.08361482344680392
201006,(iii),WLS,a,0.04982211678363136
201007,(iii),WLS,a,-0.04590487873499796
201008,(iii),WLS,a,0.09073381193191402
201009,(iii),WLS,a,0.018367604551103905
201010,(iii),WLS,a,0.003962392191013459
201011,(iii),WLS,a,0.034627357234526764
201012,(iii),WLS,a,-0.011823204047395426
201101,(iii),WLS,a,0.02132701910809646
201102,(iii),WLS,a,0.0023283022825180684
201103,(iii),WLS,a,0.0611736858665649
201104,(iii),WLS,a,0.011030459106483828
201105,(iii),WLS,a,-0.004495374011371048
201106,(iii),WLS,a,-0.036320075866941
201107,(iii),WLS,a,-0.025548449135095956
201108,(iii),WLS,a,-0.01578527927567211
201109,(iii),WLS,a,0.0747033596501693
201110,(iii),WLS,a,0.019873730335279984
201111,(iii),WLS,a,0.032994941637585325
201112,(iii),WLS,a,0.01710957013551789
201201,(iii),WLS,a,0.014904333294853949
201202,(iii),WLS,a,0.035478372546527734
201203,(iii),WLS,a,-0.0036146891287059256
201204,(iii),WLS,a,-0.019044852879355402
201205,(iii),WLS,a,0.042267375035637315
201206,(iii),WLS,a,0.01868566371381655
201207,(iii),WLS,a,0.022807573799936105
201208,(iii),WLS,a,0.004109550946719662
201209,(iii),WLS,a,-0.009319459503987493
201210,(iii),WLS,a,0.0011063525116765185
201211,(iii),WLS,a,-0.007674239497088972
201212,(iii),WLS,a,0.06166420168700901
201301,(iii),WLS,a,0.016401597121235175
201302,(iii),WLS,a,0.04064125435875468
201303,(iii),WLS,a,0.040107085900067604
201304,(iii),WLS,a,0.030786153246484455
201305,(iii),WLS,a,-0.007516961564079449
201306,(iii),WLS,a,0.040847855448044264
201307,(iii),WLS,a,-0.0322943861748169
201308,(iii),WLS,a,0.021957671111358414
201309,(iii),WLS,a,0.03944027529346193
201310,(iii),WLS,a,0.039501119250201555
201311,(iii),WLS,a,0.010653673306200288
201312,(iii),WLS,a,-0.05933954725166568
201401,(iii),WLS,a,0.06378253252314131
201402,(iii),WLS,a,0.025925643032780585
201403,(iii),WLS,a,0.01170747459228435
201404,(iii),WLS,a,0.011184608961274376
201405,(iii),WLS,a,0.018755799982096606
201406,(iii),WLS,a,-0.003369336590873685
201407,(iii),WLS,a,0.03879369040590384
201408,(iii),WLS,a,-0.0028548862422037307
201409,(iii),WLS,a,0.02801310551258039
201410,(iii),WLS,a,0.06303011287493288
201411,(iii),WLS,a,0.012673098417348797
201412,(iii),WLS,a,-0.030477245023780058
201501,(iii),WLS,a,0.04099341178798092
201502,(iii),WLS,a,-0.013205354958227077
201503,(iii),WLS,a,-0.01891078576680222
201504,(iii),WLS,a,0.012500718077001623
201505,(iii),WLS,a,-0.022204191720038343
201506,(iii),WLS,a,0.00810197585615367
201507,(iii),WLS,a,-0.05345699755446507
201508,(iii),WLS,a,-0.018244878820301645
201509,(iii),WLS,a,0.044011421342218554
201510,(iii),WLS,a,-0.00784817887279209
201511,(iii),WLS,a,-0.02271569553965308
201512,(iii),WLS,a,-0.00032439992656252984
201601,(iii),WLS,a,0.008628716460108524
201602,(iii),WLS,a,0.057786310598308396
201603,(iii),WLS,a,-0.022517793455609832
201604,(iii),WLS,a,0.014458408625368213
201605,(iii),WLS,a,0.018783512066270807
201606,(iii),WLS,a,0.029049785907906602
201607,(iii),WLS,a,0.0019515222419336788
201608,(iii),WLS,a,-0.005283232829739725
201609,(iii),WLS,a,-0.027561393599898492
201610,(iii),WLS,a,0.025651974028091586
201611,(iii),WLS,a,0.02030529448827717
201612,(iii),WLS,a,-0.012910578648223365
201701,(iii),WLS,a,0.05371293455196812
201702,(iii),WLS,a,0.01909031143012954
201703,(iii),WLS,a,0.014910787451238167
201704,(iii),WLS,a,0.009525687236394386
201705,(iii),WLS,a,-0.008181914186691256
201706,(iii),WLS,a,8.470305130086608e-05
201707,(iii),WLS,a,0.007593783952411658
201708,(iii),WLS,a,0.011550252232394625
201709,(iii),WLS,a,0.027709034735361977
201710,(iii),WLS,a,0.06749722911598154
201711,(iii),WLS,a,0.0019416894557672461
201712,(iii),WLS,a,0.022973309488347533
201801,(iii),WLS,a,-0.049212968969543816
201802,(iii),WLS,a,-0.013290859281689
201803,(iii),WLS,a,-0.011503229860517869
201804,(iii),WLS,a,0.013908978504378229
201805,(iii),WLS,a,0.02217884655160296
201806,(iii),WLS,a,0.04585650823457056
201807,(iii),WLS,a,0.046512680726712816
201808,(iii),WLS,a,-0.0028115757321965015
201809,(iii),WLS,a,-0.030580611210901484
201810,(iii),WLS,a,0.015470612307564918
201811,(iii),WLS,a,-0.08058080825136976
201812,(iii),WLS,a,0.045483020381448365
201901,(iii),WLS,a,0.02692699298275601
201902,(iii),WLS,a,0.007748486127015665
201903,(iii),WLS,a,0.019778268884687547
201904,(iii),WLS,a,-0.07379875809650718
201905,(iii),WLS,a,0.0738521189337261
201906,(iii),WLS,a,0.02469557818883348
201907,(iii),WLS,a,-0.006905837633154977
201908,(iii),WLS,a,0.03238368794374062
201909,(iii),WLS,a,0.022485149426679674
201910,(iii),WLS,a,0.015807088082586126
201911,(iii),WLS,a,0.03557522082787769
201912,(iii),WLS,a,-0.0638833633300751
202001,(iii),WLS,a,-0.07306509472750478
202002,(iii),WLS,a,-0.09786804540222159
202003,(iii),WLS,a,0.14835606682945932
202004,(iii),WLS,a,0.05675308474983008
202005,(iii),WLS,a,-0.014249254012902099
202006,(iii),WLS,a,0.042399117002422534
202007,(iii),WLS,a,0.01824662498633944
202008,(iii),WLS,a,-0.015073221653909239
202009,(iii),WLS,a,-0.023866473986396915
202010,(iii),WLS,a,0.06423191817320902
202011,(iii),WLS,a,-0.002116339679136384
202012,(iii),WLS,a,-0.011448387757866763
202101,(iii),WLS,a,0.035428031476548154
202102,(iii),WLS,a,0.08722329023759927
202103,(iii),WLS,a,0.03297308824949933
202104,(iii),WLS,a,0.022665969225513113
202105,(iii),WLS,a,0.005447524592649847
202106,(iii),WLS,a,0.00799381054909389
202107,(iii),WLS,a,0.020134870367660665
202108,(iii),WLS,a,-0.08470988797665857
202109,(iii),WLS,a,0.024938129654082788
202110,(iii),WLS,a,0.0067162668274668045
202111,(iii),WLS,a,0.07466803150105582
202112,(iii),WLS,a,-0.06952432838544094
202201,(iii),WLS,a,-0.06395260468379353
202202,(iii),WLS,a,0.003465943393207873
202203,(iii),WLS,a,-0.02432928672856746
202204,(iii),WLS,a,-0.01055754851222606
202205,(iii),WLS,a,-0.064379640564435
202206,(iii),WLS,a,0.04138611815102103
202207,(iii),WLS,a,-0.042928421151080254
202208,(iii),WLS,a,-0.07401349331079113
202209,(iii),WLS,a,0.10739678119111692
202210,(iii),WLS,a,0.07521346742481655
202211,(iii),WLS,a,-0.006615959448442053
202212,(iii),WLS,a,0.01968634691226957
202301,(iii),WLS,a,-0.06105548205725396
202302,(iii),WLS,a,0.03326454588807345
202303,(iii),WLS,a,0.044664190178641344
202304,(iii),WLS,a,-0.07982758959865645
202305,(iii),WLS,a,0.041845090237107835
202306,(iii),WLS,a,0.02831752156153477
202307,(iii),WLS,a,-0.013611928913498224
202308,(iii),WLS,a,-0.026197819041109974
202309,(iii),WLS,a,-0.011916249477200738
202310,(iii),WLS,a,0.028250031052543312
202311,(iii),WLS,a,0.06215105081806213
202312,(iii),WLS,a,0.015972903984983532
202401,(iii),WLS,a,0.08599579516737074
202402,(iii),WLS,a,0.053896121567474926
202403,(iii),WLS,a,-0.06288226903480654
202404,(iii),WLS,a,0.03473075572300998
202405,(iii),WLS,a,0.0029576751488184245
202406,(iii),WLS,a,-0.0020871432851511796
202407,(iii),WLS,a,0.00929864970202905
202408,(iii),WLS,a,0.010664894715391145
202409,(iii),WLS,a,-0.03684412161294588
202410,(iii),WLS,a,0.04417526786514565
202411,(iii),WLS,a,-0.04957720254091868
197307,(iii),WLS,b_Dur,-0.026449288225777818
197308,(iii),WLS,b_Dur,-0.18151259670521966
197309,(iii),WLS,b_Dur,0.008969441059552627
197310,(iii),WLS,b_Dur,0.035647496157191254
197311,(iii),WLS,b_Dur,-0.14324894594310242
197312,(iii),WLS,b_Dur,-0.09219812292467139
197401,(iii),WLS,b_Dur,-0.0596970387089639
197402,(iii),WLS,b_Dur,0.02234932589092498
197403,(iii),WLS,b_Dur,-7.780974429400884e-05
197404,(iii),WLS,b_Dur,0.07771525147455806
197405,(iii),WLS,b_Dur,-0.008129355091942646
197406,(iii),WLS,b_Dur,-0.16875873660713742
197407,(iii),WLS,b_Dur,-0.05569402864770575
197408,(iii),WLS,b_Dur,-0.15262309963585735
197409,(iii),WLS,b_Dur,0.2576827303355766
197410,(iii),WLS,b_Dur,-0.007149923883455344
197411,(iii),WLS,b_Dur,-0.03581227807218425
197412,(iii),WLS,b_Dur,-0.26772612558577624
197501,(iii),WLS,b_Dur,0.16452278479986468
197502,(iii),WLS,b_Dur,-0.07984878057934987
197503,(iii),WLS,b_Dur,0.004481494468993892
197504,(iii),WLS,b_Dur,0.024196329135450553
197505,(iii),WLS,b_Dur,-0.0700010495925953
197506,(iii),WLS,b_Dur,-0.11328716229321403
197507,(iii),WLS,b_Dur,0.0015179119262763007
197508,(iii),WLS,b_Dur,-0.02236449659016432
197509,(iii),WLS,b_Dur,0.062258144498557745
197510,(iii),WLS,b_Dur,-0.00608486097787224
197511,(iii),WLS,b_Dur,-0.056216897318552256
197512,(iii),WLS,b_Dur,-0.16460916411906187
197601,(iii),WLS,b_Dur,-0.16719450803865557
197602,(iii),WLS,b_Dur,0.02443290384338873
197603,(iii),WLS,b_Dur,-0.04174481602272705
197604,(iii),WLS,b_Dur,0.002359078593644048
197605,(iii),WLS,b_Dur,-0.029390771392144136
197606,(iii),WLS,b_Dur,-0.010333085032345665
197607,(iii),WLS,b_Dur,0.024527699875246455
197608,(iii),WLS,b_Dur,-0.028043992475993658
197609,(iii),WLS,b_Dur,0.0121615518186102
197610,(iii),WLS,b_Dur,-0.07307439802289228
197611,(iii),WLS,b_Dur,-0.08817584703629883
197612,(iii),WLS,b_Dur,-0.15555594023755484
197701,(iii),WLS,b_Dur,0.0013506769259298882
197702,(iii),WLS,b_Dur,-0.029477431428533398
197703,(iii),WLS,b_Dur,-0.09519453645866614
197704,(iii),WLS,b_Dur,-0.028826413663293006
197705,(iii),WLS,b_Dur,0.026732479621727628
197706,(iii),WLS,b_Dur,0.011462173467072921
197707,(iii),WLS,b_Dur,0.09598640735234655
197708,(iii),WLS,b_Dur,-0.02265379820528222
197709,(iii),WLS,b_Dur,-0.03338402787458796
197710,(iii),WLS,b_Dur,-0.031077529790861366
197711,(iii),WLS,b_Dur,-0.013427395460963257
197712,(iii),WLS,b_Dur,-0.041787004831483225
197801,(iii),WLS,b_Dur,-0.058997729080694804
197802,(iii),WLS,b_Dur,-0.07873046824823987
197803,(iii),WLS,b_Dur,0.07416709625001952
197804,(iii),WLS,b_Dur,-0.03692320567081487
197805,(iii),WLS,b_Dur,0.012339504236479813
197806,(iii),WLS,b_Dur,0.015106884288335091
197807,(iii),WLS,b_Dur,-0.018186683330932443
197808,(iii),WLS,b_Dur,-0.05450774387943473
197809,(iii),WLS,b_Dur,0.0738218160068414
197810,(iii),WLS,b_Dur,-0.014957314434152809
197811,(iii),WLS,b_Dur,0.05396554234515358
197812,(iii),WLS,b_Dur,-0.06999155370723253
197901,(iii),WLS,b_Dur,0.001054085794472209
197902,(iii),WLS,b_Dur,-0.043811822550062655
197903,(iii),WLS,b_Dur,-0.03373688381722647
197904,(iii),WLS,b_Dur,0.017708168818509035
197905,(iii),WLS,b_Dur,-0.03878359979571725
197906,(iii),WLS,b_Dur,-0.06222047482042035
197907,(iii),WLS,b_Dur,-0.006011684504449087
197908,(iii),WLS,b_Dur,-0.04222350460276863
197909,(iii),WLS,b_Dur,0.0349348036719053
197910,(iii),WLS,b_Dur,0.05780210511868187
197911,(iii),WLS,b_Dur,-0.01263126604237995
197912,(iii),WLS,b_Dur,-0.1041117072113189
198001,(iii),WLS,b_Dur,-0.08393040965141361
198002,(iii),WLS,b_Dur,0.08863283980916592
198003,(iii),WLS,b_Dur,0.000646815531532171
198004,(iii),WLS,b_Dur,-0.0041746357251485
198005,(iii),WLS,b_Dur,0.024206296135746052
198006,(iii),WLS,b_Dur,0.03555097235394702
198007,(iii),WLS,b_Dur,0.030528461950403988
198008,(iii),WLS,b_Dur,0.07043220089467443
198009,(iii),WLS,b_Dur,0.014479861051323255
198010,(iii),WLS,b_Dur,0.07425780884439012
198011,(iii),WLS,b_Dur,0.024717140186704987
198012,(iii),WLS,b_Dur,-0.09936139319972938
198101,(iii),WLS,b_Dur,-0.013166924557358978
198102,(iii),WLS,b_Dur,-0.02266718078332186
198103,(iii),WLS,b_Dur,-0.04166186351416142
198104,(iii),WLS,b_Dur,0.013852290114555979
198105,(iii),WLS,b_Dur,-0.06415108984686745
198106,(iii),WLS,b_Dur,0.023847390391287512
198107,(iii),WLS,b_Dur,-0.030095400264511633
198108,(iii),WLS,b_Dur,-0.05090300830679783
198109,(iii),WLS,b_Dur,0.1466912275923683
198110,(iii),WLS,b_Dur,-0.005092514401246696
198111,(iii),WLS,b_Dur,-0.04411834501624993
198112,(iii),WLS,b_Dur,-0.026671746526839218
198201,(iii),WLS,b_Dur,-0.13613655211918654
198202,(iii),WLS,b_Dur,-0.08483320417841658
198203,(iii),WLS,b_Dur,0.04059353129803645
198204,(iii),WLS,b_Dur,-0.048381591088620564
198205,(iii),WLS,b_Dur,-0.059260049348045706
198206,(iii),WLS,b_Dur,-0.014656689562981825
198207,(iii),WLS,b_Dur,-0.023880683091845174
198208,(iii),WLS,b_Dur,0.007983568344035899
198209,(iii),WLS,b_Dur,0.02278540707786322
198210,(iii),WLS,b_Dur,0.018201244425245677
198211,(iii),WLS,b_Dur,-0.02373428062247462
198212,(iii),WLS,b_Dur,-0.008586887462127447
198301,(iii),WLS,b_Dur,-0.02859797815917801
198302,(iii),WLS,b_Dur,-0.0469585703751351
198303,(iii),WLS,b_Dur,-0.04851389282426137
198304,(iii),WLS,b_Dur,0.01705101707408785
198305,(iii),WLS,b_Dur,0.014449602996513653
198306,(iii),WLS,b_Dur,-0.0547003614045166
198307,(iii),WLS,b_Dur,-0.09291047224649625
198308,(iii),WLS,b_Dur,0.041924358196612894
198309,(iii),WLS,b_Dur,-0.06067237337747204
198310,(iii),WLS,b_Dur,0.01173259668962291
198311,(iii),WLS,b_Dur,-0.03272771114237062
198312,(iii),WLS,b_Dur,-0.15408940978317953
198401,(iii),WLS,b_Dur,-0.07430024757041585
198402,(iii),WLS,b_Dur,0.0028617647756779543
198403,(iii),WLS,b_Dur,-0.02699319254950133
198404,(iii),WLS,b_Dur,0.0013179163401983527
198405,(iii),WLS,b_Dur,0.06351223759942391
198406,(iii),WLS,b_Dur,0.0357900880948878
198407,(iii),WLS,b_Dur,0.02732460694295507
198408,(iii),WLS,b_Dur,-0.08670808635848597
198409,(iii),WLS,b_Dur,-0.008871777581283553
198410,(iii),WLS,b_Dur,-0.038052996300024025
198411,(iii),WLS,b_Dur,0.014739710211786022
198412,(iii),WLS,b_Dur,0.08778808893837518
198501,(iii),WLS,b_Dur,-0.03409352276157075
198502,(iii),WLS,b_Dur,-0.03235044750712776
198503,(iii),WLS,b_Dur,-0.05113338873002259
198504,(iii),WLS,b_Dur,0.02455829059798399
198505,(iii),WLS,b_Dur,0.0015015771129519948
198506,(iii),WLS,b_Dur,0.014725668631515212
198507,(iii),WLS,b_Dur,-0.031713615920364896
198508,(iii),WLS,b_Dur,-0.0640473467286156
198509,(iii),WLS,b_Dur,-0.02504446139855962
198510,(iii),WLS,b_Dur,0.07111930746425904
198511,(iii),WLS,b_Dur,0.058598652686668896
198512,(iii),WLS,b_Dur,0.015045960612678582
198601,(iii),WLS,b_Dur,-0.008048992148021473
198602,(iii),WLS,b_Dur,0.027935617030719194
198603,(iii),WLS,b_Dur,0.05090136910539045
198604,(iii),WLS,b_Dur,-0.016112563210562265
198605,(iii),WLS,b_Dur,0.016147143633329395
198606,(iii),WLS,b_Dur,-0.03173987553515213
198607,(iii),WLS,b_Dur,-0.10075341674383757
198608,(iii),WLS,b_Dur,-0.10119854176403513
198609,(iii),WLS,b_Dur,0.024255104988170965
198610,(iii),WLS,b_Dur,-0.003846070298570122
198611,(iii),WLS,b_Dur,-0.004160462053052424
198612,(iii),WLS,b_Dur,0.01169410474332286
198701,(iii),WLS,b_Dur,0.08980752250155959
198702,(iii),WLS,b_Dur,-0.09507351658889014
198703,(iii),WLS,b_Dur,-0.019916805240413917
198704,(iii),WLS,b_Dur,0.006518811873569826
198705,(iii),WLS,b_Dur,-0.021262560738046492
198706,(iii),WLS,b_Dur,-0.003625304328852488
198707,(iii),WLS,b_Dur,0.005675891724652134
198708,(iii),WLS,b_Dur,0.02457504564540053
198709,(iii),WLS,b_Dur,-0.03650793677914868
198710,(iii),WLS,b_Dur,-0.01858842780069626
198711,(iii),WLS,b_Dur,-0.01704291981378822
198712,(iii),WLS,b_Dur,-0.07654509646285054
198801,(iii),WLS,b_Dur,-0.010628239494614462
198802,(iii),WLS,b_Dur,-0.04510280745818594
198803,(iii),WLS,b_Dur,-0.06890600328717711
198804,(iii),WLS,b_Dur,-0.024279230903418252
198805,(iii),WLS,b_Dur,0.01631392947957915
198806,(iii),WLS,b_Dur,-0.014764283705625837
198807,(iii),WLS,b_Dur,0.01338348311399614
198808,(iii),WLS,b_Dur,0.033702528031786604
198809,(iii),WLS,b_Dur,-0.04140759781438359
198810,(iii),WLS,b_Dur,-0.020141258689600965
198811,(iii),WLS,b_Dur,0.037094162763538135
198812,(iii),WLS,b_Dur,-0.01215125756970724
198901,(iii),WLS,b_Dur,0.004800077005006675
198902,(iii),WLS,b_Dur,0.02081635976594225
198903,(iii),WLS,b_Dur,0.04876644283122333
198904,(iii),WLS,b_Dur,0.06725713141558866
198905,(iii),WLS,b_Dur,-0.006207001190753846
198906,(iii),WLS,b_Dur,0.08333474970081013
198907,(iii),WLS,b_Dur,-0.07852448839225486
198908,(iii),WLS,b_Dur,0.022900006330029688
198909,(iii),WLS,b_Dur,0.029475457573573928
198910,(iii),WLS,b_Dur,0.039348386109256714
198911,(iii),WLS,b_Dur,-0.03178849548615685
198912,(iii),WLS,b_Dur,-0.012542450177661249
199001,(iii),WLS,b_Dur,-0.012301401564428192
199002,(iii),WLS,b_Dur,0.007319305703795839
199003,(iii),WLS,b_Dur,0.02293815053436383
199004,(iii),WLS,b_Dur,0.018918592455840173
199005,(iii),WLS,b_Dur,0.06212268212499707
199006,(iii),WLS,b_Dur,-0.03115887298925083
199007,(iii),WLS,b_Dur,0.04142899625317563
199008,(iii),WLS,b_Dur,0.002153169660430381
199009,(iii),WLS,b_Dur,0.03813929567431054
199010,(iii),WLS,b_Dur,-0.04339652848835573
199011,(iii),WLS,b_Dur,-0.030816658560433252
199012,(iii),WLS,b_Dur,-0.027570255774529984
199101,(iii),WLS,b_Dur,0.03709931008325139
199102,(iii),WLS,b_Dur,0.01662709828044876
199103,(iii),WLS,b_Dur,-0.013465605684260563
199104,(iii),WLS,b_Dur,-0.006546369190028211
199105,(iii),WLS,b_Dur,-0.01635208721975554
199106,(iii),WLS,b_Dur,0.033146572877878915
199107,(iii),WLS,b_Dur,0.04630088357511548
199108,(iii),WLS,b_Dur,0.004597694081233748
199109,(iii),WLS,b_Dur,-0.03677600559036905
199110,(iii),WLS,b_Dur,0.0607564431736139
199111,(iii),WLS,b_Dur,0.10511509844044625
199112,(iii),WLS,b_Dur,-0.11318107453348213
199201,(iii),WLS,b_Dur,-0.08641524255281552
199202,(iii),WLS,b_Dur,-0.054634820390136174
199203,(iii),WLS,b_Dur,-0.04445673581064632
199204,(iii),WLS,b_Dur,0.043522199533894884
199205,(iii),WLS,b_Dur,0.036334613405457426
199206,(iii),WLS,b_Dur,0.00015285000992325203
199207,(iii),WLS,b_Dur,-0.011323741769954552
199208,(iii),WLS,b_Dur,-0.0019231866955890969
199209,(iii),WLS,b_Dur,-0.011558875582799936
199210,(iii),WLS,b_Dur,0.027493249894667934
199211,(iii),WLS,b_Dur,-0.013119273174090347
199212,(iii),WLS,b_Dur,-0.012150809769067902
199301,(iii),WLS,b_Dur,-0.0597383152644713
199302,(iii),WLS,b_Dur,0.003796695495310314
199303,(iii),WLS,b_Dur,-0.03573630972949336
199304,(iii),WLS,b_Dur,-0.00024099678542354537
199305,(iii),WLS,b_Dur,0.01079584596342628
199306,(iii),WLS,b_Dur,0.023154836949990838
199307,(iii),WLS,b_Dur,-0.030409541205308536
199308,(iii),WLS,b_Dur,-0.03169715682315864
199309,(iii),WLS,b_Dur,0.052561923916252334
199310,(iii),WLS,b_Dur,0.01998287945968806
199311,(iii),WLS,b_Dur,0.01693399724570867
199312,(iii),WLS,b_Dur,0.04764316246673101
199401,(iii),WLS,b_Dur,-0.04693713194555547
199402,(iii),WLS,b_Dur,-0.04747637756703225
199403,(iii),WLS,b_Dur,-0.014355126714433718
199404,(iii),WLS,b_Dur,-0.01923095085938439
199405,(iii),WLS,b_Dur,-0.021945371314087785
199406,(iii),WLS,b_Dur,0.021151962776529223
199407,(iii),WLS,b_Dur,-0.07680250966856658
199408,(iii),WLS,b_Dur,-0.018155826217522014
199409,(iii),WLS,b_Dur,-0.05517885014986475
199410,(iii),WLS,b_Dur,-0.07521356569215311
199411,(iii),WLS,b_Dur,0.029245821852853758
199412,(iii),WLS,b_Dur,-0.023640115043830453
199501,(iii),WLS,b_Dur,0.019814734413683636
199502,(iii),WLS,b_Dur,-0.03027497728828621
199503,(iii),WLS,b_Dur,-0.05404998777087375
199504,(iii),WLS,b_Dur,-0.019478467261732153
199505,(iii),WLS,b_Dur,-0.03128768405424518
199506,(iii),WLS,b_Dur,-0.00585186875721116
199507,(iii),WLS,b_Dur,0.00910936824994769
199508,(iii),WLS,b_Dur,0.0015249423328007323
199509,(iii),WLS,b_Dur,-0.05590216318337944
199510,(iii),WLS,b_Dur,0.1027307791031596
199511,(iii),WLS,b_Dur,0.03461801575810077
199512,(iii),WLS,b_Dur,0.05648486167202718
199601,(iii),WLS,b_Dur,-0.05720208084866337
199602,(iii),WLS,b_Dur,0.05316816493159173
199603,(iii),WLS,b_Dur,-0.06511263776933546
199604,(iii),WLS,b_Dur,-0.05020873187299181
199605,(iii),WLS,b_Dur,0.019188453267527297
199606,(iii),WLS,b_Dur,-0.026774768979526464
199607,(iii),WLS,b_Dur,-0.004433180096722698
199608,(iii),WLS,b_Dur,-0.036495618899208174
199609,(iii),WLS,b_Dur,-0.009674705847895145
199610,(iii),WLS,b_Dur,-0.04142067527853772
199611,(iii),WLS,b_Dur,-0.003283840646315548
199612,(iii),WLS,b_Dur,-0.05166611707178961
199701,(iii),WLS,b_Dur,-0.014324388298556751
199702,(iii),WLS,b_Dur,-0.0448131850267712
199703,(iii),WLS,b_Dur,-0.02581448974564944
199704,(iii),WLS,b_Dur,0.024172175095066955
199705,(iii),WLS,b_Dur,0.006949822274197734
199706,(iii),WLS,b_Dur,-0.06980145853376879
199707,(iii),WLS,b_Dur,-0.03863717868388826
199708,(iii),WLS,b_Dur,0.021348251084912336
199709,(iii),WLS,b_Dur,-0.03828898469793926
199710,(iii),WLS,b_Dur,-0.06333720637407846
199711,(iii),WLS,b_Dur,0.05131763308256609
199712,(iii),WLS,b_Dur,-0.04094383064819207
199801,(iii),WLS,b_Dur,0.026909640586115766
199802,(iii),WLS,b_Dur,0.06467841619476505
199803,(iii),WLS,b_Dur,0.02839999757979739
199804,(iii),WLS,b_Dur,0.002531506087634928
199805,(iii),WLS,b_Dur,-0.02572784864888861
199806,(iii),WLS,b_Dur,-0.03823344102501959
199807,(iii),WLS,b_Dur,-0.01978787798254361
199808,(iii),WLS,b_Dur,-0.01980343046481285
199809,(iii),WLS,b_Dur,-0.01475215710604451
199810,(iii),WLS,b_Dur,-0.10542852120453841
199811,(iii),WLS,b_Dur,-0.015679521950537248
199812,(iii),WLS,b_Dur,-0.017112056325776316
199901,(iii),WLS,b_Dur,0.04327443975154779
199902,(iii),WLS,b_Dur,0.06007152991580563
199903,(iii),WLS,b_Dur,0.05946866719747111
199904,(iii),WLS,b_Dur,-0.09021281091776641
199905,(iii),WLS,b_Dur,-0.06356014617022882
199906,(iii),WLS,b_Dur,-0.033821835801103754
199907,(iii),WLS,b_Dur,0.015831741020703276
199908,(iii),WLS,b_Dur,0.013881387951767864
199909,(iii),WLS,b_Dur,0.06404768955394251
199910,(iii),WLS,b_Dur,-0.04356493189449772
199911,(iii),WLS,b_Dur,0.05094121408568916
199912,(iii),WLS,b_Dur,-0.06096253914197522
200001,(iii),WLS,b_Dur,-0.11542383051766264
200002,(iii),WLS,b_Dur,0.07686310556462726
200003,(iii),WLS,b_Dur,-0.1030494061400223
200004,(iii),WLS,b_Dur,-0.07252577789896078
200005,(iii),WLS,b_Dur,0.05571559898572279
200006,(iii),WLS,b_Dur,-0.03299491605805686
200007,(iii),WLS,b_Dur,0.08991911877790139
200008,(iii),WLS,b_Dur,-0.2079310378015757
200009,(iii),WLS,b_Dur,-0.13409013336096542
200010,(iii),WLS,b_Dur,-0.35834663038598674
200011,(iii),WLS,b_Dur,-0.28188931092650205
200012,(iii),WLS,b_Dur,0.17223486638009594
200101,(iii),WLS,b_Dur,-0.3700941943051888
200102,(iii),WLS,b_Dur,-0.1078248237011354
200103,(iii),WLS,b_Dur,0.14446551936146868
200104,(iii),WLS,b_Dur,-0.06280949106763295
200105,(iii),WLS,b_Dur,-0.04579375607000245
200106,(iii),WLS,b_Dur,-0.0691259601904541
200107,(iii),WLS,b_Dur,-0.1682157213111517
200108,(iii),WLS,b_Dur,0.10029246685181199
200109,(iii),WLS,b_Dur,-0.0631633474147226
200110,(iii),WLS,b_Dur,-0.029756773145968824
200111,(iii),WLS,b_Dur,-0.10856052881369653
200112,(iii),WLS,b_Dur,-0.06476819437696024
200201,(iii),WLS,b_Dur,-0.050503891724455865
200202,(iii),WLS,b_Dur,-0.051660533392388096
200203,(iii),WLS,b_Dur,-0.18504805282969847
200204,(iii),WLS,b_Dur,0.013247664733922207
200205,(iii),WLS,b_Dur,-0.05391672190479305
200206,(iii),WLS,b_Dur,0.03363047655932174
200207,(iii),WLS,b_Dur,-0.027863457201832205
200208,(iii),WLS,b_Dur,-0.0551142023182529
200209,(iii),WLS,b_Dur,0.1108388802409008
200210,(iii),WLS,b_Dur,0.12290506815938515
200211,(iii),WLS,b_Dur,-0.11908866618491536
200212,(iii),WLS,b_Dur,0.020269081647380435
200301,(iii),WLS,b_Dur,0.009890237574083296
200302,(iii),WLS,b_Dur,-0.009936635184719406
200303,(iii),WLS,b_Dur,0.08030739813990627
200304,(iii),WLS,b_Dur,-0.014396622946822911
200305,(iii),WLS,b_Dur,-0.010900597248746972
200306,(iii),WLS,b_Dur,0.03645019773614651
200307,(iii),WLS,b_Dur,-0.060288192603473095
200308,(iii),WLS,b_Dur,0.006840740057093213
200309,(iii),WLS,b_Dur,-0.09033336807318448
200310,(iii),WLS,b_Dur,-0.05048861329418083
200311,(iii),WLS,b_Dur,0.1163398956304181
200312,(iii),WLS,b_Dur,-0.030733600203497115
200401,(iii),WLS,b_Dur,-0.0648768428490497
200402,(iii),WLS,b_Dur,-0.022811246793315844
200403,(iii),WLS,b_Dur,0.04530602863074722
200404,(iii),WLS,b_Dur,-0.0015358342449791095
200405,(iii),WLS,b_Dur,0.006371694090942733
200406,(iii),WLS,b_Dur,0.02881829275373102
200407,(iii),WLS,b_Dur,-0.037381501002169554
200408,(iii),WLS,b_Dur,0.0013867958558755609
200409,(iii),WLS,b_Dur,-0.029446665061302238
200410,(iii),WLS,b_Dur,0.00475207367482967
200411,(iii),WLS,b_Dur,-0.001473549456038306
200412,(iii),WLS,b_Dur,-0.0635493050940192
200501,(iii),WLS,b_Dur,-0.02652265431734698
200502,(iii),WLS,b_Dur,-0.031203937925226334
200503,(iii),WLS,b_Dur,0.026928825783759897
200504,(iii),WLS,b_Dur,0.003529023100530336
200505,(iii),WLS,b_Dur,-0.05648268398154107
200506,(iii),WLS,b_Dur,0.02225312845050643
200507,(iii),WLS,b_Dur,0.010410071477029229
200508,(iii),WLS,b_Dur,0.0016946946075035677
200509,(iii),WLS,b_Dur,0.016601982297182138
200510,(iii),WLS,b_Dur,0.022764066196341894
200511,(iii),WLS,b_Dur,0.0009013667918442025
200512,(iii),WLS,b_Dur,-0.03268525001292469
200601,(iii),WLS,b_Dur,0.0023257526407299005
200602,(iii),WLS,b_Dur,0.003706943864787731
200603,(iii),WLS,b_Dur,-0.012541520631782608
200604,(iii),WLS,b_Dur,-0.013260935219194097
200605,(iii),WLS,b_Dur,-0.026261197300244118
200606,(iii),WLS,b_Dur,-0.040102968801310715
200607,(iii),WLS,b_Dur,0.026105997472371408
200608,(iii),WLS,b_Dur,-0.01507669002862787
200609,(iii),WLS,b_Dur,-0.010475256873381585
200610,(iii),WLS,b_Dur,0.01480543701228032
200611,(iii),WLS,b_Dur,0.0006726221840094539
200612,(iii),WLS,b_Dur,-4.155725892183257e-05
200701,(iii),WLS,b_Dur,0.01669881486170348
200702,(iii),WLS,b_Dur,0.003809016231963751
200703,(iii),WLS,b_Dur,0.01717183978342344
200704,(iii),WLS,b_Dur,0.0028555098169052223
200705,(iii),WLS,b_Dur,-0.0016580103254351648
200706,(iii),WLS,b_Dur,0.04398818982519461
200707,(iii),WLS,b_Dur,0.014990168806849245
200708,(iii),WLS,b_Dur,0.07086147864015209
200709,(iii),WLS,b_Dur,0.06254094201030126
200710,(iii),WLS,b_Dur,-0.037024578307490154
200711,(iii),WLS,b_Dur,0.01214998208542673
200712,(iii),WLS,b_Dur,-0.05028083124549771
200801,(iii),WLS,b_Dur,-0.040319035260944804
200802,(iii),WLS,b_Dur,0.03425061458720014
200803,(iii),WLS,b_Dur,-0.041197637885274
200804,(iii),WLS,b_Dur,-0.0011326193449198228
200805,(iii),WLS,b_Dur,-0.051339818805234194
200806,(iii),WLS,b_Dur,0.008204872643009191
200807,(iii),WLS,b_Dur,-0.0711618623886603
200808,(iii),WLS,b_Dur,-0.16183645219837495
200809,(iii),WLS,b_Dur,-0.08782488680736784
200810,(iii),WLS,b_Dur,-0.04685945720878125
200811,(iii),WLS,b_Dur,-0.055019845117751785
200812,(iii),WLS,b_Dur,0.03039063271026634
200901,(iii),WLS,b_Dur,-0.04780000779311181
200902,(iii),WLS,b_Dur,0.0003828670878927691
200903,(iii),WLS,b_Dur,0.049779485078063866
200904,(iii),WLS,b_Dur,0.10414672653417072
200905,(iii),WLS,b_Dur,-0.021967750066115174
200906,(iii),WLS,b_Dur,-0.00448119761573761
200907,(iii),WLS,b_Dur,0.007022034241763843
200908,(iii),WLS,b_Dur,0.04170718192403965
200909,(iii),WLS,b_Dur,-0.04294497480277096
200910,(iii),WLS,b_Dur,0.05134957904637744
200911,(iii),WLS,b_Dur,-0.00019917557975760033
200912,(iii),WLS,b_Dur,-0.003210608498658576
201001,(iii),WLS,b_Dur,-0.03036094533408265
201002,(iii),WLS,b_Dur,0.02685398901358784
201003,(iii),WLS,b_Dur,0.019917435708945153
201004,(iii),WLS,b_Dur,-0.003863771499308612
201005,(iii),WLS,b_Dur,0.04287610524765437
201006,(iii),WLS,b_Dur,0.036346879128474105
201007,(iii),WLS,b_Dur,0.0051903609622106625
201008,(iii),WLS,b_Dur,0.023985786584378516
201009,(iii),WLS,b_Dur,0.04513926922409124
201010,(iii),WLS,b_Dur,0.014254160905852329
201011,(iii),WLS,b_Dur,0.04584885897034596
201012,(iii),WLS,b_Dur,0.055096274105927844
201101,(iii),WLS,b_Dur,0.022830141026743307
201102,(iii),WLS,b_Dur,0.014185732817078528
201103,(iii),WLS,b_Dur,-0.04509093574998182
201104,(iii),WLS,b_Dur,-0.03756558931058258
201105,(iii),WLS,b_Dur,-0.015253857498801085
201106,(iii),WLS,b_Dur,0.02630586958069226
201107,(iii),WLS,b_Dur,-0.05558422074947836
201108,(iii),WLS,b_Dur,-0.1001462056556371
201109,(iii),WLS,b_Dur,0.06846968487571953
201110,(iii),WLS,b_Dur,-0.028662550565639603
201111,(iii),WLS,b_Dur,-0.05547216031655135
201112,(iii),WLS,b_Dur,0.06416285239842258
201201,(iii),WLS,b_Dur,0.046994170747820044
201202,(iii),WLS,b_Dur,-0.014820285090077006
201203,(iii),WLS,b_Dur,-0.0018674883108124635
201204,(iii),WLS,b_Dur,-0.07609182460362199
201205,(iii),WLS,b_Dur,-0.010353388907122802
201206,(iii),WLS,b_Dur,-0.013615959691949339
201207,(iii),WLS,b_Dur,0.005879986052637015
201208,(iii),WLS,b_Dur,0.029535197866430083
201209,(iii),WLS,b_Dur,-0.02598500289087187
201210,(iii),WLS,b_Dur,0.018910437050817984
201211,(iii),WLS,b_Dur,0.02411065795394602
201212,(iii),WLS,b_Dur,-0.017054831982446138
201301,(iii),WLS,b_Dur,-0.010443824900130823
201302,(iii),WLS,b_Dur,-0.0032053294865631264
201303,(iii),WLS,b_Dur,-0.04696306642226225
201304,(iii),WLS,b_Dur,-0.013210218717469935
201305,(iii),WLS,b_Dur,-0.013736499105736783
201306,(iii),WLS,b_Dur,0.023517720950080735
201307,(iii),WLS,b_Dur,0.015943784771881308
201308,(iii),WLS,b_Dur,0.030929166823967534
201309,(iii),WLS,b_Dur,0.007638225397535364
201310,(iii),WLS,b_Dur,-0.01847980298865658
201311,(iii),WLS,b_Dur,0.026776602533431566
201312,(iii),WLS,b_Dur,0.039264453178599557
201401,(iii),WLS,b_Dur,-0.02308648326438459
201402,(iii),WLS,b_Dur,-0.0383260291814512
201403,(iii),WLS,b_Dur,-0.010393798246825837
201404,(iii),WLS,b_Dur,0.019325619332284615
201405,(iii),WLS,b_Dur,0.00629988157016177
201406,(iii),WLS,b_Dur,-0.022539065696804795
201407,(iii),WLS,b_Dur,0.005732341310093885
201408,(iii),WLS,b_Dur,-0.03493642871739596
201409,(iii),WLS,b_Dur,-0.010814714450060279
201410,(iii),WLS,b_Dur,-0.06065979093729728
201411,(iii),WLS,b_Dur,-0.035765002715837
201412,(iii),WLS,b_Dur,0.015171749896870566
201501,(iii),WLS,b_Dur,0.04580533406062417
201502,(iii),WLS,b_Dur,-0.006938534721121892
201503,(iii),WLS,b_Dur,0.05110479493935162
201504,(iii),WLS,b_Dur,-2.621987204840923e-06
201505,(iii),WLS,b_Dur,0.003494697164864164
201506,(iii),WLS,b_Dur,0.007041552717378689
201507,(iii),WLS,b_Dur,-0.011047123929019001
201508,(iii),WLS,b_Dur,-0.017018012495024618
201509,(iii),WLS,b_Dur,0.07138976272136226
201510,(iii),WLS,b_Dur,0.022445794879545764
201511,(iii),WLS,b_Dur,0.0009257494411396993
201512,(iii),WLS,b_Dur,-0.09911783804043883
201601,(iii),WLS,b_Dur,-0.0031597210454063305
201602,(iii),WLS,b_Dur,0.02168296794349319
201603,(iii),WLS,b_Dur,0.04648720965187737
201604,(iii),WLS,b_Dur,0.004830788800303402
201605,(iii),WLS,b_Dur,-0.019478236456383052
201606,(iii),WLS,b_Dur,0.018479662480282984
201607,(iii),WLS,b_Dur,-0.008985172568354544
201608,(iii),WLS,b_Dur,0.0191279652076092
201609,(iii),WLS,b_Dur,0.0009809339826181963
201610,(iii),WLS,b_Dur,0.020444160316528348
201611,(iii),WLS,b_Dur,-0.013820084999271594
201612,(iii),WLS,b_Dur,0.06636735004856457
201701,(iii),WLS,b_Dur,-0.037759180271977756
201702,(iii),WLS,b_Dur,-0.019383815032191415
201703,(iii),WLS,b_Dur,-0.0012916730270404455
201704,(iii),WLS,b_Dur,0.011063240876287928
201705,(iii),WLS,b_Dur,0.01224196201508478
201706,(iii),WLS,b_Dur,0.03428897500112373
201707,(iii),WLS,b_Dur,-0.006109795574615789
201708,(iii),WLS,b_Dur,0.021049262877601647
201709,(iii),WLS,b_Dur,-0.006206074114459956
201710,(iii),WLS,b_Dur,-0.06403492828772864
201711,(iii),WLS,b_Dur,0.021132669398712924
201712,(iii),WLS,b_Dur,0.0698742593333852
201801,(iii),WLS,b_Dur,0.026589013338771436
201802,(iii),WLS,b_Dur,-0.017163568917605686
201803,(iii),WLS,b_Dur,0.02755125004731506
201804,(iii),WLS,b_Dur,0.036322627316558165
201805,(iii),WLS,b_Dur,-0.029774557847938785
201806,(iii),WLS,b_Dur,-0.029126167315798167
201807,(iii),WLS,b_Dur,-0.0064853563325903115
201808,(iii),WLS,b_Dur,0.01774457743844225
201809,(iii),WLS,b_Dur,-0.09957676122935252
201810,(iii),WLS,b_Dur,-0.009422067876088847
201811,(iii),WLS,b_Dur,-0.02498348296745585
201812,(iii),WLS,b_Dur,0.06819539452692308
201901,(iii),WLS,b_Dur,0.01598145656119329
201902,(iii),WLS,b_Dur,0.02246526466854412
201903,(iii),WLS,b_Dur,0.033980594997321034
201904,(iii),WLS,b_Dur,-0.0032719199499502095
201905,(iii),WLS,b_Dur,0.008473421952700042
201906,(iii),WLS,b_Dur,-0.03200423327124082
201907,(iii),WLS,b_Dur,-0.03353150709065307
201908,(iii),WLS,b_Dur,-0.03574852825273536
201909,(iii),WLS,b_Dur,0.0015654972977438145
201910,(iii),WLS,b_Dur,0.044184030986713696
201911,(iii),WLS,b_Dur,-0.008923681417372712
201912,(iii),WLS,b_Dur,0.11477486572881386
202001,(iii),WLS,b_Dur,-0.005667447403785689
202002,(iii),WLS,b_Dur,-0.025513833925062415
202003,(iii),WLS,b_Dur,-0.0055659450445292025
202004,(iii),WLS,b_Dur,-0.0006390964883701717
202005,(iii),WLS,b_Dur,0.08952013649771867
202006,(iii),WLS,b_Dur,0.042528242460325376
202007,(iii),WLS,b_Dur,0.13069736034277551
202008,(iii),WLS,b_Dur,-0.04824685112697538
202009,(iii),WLS,b_Dur,-0.012369072493607254
202010,(iii),WLS,b_Dur,0.09848709154585951
202011,(iii),WLS,b_Dur,0.09608671211841227
202012,(iii),WLS,b_Dur,0.02058305624102793
202101,(iii),WLS,b_Dur,-0.03500924085399643
202102,(iii),WLS,b_Dur,-0.11001844026194665
202103,(iii),WLS,b_Dur,0.024891575031111834
202104,(iii),WLS,b_Dur,-0.04553142791165998
202105,(iii),WLS,b_Dur,0.06123459349465124
202106,(iii),WLS,b_Dur,0.01340831281564223
202107,(iii),WLS,b_Dur,0.020295028859123786
202108,(iii),WLS,b_Dur,0.07083255302476543
202109,(iii),WLS,b_Dur,0.08668283673512654
202110,(iii),WLS,b_Dur,-0.009546546735157632
202111,(iii),WLS,b_Dur,-0.08665358387958447
202112,(iii),WLS,b_Dur,0.006040844138042727
202201,(iii),WLS,b_Dur,0.07071738182537862
202202,(iii),WLS,b_Dur,0.07355658481782067
202203,(iii),WLS,b_Dur,-0.13680129718523037
202204,(iii),WLS,b_Dur,0.009386546713151468
202205,(iii),WLS,b_Dur,-0.04508334540948854
202206,(iii),WLS,b_Dur,0.13017216042718577
202207,(iii),WLS,b_Dur,0.0005984289581970206
202208,(iii),WLS,b_Dur,-0.04114072218225751
202209,(iii),WLS,b_Dur,-0.06555579917938371
202210,(iii),WLS,b_Dur,-0.057699507786504865
202211,(iii),WLS,b_Dur,-0.12244667950598798
202212,(iii),WLS,b_Dur,0.10224130633819337
202301,(iii),WLS,b_Dur,0.08477739918892731
202302,(iii),WLS,b_Dur,0.031570062718359396
202303,(iii),WLS,b_Dur,-0.08394062616241674
202304,(iii),WLS,b_Dur,0.18589354930449595
202305,(iii),WLS,b_Dur,0.05940081494497291
202306,(iii),WLS,b_Dur,-0.009250663347110147
202307,(iii),WLS,b_Dur,-0.0062107878247526565
202308,(iii),WLS,b_Dur,-0.05026937665411533
202309,(iii),WLS,b_Dur,-0.04405606296022025
202310,(iii),WLS,b_Dur,0.12081827534718881
202311,(iii),WLS,b_Dur,-0.021505743626559545
202312,(iii),WLS,b_Dur,0.005706989919660375
202401,(iii),WLS,b_Dur,-0.034625828124343394
202402,(iii),WLS,b_Dur,-0.047741061182867806
202403,(iii),WLS,b_Dur,0.015427919309722858
202404,(iii),WLS,b_Dur,0.016524493643630997
202405,(iii),WLS,b_Dur,0.06411010118113666
202406,(iii),WLS,b_Dur,-0.007876983738345758
202407,(iii),WLS,b_Dur,-0.001186304517553043
202408,(iii),WLS,b_Dur,0.02505426852243372
202409,(iii),WLS,b_Dur,0.04212003318902029
202410,(iii),WLS,b_Dur,0.03525618102974685
202411,(iii),WLS,b_Dur,0.039859924929437594
197307,(iv),OLS,a,-0.04060929207512557
197308,(iv),OLS,a,0.14175017488053268
197309,(iv),OLS,a,0.014147158972131387
197310,(iv),OLS,a,-0.1848622046729191
197311,(iv),OLS,a,0.028152339903809026
197312,(iv),OLS,a,0.057520841005901165
197401,(iv),OLS,a,-0.017874534243379047
197402,(iv),OLS,a,-0.04180373992963059
197403,(iv),OLS,a,-0.08063028275510256
197404,(iv),OLS,a,-0.08806515015953724
197405,(iv),OLS,a,-0.024833954151884868
197406,(iv),OLS,a,-0.06972749902116657
197407,(iv),OLS,a,-0.09340172004002681
197408,(iv),OLS,a,-0.1331993023099247
197409,(iv),OLS,a,0.20407207193154323
197410,(iv),OLS,a,-0.019191827119680087
197411,(iv),OLS,a,-0.04753219364568208
197412,(iv),OLS,a,0.15013145827143
197501,(iv),OLS,a,0.0817016495704677
197502,(iv),OLS,a,0.04441494826128997
197503,(iv),OLS,a,0.07166968388787215
197504,(iv),OLS,a,0.07719586985713188
197505,(iv),OLS,a,0.06653878391347
197506,(iv),OLS,a,-0.059527849556160195
197507,(iv),OLS,a,-0.034463756741130225
197508,(iv),OLS,a,-0.05805362275115331
197509,(iv),OLS,a,0.012463847500877574
197510,(iv),OLS,a,-0.018935478891846803
197511,(iv),OLS,a,-0.0033297266472814527
197512,(iv),OLS,a,0.12069676900796729
197601,(iv),OLS,a,0.008627291320566706
197602,(iv),OLS,a,-0.0008409302881984712
197603,(iv),OLS,a,0.0017679122372656994
197604,(iv),OLS,a,0.012277597027254799
197605,(iv),OLS,a,0.053316568942174736
197606,(iv),OLS,a,-0.029695762191660587
197607,(iv),OLS,a,-0.03725886509709158
197608,(iv),OLS,a,0.029889277556926712
197609,(iv),OLS,a,-0.020162317504001832
197610,(iv),OLS,a,0.029048307765003546
197611,(iv),OLS,a,0.07488709775971261
197612,(iv),OLS,a,-0.032869018854922515
197701,(iv),OLS,a,-0.027091865646639953
197702,(iv),OLS,a,0.003925911327860393
197703,(iv),OLS,a,0.010693791992010815
197704,(iv),OLS,a,-0.01816499386207694
197705,(iv),OLS,a,0.05114386562992911
197706,(iv),OLS,a,-0.0260756858258849
197707,(iv),OLS,a,-0.02895718404490049
197708,(iv),OLS,a,-0.0026693846551025125
197709,(iv),OLS,a,-0.05540707709613686
197710,(iv),OLS,a,0.059918822605745985
197711,(iv),OLS,a,0.011284583877186413
197712,(iv),OLS,a,-0.053979619501435434
197801,(iv),OLS,a,-0.010912647365195606
197802,(iv),OLS,a,0.05682622894223167
197803,(iv),OLS,a,0.07803194276112636
197804,(iv),OLS,a,0.045415617123189936
197805,(iv),OLS,a,-0.019987054229186976
197806,(iv),OLS,a,0.07763448708326359
197807,(iv),OLS,a,0.05611194784717715
197808,(iv),OLS,a,-0.016039374903755545
197809,(iv),OLS,a,-0.19804092068501483
197810,(iv),OLS,a,0.06206080932296661
197811,(iv),OLS,a,0.025046389717824507
197812,(iv),OLS,a,0.07468777589271382
197901,(iv),OLS,a,-0.03758842271859542
197902,(iv),OLS,a,0.10684829722831701
197903,(iv),OLS,a,0.01989513888401595
197904,(iv),OLS,a,-0.02912874679610968
197905,(iv),OLS,a,0.08546901560490484
197906,(iv),OLS,a,0.017876960275396533
197907,(iv),OLS,a,0.08962107108263542
197908,(iv),OLS,a,0.008858045629829529
197909,(iv),OLS,a,-0.10501829757811186
197910,(iv),OLS,a,0.10899330619381176
197911,(iv),OLS,a,0.09078190985967739
197912,(iv),OLS,a,0.12758915837000348
198001,(iv),OLS,a,-0.007218075917554983
198002,(iv),OLS,a,-0.20187148159903534
198003,(iv),OLS,a,0.04791257345263294
198004,(iv),OLS,a,0.0628489181066441
198005,(iv),OLS,a,0.050159048657389634
198006,(iv),OLS,a,0.1133493190066403
198007,(iv),OLS,a,0.08458198550833604
198008,(iv),OLS,a,0.0504538882426125
198009,(iv),OLS,a,0.037597575927800136
198010,(iv),OLS,a,0.15290095317740438
198011,(iv),OLS,a,-0.08070179793946637
198012,(iv),OLS,a,-0.0598408331091212
198101,(iv),OLS,a,-0.008695458371214234
198102,(iv),OLS,a,0.06223979059351342
198103,(iv),OLS,a,-0.0319979522561424
198104,(iv),OLS,a,0.004555622068339098
198105,(iv),OLS,a,-0.06885224505687039
198106,(iv),OLS,a,-0.01969419874916987
198107,(iv),OLS,a,-0.12931091543269274
198108,(iv),OLS,a,-0.1366529112458498
198109,(iv),OLS,a,0.10878073660644752
198110,(iv),OLS,a,-0.0007672779879928015
198111,(iv),OLS,a,-0.06701629670842653
198112,(iv),OLS,a,-0.06030257311940123
198201,(iv),OLS,a,-0.10520300924850756
198202,(iv),OLS,a,-0.06686499779900314
198203,(iv),OLS,a,0.03855512489033913
198204,(iv),OLS,a,-0.06372787272665278
198205,(iv),OLS,a,-0.0801355543122697
198206,(iv),OLS,a,-0.054235647131947035
198207,(iv),OLS,a,0.09840123700305747
198208,(iv),OLS,a,-0.02746708352474341
198209,(iv),OLS,a,0.13916171091965032
198210,(iv),OLS,a,0.01790471203102285
198211,(iv),OLS,a,0.0011915627747878174
198212,(iv),OLS,a,0.1346771088569602
198301,(iv),OLS,a,-0.018913559165860686
198302,(iv),OLS,a,0.00908295200407213
198303,(iv),OLS,a,0.04641849185281389
198304,(iv),OLS,a,0.10693811957076055
198305,(iv),OLS,a,0.034817423459404695
198306,(iv),OLS,a,-0.05286022373788884
198307,(iv),OLS,a,-0.05702056094606596
198308,(iv),OLS,a,-0.04066257392358116
198309,(iv),OLS,a,-0.10184745381271665
198310,(iv),OLS,a,0.01980671605815218
198311,(iv),OLS,a,-0.04729525142826666
198312,(iv),OLS,a,-0.02083662677259897
198401,(iv),OLS,a,-0.07447400636139449
198402,(iv),OLS,a,-0.019431148402140684
198403,(iv),OLS,a,-0.05132251633081464
198404,(iv),OLS,a,-0.09325779958267622
198405,(iv),OLS,a,-0.0029731283556156812
198406,(iv),OLS,a,-0.09658068049438698
198407,(iv),OLS,a,0.10489399604507864
198408,(iv),OLS,a,-0.04504357418575174
198409,(iv),OLS,a,-0.072845672492074
198410,(iv),OLS,a,-0.08529623983168959
198411,(iv),OLS,a,-0.019839727073831744
198412,(iv),OLS,a,0.14258121526670625
198501,(iv),OLS,a,0.03850291192640596
198502,(iv),OLS,a,-0.04413222995286917
198503,(iv),OLS,a,-0.0500400991191701
198504,(iv),OLS,a,-0.0036161187156114605
198505,(iv),OLS,a,-0.02944892259099778
198506,(iv),OLS,a,0.015688289097273714
198507,(iv),OLS,a,-0.019494336873664225
198508,(iv),OLS,a,-0.09527761263408044
198509,(iv),OLS,a,-0.008013244113364404
198510,(iv),OLS,a,0.02675328312553562
198511,(iv),OLS,a,-0.008821226713112437
198512,(iv),OLS,a,0.038141772585419516
198601,(iv),OLS,a,0.04621312070030135
198602,(iv),OLS,a,0.010269735559605387
198603,(iv),OLS,a,-0.010011147082500955
198604,(iv),OLS,a,0.0050932065722034525
198605,(iv),OLS,a,-0.018875345732518204
198606,(iv),OLS,a,-0.11602456709808959
198607,(iv),OLS,a,0.02384434837212135
198608,(iv),OLS,a,-0.08159759373996031
198609,(iv),OLS,a,0.040955666237963394
198610,(iv),OLS,a,-0.03857333295839346
198611,(iv),OLS,a,-0.0810310618014328
198612,(iv),OLS,a,0.1570508797319988
198701,(iv),OLS,a,0.0972130453172115
198702,(iv),OLS,a,0.05072887163425093
198703,(iv),OLS,a,-0.021484372358127658
198704,(iv),OLS,a,0.005708231699891671
198705,(iv),OLS,a,0.007404757536416269
198706,(iv),OLS,a,0.04537134212134571
198707,(iv),OLS,a,-0.022772101358322777
198708,(iv),OLS,a,-0.0308796344412375
198709,(iv),OLS,a,-0.3301895495048677
198710,(iv),OLS,a,-0.07870166128665895
198711,(iv),OLS,a,0.02547053009066419
198712,(iv),OLS,a,0.07405463727816608
198801,(iv),OLS,a,0.05483747285385107
198802,(iv),OLS,a,0.015941790702216893
198803,(iv),OLS,a,0.004941028790542356
198804,(iv),OLS,a,-0.0598007322583647
198805,(iv),OLS,a,0.04212093699931895
198806,(iv),OLS,a,-0.025810227002544747
198807,(iv),OLS,a,-0.05739799501360777
198808,(iv),OLS,a,0.017088692774695793
198809,(iv),OLS,a,-0.043425723165622064
198810,(iv),OLS,a,-0.06705389771909365
198811,(iv),OLS,a,0.0193068829930917
198812,(iv),OLS,a,0.05171728485796053
198901,(iv),OLS,a,-0.023230771023195585
198902,(iv),OLS,a,0.018800295566761095
198903,(iv),OLS,a,0.03509620733203157
198904,(iv),OLS,a,0.012560059549810957
198905,(iv),OLS,a,-0.047823175302557884
198906,(iv),OLS,a,0.04118168070403247
198907,(iv),OLS,a,0.00544121925576625
198908,(iv),OLS,a,0.0023566250129605512
198909,(iv),OLS,a,-0.05958377043465481
198910,(iv),OLS,a,0.0025905298452491483
198911,(iv),OLS,a,-0.010894010808261776
198912,(iv),OLS,a,-0.07151770136913345
199001,(iv),OLS,a,0.0166646447642645
199002,(iv),OLS,a,0.010545061348624811
199003,(iv),OLS,a,-0.035447730685430355
199004,(iv),OLS,a,0.08293629696990872
199005,(iv),OLS,a,0.015623520373671516
199006,(iv),OLS,a,-0.030729605681779855
199007,(iv),OLS,a,-0.14403095775517627
199008,(iv),OLS,a,-0.09489793860762173
199009,(iv),OLS,a,-0.07429681331368848
199010,(iv),OLS,a,0.06022444379757537
199011,(iv),OLS,a,-0.010759682762622985
199012,(iv),OLS,a,0.08264497431034055
199101,(iv),OLS,a,0.1647653601872023
199102,(iv),OLS,a,0.06276837396854368
199103,(iv),OLS,a,0.0010791394803977127
199104,(iv),OLS,a,0.03979227534318679
199105,(iv),OLS,a,-0.055062772695671586
199106,(iv),OLS,a,0.050157416217285304
199107,(iv),OLS,a,0.0031271130397978737
199108,(iv),OLS,a,0.007223566989226096
199109,(iv),OLS,a,0.04660749620482387
199110,(iv),OLS,a,-0.042568961857450204
199111,(iv),OLS,a,0.06003493964875357
199112,(iv),OLS,a,0.07811911572962012
199201,(iv),OLS,a,-0.007446606360130148
199202,(iv),OLS,a,-0.06742417004589239
199203,(iv),OLS,a,-0.05077056391448149
199204,(iv),OLS,a,-0.012954926331743277
199205,(iv),OLS,a,-0.06224815639303819
199206,(iv),OLS,a,0.031145307730295214
199207,(iv),OLS,a,-0.04458220103319065
199208,(iv),OLS,a,0.02849688218599507
199209,(iv),OLS,a,-0.007484512769208625
199210,(iv),OLS,a,0.05511459679177778
199211,(iv),OLS,a,-0.01013065059740298
199212,(iv),OLS,a,0.012207970047140498
199301,(iv),OLS,a,-0.04804999037436251
199302,(iv),OLS,a,0.011723613637574046
199303,(iv),OLS,a,-0.03097418533512208
199304,(iv),OLS,a,0.05397940664014148
199305,(iv),OLS,a,0.0021481261999506877
199306,(iv),OLS,a,-0.013432688725727709
199307,(iv),OLS,a,0.0842246572246171
199308,(iv),OLS,a,0.002635160714218052
199309,(iv),OLS,a,0.03981562610502709
199310,(iv),OLS,a,-0.05695773840290295
199311,(iv),OLS,a,0.009625903353351542
199312,(iv),OLS,a,0.03823039222679821
199401,(iv),OLS,a,-0.03407564078518131
199402,(iv),OLS,a,-0.07676248523359583
199403,(iv),OLS,a,-0.033058841218041965
199404,(iv),OLS,a,-0.00021746679561013567
199405,(iv),OLS,a,-0.05972265175942065
199406,(iv),OLS,a,0.01796105880135054
199407,(iv),OLS,a,0.027953920913400696
199408,(iv),OLS,a,-0.017951375774493038
199409,(iv),OLS,a,-0.026620678609685523
199410,(iv),OLS,a,-0.07852622474914517
199411,(iv),OLS,a,-0.03907416630876738
199412,(iv),OLS,a,0.04542857661351356
199501,(iv),OLS,a,0.02848633446717861
199502,(iv),OLS,a,0.022097946468954965
199503,(iv),OLS,a,0.0007258815505505464
199504,(iv),OLS,a,0.024579350061595458
199505,(iv),OLS,a,0.07207554652467715
199506,(iv),OLS,a,0.03819255443679875
199507,(iv),OLS,a,0.03989782784294439
199508,(iv),OLS,a,0.024874834855675324
199509,(iv),OLS,a,-0.08117965553511369
199510,(iv),OLS,a,0.02827973918303873
199511,(iv),OLS,a,0.03748365450324511
199512,(iv),OLS,a,0.04247957715131428
199601,(iv),OLS,a,0.022706543049725574
199602,(iv),OLS,a,0.02616890247585731
199603,(iv),OLS,a,0.05085115865551213
199604,(iv),OLS,a,0.04693489398780342
199605,(iv),OLS,a,-0.060705876000965615
199606,(iv),OLS,a,-0.13339998254049937
199607,(iv),OLS,a,0.05306110116246026
199608,(iv),OLS,a,0.037652083144602715
199609,(iv),OLS,a,-0.06362527928327034
199610,(iv),OLS,a,0.014269624566188122
199611,(iv),OLS,a,-0.01815673000504297
199612,(iv),OLS,a,0.08755403797735219
199701,(iv),OLS,a,-0.06447016145068105
199702,(iv),OLS,a,-0.09614824019203871
199703,(iv),OLS,a,-0.05009940615857076
199704,(iv),OLS,a,0.12859490268708934
199705,(iv),OLS,a,0.014565223725227259
199706,(iv),OLS,a,0.0389421713716735
199707,(iv),OLS,a,0.036457585295756885
199708,(iv),OLS,a,0.09354376062794037
199709,(iv),OLS,a,-0.05354756105131308
199710,(iv),OLS,a,-0.06791991861582093
199711,(iv),OLS,a,-0.053619171801982564
199712,(iv),OLS,a,0.006847528903653398
199801,(iv),OLS,a,0.05748113649895552
199802,(iv),OLS,a,0.028701845637746463
199803,(iv),OLS,a,-0.012056530533501721
199804,(iv),OLS,a,-0.08714196918316337
199805,(iv),OLS,a,-0.06395470764695133
199806,(iv),OLS,a,-0.09090050040180805
199807,(iv),OLS,a,-0.255862739666456
199808,(iv),OLS,a,0.09994394826707036
199809,(iv),OLS,a,0.08752137481543633
199810,(iv),OLS,a,0.01459040324251191
199811,(iv),OLS,a,-0.009939447009781777
199812,(iv),OLS,a,0.020056328757146292
199901,(iv),OLS,a,-0.07288504623414575
199902,(iv),OLS,a,0.03682403985432951
199903,(iv),OLS,a,0.11343249630289412
199904,(iv),OLS,a,0.01761650131434892
199905,(iv),OLS,a,0.033777845482234295
199906,(iv),OLS,a,-0.0005202584659696046
199907,(iv),OLS,a,-0.04041335171776425
199908,(iv),OLS,a,-0.009002460313922687
199909,(iv),OLS,a,-0.01926208075549908
199910,(iv),OLS,a,0.09715159851320603
199911,(iv),OLS,a,0.1621023811717156
199912,(iv),OLS,a,0.011094195657793215
200001,(iv),OLS,a,0.1343722854297967
200002,(iv),OLS,a,0.03062207384535676
200003,(iv),OLS,a,-0.08775580720137927
200004,(iv),OLS,a,-0.05918561470909181
200005,(iv),OLS,a,0.10148572036502808
200006,(iv),OLS,a,-0.07495059660118843
200007,(iv),OLS,a,0.11697580468822723
200008,(iv),OLS,a,-0.08998964914936763
200009,(iv),OLS,a,-0.08563537062918702
200010,(iv),OLS,a,-0.2099711948127262
200011,(iv),OLS,a,0.0077443179120081085
200012,(iv),OLS,a,0.2706655027261414
200101,(iv),OLS,a,-0.17289974208332018
200102,(iv),OLS,a,-0.11330800112481904
200103,(iv),OLS,a,0.13117817645252486
200104,(iv),OLS,a,0.0341853831170967
200105,(iv),OLS,a,-0.013551714091763598
200106,(iv),OLS,a,-0.07597849174802708
200107,(iv),OLS,a,-0.08109495132736701
200108,(iv),OLS,a,-0.18884881277752588
200109,(iv),OLS,a,0.12312488754885369
200110,(iv),OLS,a,0.060831253349671655
200111,(iv),OLS,a,0.046286648000257134
200112,(iv),OLS,a,-0.07770612153479205
200201,(iv),OLS,a,-0.059757036945089555
200202,(iv),OLS,a,0.07975015518652638
200203,(iv),OLS,a,-0.0968903968773729
200204,(iv),OLS,a,-0.060190089834884955
200205,(iv),OLS,a,-0.1372431939025989
200206,(iv),OLS,a,-0.12698728379387655
200207,(iv),OLS,a,-0.021420055377030144
200208,(iv),OLS,a,-0.12091619014334379
200209,(iv),OLS,a,0.09690475437537165
200210,(iv),OLS,a,0.18647535187780934
200211,(iv),OLS,a,-0.10995172459884824
200212,(iv),OLS,a,-0.035033510528265525
200301,(iv),OLS,a,-0.052597521872883725
200302,(iv),OLS,a,0.007917422290648488
200303,(iv),OLS,a,0.14740465809932887
200304,(iv),OLS,a,0.21453616380816057
200305,(iv),OLS,a,0.013042941391163273
200306,(iv),OLS,a,0.00995798621041901
200307,(iv),OLS,a,0.04929905007125388
200308,(iv),OLS,a,-0.018437259909829893
200309,(iv),OLS,a,0.04034442726579999
200310,(iv),OLS,a,0.004131861644868704
200311,(iv),OLS,a,0.05299687503066228
200312,(iv),OLS,a,0.03884929793435941
200401,(iv),OLS,a,-0.019238621833476757
200402,(iv),OLS,a,-0.020391571916436948
200403,(iv),OLS,a,-0.02991961528114612
200404,(iv),OLS,a,0.003767792385695341
200405,(iv),OLS,a,0.02095745376081027
200406,(iv),OLS,a,-0.12614967553330353
200407,(iv),OLS,a,-0.02982237602766945
200408,(iv),OLS,a,0.0444077352351003
200409,(iv),OLS,a,0.020024877822791103
200410,(iv),OLS,a,0.07670879588883214
200411,(iv),OLS,a,0.07022313028702405
200412,(iv),OLS,a,-0.07133572646878242
200501,(iv),OLS,a,0.011529005924822922
200502,(iv),OLS,a,-0.08544577683742473
200503,(iv),OLS,a,-0.07330203800585922
200504,(iv),OLS,a,0.06540478215562007
200505,(iv),OLS,a,0.001348989057603753
200506,(iv),OLS,a,0.0770845828733679
200507,(iv),OLS,a,-0.024291786297637053
200508,(iv),OLS,a,0.014326347599307515
200509,(iv),OLS,a,-0.04339975282890297
200510,(iv),OLS,a,0.029814030420583233
200511,(iv),OLS,a,-0.003305893934479193
200512,(iv),OLS,a,0.10923127689070909
200601,(iv),OLS,a,-0.009657130296570542
200602,(iv),OLS,a,0.027230316418508083
200603,(iv),OLS,a,-0.016448517446316292
200604,(iv),OLS,a,-0.08217417042281287
200605,(iv),OLS,a,-0.028527895496448696
200606,(iv),OLS,a,-0.07550513532375625
200607,(iv),OLS,a,0.050819316558104156
200608,(iv),OLS,a,-0.044394510100867667
200609,(iv),OLS,a,0.060870541714707425
200610,(iv),OLS,a,0.040990304687020494
200611,(iv),OLS,a,-0.026921193169575773
200612,(iv),OLS,a,0.014446715190121745
200701,(iv),OLS,a,-0.008082008804923454
200702,(iv),OLS,a,0.0031015306782600257
200703,(iv),OLS,a,0.05189537784814028
200704,(iv),OLS,a,0.022010543262294596
200705,(iv),OLS,a,-0.016552988757044088
200706,(iv),OLS,a,-0.04616384829541225
200707,(iv),OLS,a,0.016998767025324883
200708,(iv),OLS,a,0.04159087775224687
200709,(iv),OLS,a,0.0627621168203651
200710,(iv),OLS,a,-0.0904448495648206
200711,(iv),OLS,a,-0.00685461319214144
200712,(iv),OLS,a,-0.06971656893123705
200801,(iv),OLS,a,0.0034445497905218887
200802,(iv),OLS,a,-0.025452615830141977
200803,(iv),OLS,a,0.04124598177242619
200804,(iv),OLS,a,0.060022286599207136
200805,(iv),OLS,a,-0.09538362884107811
200806,(iv),OLS,a,0.014375588603738214
200807,(iv),OLS,a,-0.01831987898443654
200808,(iv),OLS,a,-0.1682838741465791
200809,(iv),OLS,a,-0.25039823313334814
200810,(iv),OLS,a,-0.0846227278344126
200811,(iv),OLS,a,0.058015032969197716
200812,(iv),OLS,a,0.004927527160699664
200901,(iv),OLS,a,-0.11859363309634624
200902,(iv),OLS,a,0.09328669506732191
200903,(iv),OLS,a,0.18498598316338943
200904,(iv),OLS,a,0.09283601069353076
200905,(iv),OLS,a,0.030961321127086276
200906,(iv),OLS,a,0.06924790327207012
200907,(iv),OLS,a,-0.022498795696633673
200908,(iv),OLS,a,0.07698662067428266
200909,(iv),OLS,a,-0.09686244768392972
200910,(iv),OLS,a,0.033421291440553315
200911,(iv),OLS,a,0.07995793586585095
200912,(iv),OLS,a,-0.03799564247999366
201001,(iv),OLS,a,0.01746280689772227
201002,(iv),OLS,a,0.026903778040501796
201003,(iv),OLS,a,0.02869237662457427
201004,(iv),OLS,a,-0.07798344435716134
201005,(iv),OLS,a,-0.05001478317719962
201006,(iv),OLS,a,0.10150607738427332
201007,(iv),OLS,a,-0.06595290594139286
201008,(iv),OLS,a,0.10861960958841411
201009,(iv),OLS,a,0.05319732912185901
201010,(iv),OLS,a,0.023567517410544952
201011,(iv),OLS,a,0.10715522766390376
201012,(iv),OLS,a,0.018155405602680766
201101,(iv),OLS,a,0.04754992115641265
201102,(iv),OLS,a,0.030693333258101467
201103,(iv),OLS,a,0.023873037462503414
201104,(iv),OLS,a,-0.019886888658434826
201105,(iv),OLS,a,-0.04812597651157267
201106,(iv),OLS,a,-0.06160881345814209
201107,(iv),OLS,a,-0.09708237049439256
201108,(iv),OLS,a,-0.15883214188721545
201109,(iv),OLS,a,0.19289677470839175
201110,(iv),OLS,a,-0.010791899162723129
201111,(iv),OLS,a,-0.0258049896166051
201112,(iv),OLS,a,0.13317405095974938
201201,(iv),OLS,a,0.03695394940893979
201202,(iv),OLS,a,-0.009437006816322913
201203,(iv),OLS,a,-0.022106508098287493
201204,(iv),OLS,a,-0.10993745300336599
201205,(iv),OLS,a,0.057295647711793796
201206,(iv),OLS,a,-0.008075379502982026
201207,(iv),OLS,a,0.03922673374121985
201208,(iv),OLS,a,0.04077310023047417
201209,(iv),OLS,a,-0.04129101501235553
201210,(iv),OLS,a,0.00012307518284525976
201211,(iv),OLS,a,0.015835485413856862
201212,(iv),OLS,a,0.06708898730229543
201301,(iv),OLS,a,-0.009047351645293154
201302,(iv),OLS,a,0.04583802134485691
201303,(iv),OLS,a,0.0035796173554252554
201304,(iv),OLS,a,0.037131046148135644
201305,(iv),OLS,a,-0.03468068371465835
201306,(iv),OLS,a,0.08558267725671774
201307,(iv),OLS,a,-0.026457756638123157
201308,(iv),OLS,a,0.07127198936219312
201309,(iv),OLS,a,-0.0123430435146689
201310,(iv),OLS,a,0.04857038985391354
201311,(iv),OLS,a,0.03660600426973308
201312,(iv),OLS,a,0.0077196875233768916
201401,(iv),OLS,a,0.06893653356587286
201402,(iv),OLS,a,-0.024581501809757125
201403,(iv),OLS,a,-0.03451257466596139
201404,(iv),OLS,a,0.005533667696955057
201405,(iv),OLS,a,0.09093283328025076
201406,(iv),OLS,a,-0.06887102253157819
201407,(iv),OLS,a,0.03978746163102755
201408,(iv),OLS,a,-0.08160026024789027
201409,(iv),OLS,a,0.0301337369680711
201410,(iv),OLS,a,-0.007772787726254567
201411,(iv),OLS,a,-0.03169887877165118
201412,(iv),OLS,a,-0.02045715869689204
201501,(iv),OLS,a,0.14341368927110695
201502,(iv),OLS,a,-0.010445561723721714
201503,(iv),OLS,a,-0.008727064890496485
201504,(iv),OLS,a,0.013049640000935574
201505,(iv),OLS,a,-0.01838998749486494
201506,(iv),OLS,a,0.0033663419190726965
201507,(iv),OLS,a,-0.0894621449440331
201508,(iv),OLS,a,-0.10443395029994475
201509,(iv),OLS,a,0.08350153499856211
201510,(iv),OLS,a,0.047621443795886384
201511,(iv),OLS,a,-0.07060960715857188
201512,(iv),OLS,a,-0.13478066294316088
201601,(iv),OLS,a,0.003234528935690425
201602,(iv),OLS,a,0.07419484578694532
201603,(iv),OLS,a,0.041559518349346354
201604,(iv),OLS,a,0.03135369172120553
201605,(iv),OLS,a,-0.061886140775175194
201606,(iv),OLS,a,0.04368980949376944
201607,(iv),OLS,a,-0.0021277860277931432
201608,(iv),OLS,a,0.038760398494908616
201609,(iv),OLS,a,-0.09194004090917307
201610,(iv),OLS,a,0.05376766089192369
201611,(iv),OLS,a,-0.02324922157361399
201612,(iv),OLS,a,0.062423080474785446
201701,(iv),OLS,a,0.04456480769019079
201702,(iv),OLS,a,0.011774751340973385
201703,(iv),OLS,a,0.0018283575781524765
201704,(iv),OLS,a,-0.010980053007982745
201705,(iv),OLS,a,0.0501826210124286
201706,(iv),OLS,a,0.013394467816106658
201707,(iv),OLS,a,-0.0021412274261902544
201708,(iv),OLS,a,0.07412182168015738
201709,(iv),OLS,a,0.006179620971537027
201710,(iv),OLS,a,-0.008179985499609622
201711,(iv),OLS,a,0.003491507386079117
201712,(iv),OLS,a,0.053337567506524575
201801,(iv),OLS,a,-0.06061145439396794
201802,(iv),OLS,a,-0.022543501616107724
201803,(iv),OLS,a,0.0005546709848617919
201804,(iv),OLS,a,0.04116984473336363
201805,(iv),OLS,a,-0.0230178227339052
201806,(iv),OLS,a,0.0002253713054497315
201807,(iv),OLS,a,0.029789694926035695
201808,(iv),OLS,a,-0.0025504937624417604
201809,(iv),OLS,a,-0.1522737783063051
201810,(iv),OLS,a,0.019566192688118475
201811,(iv),OLS,a,-0.15429587010117354
201812,(iv),OLS,a,0.1573358950618505
201901,(iv),OLS,a,0.06729400979607342
201902,(iv),OLS,a,0.0263971701674358
201903,(iv),OLS,a,0.025828259529469533
201904,(iv),OLS,a,-0.06524789265787105
201905,(iv),OLS,a,0.11128765797024343
201906,(iv),OLS,a,0.0010932473210239315
201907,(iv),OLS,a,-0.039850369537713225
201908,(iv),OLS,a,-0.0732258967144443
201909,(iv),OLS,a,0.02190187800647223
201910,(iv),OLS,a,0.1147098809883521
201911,(iv),OLS,a,0.02621592002261496
201912,(iv),OLS,a,0.04262850808001377
202001,(iv),OLS,a,-0.05420300649767679
202002,(iv),OLS,a,-0.14131788403711026
202003,(iv),OLS,a,0.17121539177717757
202004,(iv),OLS,a,0.09063092045822947
202005,(iv),OLS,a,0.019064135340058817
202006,(iv),OLS,a,0.008517973346184416
202007,(iv),OLS,a,0.03215992236146934
202008,(iv),OLS,a,-0.0215000087651685
202009,(iv),OLS,a,-0.01081679473404771
202010,(iv),OLS,a,0.17832163320881944
202011,(iv),OLS,a,0.08021279700194527
202012,(iv),OLS,a,-0.029336393494150258
202101,(iv),OLS,a,0.06621711141813945
202102,(iv),OLS,a,-0.023242857398561554
202103,(iv),OLS,a,0.010261620189454684
202104,(iv),OLS,a,-0.029968395225852453
202105,(iv),OLS,a,0.016484380542689595
202106,(iv),OLS,a,-0.07010063787578658
202107,(iv),OLS,a,0.030262440684750907
202108,(iv),OLS,a,-0.04857125844073427
202109,(iv),OLS,a,0.027539667014602375
202110,(iv),OLS,a,-0.10824836106283825
202111,(iv),OLS,a,-0.035795113161523846
202112,(iv),OLS,a,-0.13478404498708674
202201,(iv),OLS,a,0.00772464900450213
202202,(iv),OLS,a,0.052398770597053265
202203,(iv),OLS,a,-0.19406954218764416
202204,(iv),OLS,a,-0.05951014488425911
202205,(iv),OLS,a,-0.0261347152706004
202206,(iv),OLS,a,0.10396613528231019
202207,(iv),OLS,a,0.007373818309977496
202208,(iv),OLS,a,-0.10110668147068752
202209,(iv),OLS,a,0.03217202414707743
202210,(iv),OLS,a,0.003344617419848378
202211,(iv),OLS,a,-0.051064084798583376
202212,(iv),OLS,a,0.1635617660717101
202301,(iv),OLS,a,-0.06603705658880674
202302,(iv),OLS,a,-0.03554256022757504
202303,(iv),OLS,a,-0.01867831231535484
202304,(iv),OLS,a,0.03637487538851965
202305,(iv),OLS,a,0.030034873383043007
202306,(iv),OLS,a,0.0018837945267817756
202307,(iv),OLS,a,-0.0689256895424532
202308,(iv),OLS,a,-0.09726498422690669
202309,(iv),OLS,a,-0.10096352706511505
202310,(iv),OLS,a,0.07167856465842892
202311,(iv),OLS,a,0.10842586178247458
202312,(iv),OLS,a,-0.0063829267353713946
202401,(iv),OLS,a,0.09400135491097397
202402,(iv),OLS,a,0.010954731807181742
202403,(iv),OLS,a,-0.0855936950948764
202404,(iv),OLS,a,-0.04128107273136925
202405,(iv),OLS,a,-0.020807803234382072
202406,(iv),OLS,a,0.07052200695981654
202407,(iv),OLS,a,-0.012057591450157631
202408,(iv),OLS,a,0.016957637977650836
202409,(iv),OLS,a,0.013966844895054224
202410,(iv),OLS,a,0.07902893056006335
202411,(iv),OLS,a,-0.0892706132684029
197307,(iv),OLS,b_BM,-0.00263719931014713
197308,(iv),OLS,b_BM,-0.05581686838707976
197309,(iv),OLS,b_BM,0.029905445746749047
197310,(iv),OLS,b_BM,0.011197662941851509
197311,(iv),OLS,b_BM,-0.049043932113308444
197312,(iv),OLS,b_BM,0.15922579213441754
197401,(iv),OLS,b_BM,0.042527088898168
197402,(iv),OLS,b_BM,0.04131949255108973
197403,(iv),OLS,b_BM,0.046096933189063306
197404,(iv),OLS,b_BM,-0.0025554191250853047
197405,(iv),OLS,b_BM,0.018750256851875646
197406,(iv),OLS,b_BM,0.07156937991938833
197407,(iv),OLS,b_BM,0.035509386644543825
197408,(iv),OLS,b_BM,0.056495150171107414
197409,(iv),OLS,b_BM,-0.13973696505107414
197410,(iv),OLS,b_BM,-0.05812698098435105
197411,(iv),OLS,b_BM,-0.062415773004392744
197412,(iv),OLS,b_BM,0.2420901877762294
197501,(iv),OLS,b_BM,-0.0492542737726069
197502,(iv),OLS,b_BM,0.05910882180292819
197503,(iv),OLS,b_BM,-0.05043440400365346
197504,(iv),OLS,b_BM,-0.011742965488624605
197505,(iv),OLS,b_BM,0.02416230668338095
197506,(iv),OLS,b_BM,0.07160569305499623
197507,(iv),OLS,b_BM,-0.04024823676424688
197508,(iv),OLS,b_BM,0.010069154577856641
197509,(iv),OLS,b_BM,-0.029550596931579805
197510,(iv),OLS,b_BM,0.03382667737588051
197511,(iv),OLS,b_BM,0.00024622142949549605
197512,(iv),OLS,b_BM,0.20098929769842871
197601,(iv),OLS,b_BM,0.18859996648962027
197602,(iv),OLS,b_BM,0.0023474493694848574
197603,(iv),OLS,b_BM,-0.017892609273701884
197604,(iv),OLS,b_BM,-0.050187282352875624
197605,(iv),OLS,b_BM,-0.009837588400547971
197606,(iv),OLS,b_BM,0.027197256255603833
197607,(iv),OLS,b_BM,0.007571702846912734
197608,(iv),OLS,b_BM,-0.019646874404293316
197609,(iv),OLS,b_BM,-0.00832017264787447
197610,(iv),OLS,b_BM,-0.002274898075814302
197611,(iv),OLS,b_BM,0.04023283275173355
197612,(iv),OLS,b_BM,0.11988665747594496
197701,(iv),OLS,b_BM,0.024963420148719787
197702,(iv),OLS,b_BM,0.01498073702178881
197703,(iv),OLS,b_BM,0.016873490857188173
197704,(iv),OLS,b_BM,0.021171856777557625
197705,(iv),OLS,b_BM,0.006438028023094489
197706,(iv),OLS,b_BM,0.02561201715989892
197707,(iv),OLS,b_BM,-0.012315401456304052
197708,(iv),OLS,b_BM,0.005142866846353275
197709,(iv),OLS,b_BM,0.0267461627325739
197710,(iv),OLS,b_BM,0.019298109233012326
197711,(iv),OLS,b_BM,0.003829601970198289
197712,(iv),OLS,b_BM,0.061649261588734273
197801,(iv),OLS,b_BM,0.03748138317729103
197802,(iv),OLS,b_BM,0.026220447013234442
197803,(iv),OLS,b_BM,0.0018350599744321097
197804,(iv),OLS,b_BM,0.01914833654129687
197805,(iv),OLS,b_BM,0.018925365518060032
197806,(iv),OLS,b_BM,-0.03367643456025967
197807,(iv),OLS,b_BM,0.028650700074772772
197808,(iv),OLS,b_BM,0.0365656103877861
197809,(iv),OLS,b_BM,-0.004391991287373952
197810,(iv),OLS,b_BM,-0.0326864215208805
197811,(iv),OLS,b_BM,-0.045094105768979466
197812,(iv),OLS,b_BM,0.060042608342715784
197901,(iv),OLS,b_BM,0.016311436349183188
197902,(iv),OLS,b_BM,-0.018498792909852485
197903,(iv),OLS,b_BM,0.014313841794117953
197904,(iv),OLS,b_BM,0.017034718407507837
197905,(iv),OLS,b_BM,-0.028391521011879403
197906,(iv),OLS,b_BM,-0.003573670685376411
197907,(iv),OLS,b_BM,-0.02803988971495102
197908,(iv),OLS,b_BM,-0.01824344222507368
197909,(iv),OLS,b_BM,-0.008346494301756527
197910,(iv),OLS,b_BM,-0.0674676215109556
197911,(iv),OLS,b_BM,-0.029962083338091847
197912,(iv),OLS,b_BM,0.01345959285327189
198001,(iv),OLS,b_BM,-0.009550822521278323
198002,(iv),OLS,b_BM,0.005551617771495307
198003,(iv),OLS,b_BM,-0.025152460079444574
198004,(iv),OLS,b_BM,-0.012324592188961966
198005,(iv),OLS,b_BM,-0.020426393596828903
198006,(iv),OLS,b_BM,-0.044729315994160815
198007,(iv),OLS,b_BM,-0.038229515884231395
198008,(iv),OLS,b_BM,-0.02688988198435708
198009,(iv),OLS,b_BM,-0.022682121429160408
198010,(iv),OLS,b_BM,-0.14399424154478785
198011,(iv),OLS,b_BM,0.014895202328705441
198012,(iv),OLS,b_BM,0.09898498206537301
198101,(iv),OLS,b_BM,0.03365173009437252
198102,(iv),OLS,b_BM,0.008899389674221277
198103,(iv),OLS,b_BM,0.044033210208110574
198104,(iv),OLS,b_BM,0.016479665838080436
198105,(iv),OLS,b_BM,0.0796168715572106
198106,(iv),OLS,b_BM,-0.010123148965052634
198107,(iv),OLS,b_BM,0.06584396668404126
198108,(iv),OLS,b_BM,0.0464499952242272
198109,(iv),OLS,b_BM,-0.08803702282383587
198110,(iv),OLS,b_BM,0.00805258392232865
198111,(iv),OLS,b_BM,0.03322948211466114
198112,(iv),OLS,b_BM,0.04227208554276013
198201,(iv),OLS,b_BM,0.07911159205132963
198202,(iv),OLS,b_BM,0.047925317768465925
198203,(iv),OLS,b_BM,-0.013187104976442737
198204,(iv),OLS,b_BM,0.029429573925973264
198205,(iv),OLS,b_BM,0.06614160935546638
198206,(iv),OLS,b_BM,0.027553390941852267
198207,(iv),OLS,b_BM,-0.05670549648297452
198208,(iv),OLS,b_BM,0.04112351387805642
198209,(iv),OLS,b_BM,-0.03730065306640271
198210,(iv),OLS,b_BM,0.07890093093741342
198211,(iv),OLS,b_BM,0.015310832303348787
198212,(iv),OLS,b_BM,-0.025053406287550706
198301,(iv),OLS,b_BM,0.08628133088885995
198302,(iv),OLS,b_BM,0.04771568202113217
198303,(iv),OLS,b_BM,0.028466285768684818
198304,(iv),OLS,b_BM,-0.020462117028928743
198305,(iv),OLS,b_BM,0.009517980464201426
198306,(iv),OLS,b_BM,0.057060515492439484
198307,(iv),OLS,b_BM,0.032121111939318235
198308,(iv),OLS,b_BM,0.03708963635038328
198309,(iv),OLS,b_BM,0.06792101018906502
198310,(iv),OLS,b_BM,0.009717237305751955
198311,(iv),OLS,b_BM,0.04754232520321252
198312,(iv),OLS,b_BM,0.06286323126694092
198401,(iv),OLS,b_BM,0.030141220630369673
198402,(iv),OLS,b_BM,0.040614081755856186
198403,(iv),OLS,b_BM,0.02965144653100349
198404,(iv),OLS,b_BM,0.041780205869706405
198405,(iv),OLS,b_BM,-0.015385393574898222
198406,(iv),OLS,b_BM,0.0344277267972258
198407,(iv),OLS,b_BM,-0.050386903567152135
198408,(iv),OLS,b_BM,0.049172358220781476
198409,(iv),OLS,b_BM,0.02344759675626549
198410,(iv),OLS,b_BM,0.04514181561134921
198411,(iv),OLS,b_BM,-0.005566965989969468
198412,(iv),OLS,b_BM,-0.05414945287620998
198501,(iv),OLS,b_BM,-0.007920435156356993
198502,(iv),OLS,b_BM,0.032350979271146565
198503,(iv),OLS,b_BM,0.034292322158456914
198504,(iv),OLS,b_BM,0.007703875117683903
198505,(iv),OLS,b_BM,0.010418027737720312
198506,(iv),OLS,b_BM,0.0013591003789579028
198507,(iv),OLS,b_BM,0.011490301820927508
198508,(iv),OLS,b_BM,0.0350020042790252
198509,(iv),OLS,b_BM,-0.00011910678616433232
198510,(iv),OLS,b_BM,-0.010411592654112675
198511,(iv),OLS,b_BM,-0.006645556993105796
198512,(iv),OLS,b_BM,-0.021701550279503223
198601,(iv),OLS,b_BM,-0.020693870354431876
198602,(iv),OLS,b_BM,0.036839726693265434
198603,(iv),OLS,b_BM,-0.0009843738693726192
198604,(iv),OLS,b_BM,0.007458184108870482
198605,(iv),OLS,b_BM,0.007371454392240694
198606,(iv),OLS,b_BM,0.030706378320004057
198607,(iv),OLS,b_BM,0.01795277500647952
198608,(iv),OLS,b_BM,0.06546354941514397
198609,(iv),OLS,b_BM,-0.04535782084298907
198610,(iv),OLS,b_BM,0.018629722728473477
198611,(iv),OLS,b_BM,0.04549921790344026
198612,(iv),OLS,b_BM,-0.03127755686416923
198701,(iv),OLS,b_BM,-0.04238639164326543
198702,(iv),OLS,b_BM,0.021819078577513345
198703,(iv),OLS,b_BM,0.019020237456897883
198704,(iv),OLS,b_BM,0.015518742659148902
198705,(iv),OLS,b_BM,0.017561110813997964
198706,(iv),OLS,b_BM,0.05585417906300493
198707,(iv),OLS,b_BM,0.010311152275933794
198708,(iv),OLS,b_BM,0.02288141855018137
198709,(iv),OLS,b_BM,0.043142475807264886
198710,(iv),OLS,b_BM,0.032176626788751564
198711,(iv),OLS,b_BM,-0.02090560001093956
198712,(iv),OLS,b_BM,0.006773162552298177
198801,(iv),OLS,b_BM,0.008002458277534864
198802,(iv),OLS,b_BM,0.0382107550340031
198803,(iv),OLS,b_BM,0.019334504027372322
198804,(iv),OLS,b_BM,0.043967336675191086
198805,(iv),OLS,b_BM,-0.0056268755614948835
198806,(iv),OLS,b_BM,0.01957623272517947
198807,(iv),OLS,b_BM,0.032052548846317315
198808,(iv),OLS,b_BM,-0.018954131224678126
198809,(iv),OLS,b_BM,0.019672573236126686
198810,(iv),OLS,b_BM,0.01944987466174059
198811,(iv),OLS,b_BM,-0.003373131597658433
198812,(iv),OLS,b_BM,0.011914382638667832
198901,(iv),OLS,b_BM,0.021130588409974494
198902,(iv),OLS,b_BM,0.009755307900798321
198903,(iv),OLS,b_BM,-0.008060944565952825
198904,(iv),OLS,b_BM,0.005904527909088377
198905,(iv),OLS,b_BM,0.0443307151926533
198906,(iv),OLS,b_BM,-0.03501054030549053
198907,(iv),OLS,b_BM,0.014597092537835175
198908,(iv),OLS,b_BM,-0.021416914939986133
198909,(iv),OLS,b_BM,-0.015084887956697598
198910,(iv),OLS,b_BM,-0.021670841790234728
198911,(iv),OLS,b_BM,-0.0067242899829819775
198912,(iv),OLS,b_BM,0.03341569458458461
199001,(iv),OLS,b_BM,0.01859004014303888
199002,(iv),OLS,b_BM,0.00835642562775104
199003,(iv),OLS,b_BM,-0.012067130933604396
199004,(iv),OLS,b_BM,-0.05768808287928086
199005,(iv),OLS,b_BM,-0.028146799944132727
199006,(iv),OLS,b_BM,0.019174093232174904
199007,(iv),OLS,b_BM,0.055733605653910515
199008,(iv),OLS,b_BM,0.03473321964222316
199009,(iv),OLS,b_BM,-0.0006521842227639567
199010,(iv),OLS,b_BM,-0.06310724113182785
199011,(iv),OLS,b_BM,-0.02787400253209821
199012,(iv),OLS,b_BM,0.028957753483993477
199101,(iv),OLS,b_BM,-0.05283363998563266
199102,(iv),OLS,b_BM,0.01163680813336469
199103,(iv),OLS,b_BM,-0.006948296588697193
199104,(iv),OLS,b_BM,-0.027416912743136464
199105,(iv),OLS,b_BM,0.015278827497169606
199106,(iv),OLS,b_BM,-0.035735552000912
199107,(iv),OLS,b_BM,0.004989012238845424
199108,(iv),OLS,b_BM,-0.010836875447813511
199109,(iv),OLS,b_BM,-0.027013279661718282
199110,(iv),OLS,b_BM,0.0011559652618043734
199111,(iv),OLS,b_BM,-0.05722327796137533
199112,(iv),OLS,b_BM,0.11805680722942234
199201,(iv),OLS,b_BM,0.06901150263957148
199202,(iv),OLS,b_BM,0.07968721814027502
199203,(iv),OLS,b_BM,0.03218117025201208
199204,(iv),OLS,b_BM,0.022905356471071527
199205,(iv),OLS,b_BM,0.0318788174525046
199206,(iv),OLS,b_BM,-0.009334793681122456
199207,(iv),OLS,b_BM,0.0076902762220888606
199208,(iv),OLS,b_BM,-0.0051161356117104505
199209,(iv),OLS,b_BM,0.010237161585842681
199210,(iv),OLS,b_BM,-0.009766082344323329
199211,(iv),OLS,b_BM,0.05146281784129466
199212,(iv),OLS,b_BM,0.08238015863967998
199301,(iv),OLS,b_BM,0.0855929277977581
199302,(iv),OLS,b_BM,0.031009536364739437
199303,(iv),OLS,b_BM,0.035149258156267085
199304,(iv),OLS,b_BM,0.0003429008634323982
199305,(iv),OLS,b_BM,0.024677994325704937
199306,(iv),OLS,b_BM,0.04200693371650972
199307,(iv),OLS,b_BM,-0.04693631129094133
199308,(iv),OLS,b_BM,0.019400367279482945
199309,(iv),OLS,b_BM,0.021052872699160622
199310,(iv),OLS,b_BM,0.03696893464308454
199311,(iv),OLS,b_BM,0.00015449278773895132
199312,(iv),OLS,b_BM,0.06281099444197516
199401,(iv),OLS,b_BM,0.045873245268751216
199402,(iv),OLS,b_BM,0.044791884111377925
199403,(iv),OLS,b_BM,0.03205156567755055
199404,(iv),OLS,b_BM,0.01041555375699353
199405,(iv),OLS,b_BM,0.03988684491160394
199406,(iv),OLS,b_BM,0.0055899517566736865
199407,(iv),OLS,b_BM,-0.006454060293003883
199408,(iv),OLS,b_BM,0.03432125027802023
199409,(iv),OLS,b_BM,0.027732877111339427
199410,(iv),OLS,b_BM,0.02996759488226535
199411,(iv),OLS,b_BM,0.013919740610099297
199412,(iv),OLS,b_BM,-0.0163718348717995
199501,(iv),OLS,b_BM,-0.002299213960040152
199502,(iv),OLS,b_BM,-0.013322375633087993
199503,(iv),OLS,b_BM,0.030223117475868727
199504,(iv),OLS,b_BM,0.006761598558959925
199505,(iv),OLS,b_BM,-0.05893697005887931
199506,(iv),OLS,b_BM,-0.015294964330108013
199507,(iv),OLS,b_BM,-0.00017609235514830235
199508,(iv),OLS,b_BM,0.002205227663621228
199509,(iv),OLS,b_BM,0.013517832498265589
199510,(iv),OLS,b_BM,-0.028597096549380606
199511,(iv),OLS,b_BM,-0.013743214382629425
199512,(iv),OLS,b_BM,0.008010173231779417
199601,(iv),OLS,b_BM,0.0039291848016546685
199602,(iv),OLS,b_BM,0.0036812035808292936
199603,(iv),OLS,b_BM,0.01024421927196369
199604,(iv),OLS,b_BM,0.03044907586590055
199605,(iv),OLS,b_BM,0.037487110061395434
199606,(iv),OLS,b_BM,0.059493276514018034
199607,(iv),OLS,b_BM,-0.014340301972395095
199608,(iv),OLS,b_BM,-0.023431368973929004
199609,(iv),OLS,b_BM,0.059044704582984206
199610,(iv),OLS,b_BM,0.008045296021201815
199611,(iv),OLS,b_BM,0.019573990150949926
199612,(iv),OLS,b_BM,-0.028586964281644756
199701,(iv),OLS,b_BM,0.060834326712979246
199702,(iv),OLS,b_BM,0.08428572998391606
199703,(iv),OLS,b_BM,0.018266803388938824
199704,(iv),OLS,b_BM,-0.06121837573480238
199705,(iv),OLS,b_BM,0.034919472897257824
199706,(iv),OLS,b_BM,0.0012616325823073208
199707,(iv),OLS,b_BM,-0.003926308425999016
199708,(iv),OLS,b_BM,0.013689491163446171
199709,(iv),OLS,b_BM,0.04395364338315871
199710,(iv),OLS,b_BM,0.028311758553428323
199711,(iv),OLS,b_BM,0.007476492933186149
199712,(iv),OLS,b_BM,0.009781989114238792
199801,(iv),OLS,b_BM,-0.008706953547455668
199802,(iv),OLS,b_BM,0.02542554546913593
199803,(iv),OLS,b_BM,0.034796870167629904
199804,(iv),OLS,b_BM,0.0534119497342383
199805,(iv),OLS,b_BM,0.0009863165404756999
199806,(iv),OLS,b_BM,0.025912820807674097
199807,(iv),OLS,b_BM,0.06131598869097776
199808,(iv),OLS,b_BM,-0.08960597349590733
199809,(iv),OLS,b_BM,-0.07376653560798717
199810,(iv),OLS,b_BM,0.018356794881067395
199811,(iv),OLS,b_BM,-0.016858577622024494
199812,(iv),OLS,b_BM,0.046351752704400284
199901,(iv),OLS,b_BM,0.015096869506992312
199902,(iv),OLS,b_BM,-0.05541677107372986
199903,(iv),OLS,b_BM,-0.0009484906937917634
199904,(iv),OLS,b_BM,0.021882596592893426
199905,(iv),OLS,b_BM,-0.005492661904610405
199906,(iv),OLS,b_BM,0.02851303740115816
199907,(iv),OLS,b_BM,0.005461182221144162
199908,(iv),OLS,b_BM,-0.046387731373489643
199909,(iv),OLS,b_BM,-0.04304290918092105
199910,(iv),OLS,b_BM,-0.024518679142400957
199911,(iv),OLS,b_BM,-0.10151357979655495
199912,(iv),OLS,b_BM,0.11082368397909029
200001,(iv),OLS,b_BM,0.005739248790831077
200002,(iv),OLS,b_BM,-0.011082713608723042
200003,(iv),OLS,b_BM,0.027318407653563897
200004,(iv),OLS,b_BM,0.0076300523801628405
200005,(iv),OLS,b_BM,-0.04125807913114646
200006,(iv),OLS,b_BM,0.10258555060455331
200007,(iv),OLS,b_BM,-0.07959507238985106
200008,(iv),OLS,b_BM,0.06515500799222726
200009,(iv),OLS,b_BM,0.006113483090151223
200010,(iv),OLS,b_BM,0.13288947317535002
200011,(iv),OLS,b_BM,0.015817045927245175
200012,(iv),OLS,b_BM,-0.09603227543271921
200101,(iv),OLS,b_BM,0.1702436007241712
200102,(iv),OLS,b_BM,0.09118969304433416
200103,(iv),OLS,b_BM,-0.10000550300561992
200104,(iv),OLS,b_BM,0.07304873265265494
200105,(iv),OLS,b_BM,-0.002761364630805438
200106,(iv),OLS,b_BM,0.06384171941379657
200107,(iv),OLS,b_BM,0.05117860533122663
200108,(iv),OLS,b_BM,0.031829727604807345
200109,(iv),OLS,b_BM,-0.09007179940406426
200110,(iv),OLS,b_BM,-0.017829943251939213
200111,(iv),OLS,b_BM,0.010536523977872768
200112,(iv),OLS,b_BM,0.13311918894759375
200201,(iv),OLS,b_BM,0.04318008948015351
200202,(iv),OLS,b_BM,0.035264682065121615
200203,(iv),OLS,b_BM,0.14249442985709143
200204,(iv),OLS,b_BM,0.06740576333674968
200205,(iv),OLS,b_BM,0.08185595334172048
200206,(iv),OLS,b_BM,-0.0005255307432265287
200207,(iv),OLS,b_BM,0.0008690264481196995
200208,(iv),OLS,b_BM,0.01827501260477729
200209,(iv),OLS,b_BM,-0.09303441572479648
200210,(iv),OLS,b_BM,-0.026093402031311497
200211,(iv),OLS,b_BM,0.06019403841766331
200212,(iv),OLS,b_BM,0.029556449794393244
200301,(iv),OLS,b_BM,0.024199706580473136
200302,(iv),OLS,b_BM,-0.018227834484041444
200303,(iv),OLS,b_BM,-0.04436719056475792
200304,(iv),OLS,b_BM,-0.060901083571866355
200305,(iv),OLS,b_BM,0.05081062995762821
200306,(iv),OLS,b_BM,0.0643828523727901
200307,(iv),OLS,b_BM,0.01902278424793693
200308,(iv),OLS,b_BM,0.08236437087344757
200309,(iv),OLS,b_BM,0.07624695039187447
200310,(iv),OLS,b_BM,0.04527704108022708
200311,(iv),OLS,b_BM,0.036502376412765436
200312,(iv),OLS,b_BM,0.08208819397554919
200401,(iv),OLS,b_BM,0.027366993038435365
200402,(iv),OLS,b_BM,0.026656362793266275
200403,(iv),OLS,b_BM,-0.0024948329154426655
200404,(iv),OLS,b_BM,-0.006223200652022453
200405,(iv),OLS,b_BM,0.021846030009821042
200406,(iv),OLS,b_BM,0.08433002883748747
200407,(iv),OLS,b_BM,0.01440566396716276
200408,(iv),OLS,b_BM,0.0003031929245122151
200409,(iv),OLS,b_BM,-0.0126399985470267
200410,(iv),OLS,b_BM,0.025162141204176137
200411,(iv),OLS,b_BM,-0.004841857177199782
200412,(iv),OLS,b_BM,0.039112504941087756
200501,(iv),OLS,b_BM,0.019594494574673493
200502,(iv),OLS,b_BM,0.0587654654701804
200503,(iv),OLS,b_BM,-0.0008760442966717092
200504,(iv),OLS,b_BM,-0.031737321301876634
200505,(iv),OLS,b_BM,0.044280782560129336
200506,(iv),OLS,b_BM,0.008725596463293527
200507,(iv),OLS,b_BM,0.024043267282474343
200508,(iv),OLS,b_BM,-0.0019077378642254946
200509,(iv),OLS,b_BM,-0.003628715966026921
200510,(iv),OLS,b_BM,0.0011829728293661877
200511,(iv),OLS,b_BM,0.008942475755454324
200512,(iv),OLS,b_BM,-0.0015407322246092162
200601,(iv),OLS,b_BM,-0.00155321293418576
200602,(iv),OLS,b_BM,0.030622999696797795
200603,(iv),OLS,b_BM,0.0411748995451675
200604,(iv),OLS,b_BM,0.03494228029451015
200605,(iv),OLS,b_BM,0.015187548067708858
200606,(iv),OLS,b_BM,0.028976832419459454
200607,(iv),OLS,b_BM,-0.03104649665432136
200608,(iv),OLS,b_BM,0.031130794460864683
200609,(iv),OLS,b_BM,-0.011050928454746818
200610,(iv),OLS,b_BM,-0.005650727797772839
200611,(iv),OLS,b_BM,0.049148019221258894
200612,(iv),OLS,b_BM,0.010564521090873458
200701,(iv),OLS,b_BM,0.017974569658526642
200702,(iv),OLS,b_BM,-0.010442180100316705
200703,(iv),OLS,b_BM,-0.022797347450554103
200704,(iv),OLS,b_BM,0.0037435085738282354
200705,(iv),OLS,b_BM,0.01266214026078676
200706,(iv),OLS,b_BM,-0.00660808435843362
200707,(iv),OLS,b_BM,-0.05631828215078311
200708,(iv),OLS,b_BM,-0.04554604165241102
200709,(iv),OLS,b_BM,-0.047771663026042015
200710,(iv),OLS,b_BM,-0.019837913847919837
200711,(iv),OLS,b_BM,-0.00992275942405483
200712,(iv),OLS,b_BM,0.022812430234829074
200801,(iv),OLS,b_BM,-0.013732178498644342
200802,(iv),OLS,b_BM,0.010696547434251424
200803,(iv),OLS,b_BM,-0.017483252030757724
200804,(iv),OLS,b_BM,-0.007985048864959928
200805,(iv),OLS,b_BM,0.022087342174079552
200806,(iv),OLS,b_BM,-0.020877714706758158
200807,(iv),OLS,b_BM,0.03450882139671374
200808,(iv),OLS,b_BM,0.008258934010880056
200809,(iv),OLS,b_BM,-0.02361511763182775
200810,(iv),OLS,b_BM,-0.0948732934413039
200811,(iv),OLS,b_BM,-0.025412247955228017
200812,(iv),OLS,b_BM,-0.040899343014290754
200901,(iv),OLS,b_BM,-0.05413816234925564
200902,(iv),OLS,b_BM,0.03507711282427818
200903,(iv),OLS,b_BM,0.13912489075416049
200904,(iv),OLS,b_BM,0.05808097231711389
200905,(iv),OLS,b_BM,0.006198971460890384
200906,(iv),OLS,b_BM,0.08191644260486922
200907,(iv),OLS,b_BM,0.1786042366392616
200908,(iv),OLS,b_BM,0.047457135964245
200909,(iv),OLS,b_BM,0.009667145178910437
200910,(iv),OLS,b_BM,0.021984549281874707
200911,(iv),OLS,b_BM,0.009311240545864801
200912,(iv),OLS,b_BM,0.04075860233012672
201001,(iv),OLS,b_BM,0.030296080465359455
201002,(iv),OLS,b_BM,0.07118043929512173
201003,(iv),OLS,b_BM,0.0894420520106847
201004,(iv),OLS,b_BM,-0.029416623014924564
201005,(iv),OLS,b_BM,-0.05676168504772458
201006,(iv),OLS,b_BM,-0.015094868311129196
201007,(iv),OLS,b_BM,-0.016666761780128058
201008,(iv),OLS,b_BM,-0.002098589425795102
201009,(iv),OLS,b_BM,0.0015826805917009126
201010,(iv),OLS,b_BM,0.01570204305182344
201011,(iv),OLS,b_BM,0.001571581504635912
201012,(iv),OLS,b_BM,0.02790918462962668
201101,(iv),OLS,b_BM,0.019061565231260146
201102,(iv),OLS,b_BM,-0.024682147408850833
201103,(iv),OLS,b_BM,-0.027932704942999376
201104,(iv),OLS,b_BM,-0.02074776085280587
201105,(iv),OLS,b_BM,0.023730931104337126
201106,(iv),OLS,b_BM,0.04360253570293057
201107,(iv),OLS,b_BM,-0.02658264712621388
201108,(iv),OLS,b_BM,0.010997648866130902
201109,(iv),OLS,b_BM,-0.059335997227205145
201110,(iv),OLS,b_BM,0.003089368739580038
201111,(iv),OLS,b_BM,0.030648225095848684
201112,(iv),OLS,b_BM,-0.030904738940028785
201201,(iv),OLS,b_BM,0.00874324089149911
201202,(iv),OLS,b_BM,0.02547781852653261
201203,(iv),OLS,b_BM,0.012184197436853804
201204,(iv),OLS,b_BM,0.019648061502648105
201205,(iv),OLS,b_BM,-0.004838519300578072
201206,(iv),OLS,b_BM,-0.000280850080682884
201207,(iv),OLS,b_BM,-0.017678194197409673
201208,(iv),OLS,b_BM,0.00561931943138234
201209,(iv),OLS,b_BM,0.02414997074242918
201210,(iv),OLS,b_BM,0.010758202932849719
201211,(iv),OLS,b_BM,0.023746220113199733
201212,(iv),OLS,b_BM,0.023394127168873336
201301,(iv),OLS,b_BM,0.020838021685642562
201302,(iv),OLS,b_BM,-0.0021421693890353996
201303,(iv),OLS,b_BM,-0.025752623564340688
201304,(iv),OLS,b_BM,0.03343930120201255
201305,(iv),OLS,b_BM,0.025549643848076814
201306,(iv),OLS,b_BM,-0.01211803244507264
201307,(iv),OLS,b_BM,0.016733305685785092
201308,(iv),OLS,b_BM,0.011912853753855375
201309,(iv),OLS,b_BM,0.057910080442916415
201310,(iv),OLS,b_BM,-0.019068544290289563
201311,(iv),OLS,b_BM,0.0060966587175874856
201312,(iv),OLS,b_BM,-0.001128275191565331
201401,(iv),OLS,b_BM,-0.0023574898594351003
201402,(iv),OLS,b_BM,0.05379764529509483
201403,(iv),OLS,b_BM,0.0010723399323868976
201404,(iv),OLS,b_BM,-0.004190900471304796
201405,(iv),OLS,b_BM,-0.037175883734668624
201406,(iv),OLS,b_BM,0.016686542423898193
201407,(iv),OLS,b_BM,-0.0025804552836753607
201408,(iv),OLS,b_BM,-0.005959245314471659
201409,(iv),OLS,b_BM,-0.054062352249064395
201410,(iv),OLS,b_BM,-0.027140772203331325
201411,(iv),OLS,b_BM,0.018997579595859987
201412,(iv),OLS,b_BM,-0.02542107312436668
201501,(iv),OLS,b_BM,-0.0463025659688457
201502,(iv),OLS,b_BM,-0.013695350133389461
201503,(iv),OLS,b_BM,0.042744314353562914
201504,(iv),OLS,b_BM,-0.029181908379943975
201505,(iv),OLS,b_BM,-0.01700725115358117
201506,(iv),OLS,b_BM,-0.1153368457515741
201507,(iv),OLS,b_BM,0.07694931325705966
201508,(iv),OLS,b_BM,-0.002659714686633792
201509,(iv),OLS,b_BM,-0.018135413934710343
201510,(iv),OLS,b_BM,-0.03149315587641322
201511,(iv),OLS,b_BM,-0.03383603826890367
201512,(iv),OLS,b_BM,0.024562135853256853
201601,(iv),OLS,b_BM,0.007456212380101402
201602,(iv),OLS,b_BM,0.06072817545099557
201603,(iv),OLS,b_BM,0.055446766025720746
201604,(iv),OLS,b_BM,-0.05041420007375068
201605,(iv),OLS,b_BM,0.08384414097481926
201606,(iv),OLS,b_BM,0.021721323911021002
201607,(iv),OLS,b_BM,0.034953404698248994
201608,(iv),OLS,b_BM,0.0023060499451722956
201609,(iv),OLS,b_BM,0.014000353816722245
201610,(iv),OLS,b_BM,0.09043157514648953
201611,(iv),OLS,b_BM,0.04371491121205828
201612,(iv),OLS,b_BM,-0.039866746562515334
201701,(iv),OLS,b_BM,-0.07012685686845797
201702,(iv),OLS,b_BM,-0.01383962320714024
201703,(iv),OLS,b_BM,-0.017256623543906956
201704,(iv),OLS,b_BM,-0.033781266211300495
201705,(iv),OLS,b_BM,-0.019732871183832434
201706,(iv),OLS,b_BM,-0.020067629577743662
201707,(iv),OLS,b_BM,-0.032213405884688406
201708,(iv),OLS,b_BM,0.030803200260163834
201709,(iv),OLS,b_BM,-0.003780917157490093
201710,(iv),OLS,b_BM,0.04737033773946854
201711,(iv),OLS,b_BM,0.02197007390471055
201712,(iv),OLS,b_BM,-0.020418454635466994
201801,(iv),OLS,b_BM,-0.006480069218791965
201802,(iv),OLS,b_BM,0.016099581880640486
201803,(iv),OLS,b_BM,0.0076440954683730964
201804,(iv),OLS,b_BM,-0.0024491668919953725
201805,(iv),OLS,b_BM,0.007883065123669507
201806,(iv),OLS,b_BM,-0.002250342406917535
201807,(iv),OLS,b_BM,-0.04633184026704643
201808,(iv),OLS,b_BM,-0.024707431311795904
201809,(iv),OLS,b_BM,0.03240998907156363
201810,(iv),OLS,b_BM,-0.06031997795234529
201811,(iv),OLS,b_BM,-0.024763626544753586
201812,(iv),OLS,b_BM,0.009974132617095288
201901,(iv),OLS,b_BM,-0.03311290931916783
201902,(iv),OLS,b_BM,-0.05572557605531779
201903,(iv),OLS,b_BM,-0.0107907038431558
201904,(iv),OLS,b_BM,-0.053732191893491786
201905,(iv),OLS,b_BM,-0.07659173548885802
201906,(iv),OLS,b_BM,-0.03361700166287501
201907,(iv),OLS,b_BM,-0.05326876430915037
201908,(iv),OLS,b_BM,0.12639077665653664
201909,(iv),OLS,b_BM,-0.06302132686272993
201910,(iv),OLS,b_BM,-0.09798404261326915
201911,(iv),OLS,b_BM,0.07219307890053829
201912,(iv),OLS,b_BM,-0.09074550887062947
202001,(iv),OLS,b_BM,-0.043665540139836034
202002,(iv),OLS,b_BM,-0.18728425112105684
202003,(iv),OLS,b_BM,0.12068066929119363
202004,(iv),OLS,b_BM,-0.022973464230105115
202005,(iv),OLS,b_BM,0.08122123005189402
202006,(iv),OLS,b_BM,0.049129306461750455
202007,(iv),OLS,b_BM,0.027937943925837302
202008,(iv),OLS,b_BM,-0.024259026663032743
202009,(iv),OLS,b_BM,0.0173121148876052
202010,(iv),OLS,b_BM,0.13415770821035533
202011,(iv),OLS,b_BM,0.03712474107061229
202012,(iv),OLS,b_BM,0.276070217069327
202101,(iv),OLS,b_BM,0.09456104271154069
202102,(iv),OLS,b_BM,0.0821028864421223
202103,(iv),OLS,b_BM,-0.018597159068940095
202104,(iv),OLS,b_BM,0.09851976054141677
202105,(iv),OLS,b_BM,0.014120731000063995
202106,(iv),OLS,b_BM,-0.004490243724489182
202107,(iv),OLS,b_BM,-0.002528372680350187
202108,(iv),OLS,b_BM,0.06935797283492173
202109,(iv),OLS,b_BM,-0.013869027764982264
202110,(iv),OLS,b_BM,0.023913581030273398
202111,(iv),OLS,b_BM,0.04873188906110858
202112,(iv),OLS,b_BM,0.11998606627781902
202201,(iv),OLS,b_BM,0.0441903860400798
202202,(iv),OLS,b_BM,0.01685877862828864
202203,(iv),OLS,b_BM,0.10520319795941441
202204,(iv),OLS,b_BM,0.07651283151086684
202205,(iv),OLS,b_BM,-0.0764369018090877
202206,(iv),OLS,b_BM,-0.05714565851385986
202207,(iv),OLS,b_BM,0.000878982196626181
202208,(iv),OLS,b_BM,-0.05883128347794665
202209,(iv),OLS,b_BM,0.07152368721989875
202210,(iv),OLS,b_BM,-0.004201569907405431
202211,(iv),OLS,b_BM,-0.012821876527900764
202212,(iv),OLS,b_BM,0.020896450528166625
202301,(iv),OLS,b_BM,-0.00730995391216592
202302,(iv),OLS,b_BM,-0.05453298417811998
202303,(iv),OLS,b_BM,-0.01675162661603784
202304,(iv),OLS,b_BM,-0.04629272523982411
202305,(iv),OLS,b_BM,0.0377439446416219
202306,(iv),OLS,b_BM,0.051485529630683056
202307,(iv),OLS,b_BM,-0.025678110063809413
202308,(iv),OLS,b_BM,0.009096997963385638
202309,(iv),OLS,b_BM,-0.018454163869647978
202310,(iv),OLS,b_BM,-0.018198338815225323
202311,(iv),OLS,b_BM,0.03335503016766339
202312,(iv),OLS,b_BM,-0.054822817970879616
202401,(iv),OLS,b_BM,-0.03940607002462518
202402,(iv),OLS,b_BM,0.03556668748348149
202403,(iv),OLS,b_BM,-0.00914151209187044
202404,(iv),OLS,b_BM,0.10623424116549246
202405,(iv),OLS,b_BM,-0.06104859835568339
202406,(iv),OLS,b_BM,0.031083346842832215
202407,(iv),OLS,b_BM,-0.03582967781998442
202408,(iv),OLS,b_BM,-0.02572125400080678
202409,(iv),OLS,b_BM,-0.029597166080173112
202410,(iv),OLS,b_BM,-0.012465104345633068
202411,(iv),OLS,b_BM,0.06781766234606404
197307,(iv),OLS,b_GP,-0.023145780353981668
197308,(iv),OLS,b_GP,-0.052808612108731945
197309,(iv),OLS,b_GP,-0.05712823161487308
197310,(iv),OLS,b_GP,-0.03689628716698815
197311,(iv),OLS,b_GP,-0.083033700132116
197312,(iv),OLS,b_GP,-0.001265241518353069
197401,(iv),OLS,b_GP,-0.005280590597859094
197402,(iv),OLS,b_GP,0.03509949461382466
197403,(iv),OLS,b_GP,0.010269061095093051
197404,(iv),OLS,b_GP,0.027185648352902644
197405,(iv),OLS,b_GP,-0.026097150154441164
197406,(iv),OLS,b_GP,-0.036723197335302035
197407,(iv),OLS,b_GP,-0.01197035005172118
197408,(iv),OLS,b_GP,0.01023831451007965
197409,(iv),OLS,b_GP,-0.05535113116171445
197410,(iv),OLS,b_GP,-0.015475122285463619
197411,(iv),OLS,b_GP,-0.0020253318946307983
197412,(iv),OLS,b_GP,0.05454273282154323
197501,(iv),OLS,b_GP,-0.02197766112919131
197502,(iv),OLS,b_GP,0.037987040161594945
197503,(iv),OLS,b_GP,-0.017432537823915333
197504,(iv),OLS,b_GP,-0.00840748027624395
197505,(iv),OLS,b_GP,-0.0029793488834900725
197506,(iv),OLS,b_GP,-0.006856873025382411
197507,(iv),OLS,b_GP,-0.0026140336478570544
197508,(iv),OLS,b_GP,0.01729717775539513
197509,(iv),OLS,b_GP,0.03968580816767722
197510,(iv),OLS,b_GP,0.056965778639125775
197511,(iv),OLS,b_GP,-0.023520921700724718
197512,(iv),OLS,b_GP,-0.002068967675366573
197601,(iv),OLS,b_GP,0.005128234518503805
197602,(iv),OLS,b_GP,0.020094997053890947
197603,(iv),OLS,b_GP,-0.023198341476079496
197604,(iv),OLS,b_GP,-0.028365945489926752
197605,(iv),OLS,b_GP,-0.02681634951630583
197606,(iv),OLS,b_GP,0.014729440646423566
197607,(iv),OLS,b_GP,0.015169415207946206
197608,(iv),OLS,b_GP,-0.009648299962859288
197609,(iv),OLS,b_GP,-0.010677019151768084
197610,(iv),OLS,b_GP,-0.009508712890336252
197611,(iv),OLS,b_GP,-0.002046787295796059
197612,(iv),OLS,b_GP,-0.0005510002788145507
197701,(iv),OLS,b_GP,0.014014103913023422
197702,(iv),OLS,b_GP,-0.01670957061942319
197703,(iv),OLS,b_GP,-0.018687155196772314
197704,(iv),OLS,b_GP,0.01273809497128943
197705,(iv),OLS,b_GP,0.002553742797636423
197706,(iv),OLS,b_GP,0.0225862594470113
197707,(iv),OLS,b_GP,0.037194705953413135
197708,(iv),OLS,b_GP,0.012575126459948103
197709,(iv),OLS,b_GP,0.02151371763029877
197710,(iv),OLS,b_GP,0.010801283948215551
197711,(iv),OLS,b_GP,0.0016522129147802228
197712,(iv),OLS,b_GP,-0.0027402032975764046
197801,(iv),OLS,b_GP,0.024576331003410543
197802,(iv),OLS,b_GP,-0.0034118207167953517
197803,(iv),OLS,b_GP,0.010778633538401134
197804,(iv),OLS,b_GP,0.02221713383058136
197805,(iv),OLS,b_GP,0.008602718998518201
197806,(iv),OLS,b_GP,-0.022225016799813764
197807,(iv),OLS,b_GP,0.030064584640514695
197808,(iv),OLS,b_GP,-0.01930176357330149
197809,(iv),OLS,b_GP,-0.013859355231358072
197810,(iv),OLS,b_GP,0.009764919441590567
197811,(iv),OLS,b_GP,0.0026930879563493854
197812,(iv),OLS,b_GP,-0.020733283791985115
197901,(iv),OLS,b_GP,-0.009432480568961902
197902,(iv),OLS,b_GP,-0.036156989586455204
197903,(iv),OLS,b_GP,-0.01684557632758627
197904,(iv),OLS,b_GP,0.0007821851296102265
197905,(iv),OLS,b_GP,-0.06235647880787651
197906,(iv),OLS,b_GP,-0.0016703087515412222
197907,(iv),OLS,b_GP,-0.002409728328637742
197908,(iv),OLS,b_GP,-0.021914245825404192
197909,(iv),OLS,b_GP,0.00446517906363846
197910,(iv),OLS,b_GP,-0.03406144949188124
197911,(iv),OLS,b_GP,-0.04114992765751048
197912,(iv),OLS,b_GP,-0.07727282615485467
198001,(iv),OLS,b_GP,-0.03155613126319092
198002,(iv),OLS,b_GP,0.045772870100914256
198003,(iv),OLS,b_GP,-0.005409287768472725
198004,(iv),OLS,b_GP,0.019312811199735245
198005,(iv),OLS,b_GP,-0.01952041710174605
198006,(iv),OLS,b_GP,0.021651391907249937
198007,(iv),OLS,b_GP,-0.0018845688725488557
198008,(iv),OLS,b_GP,-0.008263249121957765
198009,(iv),OLS,b_GP,-0.009781037988443568
198010,(iv),OLS,b_GP,-0.05724174142877997
198011,(iv),OLS,b_GP,0.048643503136177296
198012,(iv),OLS,b_GP,0.01275879123659479
198101,(iv),OLS,b_GP,-0.009588040858504367
198102,(iv),OLS,b_GP,0.012850600109725444
198103,(iv),OLS,b_GP,0.06327815792157002
198104,(iv),OLS,b_GP,0.011992471999258441
198105,(iv),OLS,b_GP,0.02115536318731818
198106,(iv),OLS,b_GP,-0.017254019223087086
198107,(iv),OLS,b_GP,0.01500018994000911
198108,(iv),OLS,b_GP,0.04496005787606548
198109,(iv),OLS,b_GP,-0.008380012537824215
198110,(iv),OLS,b_GP,0.010901203741446437
198111,(iv),OLS,b_GP,0.05023410117969329
198112,(iv),OLS,b_GP,0.026714435798948735
198201,(iv),OLS,b_GP,0.034790397346368615
198202,(iv),OLS,b_GP,0.05520730265977484
198203,(iv),OLS,b_GP,0.025334439642667936
198204,(iv),OLS,b_GP,0.031417831534054384
198205,(iv),OLS,b_GP,0.03324985119978413
198206,(iv),OLS,b_GP,0.04183411269385736
198207,(iv),OLS,b_GP,-0.01205776817686776
198208,(iv),OLS,b_GP,0.06388623332448783
198209,(iv),OLS,b_GP,0.010538090111462714
198210,(iv),OLS,b_GP,0.07290545552356403
198211,(iv),OLS,b_GP,0.018643932895780424
198212,(iv),OLS,b_GP,-0.07321235710738568
198301,(iv),OLS,b_GP,0.06302687281033376
198302,(iv),OLS,b_GP,0.03297973529209164
198303,(iv),OLS,b_GP,0.008640348642777252
198304,(iv),OLS,b_GP,-0.03530908080922366
198305,(iv),OLS,b_GP,0.015185382188120981
198306,(iv),OLS,b_GP,-0.00835189105203897
198307,(iv),OLS,b_GP,0.005522051002859286
198308,(iv),OLS,b_GP,0.0465230390699733
198309,(iv),OLS,b_GP,0.01187045065822833
198310,(iv),OLS,b_GP,0.026606347037094184
198311,(iv),OLS,b_GP,0.00354257984469801
198312,(iv),OLS,b_GP,-0.035213012988038625
198401,(iv),OLS,b_GP,-0.012721783976288686
198402,(iv),OLS,b_GP,0.01015524175462654
198403,(iv),OLS,b_GP,0.032861403048772234
198404,(iv),OLS,b_GP,0.03693108626128913
198405,(iv),OLS,b_GP,0.05412540848167709
198406,(iv),OLS,b_GP,0.05328574408240485
198407,(iv),OLS,b_GP,0.03199863336014297
198408,(iv),OLS,b_GP,0.010296432482548055
198409,(iv),OLS,b_GP,0.05039443484330525
198410,(iv),OLS,b_GP,0.04372058855361737
198411,(iv),OLS,b_GP,0.04353774925747157
198412,(iv),OLS,b_GP,-0.0013855648712642332
198501,(iv),OLS,b_GP,0.0020012632000490135
198502,(iv),OLS,b_GP,0.005094060260004408
198503,(iv),OLS,b_GP,0.014245002225266952
198504,(iv),OLS,b_GP,0.04476506682521163
198505,(iv),OLS,b_GP,0.03832421507061266
198506,(iv),OLS,b_GP,-0.0009120457027492495
198507,(iv),OLS,b_GP,-0.0020996970327633252
198508,(iv),OLS,b_GP,0.03853226983579904
198509,(iv),OLS,b_GP,0.04039750666342824
198510,(iv),OLS,b_GP,0.05211401438926625
198511,(iv),OLS,b_GP,0.06318343950920473
198512,(iv),OLS,b_GP,-0.008698373390851246
198601,(iv),OLS,b_GP,0.03904369902521627
198602,(iv),OLS,b_GP,0.02584183219219187
198603,(iv),OLS,b_GP,0.029294324398172242
198604,(iv),OLS,b_GP,0.04551326122437717
198605,(iv),OLS,b_GP,0.03419683867061345
198606,(iv),OLS,b_GP,0.025359729133307245
198607,(iv),OLS,b_GP,-0.026205295374948645
198608,(iv),OLS,b_GP,-0.024188691828853186
198609,(iv),OLS,b_GP,0.02436252835620031
198610,(iv),OLS,b_GP,0.05462443692695582
198611,(iv),OLS,b_GP,0.04403694723077365
198612,(iv),OLS,b_GP,-0.04147887403332732
198701,(iv),OLS,b_GP,-0.001961347423484208
198702,(iv),OLS,b_GP,-0.05666270342228046
198703,(iv),OLS,b_GP,-0.013125915435096157
198704,(iv),OLS,b_GP,-0.012555495559185727
198705,(iv),OLS,b_GP,0.018829312630221792
198706,(iv),OLS,b_GP,-0.04956618316635565
198707,(iv),OLS,b_GP,0.05926878001400655
198708,(iv),OLS,b_GP,0.012471851359802104
198709,(iv),OLS,b_GP,0.021308871170943565
198710,(iv),OLS,b_GP,0.014628663031179297
198711,(iv),OLS,b_GP,0.06723023373835006
198712,(iv),OLS,b_GP,-0.02570922146061887
198801,(iv),OLS,b_GP,0.030399309998125606
198802,(iv),OLS,b_GP,0.008341080194449211
198803,(iv),OLS,b_GP,0.0009310648145753955
198804,(iv),OLS,b_GP,0.031482924503688364
198805,(iv),OLS,b_GP,0.02497232260487982
198806,(iv),OLS,b_GP,0.004408814020862028
198807,(iv),OLS,b_GP,0.022947752893703842
198808,(iv),OLS,b_GP,0.02240719297706129
198809,(iv),OLS,b_GP,0.031304133294097224
198810,(iv),OLS,b_GP,0.021977832097522493
198811,(iv),OLS,b_GP,0.01969392660118548
198812,(iv),OLS,b_GP,-0.007715407078658446
198901,(iv),OLS,b_GP,0.020145320970009865
198902,(iv),OLS,b_GP,-0.0054560221474873475
198903,(iv),OLS,b_GP,-0.002156968649991601
198904,(iv),OLS,b_GP,0.023150860325951105
198905,(iv),OLS,b_GP,0.005564040806481058
198906,(iv),OLS,b_GP,0.0017950118792710787
198907,(iv),OLS,b_GP,-0.0022954856010805637
198908,(iv),OLS,b_GP,0.006027090268127132
198909,(iv),OLS,b_GP,0.008898409983014962
198910,(iv),OLS,b_GP,-0.022888196667894392
198911,(iv),OLS,b_GP,0.00881411674378232
198912,(iv),OLS,b_GP,-0.017638080904193644
199001,(iv),OLS,b_GP,-0.0176177755929759
199002,(iv),OLS,b_GP,0.03142999365050414
199003,(iv),OLS,b_GP,0.021907121817813287
199004,(iv),OLS,b_GP,-0.004208090067671928
199005,(iv),OLS,b_GP,-0.0012970335978202928
199006,(iv),OLS,b_GP,-0.029394117755571034
199007,(iv),OLS,b_GP,-0.023090872201584338
199008,(iv),OLS,b_GP,-0.013910501931554606
199009,(iv),OLS,b_GP,0.02365851935555631
199010,(iv),OLS,b_GP,0.02325855221224054
199011,(iv),OLS,b_GP,0.05268225988239102
199012,(iv),OLS,b_GP,0.002386260413911486
199101,(iv),OLS,b_GP,-0.02966833020806714
199102,(iv),OLS,b_GP,0.02908073479042006
199103,(iv),OLS,b_GP,0.03688476822305973
199104,(iv),OLS,b_GP,0.016562615010865478
199105,(iv),OLS,b_GP,0.011204483378713754
199106,(iv),OLS,b_GP,-0.007285586033486814
199107,(iv),OLS,b_GP,0.04175660036734524
199108,(iv),OLS,b_GP,-0.0018177361093193517
199109,(iv),OLS,b_GP,-0.016874536963668006
199110,(iv),OLS,b_GP,0.020640657576883745
199111,(iv),OLS,b_GP,0.024527666549749326
199112,(iv),OLS,b_GP,0.010626728806157962
199201,(iv),OLS,b_GP,0.05073386097860663
199202,(iv),OLS,b_GP,0.029384976758573406
199203,(iv),OLS,b_GP,-0.010490035883447702
199204,(iv),OLS,b_GP,-0.006549306951928416
199205,(iv),OLS,b_GP,-0.007785102491551545
199206,(iv),OLS,b_GP,-0.010772876063565539
199207,(iv),OLS,b_GP,0.021446447905677436
199208,(iv),OLS,b_GP,-0.0224442199491834
199209,(iv),OLS,b_GP,0.045872469689916213
199210,(iv),OLS,b_GP,0.05284297684438949
199211,(iv),OLS,b_GP,0.0342967875181102
199212,(iv),OLS,b_GP,0.005650584963750142
199301,(iv),OLS,b_GP,-0.01609099610695701
199302,(iv),OLS,b_GP,-0.010041673957855008
199303,(iv),OLS,b_GP,-0.03134926622300448
199304,(iv),OLS,b_GP,-0.005319723312050598
199305,(iv),OLS,b_GP,-0.017771496327670597
199306,(iv),OLS,b_GP,-0.005067813900763513
199307,(iv),OLS,b_GP,-0.03721042871548606
199308,(iv),OLS,b_GP,0.018882458600301532
199309,(iv),OLS,b_GP,-0.011457229785991492
199310,(iv),OLS,b_GP,0.047723793196338155
199311,(iv),OLS,b_GP,0.013574235517455291
199312,(iv),OLS,b_GP,-0.032282848735521195
199401,(iv),OLS,b_GP,0.02722842136565306
199402,(iv),OLS,b_GP,0.016054351556246554
199403,(iv),OLS,b_GP,0.013456219148984719
199404,(iv),OLS,b_GP,-0.01575869718226231
199405,(iv),OLS,b_GP,0.012153996562358237
199406,(iv),OLS,b_GP,-0.011491390464505912
199407,(iv),OLS,b_GP,0.029905707346226294
199408,(iv),OLS,b_GP,0.01988219446854332
199409,(iv),OLS,b_GP,0.03750985164472249
199410,(iv),OLS,b_GP,0.051728259525627124
199411,(iv),OLS,b_GP,0.027691889183250835
199412,(iv),OLS,b_GP,-0.015726491079649105
199501,(iv),OLS,b_GP,0.006654046009803287
199502,(iv),OLS,b_GP,0.004064247798462298
199503,(iv),OLS,b_GP,0.020014857750048534
199504,(iv),OLS,b_GP,-0.02204440768737948
199505,(iv),OLS,b_GP,0.015895297559505923
199506,(iv),OLS,b_GP,0.03816375157713233
199507,(iv),OLS,b_GP,-0.022762199779155886
199508,(iv),OLS,b_GP,-0.0003869290932935366
199509,(iv),OLS,b_GP,0.02674870129086778
199510,(iv),OLS,b_GP,-0.004286812124002452
199511,(iv),OLS,b_GP,-0.05181500208397492
199512,(iv),OLS,b_GP,-0.04760094881355762
199601,(iv),OLS,b_GP,0.02338621609441003
199602,(iv),OLS,b_GP,0.0006659127554504364
199603,(iv),OLS,b_GP,0.01879803666501166
199604,(iv),OLS,b_GP,0.026530681248105044
199605,(iv),OLS,b_GP,-0.0015087781064232128
199606,(iv),OLS,b_GP,0.017948516721266003
199607,(iv),OLS,b_GP,-0.015825176509273488
199608,(iv),OLS,b_GP,0.0004115395595377276
199609,(iv),OLS,b_GP,0.015383404969031237
199610,(iv),OLS,b_GP,0.010534999711787315
199611,(iv),OLS,b_GP,0.004340994734818998
199612,(iv),OLS,b_GP,-0.024129482742084877
199701,(iv),OLS,b_GP,0.01961374337482878
199702,(iv),OLS,b_GP,0.011606476223739226
199703,(iv),OLS,b_GP,0.03168420188560068
199704,(iv),OLS,b_GP,-0.005186500870457647
199705,(iv),OLS,b_GP,0.01109927387312682
199706,(iv),OLS,b_GP,0.019388714094632012
199707,(iv),OLS,b_GP,-0.0006796122682622236
199708,(iv),OLS,b_GP,-0.04219715529224241
199709,(iv),OLS,b_GP,0.006725501862655036
199710,(iv),OLS,b_GP,0.06177566019986469
199711,(iv),OLS,b_GP,0.014109360908940658
199712,(iv),OLS,b_GP,0.00047489779632330694
199801,(iv),OLS,b_GP,0.02328924971307824
199802,(iv),OLS,b_GP,0.001656548270811884
199803,(iv),OLS,b_GP,0.02747741613133752
199804,(iv),OLS,b_GP,0.031089062237254127
199805,(iv),OLS,b_GP,0.0637428865102869
199806,(iv),OLS,b_GP,0.028669819732140337
199807,(iv),OLS,b_GP,0.04977304336474576
199808,(iv),OLS,b_GP,-0.03155649505890648
199809,(iv),OLS,b_GP,-0.012879661708957886
199810,(iv),OLS,b_GP,0.10300697452922926
199811,(iv),OLS,b_GP,0.07647472176156804
199812,(iv),OLS,b_GP,0.022924989183746924
199901,(iv),OLS,b_GP,0.017359611722119514
199902,(iv),OLS,b_GP,-0.05385403862100607
199903,(iv),OLS,b_GP,-0.0427081534887187
199904,(iv),OLS,b_GP,0.02797862907516787
199905,(iv),OLS,b_GP,0.024674749893768742
199906,(iv),OLS,b_GP,-0.015155122195136216
199907,(iv),OLS,b_GP,0.010404810076982107
199908,(iv),OLS,b_GP,0.021477655631535603
199909,(iv),OLS,b_GP,0.04539988425387856
199910,(iv),OLS,b_GP,0.009702416432334611
199911,(iv),OLS,b_GP,-0.044281638130319614
199912,(iv),OLS,b_GP,-0.03091471012488002
200001,(iv),OLS,b_GP,-0.002726299563651844
200002,(iv),OLS,b_GP,-0.0167381545619867
200003,(iv),OLS,b_GP,-0.0032892577537768086
200004,(iv),OLS,b_GP,-0.012551560655176453
200005,(iv),OLS,b_GP,-0.031226869926562262
200006,(iv),OLS,b_GP,0.0029461074494402523
200007,(iv),OLS,b_GP,-0.025352809782971157
200008,(iv),OLS,b_GP,0.02065801839132951
200009,(iv),OLS,b_GP,0.050000416204480105
200010,(iv),OLS,b_GP,0.05583153339582361
200011,(iv),OLS,b_GP,-0.05195490413932003
200012,(iv),OLS,b_GP,0.014192129401630518
200101,(iv),OLS,b_GP,0.04991673178681834
200102,(iv),OLS,b_GP,0.007050066605213755
200103,(iv),OLS,b_GP,-0.01754772550143821
200104,(iv),OLS,b_GP,-0.00236009734322698
200105,(iv),OLS,b_GP,0.05191215156126995
200106,(iv),OLS,b_GP,0.0499127542919426
200107,(iv),OLS,b_GP,0.04021931670628954
200108,(iv),OLS,b_GP,0.06159087288704948
200109,(iv),OLS,b_GP,-0.0008086344707816939
200110,(iv),OLS,b_GP,0.05232070155138868
200111,(iv),OLS,b_GP,0.021237042593884446
200112,(iv),OLS,b_GP,0.08952538910223254
200201,(iv),OLS,b_GP,0.02517725054766093
200202,(iv),OLS,b_GP,-0.009608066156321746
200203,(iv),OLS,b_GP,0.06966650727031225
200204,(iv),OLS,b_GP,0.029549949161158103
200205,(iv),OLS,b_GP,0.05073721874837813
200206,(iv),OLS,b_GP,-0.0023678384860801936
200207,(iv),OLS,b_GP,0.031851987656012035
200208,(iv),OLS,b_GP,0.04007670746935097
200209,(iv),OLS,b_GP,0.0008101665178659873
200210,(iv),OLS,b_GP,-0.076243843314832
200211,(iv),OLS,b_GP,0.04593391776452194
200212,(iv),OLS,b_GP,0.021452931117028687
200301,(iv),OLS,b_GP,0.029008443017328897
200302,(iv),OLS,b_GP,0.016706187589062005
200303,(iv),OLS,b_GP,-0.04214463723820054
200304,(iv),OLS,b_GP,-0.0991250750122464
200305,(iv),OLS,b_GP,0.029143581013138353
200306,(iv),OLS,b_GP,0.06911965638027932
200307,(iv),OLS,b_GP,0.0009618410501362751
200308,(iv),OLS,b_GP,-0.009164696347621216
200309,(iv),OLS,b_GP,0.03800144845985199
200310,(iv),OLS,b_GP,0.03207827444863197
200311,(iv),OLS,b_GP,-0.06498955438586486
200312,(iv),OLS,b_GP,-0.014051082282174186
200401,(iv),OLS,b_GP,0.03146752718806463
200402,(iv),OLS,b_GP,0.024812367840594207
200403,(iv),OLS,b_GP,0.01104218684052038
200404,(iv),OLS,b_GP,0.007625732450581713
200405,(iv),OLS,b_GP,-0.0011342563741893429
200406,(iv),OLS,b_GP,0.018922586935744022
200407,(iv),OLS,b_GP,-0.0015777796046229746
200408,(iv),OLS,b_GP,-0.0013350473585311787
200409,(iv),OLS,b_GP,0.008966129556161589
200410,(iv),OLS,b_GP,0.010098343633815982
200411,(iv),OLS,b_GP,-0.00586492360756157
200412,(iv),OLS,b_GP,0.03181295293432136
200501,(iv),OLS,b_GP,-0.011764552269438027
200502,(iv),OLS,b_GP,0.05920228726844197
200503,(iv),OLS,b_GP,0.018753115872662512
200504,(iv),OLS,b_GP,0.008310776976245913
200505,(iv),OLS,b_GP,0.011052204441498212
200506,(iv),OLS,b_GP,-0.019292523929690424
200507,(iv),OLS,b_GP,-0.005879096833662242
200508,(iv),OLS,b_GP,-0.01803418374307158
200509,(iv),OLS,b_GP,0.02264168351858012
200510,(iv),OLS,b_GP,0.01738469066096848
200511,(iv),OLS,b_GP,0.012478905462777275
200512,(iv),OLS,b_GP,-0.05312527881363886
200601,(iv),OLS,b_GP,0.019058482172348457
200602,(iv),OLS,b_GP,0.002391622139921057
200603,(iv),OLS,b_GP,0.004990884805544937
200604,(iv),OLS,b_GP,0.014640024691912529
200605,(iv),OLS,b_GP,0.010917266150984203
200606,(iv),OLS,b_GP,0.03711125182415155
200607,(iv),OLS,b_GP,-0.02611911518742617
200608,(iv),OLS,b_GP,0.0758299876372674
200609,(iv),OLS,b_GP,-0.01493894884891524
200610,(iv),OLS,b_GP,-0.02672216091742096
200611,(iv),OLS,b_GP,0.024468870977977696
200612,(iv),OLS,b_GP,0.012738795603263242
200701,(iv),OLS,b_GP,0.00536309677892602
200702,(iv),OLS,b_GP,0.011970540944386432
200703,(iv),OLS,b_GP,-0.02849966504445553
200704,(iv),OLS,b_GP,0.0057640301611067354
200705,(iv),OLS,b_GP,0.007670519732051812
200706,(iv),OLS,b_GP,0.008569615692363367
200707,(iv),OLS,b_GP,-0.014819623417557264
200708,(iv),OLS,b_GP,-0.016385639118532365
200709,(iv),OLS,b_GP,-0.038069892547047714
200710,(iv),OLS,b_GP,0.02551429676528967
200711,(iv),OLS,b_GP,-0.0009548792411444001
200712,(iv),OLS,b_GP,-0.007077452630214268
200801,(iv),OLS,b_GP,-0.02809143113193687
200802,(iv),OLS,b_GP,0.011791017153434108
200803,(iv),OLS,b_GP,-0.004381402472881699
200804,(iv),OLS,b_GP,-0.023772205449225203
200805,(iv),OLS,b_GP,-0.00047441533033755305
200806,(iv),OLS,b_GP,0.00583487246314956
200807,(iv),OLS,b_GP,0.06140200906545426
200808,(iv),OLS,b_GP,0.07689948600129556
200809,(iv),OLS,b_GP,0.05387800830895607
200810,(iv),OLS,b_GP,-0.025806789382862842
200811,(iv),OLS,b_GP,-0.009051152773208294
200812,(iv),OLS,b_GP,-0.04387214780135646
200901,(iv),OLS,b_GP,0.07352222490196947
200902,(iv),OLS,b_GP,0.016506562702803734
200903,(iv),OLS,b_GP,-0.016038679196333103
200904,(iv),OLS,b_GP,-0.07457548262420001
200905,(iv),OLS,b_GP,0.01516610338904764
200906,(iv),OLS,b_GP,-0.011221303835643334
200907,(iv),OLS,b_GP,0.009570187095221422
200908,(iv),OLS,b_GP,-0.033180791227559556
200909,(iv),OLS,b_GP,0.07135642977378354
200910,(iv),OLS,b_GP,-0.028990873057347134
200911,(iv),OLS,b_GP,-0.014732241048164693
200912,(iv),OLS,b_GP,-0.0040790463357166205
201001,(iv),OLS,b_GP,0.029262820396336764
201002,(iv),OLS,b_GP,0.04537205490202103
201003,(iv),OLS,b_GP,0.0009321724552933258
201004,(iv),OLS,b_GP,0.028949589167285086
201005,(iv),OLS,b_GP,0.008533681901029842
201006,(iv),OLS,b_GP,-0.05032751600063743
201007,(iv),OLS,b_GP,0.012642796952602514
201008,(iv),OLS,b_GP,0.03175116963444831
201009,(iv),OLS,b_GP,-0.010497259651983764
201010,(iv),OLS,b_GP,0.003377068164528386
201011,(iv),OLS,b_GP,-0.05056836919638684
201012,(iv),OLS,b_GP,-0.023921589384157033
201101,(iv),OLS,b_GP,-0.014109836320792447
201102,(iv),OLS,b_GP,0.006383057750030945
201103,(iv),OLS,b_GP,0.02285478836690353
201104,(iv),OLS,b_GP,0.025470982876268207
201105,(iv),OLS,b_GP,0.030761113719466344
201106,(iv),OLS,b_GP,0.027603449973221193
201107,(iv),OLS,b_GP,0.03098306844133484
201108,(iv),OLS,b_GP,0.08555531799931493
201109,(iv),OLS,b_GP,-0.057192164089004946
201110,(iv),OLS,b_GP,-0.003459350309024953
201111,(iv),OLS,b_GP,0.02361513428099416
201112,(iv),OLS,b_GP,-0.05066156552295568
201201,(iv),OLS,b_GP,-0.007063490940050265
201202,(iv),OLS,b_GP,0.048543627819747005
201203,(iv),OLS,b_GP,0.0060999954801707655
201204,(iv),OLS,b_GP,0.04773805324992621
201205,(iv),OLS,b_GP,-0.03082724307024741
201206,(iv),OLS,b_GP,-0.009083818588430197
201207,(iv),OLS,b_GP,0.0007017124961363527
201208,(iv),OLS,b_GP,-0.01586761554007684
201209,(iv),OLS,b_GP,0.011509359803458376
201210,(iv),OLS,b_GP,0.008604757123414495
201211,(iv),OLS,b_GP,0.003166392130712516
201212,(iv),OLS,b_GP,-0.017422091855587025
201301,(iv),OLS,b_GP,0.010815578115511442
201302,(iv),OLS,b_GP,-0.005254466575971195
201303,(iv),OLS,b_GP,0.015364684597437294
201304,(iv),OLS,b_GP,0.008532686386656229
201305,(iv),OLS,b_GP,0.034282687770843305
201306,(iv),OLS,b_GP,-0.009522736033245802
201307,(iv),OLS,b_GP,0.0003491207444356482
201308,(iv),OLS,b_GP,-0.026548530768794838
201309,(iv),OLS,b_GP,0.034941989694930155
201310,(iv),OLS,b_GP,0.010708862874024824
201311,(iv),OLS,b_GP,-0.022596327062101552
201312,(iv),OLS,b_GP,-0.03363673331903547
201401,(iv),OLS,b_GP,-0.0326216022126104
201402,(iv),OLS,b_GP,0.0030889079135709777
201403,(iv),OLS,b_GP,0.0015710303485964605
201404,(iv),OLS,b_GP,-0.00739796128252602
201405,(iv),OLS,b_GP,-0.05851101710668005
201406,(iv),OLS,b_GP,0.03409154944203491
201407,(iv),OLS,b_GP,0.012929302763817785
201408,(iv),OLS,b_GP,0.06850074532466277
201409,(iv),OLS,b_GP,0.051919483335270175
201410,(iv),OLS,b_GP,0.04774635195627303
201411,(iv),OLS,b_GP,0.07132293807177918
201412,(iv),OLS,b_GP,0.004089877679354231
201501,(iv),OLS,b_GP,-0.09420934151273233
201502,(iv),OLS,b_GP,0.02652561330677663
201503,(iv),OLS,b_GP,-0.026035496288089835
201504,(iv),OLS,b_GP,0.0073305574354724234
201505,(iv),OLS,b_GP,0.03747936167799091
201506,(iv),OLS,b_GP,0.033141099612324185
201507,(iv),OLS,b_GP,0.019039371721597392
201508,(iv),OLS,b_GP,0.0852350176250888
201509,(iv),OLS,b_GP,-0.02190936588927797
201510,(iv),OLS,b_GP,-0.029038466264470066
201511,(iv),OLS,b_GP,0.07484227047153334
201512,(iv),OLS,b_GP,0.08092184242820087
201601,(iv),OLS,b_GP,0.017505131613604764
201602,(iv),OLS,b_GP,-0.03898709754435831
201603,(iv),OLS,b_GP,-0.07184658619259351
201604,(iv),OLS,b_GP,-0.014781110941183888
201605,(iv),OLS,b_GP,0.05578311216469978
201606,(iv),OLS,b_GP,0.015055406804619236
201607,(iv),OLS,b_GP,-0.0002427676731900294
201608,(iv),OLS,b_GP,-0.044556604995911464
201609,(iv),OLS,b_GP,0.06239849377673566
201610,(iv),OLS,b_GP,-0.02021691801987683
201611,(iv),OLS,b_GP,0.036337344397849185
201612,(iv),OLS,b_GP,-0.05247072487111412
201701,(iv),OLS,b_GP,0.003677865097705388
201702,(iv),OLS,b_GP,0.006648506408386519
201703,(iv),OLS,b_GP,0.03186055746863418
201704,(iv),OLS,b_GP,0.026104259045130248
201705,(iv),OLS,b_GP,-0.03194572548679644
201706,(iv),OLS,b_GP,-0.008522501644189027
201707,(iv),OLS,b_GP,0.006207316802412849
201708,(iv),OLS,b_GP,-0.04230894071173599
201709,(iv),OLS,b_GP,0.0025722609125806476
201710,(iv),OLS,b_GP,0.04341475992770273
201711,(iv),OLS,b_GP,-0.0028992289903618847
201712,(iv),OLS,b_GP,-0.025294924326991146
201801,(iv),OLS,b_GP,0.03996857705102994
201802,(iv),OLS,b_GP,0.036074280338523175
201803,(iv),OLS,b_GP,-0.001239626190510836
201804,(iv),OLS,b_GP,0.0186646889947016
201805,(iv),OLS,b_GP,0.0575108657728524
201806,(iv),OLS,b_GP,0.024638295077510003
201807,(iv),OLS,b_GP,0.05716720957284632
201808,(iv),OLS,b_GP,-0.010490832119580858
201809,(iv),OLS,b_GP,0.05794241432408662
201810,(iv),OLS,b_GP,0.014842396362590583
201811,(iv),OLS,b_GP,0.07749609017780784
201812,(iv),OLS,b_GP,-0.05761523059504588
201901,(iv),OLS,b_GP,-0.0036337542141532918
201902,(iv),OLS,b_GP,-0.03455208255266143
201903,(iv),OLS,b_GP,0.011027324162986213
201904,(iv),OLS,b_GP,-0.003614038805357246
201905,(iv),OLS,b_GP,-0.0179686855320565
201906,(iv),OLS,b_GP,0.019621279771493454
201907,(iv),OLS,b_GP,0.022599804467362348
201908,(iv),OLS,b_GP,0.0771614535537802
201909,(iv),OLS,b_GP,0.022185092768274024
201910,(iv),OLS,b_GP,-0.052859559946594206
201911,(iv),OLS,b_GP,-0.04256733513621883
201912,(iv),OLS,b_GP,-0.038962969822791904
202001,(iv),OLS,b_GP,-0.004789936354858974
202002,(iv),OLS,b_GP,0.007262229253420904
202003,(iv),OLS,b_GP,-0.042092116006835184
202004,(iv),OLS,b_GP,5.109326809115203e-05
202005,(iv),OLS,b_GP,0.015884473917657946
202006,(iv),OLS,b_GP,0.039883159402228245
202007,(iv),OLS,b_GP,0.020627805417959763
202008,(iv),OLS,b_GP,0.004385029527343657
202009,(iv),OLS,b_GP,0.03006406664995275
202010,(iv),OLS,b_GP,-0.05822160913571178
202011,(iv),OLS,b_GP,-0.022216167402313112
202012,(iv),OLS,b_GP,0.011262827790966462
202101,(iv),OLS,b_GP,-0.029217056894111894
202102,(iv),OLS,b_GP,0.018191432097183602
202103,(iv),OLS,b_GP,0.03064172406234405
202104,(iv),OLS,b_GP,0.010149997379412537
202105,(iv),OLS,b_GP,0.021656044659922928
202106,(iv),OLS,b_GP,0.08871974016172102
202107,(iv),OLS,b_GP,-0.023560878480164832
202108,(iv),OLS,b_GP,-0.034764155340829515
202109,(iv),OLS,b_GP,0.024610970945122917
202110,(iv),OLS,b_GP,0.09867523320155636
202111,(iv),OLS,b_GP,0.06071763408771565
202112,(iv),OLS,b_GP,-0.00028831371871400335
202201,(iv),OLS,b_GP,-0.04721555289039449
202202,(iv),OLS,b_GP,-0.07691475769750021
202203,(iv),OLS,b_GP,0.0870750191564823
202204,(iv),OLS,b_GP,0.022318461600878213
202205,(iv),OLS,b_GP,-0.02791198186951268
202206,(iv),OLS,b_GP,0.0279309516810931
202207,(iv),OLS,b_GP,-0.050344278996837674
202208,(iv),OLS,b_GP,0.022918912024838416
202209,(iv),OLS,b_GP,0.044348729341486134
202210,(iv),OLS,b_GP,0.05400096704672597
202211,(iv),OLS,b_GP,-0.0033361195979031083
202212,(iv),OLS,b_GP,-0.07600245252255686
202301,(iv),OLS,b_GP,0.06629527800277112
202302,(iv),OLS,b_GP,0.040857305600749794
202303,(iv),OLS,b_GP,-0.0026867826403222713
202304,(iv),OLS,b_GP,-0.045952231256856935
202305,(iv),OLS,b_GP,0.04246393293442961
202306,(iv),OLS,b_GP,0.026591503661601033
202307,(iv),OLS,b_GP,0.050824232032680695
202308,(iv),OLS,b_GP,0.04695358916557566
202309,(iv),OLS,b_GP,0.049892264048078866
202310,(iv),OLS,b_GP,0.040788110177173015
202311,(iv),OLS,b_GP,-0.02464680385833982
202312,(iv),OLS,b_GP,-0.004361557016276614
202401,(iv),OLS,b_GP,-0.050059102746499086
202402,(iv),OLS,b_GP,0.00346690584021022
202403,(iv),OLS,b_GP,0.025742176892125518
202404,(iv),OLS,b_GP,0.07552590876005141
202405,(iv),OLS,b_GP,0.03029932683332763
202406,(iv),OLS,b_GP,-0.031181567294926833
202407,(iv),OLS,b_GP,0.006059208786301579
202408,(iv),OLS,b_GP,0.0037715908089506027
202409,(iv),OLS,b_GP,-0.038211320769475296
202410,(iv),OLS,b_GP,0.036952103267690446
202411,(iv),OLS,b_GP,0.033305655599456814
197307,(iv),WLS,a,-0.012768892513107854
197308,(iv),WLS,a,0.08038533131807171
197309,(iv),WLS,a,0.0211624622174762
197310,(iv),WLS,a,-0.10531975783313738
197311,(iv),WLS,a,0.09156658682048341
197312,(iv),WLS,a,-0.12275706362125709
197401,(iv),WLS,a,-0.00290111497406769
197402,(iv),WLS,a,-0.04167885112599725
197403,(iv),WLS,a,-0.06272632575745439
197404,(iv),WLS,a,-0.04434254249859905
197405,(iv),WLS,a,-0.008930254218035246
197406,(iv),WLS,a,-0.062485858024583465
197407,(iv),WLS,a,-0.0814680993694262
197408,(iv),WLS,a,-0.11258115243183875
197409,(iv),WLS,a,0.24823953759194972
197410,(iv),WLS,a,-0.04340212652694775
197411,(iv),WLS,a,-0.01902131831319291
197412,(iv),WLS,a,-0.010414431041457789
197501,(iv),WLS,a,0.06268990458279147
197502,(iv),WLS,a,0.008214992136389565
197503,(iv),WLS,a,0.08409695271942468
197504,(iv),WLS,a,0.05810015992144185
197505,(iv),WLS,a,0.056623860975886314
197506,(iv),WLS,a,-0.04133923717009417
197507,(iv),WLS,a,-0.012052798573082283
197508,(iv),WLS,a,-0.05409079663940146
197509,(iv),WLS,a,0.017066216913233755
197510,(iv),WLS,a,-0.006081793987910793
197511,(iv),WLS,a,0.0016432574001642886
197512,(iv),WLS,a,0.08626995809570935
197601,(iv),WLS,a,-0.023569530895279172
197602,(iv),WLS,a,0.03250200555039619
197603,(iv),WLS,a,0.020024779855156542
197604,(iv),WLS,a,-0.005045826078258222
197605,(iv),WLS,a,0.016752812637151487
197606,(iv),WLS,a,-0.04520610447333134
197607,(iv),WLS,a,-0.018540157644192395
197608,(iv),WLS,a,0.02483038492305338
197609,(iv),WLS,a,0.004099541558196869
197610,(iv),WLS,a,-0.021147975120353765
197611,(iv),WLS,a,0.04074937526353125
197612,(iv),WLS,a,-0.08874589139637952
197701,(iv),WLS,a,-0.02896755051718255
197702,(iv),WLS,a,-0.03484132863680565
197703,(iv),WLS,a,0.013761751414960954
197704,(iv),WLS,a,-0.02502901508137749
197705,(iv),WLS,a,0.017506872294418926
197706,(iv),WLS,a,-0.053464827400131906
197707,(iv),WLS,a,-0.026779583309667624
197708,(iv),WLS,a,-0.0007841789883922657
197709,(iv),WLS,a,-0.07289587201962486
197710,(iv),WLS,a,0.0060023714176581575
197711,(iv),WLS,a,-0.0007469843144820735
197712,(iv),WLS,a,-0.10052178858562512
197801,(iv),WLS,a,-0.03825832406111876
197802,(iv),WLS,a,0.00798917112863361
197803,(iv),WLS,a,0.09877453982548756
197804,(iv),WLS,a,-0.014957179886937648
197805,(iv),WLS,a,-0.041762689471972946
197806,(iv),WLS,a,0.050332826381563375
197807,(iv),WLS,a,0.03344138647769527
197808,(iv),WLS,a,-0.005915100113660694
197809,(iv),WLS,a,-0.08199973675441129
197810,(iv),WLS,a,0.01986952725815403
197811,(iv),WLS,a,0.01641343899150733
197812,(iv),WLS,a,0.016230154362257436
197901,(iv),WLS,a,-0.019897550489616885
197902,(iv),WLS,a,0.056763222711844995
197903,(iv),WLS,a,-0.014657987211419058
197904,(iv),WLS,a,-0.022121482228768356
197905,(iv),WLS,a,0.05872694504043847
197906,(iv),WLS,a,0.008978183297957998
197907,(iv),WLS,a,0.06745749073887815
197908,(iv),WLS,a,0.014677862814964493
197909,(iv),WLS,a,-0.04621412000292517
197910,(iv),WLS,a,0.10094961555787987
197911,(iv),WLS,a,0.0631405476597723
197912,(iv),WLS,a,0.12081331184071896
198001,(iv),WLS,a,0.034102818099644445
198002,(iv),WLS,a,-0.1597212593855438
198003,(iv),WLS,a,0.046427494171311916
198004,(iv),WLS,a,0.022568169754093943
198005,(iv),WLS,a,0.07166471209883898
198006,(iv),WLS,a,0.05075069842390872
198007,(iv),WLS,a,0.05371653975990248
198008,(iv),WLS,a,0.10311945741935075
198009,(iv),WLS,a,0.06146121993810985
198010,(iv),WLS,a,0.250375277144914
198011,(iv),WLS,a,-0.10083967694693516
198012,(iv),WLS,a,-0.14642594215035723
198101,(iv),WLS,a,0.008529086492865792
198102,(iv),WLS,a,0.004683212323607822
198103,(iv),WLS,a,-0.11217633932178796
198104,(iv),WLS,a,-0.04646556431047315
198105,(iv),WLS,a,-0.02687417050069328
198106,(iv),WLS,a,0.05994504381373541
198107,(iv),WLS,a,-0.10645126843432962
198108,(iv),WLS,a,-0.1585651627500681
198109,(iv),WLS,a,0.13944271330433078
198110,(iv),WLS,a,0.03908890111257086
198111,(iv),WLS,a,-0.0838008823076261
198112,(iv),WLS,a,-0.11765698645788007
198201,(iv),WLS,a,-0.18022106841165944
198202,(iv),WLS,a,-0.06987234311581285
198203,(iv),WLS,a,0.0399098411598604
198204,(iv),WLS,a,-0.05206057238069558
198205,(iv),WLS,a,-0.08360315331586896
198206,(iv),WLS,a,-0.0805223657510811
198207,(iv),WLS,a,0.11583716808324633
198208,(iv),WLS,a,-0.014373445061543573
198209,(iv),WLS,a,0.12859532807128582
198210,(iv),WLS,a,-0.0031847915213399315
198211,(iv),WLS,a,0.007890960220818978
198212,(iv),WLS,a,0.0525740081680225
198301,(iv),WLS,a,0.0025701202655643244
198302,(iv),WLS,a,-0.014271642037105587
198303,(iv),WLS,a,0.0380340706044821
198304,(iv),WLS,a,0.026073362212281116
198305,(iv),WLS,a,0.04589733650783437
198306,(iv),WLS,a,-0.08249768652434064
198307,(iv),WLS,a,-0.05688228343887247
198308,(iv),WLS,a,-0.007768037518994262
198309,(iv),WLS,a,-0.08639539123282687
198310,(iv),WLS,a,0.05801258559601151
198311,(iv),WLS,a,-0.020543327998401695
198312,(iv),WLS,a,-0.07772790698704053
198401,(iv),WLS,a,-0.08342453139644665
198402,(iv),WLS,a,0.0013948921224632112
198403,(iv),WLS,a,-0.03170503912789347
198404,(iv),WLS,a,-0.0753262703366804
198405,(iv),WLS,a,0.0303643960466631
198406,(iv),WLS,a,-0.042557068288414004
198407,(iv),WLS,a,0.13640953317276247
198408,(iv),WLS,a,-0.08811591427522067
198409,(iv),WLS,a,-0.03200712264596664
198410,(iv),WLS,a,-0.05374654951367671
198411,(iv),WLS,a,0.018181283874616396
198412,(iv),WLS,a,0.15506264900269753
198501,(iv),WLS,a,-0.01882075024860116
198502,(iv),WLS,a,-0.06203554279612715
198503,(iv),WLS,a,-0.04202173713325076
198504,(iv),WLS,a,0.035405949010830835
198505,(iv),WLS,a,0.010016025678545804
198506,(iv),WLS,a,0.008580864335442697
198507,(iv),WLS,a,-0.03660455991244761
198508,(iv),WLS,a,-0.11393831722340587
198509,(iv),WLS,a,-0.0055538258436856275
198510,(iv),WLS,a,0.09039884390499205
198511,(iv),WLS,a,0.049087323901623355
198512,(iv),WLS,a,-0.013255900265774567
198601,(iv),WLS,a,0.09692511885090241
198602,(iv),WLS,a,0.05116115601904021
198603,(iv),WLS,a,-0.010187484050593911
198604,(iv),WLS,a,0.005240409209327621
198605,(iv),WLS,a,-0.011295443869924565
198606,(iv),WLS,a,-0.11599388147429196
198607,(iv),WLS,a,0.04208265103900026
198608,(iv),WLS,a,-0.11398896224349098
198609,(iv),WLS,a,0.07494410622060727
198610,(iv),WLS,a,0.010793422164615015
198611,(iv),WLS,a,-0.02322351987631288
198612,(iv),WLS,a,0.14251991766989022
198701,(iv),WLS,a,0.08282105281008441
198702,(iv),WLS,a,-0.010047361522396192
198703,(iv),WLS,a,-0.03433316036723743
198704,(iv),WLS,a,-0.00012236271879458062
198705,(iv),WLS,a,0.01743768272088889
198706,(iv),WLS,a,0.07580394583109637
198707,(iv),WLS,a,0.027441196297577367
198708,(iv),WLS,a,0.01127668120593512
198709,(iv),WLS,a,-0.28048567478585784
198710,(iv),WLS,a,-0.08577680079423988
198711,(iv),WLS,a,0.08408654000904581
198712,(iv),WLS,a,-0.021979909765443992
198801,(iv),WLS,a,0.037557445026890644
198802,(iv),WLS,a,-0.03903205125070063
198803,(iv),WLS,a,-0.029588900659180205
198804,(iv),WLS,a,-0.005011000613119078
198805,(iv),WLS,a,0.0527313023688322
198806,(iv),WLS,a,-0.029499600298246734
198807,(iv),WLS,a,-0.05152857657499302
198808,(iv),WLS,a,0.04276685300532525
198809,(iv),WLS,a,-0.012031931365923747
198810,(iv),WLS,a,-0.028498855179789475
198811,(iv),WLS,a,0.025832058514963434
198812,(iv),WLS,a,0.06594183156678497
198901,(iv),WLS,a,-0.03100119451488911
198902,(iv),WLS,a,0.022199743355238968
198903,(iv),WLS,a,0.08083243590224339
198904,(iv),WLS,a,0.07687080750659915
198905,(iv),WLS,a,-0.02948634502573534
198906,(iv),WLS,a,0.11236955891384333
198907,(iv),WLS,a,-0.006602707320685674
198908,(iv),WLS,a,0.005922465117771187
198909,(iv),WLS,a,-0.03409473125456252
198910,(iv),WLS,a,0.044867503855546755
198911,(iv),WLS,a,0.003847690216123874
198912,(iv),WLS,a,-0.0780890254535948
199001,(iv),WLS,a,0.009160190385481357
199002,(iv),WLS,a,0.021208813755766245
199003,(iv),WLS,a,-0.02825730267206637
199004,(iv),WLS,a,0.09108816983325536
199005,(iv),WLS,a,0.02331664291833786
199006,(iv),WLS,a,0.0036225217080207675
199007,(iv),WLS,a,-0.07805127513754534
199008,(iv),WLS,a,-0.04782499125959264
199009,(iv),WLS,a,-0.03690665849332125
199010,(iv),WLS,a,0.010210737944073841
199011,(iv),WLS,a,0.020112896324281728
199012,(iv),WLS,a,0.024849976268749956
199101,(iv),WLS,a,0.07568506250625838
199102,(iv),WLS,a,-0.0015699833759723655
199103,(iv),WLS,a,-0.00890551864417937
199104,(iv),WLS,a,0.027417765262987413
199105,(iv),WLS,a,-0.05605324963661364
199106,(iv),WLS,a,0.039088884741017245
199107,(iv),WLS,a,0.02388492056732199
199108,(iv),WLS,a,-0.007732430497200672
199109,(iv),WLS,a,-0.00719323326853189
199110,(iv),WLS,a,-0.04810475261920269
199111,(iv),WLS,a,0.13167358091765802
199112,(iv),WLS,a,-0.04124266913786784
199201,(iv),WLS,a,-0.04373578915678314
199202,(iv),WLS,a,-0.06127115304546655
199203,(iv),WLS,a,0.03134437360498065
199204,(iv),WLS,a,0.015419793002014267
199205,(iv),WLS,a,-0.006075219307721456
199206,(iv),WLS,a,0.030317527167371728
199207,(iv),WLS,a,-0.007566447225459481
199208,(iv),WLS,a,0.03182486212043781
199209,(iv),WLS,a,-0.001207198200534754
199210,(iv),WLS,a,0.03917198190534343
199211,(iv),WLS,a,0.022243990164733076
199212,(iv),WLS,a,-0.034773290070227315
199301,(iv),WLS,a,-0.04449743604886378
199302,(iv),WLS,a,0.02673096023993354
199303,(iv),WLS,a,-0.04045269461418908
199304,(iv),WLS,a,0.020762761530666758
199305,(iv),WLS,a,-0.02031060066379992
199306,(iv),WLS,a,0.015348213604564457
199307,(iv),WLS,a,0.019866983916989146
199308,(iv),WLS,a,-0.03246088258378067
199309,(iv),WLS,a,0.04374379989615641
199310,(iv),WLS,a,0.006300300918565452
199311,(iv),WLS,a,0.03448164151801459
199312,(iv),WLS,a,0.06248782803315163
199401,(iv),WLS,a,-0.05086039266669044
199402,(iv),WLS,a,-0.07296223039837466
199403,(iv),WLS,a,0.005033656618997174
199404,(iv),WLS,a,0.0007561527837724332
199405,(iv),WLS,a,-0.051260286373117254
199406,(iv),WLS,a,0.03176678307666271
199407,(iv),WLS,a,0.004242180161114745
199408,(iv),WLS,a,-0.030099189348010015
199409,(iv),WLS,a,-0.009823330851843384
199410,(iv),WLS,a,-0.06986748063406585
199411,(iv),WLS,a,0.03401279719971995
199412,(iv),WLS,a,0.012331814790083209
199501,(iv),WLS,a,0.05206211607678273
199502,(iv),WLS,a,0.011509110432919783
199503,(iv),WLS,a,0.005928153768263251
199504,(iv),WLS,a,0.019235655811551733
199505,(iv),WLS,a,0.006008919341404765
199506,(iv),WLS,a,0.04610845971792399
199507,(iv),WLS,a,-0.005034915671998701
199508,(iv),WLS,a,0.04112703759497055
199509,(iv),WLS,a,-0.0198793040004165
199510,(iv),WLS,a,0.08327209958153477
199511,(iv),WLS,a,0.04318919564551084
199512,(iv),WLS,a,0.05964966704073012
199601,(iv),WLS,a,-0.026224707079849
199602,(iv),WLS,a,0.019062678544331024
199603,(iv),WLS,a,-0.024501378960101954
199604,(iv),WLS,a,0.0025035419229022596
199605,(iv),WLS,a,0.022658044619167348
199606,(iv),WLS,a,-0.07064794905186458
199607,(iv),WLS,a,0.006506958627819632
199608,(iv),WLS,a,0.04015128673668412
199609,(iv),WLS,a,0.0069665779363358715
199610,(iv),WLS,a,0.04388808553260796
199611,(iv),WLS,a,-0.011420338826255687
199612,(iv),WLS,a,0.04499526905793315
199701,(iv),WLS,a,-0.014384833823327576
199702,(iv),WLS,a,-0.06624255585011159
199703,(iv),WLS,a,0.018348086631316554
199704,(iv),WLS,a,0.056543875373729076
199705,(iv),WLS,a,0.045073842735206815
199706,(iv),WLS,a,0.05253652250021453
199707,(iv),WLS,a,-0.060528519995602485
199708,(iv),WLS,a,0.037642696437585915
199709,(iv),WLS,a,-0.08743252038357661
199710,(iv),WLS,a,-0.002767629755419155
199711,(iv),WLS,a,0.0201787611175681
199712,(iv),WLS,a,-0.024459712845486013
199801,(iv),WLS,a,0.07396291513997472
199802,(iv),WLS,a,0.04688113401741079
199803,(iv),WLS,a,0.009030652464113902
199804,(iv),WLS,a,-0.052720439698598666
199805,(iv),WLS,a,-0.00988292503482075
199806,(iv),WLS,a,-0.03865866139471373
199807,(iv),WLS,a,-0.11460638593077775
199808,(iv),WLS,a,0.075912682266202
199809,(iv),WLS,a,0.07322073620139283
199810,(iv),WLS,a,0.00931580650298205
199811,(iv),WLS,a,0.046136697184631356
199812,(iv),WLS,a,0.012040631011597596
199901,(iv),WLS,a,-0.015660488473213847
199902,(iv),WLS,a,0.06518521898234435
199903,(iv),WLS,a,0.08125064677607567
199904,(iv),WLS,a,-0.062015788532635965
199905,(iv),WLS,a,0.03984937691779213
199906,(iv),WLS,a,-0.001983500630167251
199907,(iv),WLS,a,-0.04030590441635355
199908,(iv),WLS,a,-0.010516355253576814
199909,(iv),WLS,a,0.061134862041758664
199910,(iv),WLS,a,0.010887941325080851
199911,(iv),WLS,a,0.0791794905873884
199912,(iv),WLS,a,-0.0547127873933217
200001,(iv),WLS,a,-0.0355171657192134
200002,(iv),WLS,a,0.07564687842635692
200003,(iv),WLS,a,-0.07546659316928955
200004,(iv),WLS,a,-0.055783192627055694
200005,(iv),WLS,a,0.04960201065861673
200006,(iv),WLS,a,-0.06831773770395722
200007,(iv),WLS,a,0.08705840856276942
200008,(iv),WLS,a,-0.1444053188710186
200009,(iv),WLS,a,-0.02604831891401214
200010,(iv),WLS,a,-0.23723831672954862
200011,(iv),WLS,a,-0.11629802036275383
200012,(iv),WLS,a,0.11016920161541872
200101,(iv),WLS,a,-0.23077839532919855
200102,(iv),WLS,a,-0.11650974138673123
200103,(iv),WLS,a,0.1441597922849068
200104,(iv),WLS,a,-0.0068995712856683745
200105,(iv),WLS,a,-0.056762627465825936
200106,(iv),WLS,a,-0.038210588336503315
200107,(iv),WLS,a,-0.10824039458259219
200108,(iv),WLS,a,-0.07152490877736163
200109,(iv),WLS,a,0.02699054554910185
200110,(iv),WLS,a,0.04635521233678897
200111,(iv),WLS,a,-0.0055109513062271175
200112,(iv),WLS,a,-0.038994096007088065
200201,(iv),WLS,a,-0.03888768432017042
200202,(iv),WLS,a,0.04608029167168067
200203,(iv),WLS,a,-0.1315845965699281
200204,(iv),WLS,a,0.02000797185284862
200205,(iv),WLS,a,-0.10938016890454762
200206,(iv),WLS,a,-0.0822117678691602
200207,(iv),WLS,a,-0.046169754022147805
200208,(iv),WLS,a,-0.13483651826447926
200209,(iv),WLS,a,0.16067874771015297
200210,(iv),WLS,a,0.11354065669547736
200211,(iv),WLS,a,-0.10945991669576897
200212,(iv),WLS,a,-0.04058866950065647
200301,(iv),WLS,a,-0.01681038639529046
200302,(iv),WLS,a,0.0003152937458280193
200303,(iv),WLS,a,0.10937152442424995
200304,(iv),WLS,a,0.07601512372892807
200305,(iv),WLS,a,-0.004619463012597265
200306,(iv),WLS,a,0.004475189991736544
200307,(iv),WLS,a,0.007316642939672946
200308,(iv),WLS,a,-0.027696514017474527
200309,(iv),WLS,a,0.011376831719039806
200310,(iv),WLS,a,-0.0082495101270291
200311,(iv),WLS,a,0.10639647903438056
200312,(iv),WLS,a,-0.01318213447221295
200401,(iv),WLS,a,-0.01574992304589086
200402,(iv),WLS,a,-0.028313171570051164
200403,(iv),WLS,a,0.014295608602250551
200404,(iv),WLS,a,-0.0006187908101744817
200405,(iv),WLS,a,0.030715808920977937
200406,(iv),WLS,a,-0.06993416708807652
200407,(iv),WLS,a,-0.02529218356392984
200408,(iv),WLS,a,0.026684659254944388
200409,(iv),WLS,a,-0.004983427836722496
200410,(iv),WLS,a,0.04484928041453131
200411,(iv),WLS,a,0.027213111689753943
200412,(iv),WLS,a,-0.05482438991309723
200501,(iv),WLS,a,0.040898423152703256
200502,(iv),WLS,a,-0.040259354209433405
200503,(iv),WLS,a,-0.002508753589940252
200504,(iv),WLS,a,0.015215197870572914
200505,(iv),WLS,a,-0.03639890585979198
200506,(iv),WLS,a,0.06274262949726861
200507,(iv),WLS,a,-0.0021476575834420775
200508,(iv),WLS,a,0.014356415693241902
200509,(iv),WLS,a,-0.013979880441009847
200510,(iv),WLS,a,0.05319335454125262
200511,(iv),WLS,a,-0.00538165952373383
200512,(iv),WLS,a,-0.0013794263629475386
200601,(iv),WLS,a,-0.006916053922359099
200602,(iv),WLS,a,0.021949519821540114
200603,(iv),WLS,a,-0.002483164991512476
200604,(iv),WLS,a,-0.0324175093648437
200605,(iv),WLS,a,-0.025532837932786875
200606,(iv),WLS,a,-0.033073771248876116
200607,(iv),WLS,a,0.028166265559174477
200608,(iv),WLS,a,-0.008131674647349556
200609,(iv),WLS,a,0.01831609594244404
200610,(iv),WLS,a,0.03811683272724467
200611,(iv),WLS,a,-0.00046658626550458154
200612,(iv),WLS,a,0.004338047457971945
200701,(iv),WLS,a,-0.004534488200889666
200702,(iv),WLS,a,0.016282715537778266
200703,(iv),WLS,a,0.05554013783363202
200704,(iv),WLS,a,0.03400706910314344
200705,(iv),WLS,a,-0.01339467744564166
200706,(iv),WLS,a,0.023409076869295012
200707,(iv),WLS,a,0.023685747884103506
200708,(iv),WLS,a,0.10072587149560724
200709,(iv),WLS,a,0.04654546643139162
200710,(iv),WLS,a,-0.0564198126090828
200711,(iv),WLS,a,-0.00125107884592513
200712,(iv),WLS,a,-0.1064706553332644
200801,(iv),WLS,a,-0.007773671768501836
200802,(iv),WLS,a,0.003688112105391321
200803,(iv),WLS,a,0.01753180009769978
200804,(iv),WLS,a,0.012180488254835805
200805,(iv),WLS,a,-0.09557404381583685
200806,(iv),WLS,a,-0.0520005310834686
200807,(iv),WLS,a,-0.04449558999998326
200808,(iv),WLS,a,-0.2058315308238472
200809,(iv),WLS,a,-0.21334704781140856
200810,(iv),WLS,a,-0.07499965815229082
200811,(iv),WLS,a,-0.006484519802938893
200812,(iv),WLS,a,-0.038818997635493784
200901,(iv),WLS,a,-0.14970713307729208
200902,(iv),WLS,a,0.07783376708146723
200903,(iv),WLS,a,0.1126994842029692
200904,(iv),WLS,a,0.12165757946536915
200905,(iv),WLS,a,-0.037676295261428454
200906,(iv),WLS,a,0.07049439766781705
200907,(iv),WLS,a,0.005612971668765946
200908,(iv),WLS,a,0.049473111111634195
200909,(iv),WLS,a,-0.03018337373869675
200910,(iv),WLS,a,0.1041434718795233
200911,(iv),WLS,a,0.004204368380395164
200912,(iv),WLS,a,-0.048772997410880446
201001,(iv),WLS,a,0.013779795628193118
201002,(iv),WLS,a,0.07083872203660499
201003,(iv),WLS,a,0.011227373671604934
201004,(iv),WLS,a,-0.08503854112247217
201005,(iv),WLS,a,-0.013956422865652662
201006,(iv),WLS,a,0.08991706993611669
201007,(iv),WLS,a,-0.03793842962364931
201008,(iv),WLS,a,0.10146225580416057
201009,(iv),WLS,a,0.06943494237837884
201010,(iv),WLS,a,0.025581492715988922
201011,(iv),WLS,a,0.08012360399437275
201012,(iv),WLS,a,0.06826030767948882
201101,(iv),WLS,a,0.035090344821136404
201102,(iv),WLS,a,0.009084385615721089
201103,(iv),WLS,a,0.01500185102255393
201104,(iv),WLS,a,-0.04261148003656998
201105,(iv),WLS,a,-0.020262574954427036
201106,(iv),WLS,a,0.0009013003416862407
201107,(iv),WLS,a,-0.07656550262884418
201108,(iv),WLS,a,-0.13980718377022291
201109,(iv),WLS,a,0.15623872257621407
201110,(iv),WLS,a,-0.00357276463093486
201111,(iv),WLS,a,-0.03327177220194124
201112,(iv),WLS,a,0.08986584404923087
201201,(iv),WLS,a,0.0626638133576761
201202,(iv),WLS,a,0.00876926166933622
201203,(iv),WLS,a,-0.006729949543981624
201204,(iv),WLS,a,-0.12782693180485802
201205,(iv),WLS,a,0.030813910458827323
201206,(iv),WLS,a,0.007653334954241913
201207,(iv),WLS,a,0.024181456936022194
201208,(iv),WLS,a,0.0296573126001905
201209,(iv),WLS,a,-0.03218992446087875
201210,(iv),WLS,a,0.024364383544125387
201211,(iv),WLS,a,0.010965751178591322
201212,(iv),WLS,a,0.03552129242236804
201301,(iv),WLS,a,0.007831671862939963
201302,(iv),WLS,a,0.028800179018674075
201303,(iv),WLS,a,-0.0061511380516713855
201304,(iv),WLS,a,0.014718598245537359
201305,(iv),WLS,a,-0.02148243474423861
201306,(iv),WLS,a,0.062031574152329856
201307,(iv),WLS,a,-0.004666060027399696
201308,(iv),WLS,a,0.05135131847390668
201309,(iv),WLS,a,0.023624958573968315
201310,(iv),WLS,a,0.020570725892978
201311,(iv),WLS,a,0.04856497286112695
201312,(iv),WLS,a,-0.013061036301182464
201401,(iv),WLS,a,0.04818107003245811
201402,(iv),WLS,a,-0.03291110112508806
201403,(iv),WLS,a,0.016372011355289342
201404,(iv),WLS,a,0.02993952666111396
201405,(iv),WLS,a,0.015307425500191915
201406,(iv),WLS,a,-0.039224958368567216
201407,(iv),WLS,a,0.06213821983032541
201408,(iv),WLS,a,-0.029624231131428855
201409,(iv),WLS,a,0.037591798214376436
201410,(iv),WLS,a,-0.004953632691890092
201411,(iv),WLS,a,-0.03156559824751731
201412,(iv),WLS,a,-0.002777323496925549
201501,(iv),WLS,a,0.09731033014324275
201502,(iv),WLS,a,-0.01983521308768399
201503,(iv),WLS,a,0.023921257346250637
201504,(iv),WLS,a,0.0194661148682032
201505,(iv),WLS,a,-0.01304854035227334
201506,(iv),WLS,a,0.049406013148733045
201507,(iv),WLS,a,-0.07934795399633852
201508,(iv),WLS,a,-0.03141972329359516
201509,(iv),WLS,a,0.1277992674118463
201510,(iv),WLS,a,0.014358292530401112
201511,(iv),WLS,a,-0.018110495364059554
201512,(iv),WLS,a,-0.11525205129407301
201601,(iv),WLS,a,0.0074852101536462354
201602,(iv),WLS,a,0.07177561118028808
201603,(iv),WLS,a,0.016016431666884184
201604,(iv),WLS,a,0.006764521643675659
201605,(iv),WLS,a,-0.013915265847129807
201606,(iv),WLS,a,0.01764772757063729
201607,(iv),WLS,a,-0.004304367809642235
201608,(iv),WLS,a,0.0032095761181197315
201609,(iv),WLS,a,-0.012248947233502895
201610,(iv),WLS,a,0.03892695649152691
201611,(iv),WLS,a,0.0042864061507088555
201612,(iv),WLS,a,0.060281207571809485
201701,(iv),WLS,a,0.03511960283554849
201702,(iv),WLS,a,0.004329393565611685
201703,(iv),WLS,a,0.014646635864939339
201704,(iv),WLS,a,0.029500259391311
201705,(iv),WLS,a,0.02209892636349314
201706,(iv),WLS,a,0.03301710823731037
201707,(iv),WLS,a,0.027293369790191528
201708,(iv),WLS,a,0.022440696647602214
201709,(iv),WLS,a,0.030901490589152675
201710,(iv),WLS,a,-0.009484723660269619
201711,(iv),WLS,a,0.021461322273858503
201712,(iv),WLS,a,0.09224274787603343
201801,(iv),WLS,a,-0.010359609750543172
201802,(iv),WLS,a,-0.05225554026886952
201803,(iv),WLS,a,0.006734144604165888
201804,(iv),WLS,a,0.053932411597983704
201805,(iv),WLS,a,-0.016102600296279215
201806,(iv),WLS,a,0.04154773705885019
201807,(iv),WLS,a,0.037982942230235454
201808,(iv),WLS,a,0.028032061162440974
201809,(iv),WLS,a,-0.10412455427154417
201810,(iv),WLS,a,-0.006976483179158613
201811,(iv),WLS,a,-0.0844243684638368
201812,(iv),WLS,a,0.07679038325930074
201901,(iv),WLS,a,0.06346722808589073
201902,(iv),WLS,a,0.05063626931578929
201903,(iv),WLS,a,0.057080683977023164
201904,(iv),WLS,a,-0.057256207899710254
201905,(iv),WLS,a,0.0848363184956142
201906,(iv),WLS,a,0.009473868178526067
201907,(iv),WLS,a,-0.019016879160041248
201908,(iv),WLS,a,-0.020684709853730002
201909,(iv),WLS,a,0.027061426827710035
201910,(iv),WLS,a,0.08012734655757046
201911,(iv),WLS,a,0.0238866571189524
201912,(iv),WLS,a,0.07584297504905287
202001,(iv),WLS,a,-0.0969525171200107
202002,(iv),WLS,a,-0.10918525118214592
202003,(iv),WLS,a,0.12402540692728808
202004,(iv),WLS,a,0.05639239883982298
202005,(iv),WLS,a,0.08821121378377074
202006,(iv),WLS,a,0.10454905474098888
202007,(iv),WLS,a,0.19083218952316372
202008,(iv),WLS,a,-0.05645328216484662
202009,(iv),WLS,a,-0.04040240985935198
202010,(iv),WLS,a,0.16879999974639961
202011,(iv),WLS,a,0.1229285756953206
202012,(iv),WLS,a,-0.010926131464148604
202101,(iv),WLS,a,-0.014965156148398853
202102,(iv),WLS,a,-0.03822694247263047
202103,(iv),WLS,a,0.055453961352450086
202104,(iv),WLS,a,-0.04707147865384028
202105,(iv),WLS,a,0.05271426541389588
202106,(iv),WLS,a,0.00462401812235501
202107,(iv),WLS,a,0.03588807277529757
202108,(iv),WLS,a,-0.013868600121963882
202109,(iv),WLS,a,0.1420277331485074
202110,(iv),WLS,a,-0.0421671007757608
202111,(iv),WLS,a,-0.019425179853265594
202112,(iv),WLS,a,-0.10014955563148902
202201,(iv),WLS,a,-0.010515088067685639
202202,(iv),WLS,a,0.10114614513013519
202203,(iv),WLS,a,-0.17775581345044236
202204,(iv),WLS,a,-0.042879229399634566
202205,(iv),WLS,a,-0.09461408925391956
202206,(iv),WLS,a,0.16875342611693253
202207,(iv),WLS,a,-0.028861227575533326
202208,(iv),WLS,a,-0.09324914754745675
202209,(iv),WLS,a,0.05381815943264173
202210,(iv),WLS,a,0.01849452892185003
202211,(iv),WLS,a,-0.10108799756004955
202212,(iv),WLS,a,0.07467917567792891
202301,(iv),WLS,a,0.012559699745004814
202302,(iv),WLS,a,-0.003401151381656558
202303,(iv),WLS,a,-0.06775288619268996
202304,(iv),WLS,a,0.05114310155455202
202305,(iv),WLS,a,0.11224857332182389
202306,(iv),WLS,a,-0.007249789054801691
202307,(iv),WLS,a,-0.02857249227329281
202308,(iv),WLS,a,-0.08551886580070095
202309,(iv),WLS,a,-0.08866479834515972
202310,(iv),WLS,a,0.10517123844256045
202311,(iv),WLS,a,0.05478515019063796
202312,(iv),WLS,a,-0.023106904075909193
202401,(iv),WLS,a,0.0011657814806039
202402,(iv),WLS,a,0.03013156808969961
202403,(iv),WLS,a,-0.010803798165231155
202404,(iv),WLS,a,0.015289878725224438
202405,(iv),WLS,a,0.002598023770705866
202406,(iv),WLS,a,0.05431692304628876
202407,(iv),WLS,a,-0.003506356000871552
202408,(iv),WLS,a,0.058626482577443406
202409,(iv),WLS,a,-0.06485374498097086
202410,(iv),WLS,a,0.0981313241698384
202411,(iv),WLS,a,0.006081097284580798
197307,(iv),WLS,b_BM,-0.010737701448837657
197308,(iv),WLS,b_BM,0.0893853687893916
197309,(iv),WLS,b_BM,-0.02589259812247302
197310,(iv),WLS,b_BM,-0.02850155219705191
197311,(iv),WLS,b_BM,0.012831551223439402
197312,(iv),WLS,b_BM,0.17443562367344026
197401,(iv),WLS,b_BM,0.044065756759374845
197402,(iv),WLS,b_BM,-0.002559355687628658
197403,(iv),WLS,b_BM,0.018840512525148984
197404,(iv),WLS,b_BM,-0.04432882085079117
197405,(iv),WLS,b_BM,0.004991500835075035
197406,(iv),WLS,b_BM,0.08310762128249163
197407,(iv),WLS,b_BM,0.04259122081866688
197408,(iv),WLS,b_BM,0.1064941476183604
197409,(iv),WLS,b_BM,-0.27515454307603016
197410,(iv),WLS,b_BM,0.00020798759681939054
197411,(iv),WLS,b_BM,0.015060453839117067
197412,(iv),WLS,b_BM,0.3286067607132459
197501,(iv),WLS,b_BM,-0.12047935447359101
197502,(iv),WLS,b_BM,0.07384224037438297
197503,(iv),WLS,b_BM,-0.04764195800294883
197504,(iv),WLS,b_BM,-0.025173017863189734
197505,(iv),WLS,b_BM,0.03528583722673889
197506,(iv),WLS,b_BM,0.04527086329679601
197507,(iv),WLS,b_BM,-0.01717431691917956
197508,(iv),WLS,b_BM,0.02672049976955426
197509,(iv),WLS,b_BM,-0.013892987007124637
197510,(iv),WLS,b_BM,0.03611352829776346
197511,(iv),WLS,b_BM,0.0243534548221623
197512,(iv),WLS,b_BM,0.1662983641479458
197601,(iv),WLS,b_BM,0.15810296848671113
197602,(iv),WLS,b_BM,-0.025607762478493338
197603,(iv),WLS,b_BM,0.0015148078307049007
197604,(iv),WLS,b_BM,-0.00828981996567172
197605,(iv),WLS,b_BM,0.04572217890247693
197606,(iv),WLS,b_BM,0.05200624883545624
197607,(iv),WLS,b_BM,0.00048762573372220994
197608,(iv),WLS,b_BM,0.014681406730234808
197609,(iv),WLS,b_BM,-0.03446941716158262
197610,(iv),WLS,b_BM,0.07731148977526722
197611,(iv),WLS,b_BM,0.06469537230880892
197612,(iv),WLS,b_BM,0.1490155881620978
197701,(iv),WLS,b_BM,0.013347436413677211
197702,(iv),WLS,b_BM,0.03862265750045341
197703,(iv),WLS,b_BM,0.050284206433295286
197704,(iv),WLS,b_BM,0.03035447792799472
197705,(iv),WLS,b_BM,0.0019788908423129317
197706,(iv),WLS,b_BM,0.022439294358243295
197707,(iv),WLS,b_BM,-0.05698884349639648
197708,(iv),WLS,b_BM,0.013592600630426842
197709,(iv),WLS,b_BM,0.04364954139483311
197710,(iv),WLS,b_BM,0.04913656285244097
197711,(iv),WLS,b_BM,0.015349373223763372
197712,(iv),WLS,b_BM,0.06660442914121517
197801,(iv),WLS,b_BM,0.0664989727299091
197802,(iv),WLS,b_BM,0.06953196624233766
197803,(iv),WLS,b_BM,-0.07114063347231947
197804,(iv),WLS,b_BM,0.052647125353476563
197805,(iv),WLS,b_BM,0.010206541024043989
197806,(iv),WLS,b_BM,-0.017501291039051355
197807,(iv),WLS,b_BM,0.01478780062064923
197808,(iv),WLS,b_BM,0.03820140232855497
197809,(iv),WLS,b_BM,-0.07423418179155664
197810,(iv),WLS,b_BM,0.01957336702865315
197811,(iv),WLS,b_BM,-0.04259505117725362
197812,(iv),WLS,b_BM,0.06608930344535521
197901,(iv),WLS,b_BM,-0.002832131471985102
197902,(iv),WLS,b_BM,0.025180390874773015
197903,(iv),WLS,b_BM,0.03044547753191097
197904,(iv),WLS,b_BM,-0.010146389699824041
197905,(iv),WLS,b_BM,0.0034114431839082776
197906,(iv),WLS,b_BM,0.024259915846844032
197907,(iv),WLS,b_BM,0.0067689652279319685
197908,(iv),WLS,b_BM,0.010413241847419749
197909,(iv),WLS,b_BM,-0.05176450692138735
197910,(iv),WLS,b_BM,-0.06794002167444765
197911,(iv),WLS,b_BM,-0.0156475651866593
197912,(iv),WLS,b_BM,0.0237520150887479
198001,(iv),WLS,b_BM,0.01960657125072298
198002,(iv),WLS,b_BM,-0.05102732672165982
198003,(iv),WLS,b_BM,-0.009159982185375518
198004,(iv),WLS,b_BM,0.031003497776558656
198005,(iv),WLS,b_BM,-0.0482435996190433
198006,(iv),WLS,b_BM,0.006869856076524732
198007,(iv),WLS,b_BM,-0.04350942018159589
198008,(iv),WLS,b_BM,-0.09133632184744864
198009,(iv),WLS,b_BM,-0.03844524646898147
198010,(iv),WLS,b_BM,-0.1418664319678261
198011,(iv),WLS,b_BM,0.0031495336772477123
198012,(iv),WLS,b_BM,0.12932376293870265
198101,(iv),WLS,b_BM,0.0109681041943864
198102,(iv),WLS,b_BM,0.050826663408630075
198103,(iv),WLS,b_BM,0.08258606899577292
198104,(iv),WLS,b_BM,0.0204392606548474
198105,(iv),WLS,b_BM,0.044663507863931924
198106,(iv),WLS,b_BM,-0.09378427643532083
198107,(iv),WLS,b_BM,0.026926562913953157
198108,(iv),WLS,b_BM,0.07102687518260181
198109,(iv),WLS,b_BM,-0.15290407611896123
198110,(iv),WLS,b_BM,0.006380017210930144
198111,(iv),WLS,b_BM,0.055342077314249075
198112,(iv),WLS,b_BM,0.05183899824641919
198201,(iv),WLS,b_BM,0.15599175487856928
198202,(iv),WLS,b_BM,0.08646250137540411
198203,(iv),WLS,b_BM,-0.023953016751569484
198204,(iv),WLS,b_BM,0.0237510706600172
198205,(iv),WLS,b_BM,0.07142474098887522
198206,(iv),WLS,b_BM,0.006729236531036714
198207,(iv),WLS,b_BM,0.025345198889623076
198208,(iv),WLS,b_BM,0.005107934888096161
198209,(iv),WLS,b_BM,-0.012231320868529329
198210,(iv),WLS,b_BM,0.016599517439339226
198211,(iv),WLS,b_BM,0.010184117911161653
198212,(iv),WLS,b_BM,2.500907724661827e-06
198301,(iv),WLS,b_BM,0.03082443129080179
198302,(iv),WLS,b_BM,0.059172084985816276
198303,(iv),WLS,b_BM,0.050361289758301876
198304,(iv),WLS,b_BM,-0.007082785836143579
198305,(iv),WLS,b_BM,-0.013918913614112826
198306,(iv),WLS,b_BM,0.05871109894472461
198307,(iv),WLS,b_BM,0.09423614676528899
198308,(iv),WLS,b_BM,-0.02000793156626681
198309,(iv),WLS,b_BM,0.06801637412979906
198310,(iv),WLS,b_BM,-0.01946544691019944
198311,(iv),WLS,b_BM,0.019722422454809086
198312,(iv),WLS,b_BM,0.1301181955723788
198401,(iv),WLS,b_BM,0.060789286332325915
198402,(iv),WLS,b_BM,0.012188522225356211
198403,(iv),WLS,b_BM,0.029142949286424184
198404,(iv),WLS,b_BM,-0.0014381021356904
198405,(iv),WLS,b_BM,-0.050914769169577864
198406,(iv),WLS,b_BM,-0.014940894369824872
198407,(iv),WLS,b_BM,-0.02132422395595103
198408,(iv),WLS,b_BM,0.08524723300384764
198409,(iv),WLS,b_BM,-0.0008242299970171243
198410,(iv),WLS,b_BM,0.037259884844159874
198411,(iv),WLS,b_BM,-0.016395174054500625
198412,(iv),WLS,b_BM,-0.08741925823336104
198501,(iv),WLS,b_BM,0.03170795735686968
198502,(iv),WLS,b_BM,0.044599457522542046
198503,(iv),WLS,b_BM,0.04288076013985295
198504,(iv),WLS,b_BM,-0.007707113594207452
198505,(iv),WLS,b_BM,-0.00023739777298535485
198506,(iv),WLS,b_BM,0.0046550581229934055
198507,(iv),WLS,b_BM,0.031503502896033105
198508,(iv),WLS,b_BM,0.07077409020438777
198509,(iv),WLS,b_BM,0.03190354123616735
198510,(iv),WLS,b_BM,-0.06561252892644452
198511,(iv),WLS,b_BM,-0.054006215464422774
198512,(iv),WLS,b_BM,0.004230902218902013
198601,(iv),WLS,b_BM,-0.016728382503444113
198602,(iv),WLS,b_BM,-0.026557287500518303
198603,(iv),WLS,b_BM,-0.0372722173560363
198604,(iv),WLS,b_BM,0.036776904400282626
198605,(iv),WLS,b_BM,-0.011783833353787769
198606,(iv),WLS,b_BM,0.03275205125815454
198607,(iv),WLS,b_BM,0.08449203733906674
198608,(iv),WLS,b_BM,0.108250542950341
198609,(iv),WLS,b_BM,-0.01680941665909895
198610,(iv),WLS,b_BM,0.001403160294508909
198611,(iv),WLS,b_BM,-0.011456703257782471
198612,(iv),WLS,b_BM,0.004774395866259707
198701,(iv),WLS,b_BM,-0.07129735981397525
198702,(iv),WLS,b_BM,0.09079535710428807
198703,(iv),WLS,b_BM,0.035872575705048204
198704,(iv),WLS,b_BM,0.0002227645284066434
198705,(iv),WLS,b_BM,0.020989730146167694
198706,(iv),WLS,b_BM,-0.0010104047594754473
198707,(iv),WLS,b_BM,-0.016740918209075056
198708,(iv),WLS,b_BM,-0.018686327672613502
198709,(iv),WLS,b_BM,0.014304953880296109
198710,(iv),WLS,b_BM,0.023355441963980383
198711,(iv),WLS,b_BM,0.001575951673970685
198712,(iv),WLS,b_BM,0.07805278308928582
198801,(iv),WLS,b_BM,0.03209967010520414
198802,(iv),WLS,b_BM,0.0508031960622327
198803,(iv),WLS,b_BM,0.07195828910723938
198804,(iv),WLS,b_BM,0.004740659672850574
198805,(iv),WLS,b_BM,-0.011469808436122247
198806,(iv),WLS,b_BM,0.02417004505073851
198807,(iv),WLS,b_BM,0.004913035171398331
198808,(iv),WLS,b_BM,-0.03138877605388879
198809,(iv),WLS,b_BM,0.04593242703404345
198810,(iv),WLS,b_BM,0.020252956243843698
198811,(iv),WLS,b_BM,-0.021897812200238707
198812,(iv),WLS,b_BM,0.01126639401507519
198901,(iv),WLS,b_BM,0.014586780250834614
198902,(iv),WLS,b_BM,0.0013911570616057557
198903,(iv),WLS,b_BM,-0.04946525492003897
198904,(iv),WLS,b_BM,-0.06415364923237574
198905,(iv),WLS,b_BM,0.010343827071970253
198906,(iv),WLS,b_BM,-0.09054172559175916
198907,(iv),WLS,b_BM,0.06587914172485308
198908,(iv),WLS,b_BM,-0.04385537754176012
198909,(iv),WLS,b_BM,-0.04131647221431197
198910,(iv),WLS,b_BM,-0.041793899915720585
198911,(iv),WLS,b_BM,0.02996166142228854
198912,(iv),WLS,b_BM,0.01442821830580745
199001,(iv),WLS,b_BM,0.03225330985552746
199002,(iv),WLS,b_BM,-0.012617385963590237
199003,(iv),WLS,b_BM,-0.042738734878332914
199004,(iv),WLS,b_BM,-0.049653196998495505
199005,(iv),WLS,b_BM,-0.09042338375876718
199006,(iv),WLS,b_BM,-0.017214451992078907
199007,(iv),WLS,b_BM,-0.03504879573229694
199008,(iv),WLS,b_BM,-0.029369230305570957
199009,(iv),WLS,b_BM,-0.034860986751483004
199010,(iv),WLS,b_BM,0.03214980290015482
199011,(iv),WLS,b_BM,-0.008119933246741526
199012,(iv),WLS,b_BM,0.029284169873199005
199101,(iv),WLS,b_BM,-0.028025408827115073
199102,(iv),WLS,b_BM,-0.0031154973254148427
199103,(iv),WLS,b_BM,0.020018433630126335
199104,(iv),WLS,b_BM,0.02960439906500849
199105,(iv),WLS,b_BM,0.004494355670547618
199106,(iv),WLS,b_BM,-0.046772648356979106
199107,(iv),WLS,b_BM,-0.053071294234613084
199108,(iv),WLS,b_BM,-0.026260941534611205
199109,(iv),WLS,b_BM,0.021075434461515316
199110,(iv),WLS,b_BM,-0.07768919835257282
199111,(iv),WLS,b_BM,-0.11235497436189373
199112,(iv),WLS,b_BM,0.13489981564547643
199201,(iv),WLS,b_BM,0.1237951687200196
199202,(iv),WLS,b_BM,0.06670091726416197
199203,(iv),WLS,b_BM,0.04538580366964248
199204,(iv),WLS,b_BM,-0.048526363781985375
199205,(iv),WLS,b_BM,-0.00985815471456232
199206,(iv),WLS,b_BM,-0.017121255579230717
199207,(iv),WLS,b_BM,-0.047039140505219144
199208,(iv),WLS,b_BM,-0.016959954109828916
199209,(iv),WLS,b_BM,-0.030350587518677107
199210,(iv),WLS,b_BM,-0.010068745436028065
199211,(iv),WLS,b_BM,0.010522776452926805
199212,(iv),WLS,b_BM,0.12494721018193453
199301,(iv),WLS,b_BM,0.1183831123274897
199302,(iv),WLS,b_BM,0.010769920661734846
199303,(iv),WLS,b_BM,0.07973209971573623
199304,(iv),WLS,b_BM,0.00893254242783081
199305,(iv),WLS,b_BM,0.0547294462305208
199306,(iv),WLS,b_BM,0.027169584725043234
199307,(iv),WLS,b_BM,0.01845906832663114
199308,(iv),WLS,b_BM,0.04697374338423899
199309,(iv),WLS,b_BM,-0.03655244685014804
199310,(iv),WLS,b_BM,-0.0492665880543567
199311,(iv),WLS,b_BM,-0.0029618450041557012
199312,(iv),WLS,b_BM,0.006583792408133518
199401,(iv),WLS,b_BM,0.028058712312724117
199402,(iv),WLS,b_BM,0.037458568275104215
199403,(iv),WLS,b_BM,0.001996807050972165
199404,(iv),WLS,b_BM,0.007843202340627634
199405,(iv),WLS,b_BM,0.03375821176962569
199406,(iv),WLS,b_BM,0.005130254078427534
199407,(iv),WLS,b_BM,0.0018864567642262187
199408,(iv),WLS,b_BM,-0.004801656272977959
199409,(iv),WLS,b_BM,0.02075515418185795
199410,(iv),WLS,b_BM,0.009679924894235976
199411,(iv),WLS,b_BM,-0.031174149475702483
199412,(iv),WLS,b_BM,-0.018834983246368762
199501,(iv),WLS,b_BM,-0.009858675733076548
199502,(iv),WLS,b_BM,0.026905952648510274
199503,(iv),WLS,b_BM,0.01780186256281093
199504,(iv),WLS,b_BM,-0.0016404442344175778
199505,(iv),WLS,b_BM,0.003695086583129517
199506,(iv),WLS,b_BM,-0.006618105056984659
199507,(iv),WLS,b_BM,0.001350439484548071
199508,(iv),WLS,b_BM,-0.054386461754612064
199509,(iv),WLS,b_BM,-0.03951310302501522
199510,(iv),WLS,b_BM,-0.04902725440373515
199511,(iv),WLS,b_BM,-0.004740390724506979
199512,(iv),WLS,b_BM,-0.05426256363004557
199601,(iv),WLS,b_BM,0.037734345702826855
199602,(iv),WLS,b_BM,0.026091070134946968
199603,(iv),WLS,b_BM,0.06657559821979223
199604,(iv),WLS,b_BM,-0.004339988608525115
199605,(iv),WLS,b_BM,-0.08119565337412787
199606,(iv),WLS,b_BM,0.012157885326988523
199607,(iv),WLS,b_BM,0.03860630223253273
199608,(iv),WLS,b_BM,-0.05741523135255659
199609,(iv),WLS,b_BM,0.01720493185838068
199610,(iv),WLS,b_BM,0.0012214359826221988
199611,(iv),WLS,b_BM,0.01834210262962001
199612,(iv),WLS,b_BM,-0.054674777506850195
199701,(iv),WLS,b_BM,0.005699403196722392
199702,(iv),WLS,b_BM,0.09312396000853655
199703,(iv),WLS,b_BM,-0.045735075325907856
199704,(iv),WLS,b_BM,0.009033873416379961
199705,(iv),WLS,b_BM,-0.03380232694956603
199706,(iv),WLS,b_BM,0.01987824923035159
199707,(iv),WLS,b_BM,0.08860768107825924
199708,(iv),WLS,b_BM,0.0339377307275322
199709,(iv),WLS,b_BM,0.03189483287202963
199710,(iv),WLS,b_BM,-0.013846935049607587
199711,(iv),WLS,b_BM,-0.016920577642659376
199712,(iv),WLS,b_BM,-0.004174932933165662
199801,(iv),WLS,b_BM,-0.015551744264570084
199802,(iv),WLS,b_BM,0.011555371651600643
199803,(iv),WLS,b_BM,0.006679087574988403
199804,(iv),WLS,b_BM,0.03408475477414542
199805,(iv),WLS,b_BM,-0.04056940553010807
199806,(iv),WLS,b_BM,-0.020132317571147595
199807,(iv),WLS,b_BM,-0.07785799124493896
199808,(iv),WLS,b_BM,-0.02662348261131195
199809,(iv),WLS,b_BM,0.008864727055370985
199810,(iv),WLS,b_BM,0.022857516146920553
199811,(iv),WLS,b_BM,-0.026039757321104962
199812,(iv),WLS,b_BM,-0.030893181508826886
199901,(iv),WLS,b_BM,-0.007451232120140032
199902,(iv),WLS,b_BM,-0.0506828764845465
199903,(iv),WLS,b_BM,0.08896645490371045
199904,(iv),WLS,b_BM,0.0792704786070875
199905,(iv),WLS,b_BM,-0.038281508417821464
199906,(iv),WLS,b_BM,-0.021003924499508685
199907,(iv),WLS,b_BM,-0.045734935187257894
199908,(iv),WLS,b_BM,-0.03751095279814143
199909,(iv),WLS,b_BM,-0.1424454506090151
199910,(iv),WLS,b_BM,-0.01983562307092104
199911,(iv),WLS,b_BM,-0.05824236294080826
199912,(iv),WLS,b_BM,0.011159328400039505
200001,(iv),WLS,b_BM,0.07349513176524383
200002,(iv),WLS,b_BM,-0.05369259806274404
200003,(iv),WLS,b_BM,0.08845594895276455
200004,(iv),WLS,b_BM,-0.001297415216140841
200005,(iv),WLS,b_BM,-0.12423089690433253
200006,(iv),WLS,b_BM,0.12611308209606656
200007,(iv),WLS,b_BM,-0.07867956593927641
200008,(iv),WLS,b_BM,0.19403181029642835
200009,(iv),WLS,b_BM,0.09205913904580772
200010,(iv),WLS,b_BM,0.28074490052060525
200011,(iv),WLS,b_BM,0.33892080865882734
200012,(iv),WLS,b_BM,-0.051277723488284896
200101,(iv),WLS,b_BM,0.33070837262770847
200102,(iv),WLS,b_BM,0.16252129993779624
200103,(iv),WLS,b_BM,-0.08775363000093096
200104,(iv),WLS,b_BM,0.046086688072596506
200105,(iv),WLS,b_BM,0.03516455436361891
200106,(iv),WLS,b_BM,0.018199417690842018
200107,(iv),WLS,b_BM,0.07668001168472265
200108,(iv),WLS,b_BM,-0.10057295538231031
200109,(iv),WLS,b_BM,-0.05555271227158727
200110,(iv),WLS,b_BM,0.06440678387356823
200111,(iv),WLS,b_BM,0.08019935121164229
200112,(iv),WLS,b_BM,0.01162291344184141
200201,(iv),WLS,b_BM,0.053344502417662004
200202,(iv),WLS,b_BM,0.03918649961745741
200203,(iv),WLS,b_BM,0.12342991009693899
200204,(iv),WLS,b_BM,-0.010542387234004746
200205,(iv),WLS,b_BM,0.05361778222411509
200206,(iv),WLS,b_BM,-0.09180265510686474
200207,(iv),WLS,b_BM,0.05993993835160266
200208,(iv),WLS,b_BM,0.026658211247410565
200209,(iv),WLS,b_BM,-0.1753781952633455
200210,(iv),WLS,b_BM,-0.0021692482413261105
200211,(iv),WLS,b_BM,0.0699897953999502
200212,(iv),WLS,b_BM,0.005640473993031997
200301,(iv),WLS,b_BM,-0.036053013336693834
200302,(iv),WLS,b_BM,-0.030752017971242978
200303,(iv),WLS,b_BM,-0.025354449173210267
200304,(iv),WLS,b_BM,0.04190005702124196
200305,(iv),WLS,b_BM,0.026613063789613402
200306,(iv),WLS,b_BM,0.032718551925843026
200307,(iv),WLS,b_BM,0.09562940576157591
200308,(iv),WLS,b_BM,-0.029646603805126848
200309,(iv),WLS,b_BM,0.11046106112686567
200310,(iv),WLS,b_BM,0.056692651803160306
200311,(iv),WLS,b_BM,-0.034773133906773016
200312,(iv),WLS,b_BM,0.038002733814784126
200401,(iv),WLS,b_BM,0.02461527164346053
200402,(iv),WLS,b_BM,0.028361288245098336
200403,(iv),WLS,b_BM,-0.07758604534062061
200404,(iv),WLS,b_BM,0.007410951956769402
200405,(iv),WLS,b_BM,0.02455809676875229
200406,(iv),WLS,b_BM,0.064454422548758
200407,(iv),WLS,b_BM,0.01654912811567901
200408,(iv),WLS,b_BM,0.035771587913577506
200409,(iv),WLS,b_BM,0.02021473573079889
200410,(iv),WLS,b_BM,0.05174347192872535
200411,(iv),WLS,b_BM,-0.015225196934208547
200412,(iv),WLS,b_BM,0.02888028308795481
200501,(iv),WLS,b_BM,0.030150405909754947
200502,(iv),WLS,b_BM,0.02189381619675297
200503,(iv),WLS,b_BM,-0.06502919932430112
200504,(iv),WLS,b_BM,0.019802501886563732
200505,(iv),WLS,b_BM,0.07050775921400762
200506,(iv),WLS,b_BM,-0.0018572934739122908
200507,(iv),WLS,b_BM,0.02019526074707863
200508,(iv),WLS,b_BM,0.015027332534694147
200509,(iv),WLS,b_BM,-0.04877444274840745
200510,(iv),WLS,b_BM,-0.019551477868326485
200511,(iv),WLS,b_BM,0.011946864634389086
200512,(iv),WLS,b_BM,0.0947805052681147
200601,(iv),WLS,b_BM,-0.015738252988512936
200602,(iv),WLS,b_BM,0.018407875383000333
200603,(iv),WLS,b_BM,0.036769870144708644
200604,(iv),WLS,b_BM,-0.0008336982154662533
200605,(iv),WLS,b_BM,0.033301314376062256
200606,(iv),WLS,b_BM,0.02564074497374698
200607,(iv),WLS,b_BM,-0.038245357600884565
200608,(iv),WLS,b_BM,0.016009868778344136
200609,(iv),WLS,b_BM,0.0224348745843073
200610,(iv),WLS,b_BM,-0.0006127449039576363
200611,(iv),WLS,b_BM,0.02150654729124227
200612,(iv),WLS,b_BM,0.00707615907700504
200701,(iv),WLS,b_BM,-0.0011356226980140452
200702,(iv),WLS,b_BM,0.0052740315893811986
200703,(iv),WLS,b_BM,-0.03618132401490391
200704,(iv),WLS,b_BM,0.03185098780585644
200705,(iv),WLS,b_BM,0.010682807284793079
200706,(iv),WLS,b_BM,-0.061589067164968286
200707,(iv),WLS,b_BM,-0.04002641665523776
200708,(iv),WLS,b_BM,-0.07428618730706393
200709,(iv),WLS,b_BM,-0.043493969342276416
200710,(iv),WLS,b_BM,-0.01804355319201502
200711,(iv),WLS,b_BM,0.023924574760163186
200712,(iv),WLS,b_BM,0.0427490636639858
200801,(iv),WLS,b_BM,0.009173721629546563
200802,(iv),WLS,b_BM,-0.007831133530960509
200803,(iv),WLS,b_BM,0.04431873747014959
200804,(iv),WLS,b_BM,0.04320829904378311
200805,(iv),WLS,b_BM,0.019002541605696643
200806,(iv),WLS,b_BM,-0.0035453275480402113
200807,(iv),WLS,b_BM,0.07171809031795395
200808,(iv),WLS,b_BM,0.0657343568290503
200809,(iv),WLS,b_BM,-0.03850785162131875
200810,(iv),WLS,b_BM,-0.01819112907144391
200811,(iv),WLS,b_BM,0.036636037370279775
200812,(iv),WLS,b_BM,-0.07488146662005478
200901,(iv),WLS,b_BM,-0.013004514131090814
200902,(iv),WLS,b_BM,-0.008479676860589157
200903,(iv),WLS,b_BM,0.09489090660474127
200904,(iv),WLS,b_BM,-0.08013666777641051
200905,(iv),WLS,b_BM,-0.003236230006128729
200906,(iv),WLS,b_BM,0.07295716123241083
200907,(iv),WLS,b_BM,0.05667273490486008
200908,(iv),WLS,b_BM,0.05290731940127127
200909,(iv),WLS,b_BM,-0.05995964278282208
200910,(iv),WLS,b_BM,-0.0724421384626146
200911,(iv),WLS,b_BM,0.08636924290509346
200912,(iv),WLS,b_BM,0.001649512085322418
201001,(iv),WLS,b_BM,0.056361543817332535
201002,(iv),WLS,b_BM,0.023593952038518076
201003,(iv),WLS,b_BM,0.06460073350649514
201004,(iv),WLS,b_BM,-0.01295538183966157
201005,(iv),WLS,b_BM,-0.10526053021900411
201006,(iv),WLS,b_BM,-0.00323856183818539
201007,(iv),WLS,b_BM,-0.013946584445869931
201008,(iv),WLS,b_BM,0.002361856337834814
201009,(iv),WLS,b_BM,-0.021599958747860103
201010,(iv),WLS,b_BM,-0.00038829494184247984
201011,(iv),WLS,b_BM,0.02346671205472764
201012,(iv),WLS,b_BM,-0.035420429709621865
201101,(iv),WLS,b_BM,0.041359293564382546
201102,(iv),WLS,b_BM,0.01915141562916985
201103,(iv),WLS,b_BM,-0.0008236958735552205
201104,(iv),WLS,b_BM,0.014125878555507926
201105,(iv),WLS,b_BM,-0.006994805550713696
201106,(iv),WLS,b_BM,-0.05707760965068326
201107,(iv),WLS,b_BM,-0.025384282254303905
201108,(iv),WLS,b_BM,0.015741996961886384
201109,(iv),WLS,b_BM,0.0071584268770162746
201110,(iv),WLS,b_BM,0.022609592532684006
201111,(iv),WLS,b_BM,0.05366767668951277
201112,(iv),WLS,b_BM,-0.06294200955424577
201201,(iv),WLS,b_BM,-0.029426757875162975
201202,(iv),WLS,b_BM,-0.03444629355112442
201203,(iv),WLS,b_BM,-0.0015332944115552273
201204,(iv),WLS,b_BM,0.05717992604827826
201205,(iv),WLS,b_BM,0.030447110592819647
201206,(iv),WLS,b_BM,0.01190867276000395
201207,(iv),WLS,b_BM,-0.003239785609227001
201208,(iv),WLS,b_BM,0.010803545647353693
201209,(iv),WLS,b_BM,0.035841370125866044
201210,(iv),WLS,b_BM,-0.019674319079292093
201211,(iv),WLS,b_BM,0.03427137164242196
201212,(iv),WLS,b_BM,0.055779896214397745
201301,(iv),WLS,b_BM,0.010294944767064128
201302,(iv),WLS,b_BM,0.019325087213803094
201303,(iv),WLS,b_BM,0.007901296005424677
201304,(iv),WLS,b_BM,0.01701951332652501
201305,(iv),WLS,b_BM,0.019487032067773743
201306,(iv),WLS,b_BM,-0.009075396779213036
201307,(iv),WLS,b_BM,-0.028041958644694647
201308,(iv),WLS,b_BM,-0.009194014699170083
201309,(iv),WLS,b_BM,0.04206362809007219
201310,(iv),WLS,b_BM,-0.009844197066520665
201311,(iv),WLS,b_BM,-0.002279145947579421
201312,(iv),WLS,b_BM,-0.02251589347750279
201401,(iv),WLS,b_BM,-0.00695701062059082
201402,(iv),WLS,b_BM,0.0745278735559439
201403,(iv),WLS,b_BM,0.004250703572240944
201404,(iv),WLS,b_BM,-0.0010831841562321653
201405,(iv),WLS,b_BM,0.02575777653654466
201406,(iv),WLS,b_BM,0.018282532392005876
201407,(iv),WLS,b_BM,-0.048063967384390956
201408,(iv),WLS,b_BM,-0.03026911177561588
201409,(iv),WLS,b_BM,-0.05171212407765527
201410,(iv),WLS,b_BM,-0.005824239268457668
201411,(iv),WLS,b_BM,0.03218224353742227
201412,(iv),WLS,b_BM,-0.06107150440080283
201501,(iv),WLS,b_BM,-0.02828445862201203
201502,(iv),WLS,b_BM,-0.008671310721203241
201503,(iv),WLS,b_BM,0.010815845074553772
201504,(iv),WLS,b_BM,-0.028761965443208904
201505,(iv),WLS,b_BM,-0.02887664089021499
201506,(iv),WLS,b_BM,-0.1178054915193391
201507,(iv),WLS,b_BM,0.03163495061436559
201508,(iv),WLS,b_BM,-0.02329803756253547
201509,(iv),WLS,b_BM,-0.034857207796157225
201510,(iv),WLS,b_BM,-0.012157726916441243
201511,(iv),WLS,b_BM,-0.050342511241846785
201512,(iv),WLS,b_BM,0.07234817459013428
201601,(iv),WLS,b_BM,0.01465988879095613
201602,(iv),WLS,b_BM,0.0164963288326422
201603,(iv),WLS,b_BM,0.036758226720132514
201604,(iv),WLS,b_BM,-0.01167607708712129
201605,(iv),WLS,b_BM,0.04420101172544086
201606,(iv),WLS,b_BM,-0.0024485640868931874
201607,(iv),WLS,b_BM,0.010236245254504471
201608,(iv),WLS,b_BM,0.017157587925416603
201609,(iv),WLS,b_BM,-0.02176924833952491
201610,(iv),WLS,b_BM,0.07257858973557077
201611,(iv),WLS,b_BM,0.014806369947499466
201612,(iv),WLS,b_BM,-0.0593172176837438
201701,(iv),WLS,b_BM,-0.04698000733235685
201702,(iv),WLS,b_BM,-0.01748816317195521
201703,(iv),WLS,b_BM,-0.02742143435225972
201704,(iv),WLS,b_BM,-0.05963415921624947
201705,(iv),WLS,b_BM,-0.02853770701390059
201706,(iv),WLS,b_BM,-0.022381643096768267
201707,(iv),WLS,b_BM,-0.052802742082622665
201708,(iv),WLS,b_BM,0.039510021315991836
201709,(iv),WLS,b_BM,-0.0629517806345623
201710,(iv),WLS,b_BM,0.03935370674429485
201711,(iv),WLS,b_BM,0.015758974152999948
201712,(iv),WLS,b_BM,-0.0943884880545696
201801,(iv),WLS,b_BM,-0.07189542447257792
201802,(iv),WLS,b_BM,0.05148329601959
201803,(iv),WLS,b_BM,-0.005350545431801114
201804,(iv),WLS,b_BM,-0.03064837585375594
201805,(iv),WLS,b_BM,0.0025984910615154816
201806,(iv),WLS,b_BM,-0.01769388932789026
201807,(iv),WLS,b_BM,-0.06677733141965876
201808,(iv),WLS,b_BM,-0.020703642429746733
201809,(iv),WLS,b_BM,0.06864455576591116
201810,(iv),WLS,b_BM,-0.005271591810749772
201811,(iv),WLS,b_BM,-0.05137207120236196
201812,(iv),WLS,b_BM,0.017542353636864245
201901,(iv),WLS,b_BM,-0.03708983896548538
201902,(iv),WLS,b_BM,-0.06834867592619792
201903,(iv),WLS,b_BM,-0.04799561737092499
201904,(iv),WLS,b_BM,-0.02902742814037632
201905,(iv),WLS,b_BM,0.0024028762793120093
201906,(iv),WLS,b_BM,-0.013883360262266886
201907,(iv),WLS,b_BM,-0.0474898278555131
201908,(iv),WLS,b_BM,0.08161721421715382
201909,(iv),WLS,b_BM,-0.028539524601194993
201910,(iv),WLS,b_BM,-0.06717317443484695
201911,(iv),WLS,b_BM,0.0033561687446691368
201912,(iv),WLS,b_BM,-0.17765165576467107
202001,(iv),WLS,b_BM,-0.02106105171667
202002,(iv),WLS,b_BM,-0.1962957462186367
202003,(iv),WLS,b_BM,0.019007733482939805
202004,(iv),WLS,b_BM,-0.014391719899804683
202005,(iv),WLS,b_BM,-0.14263608755271306
202006,(iv),WLS,b_BM,-0.11370240422674649
202007,(iv),WLS,b_BM,-0.21075627134141967
202008,(iv),WLS,b_BM,0.04239540157379644
202009,(iv),WLS,b_BM,0.03992438050020461
202010,(iv),WLS,b_BM,0.04426012695507579
202011,(iv),WLS,b_BM,-0.09643325485432347
202012,(iv),WLS,b_BM,0.04094997060731831
202101,(iv),WLS,b_BM,0.16320810568211033
202102,(iv),WLS,b_BM,0.11094436838060949
202103,(iv),WLS,b_BM,-0.0620930877661502
202104,(iv),WLS,b_BM,0.11618993203573157
202105,(iv),WLS,b_BM,-0.10994766738748228
202106,(iv),WLS,b_BM,-0.05167403874301199
202107,(iv),WLS,b_BM,-0.06291891214968172
202108,(iv),WLS,b_BM,0.02364302599709288
202109,(iv),WLS,b_BM,-0.14497760773497909
202110,(iv),WLS,b_BM,-0.044906128457756676
202111,(iv),WLS,b_BM,0.10978676545730601
202112,(iv),WLS,b_BM,0.15062117729598487
202201,(iv),WLS,b_BM,0.04923903500486052
202202,(iv),WLS,b_BM,-0.06929423486705125
202203,(iv),WLS,b_BM,0.169992369036778
202204,(iv),WLS,b_BM,0.14626474400393585
202205,(iv),WLS,b_BM,-0.028660660181085262
202206,(iv),WLS,b_BM,-0.16050600950630373
202207,(iv),WLS,b_BM,0.030852024236057703
202208,(iv),WLS,b_BM,-0.0031292553685414335
202209,(iv),WLS,b_BM,0.1514603177877956
202210,(iv),WLS,b_BM,0.02753846063299225
202211,(iv),WLS,b_BM,0.07841511122403777
202212,(iv),WLS,b_BM,-0.044306737292458445
202301,(iv),WLS,b_BM,-0.08641307691206851
202302,(iv),WLS,b_BM,-0.0721948497703868
202303,(iv),WLS,b_BM,0.05032250939162991
202304,(iv),WLS,b_BM,-0.20605942473992792
202305,(iv),WLS,b_BM,-0.05027407844373761
202306,(iv),WLS,b_BM,0.05889076705033605
202307,(iv),WLS,b_BM,-0.03687950706873258
202308,(iv),WLS,b_BM,0.06494765594928789
202309,(iv),WLS,b_BM,-0.011692573244021412
202310,(iv),WLS,b_BM,-0.052269619575284997
202311,(iv),WLS,b_BM,0.040028237574012464
202312,(iv),WLS,b_BM,-0.023545724464748813
202401,(iv),WLS,b_BM,-0.009653636983235736
202402,(iv),WLS,b_BM,0.03113590987013533
202403,(iv),WLS,b_BM,-0.06910565770879122
202404,(iv),WLS,b_BM,-0.04603145677405154
202405,(iv),WLS,b_BM,-0.10776753789441121
202406,(iv),WLS,b_BM,0.05243776882065364
202407,(iv),WLS,b_BM,-0.02351075817748707
202408,(iv),WLS,b_BM,-0.05511829689352402
202409,(iv),WLS,b_BM,0.02644122194132066
202410,(iv),WLS,b_BM,-0.03963672104540599
202411,(iv),WLS,b_BM,-0.14940101931857866
197307,(iv),WLS,b_GP,-0.04136313666446325
197308,(iv),WLS,b_GP,-0.1074245599661631
197309,(iv),WLS,b_GP,-0.031333295832279465
197310,(iv),WLS,b_GP,-0.02212584522842053
197311,(iv),WLS,b_GP,-0.16004806786277906
197312,(iv),WLS,b_GP,0.1261856591140596
197401,(iv),WLS,b_GP,-0.023443993821654758
197402,(iv),WLS,b_GP,0.03470064892394561
197403,(iv),WLS,b_GP,0.03307140659581883
197404,(iv),WLS,b_GP,0.04389683883113426
197405,(iv),WLS,b_GP,-0.013978272971660637
197406,(iv),WLS,b_GP,-0.08309263499090852
197407,(iv),WLS,b_GP,-0.02887839878403928
197408,(iv),WLS,b_GP,-0.0720117185731349
197409,(iv),WLS,b_GP,-0.05196997650597229
197410,(iv),WLS,b_GP,-0.014637134662187983
197411,(iv),WLS,b_GP,-0.03415610597759186
197412,(iv),WLS,b_GP,0.12711858264825804
197501,(iv),WLS,b_GP,0.05849771852838298
197502,(iv),WLS,b_GP,0.017376096511745875
197503,(iv),WLS,b_GP,-0.04899550679208403
197504,(iv),WLS,b_GP,-0.011138323335475427
197505,(iv),WLS,b_GP,-0.04105829377128542
197506,(iv),WLS,b_GP,-0.06833333502948068
197507,(iv),WLS,b_GP,-0.01593795986119674
197508,(iv),WLS,b_GP,0.011735522390230242
197509,(iv),WLS,b_GP,0.08565002940681818
197510,(iv),WLS,b_GP,0.04838986655749991
197511,(iv),WLS,b_GP,-0.051253325568897876
197512,(iv),WLS,b_GP,0.018709169404857617
197601,(iv),WLS,b_GP,-0.011513553781502539
197602,(iv),WLS,b_GP,-0.005635203368648468
197603,(iv),WLS,b_GP,-0.07206235763840381
197604,(iv),WLS,b_GP,-0.01720061703845116
197605,(iv),WLS,b_GP,0.027681043438401852
197606,(iv),WLS,b_GP,0.032494091169616775
197607,(iv),WLS,b_GP,0.02324125790177834
197608,(iv),WLS,b_GP,-0.013803356555106009
197609,(iv),WLS,b_GP,-0.047643534154116936
197610,(iv),WLS,b_GP,0.003905853823360478
197611,(iv),WLS,b_GP,-0.01302986237769728
197612,(iv),WLS,b_GP,0.01203569088339293
197701,(iv),WLS,b_GP,0.01742686319506718
197702,(iv),WLS,b_GP,0.017080268602133897
197703,(iv),WLS,b_GP,-0.062145913966245976
197704,(iv),WLS,b_GP,-0.0026748072872547386
197705,(iv),WLS,b_GP,0.057146119799684106
197706,(iv),WLS,b_GP,0.053566629134058984
197707,(iv),WLS,b_GP,0.05678780398827043
197708,(iv),WLS,b_GP,-0.018042480949781683
197709,(iv),WLS,b_GP,0.038561802281629615
197710,(iv),WLS,b_GP,0.039951406087493146
197711,(iv),WLS,b_GP,0.001204743541778278
197712,(iv),WLS,b_GP,0.045263194510037234
197801,(iv),WLS,b_GP,0.008824459698350391
197802,(iv),WLS,b_GP,-0.002126586104831879
197803,(iv),WLS,b_GP,0.020002782800100004
197804,(iv),WLS,b_GP,0.039885490681481256
197805,(iv),WLS,b_GP,0.035518944742042695
197806,(iv),WLS,b_GP,0.021994596328360486
197807,(iv),WLS,b_GP,-0.00301252389532454
197808,(iv),WLS,b_GP,-0.0430500560062668
197809,(iv),WLS,b_GP,-0.023502431888415845
197810,(iv),WLS,b_GP,0.0043059569071586985
197811,(iv),WLS,b_GP,0.01986144961061011
197812,(iv),WLS,b_GP,0.0028333432928355565
197901,(iv),WLS,b_GP,-0.03454598353507551
197902,(iv),WLS,b_GP,-0.01694594339698937
197903,(iv),WLS,b_GP,0.01268543777736979
197904,(iv),WLS,b_GP,-0.0062633831562589155
197905,(iv),WLS,b_GP,-0.0584014757367019
197906,(iv),WLS,b_GP,-0.02723335690941957
197907,(iv),WLS,b_GP,-0.008736183739091507
197908,(iv),WLS,b_GP,-0.04989625295767092
197909,(iv),WLS,b_GP,-0.03321890504730482
197910,(iv),WLS,b_GP,-0.05749465595407477
197911,(iv),WLS,b_GP,-0.0662888606567755
197912,(iv),WLS,b_GP,-0.13237393472307657
198001,(iv),WLS,b_GP,-0.1075128241255555
198002,(iv),WLS,b_GP,0.09407668689382391
198003,(iv),WLS,b_GP,-0.03879285606702711
198004,(iv),WLS,b_GP,0.03692891013081679
198005,(iv),WLS,b_GP,-0.061182070864803394
198006,(iv),WLS,b_GP,0.060727074478766525
198007,(iv),WLS,b_GP,-0.04206948753233435
198008,(iv),WLS,b_GP,-0.08901788946501427
198009,(iv),WLS,b_GP,-0.07286584303491694
198010,(iv),WLS,b_GP,-0.19054300072409924
198011,(iv),WLS,b_GP,0.10206227768761339
198012,(iv),WLS,b_GP,0.09208087603848618
198101,(iv),WLS,b_GP,0.006469822354012774
198102,(iv),WLS,b_GP,0.028079405382641972
198103,(iv),WLS,b_GP,0.11340082557548606
198104,(iv),WLS,b_GP,0.0660199172985997
198105,(iv),WLS,b_GP,-0.03164683681259496
198106,(iv),WLS,b_GP,-0.08066105196459482
198107,(iv),WLS,b_GP,0.035318007708639756
198108,(iv),WLS,b_GP,0.10945567482644922
198109,(iv),WLS,b_GP,-0.06442271760494683
198110,(iv),WLS,b_GP,-0.017924841741869937
198111,(iv),WLS,b_GP,0.05777864884836257
198112,(iv),WLS,b_GP,0.13026383107616557
198201,(iv),WLS,b_GP,0.11525972268018736
198202,(iv),WLS,b_GP,0.03510411401713389
198203,(iv),WLS,b_GP,0.01916021331497564
198204,(iv),WLS,b_GP,0.00892182435149595
198205,(iv),WLS,b_GP,0.059814135378949605
198206,(iv),WLS,b_GP,0.09347060918727317
198207,(iv),WLS,b_GP,-0.023061812182187703
198208,(iv),WLS,b_GP,0.041234037417957316
198209,(iv),WLS,b_GP,-0.018193011339258686
198210,(iv),WLS,b_GP,0.09043195017932658
198211,(iv),WLS,b_GP,-0.004315624468819822
198212,(iv),WLS,b_GP,-0.04087044492862678
198301,(iv),WLS,b_GP,0.026841504814468044
198302,(iv),WLS,b_GP,0.03384566611058852
198303,(iv),WLS,b_GP,0.005814733324865887
198304,(iv),WLS,b_GP,-0.04082639562623739
198305,(iv),WLS,b_GP,0.008826162733096181
198306,(iv),WLS,b_GP,0.026749498520259554
198307,(iv),WLS,b_GP,0.019066650726225924
198308,(iv),WLS,b_GP,0.050692863786148436
198309,(iv),WLS,b_GP,0.04638158222773877
198310,(iv),WLS,b_GP,-0.05057603302045966
198311,(iv),WLS,b_GP,0.0019898210457794663
198312,(iv),WLS,b_GP,-0.011553071737743018
198401,(iv),WLS,b_GP,0.016420298861201645
198402,(iv),WLS,b_GP,0.007546281451139947
198403,(iv),WLS,b_GP,0.03502712301200866
198404,(iv),WLS,b_GP,0.03180053969916107
198405,(iv),WLS,b_GP,0.018607301711296702
198406,(iv),WLS,b_GP,0.04131041780780697
198407,(iv),WLS,b_GP,-0.034368452996338256
198408,(iv),WLS,b_GP,0.04740427876514069
198409,(iv),WLS,b_GP,0.03881832986049935
198410,(iv),WLS,b_GP,0.022381813605265064
198411,(iv),WLS,b_GP,0.003618639930864394
198412,(iv),WLS,b_GP,-0.05133147833925729
198501,(iv),WLS,b_GP,0.02654367826536392
198502,(iv),WLS,b_GP,0.040644280125711675
198503,(iv),WLS,b_GP,0.005421924830500725
198504,(iv),WLS,b_GP,0.035882135339171096
198505,(iv),WLS,b_GP,-0.004690743755886723
198506,(iv),WLS,b_GP,-0.012196204422285872
198507,(iv),WLS,b_GP,0.01602559498321517
198508,(iv),WLS,b_GP,0.078337181792783
198509,(iv),WLS,b_GP,0.043643669296406964
198510,(iv),WLS,b_GP,0.011512901926957482
198511,(iv),WLS,b_GP,0.022116941703641695
198512,(iv),WLS,b_GP,0.020768387755415646
198601,(iv),WLS,b_GP,-0.029013864066529352
198602,(iv),WLS,b_GP,0.013900255497368563
198603,(iv),WLS,b_GP,0.033286484559638826
198604,(iv),WLS,b_GP,0.05025731860885811
198605,(iv),WLS,b_GP,0.03315230048522269
198606,(iv),WLS,b_GP,0.042709827860416626
198607,(iv),WLS,b_GP,-0.032590712521437235
198608,(iv),WLS,b_GP,-0.01488303505449401
198609,(iv),WLS,b_GP,-0.025263384718175855
198610,(iv),WLS,b_GP,0.01580679136810461
198611,(iv),WLS,b_GP,-0.006676830452945187
198612,(iv),WLS,b_GP,-0.010693550086242145
198701,(iv),WLS,b_GP,0.0116602988491014
198702,(iv),WLS,b_GP,0.003815623711184518
198703,(iv),WLS,b_GP,0.014192367772710643
198704,(iv),WLS,b_GP,0.012263267514639978
198705,(iv),WLS,b_GP,0.02787574876691689
198706,(iv),WLS,b_GP,-0.04018911173670388
198707,(iv),WLS,b_GP,0.02079895040676511
198708,(iv),WLS,b_GP,-0.056785501038935274
198709,(iv),WLS,b_GP,0.05413375668193966
198710,(iv),WLS,b_GP,-0.016851458573111384
198711,(iv),WLS,b_GP,-0.0007315460194592659
198712,(iv),WLS,b_GP,0.03346419434204395
198801,(iv),WLS,b_GP,0.016109308029460517
198802,(iv),WLS,b_GP,-0.012307483049142406
198803,(iv),WLS,b_GP,0.013581046906191503
198804,(iv),WLS,b_GP,-0.010095152330741682
198805,(iv),WLS,b_GP,0.006199327846670857
198806,(iv),WLS,b_GP,0.006458712987095577
198807,(iv),WLS,b_GP,0.0117109846641531
198808,(iv),WLS,b_GP,0.009358880236826666
198809,(iv),WLS,b_GP,0.028026066492431983
198810,(iv),WLS,b_GP,-0.0017053238770712124
198811,(iv),WLS,b_GP,0.0012776055843307307
198812,(iv),WLS,b_GP,-0.010378771904334925
198901,(iv),WLS,b_GP,-0.0035319296953147655
198902,(iv),WLS,b_GP,-0.017435446584679725
198903,(iv),WLS,b_GP,-0.031089493768039628
198904,(iv),WLS,b_GP,-0.03822720681019283
198905,(iv),WLS,b_GP,0.007773231124676394
198906,(iv),WLS,b_GP,0.0034587436327260246
198907,(iv),WLS,b_GP,-0.004016646914712964
198908,(iv),WLS,b_GP,0.0007493713521301154
198909,(iv),WLS,b_GP,0.02802774504602817
198910,(iv),WLS,b_GP,-0.03408818269302022
198911,(iv),WLS,b_GP,0.0031893711397162905
198912,(iv),WLS,b_GP,-0.006100494861668464
199001,(iv),WLS,b_GP,-0.02246116956245124
199002,(iv),WLS,b_GP,0.02874725820278845
199003,(iv),WLS,b_GP,0.033218130705245215
199004,(iv),WLS,b_GP,0.025451516308076436
199005,(iv),WLS,b_GP,0.0026747553643177574
199006,(iv),WLS,b_GP,-0.019953637756467656
199007,(iv),WLS,b_GP,-0.02391765910490507
199008,(iv),WLS,b_GP,-0.005890846284223851
199009,(iv),WLS,b_GP,0.05890469051154785
199010,(iv),WLS,b_GP,0.07023467261197704
199011,(iv),WLS,b_GP,0.020111370757523728
199012,(iv),WLS,b_GP,0.027723923112632734
199101,(iv),WLS,b_GP,0.011759130078335584
199102,(iv),WLS,b_GP,0.06013714235099553
199103,(iv),WLS,b_GP,0.0008648586367621183
199104,(iv),WLS,b_GP,0.01128071522110697
199105,(iv),WLS,b_GP,0.014279550776659341
199106,(iv),WLS,b_GP,0.029181978994871603
199107,(iv),WLS,b_GP,0.02236656798644436
199108,(iv),WLS,b_GP,-0.01732907276313743
199109,(iv),WLS,b_GP,0.025318215386964778
199110,(iv),WLS,b_GP,0.054378609837636614
199111,(iv),WLS,b_GP,0.031230596378995112
199112,(iv),WLS,b_GP,-0.007688035980371308
199201,(iv),WLS,b_GP,0.03969244376413712
199202,(iv),WLS,b_GP,0.031107968429511725
199203,(iv),WLS,b_GP,-0.058301043345985425
199204,(iv),WLS,b_GP,-0.002609924428451524
199205,(iv),WLS,b_GP,-0.044081347119365885
199206,(iv),WLS,b_GP,0.025379129620757016
199207,(iv),WLS,b_GP,0.0027537544402587294
199208,(iv),WLS,b_GP,-0.035615580802082776
199209,(iv),WLS,b_GP,0.030809604047373398
199210,(iv),WLS,b_GP,0.00024977457486287033
199211,(iv),WLS,b_GP,-0.034464360195068065
199212,(iv),WLS,b_GP,-0.010303513220394883
199301,(iv),WLS,b_GP,0.01156119923004427
199302,(iv),WLS,b_GP,-0.023604134854989824
199303,(iv),WLS,b_GP,-0.0339793242541601
199304,(iv),WLS,b_GP,0.023483393344281837
199305,(iv),WLS,b_GP,-0.011206837094744564
199306,(iv),WLS,b_GP,-0.07429158816527426
199307,(iv),WLS,b_GP,0.021097564231814865
199308,(iv),WLS,b_GP,0.018925351300251244
199309,(iv),WLS,b_GP,-0.008814906609325036
199310,(iv),WLS,b_GP,0.0035740905972118514
199311,(iv),WLS,b_GP,-0.03789432958161773
199312,(iv),WLS,b_GP,-0.06492468385696593
199401,(iv),WLS,b_GP,0.046811050555319485
199402,(iv),WLS,b_GP,0.02970410306615515
199403,(iv),WLS,b_GP,0.0010067925549404324
199404,(iv),WLS,b_GP,0.0028308623154209922
199405,(iv),WLS,b_GP,0.023269198016840395
199406,(iv),WLS,b_GP,-0.010674206885842504
199407,(iv),WLS,b_GP,0.08006858023413464
199408,(iv),WLS,b_GP,0.027661068990153345
199409,(iv),WLS,b_GP,0.04020837487808305
199410,(iv),WLS,b_GP,0.05746221446006652
199411,(iv),WLS,b_GP,-0.03293698872879829
199412,(iv),WLS,b_GP,0.010947287018325357
199501,(iv),WLS,b_GP,-0.022568021659119284
199502,(iv),WLS,b_GP,0.01683364180542197
199503,(iv),WLS,b_GP,0.026613113905389982
199504,(iv),WLS,b_GP,0.011340458462026734
199505,(iv),WLS,b_GP,0.04309720594035235
199506,(iv),WLS,b_GP,-0.023513182370810567
199507,(iv),WLS,b_GP,0.0019615899323352226
199508,(iv),WLS,b_GP,0.014657439103106136
199509,(iv),WLS,b_GP,0.036802558125830845
199510,(iv),WLS,b_GP,-0.06671995557681205
199511,(iv),WLS,b_GP,-0.06158594784954945
199512,(iv),WLS,b_GP,-0.03705535825318246
199601,(iv),WLS,b_GP,0.05799624069385443
199602,(iv),WLS,b_GP,-0.04251538435176271
199603,(iv),WLS,b_GP,0.059831783426528645
199604,(iv),WLS,b_GP,0.051084087604702136
199605,(iv),WLS,b_GP,-0.019604015020924154
199606,(iv),WLS,b_GP,0.02008895807256052
199607,(iv),WLS,b_GP,0.008927917463576792
199608,(iv),WLS,b_GP,0.045574761541439274
199609,(iv),WLS,b_GP,-0.01282343652158305
199610,(iv),WLS,b_GP,0.03369655268618
199611,(iv),WLS,b_GP,-0.011119518323367354
199612,(iv),WLS,b_GP,0.049643975864842385
199701,(iv),WLS,b_GP,0.006925512029083826
199702,(iv),WLS,b_GP,-0.006826755627670947
199703,(iv),WLS,b_GP,0.06988309733266601
199704,(iv),WLS,b_GP,0.010113404574792526
199705,(iv),WLS,b_GP,-0.0015286732157244083
199706,(iv),WLS,b_GP,0.017569782739360783
199707,(iv),WLS,b_GP,-0.005938866366036452
199708,(iv),WLS,b_GP,-0.010402898179435665
199709,(iv),WLS,b_GP,0.05593166141586877
199710,(iv),WLS,b_GP,0.06256490177379014
199711,(iv),WLS,b_GP,-0.03143712283677282
199712,(iv),WLS,b_GP,0.06920666176638968
199801,(iv),WLS,b_GP,0.005075033332658668
199802,(iv),WLS,b_GP,-0.017918695542004464
199803,(iv),WLS,b_GP,-0.014434395918055995
199804,(iv),WLS,b_GP,0.02951276572509801
199805,(iv),WLS,b_GP,0.09243069367175642
199806,(iv),WLS,b_GP,0.029795087695586753
199807,(iv),WLS,b_GP,-0.01538901493146616
199808,(iv),WLS,b_GP,0.0006424443286749612
199809,(iv),WLS,b_GP,-0.009099470095387011
199810,(iv),WLS,b_GP,0.0764550030692308
199811,(iv),WLS,b_GP,0.02949048081386246
199812,(iv),WLS,b_GP,0.06178562138922497
199901,(iv),WLS,b_GP,-0.054090665004080066
199902,(iv),WLS,b_GP,-0.03786595940026887
199903,(iv),WLS,b_GP,-0.12134511738192791
199904,(iv),WLS,b_GP,0.04090164751513096
199905,(iv),WLS,b_GP,0.03617146266147947
199906,(iv),WLS,b_GP,-0.027767598356333627
199907,(iv),WLS,b_GP,0.08197770899886939
199908,(iv),WLS,b_GP,-0.0305908470349618
199909,(iv),WLS,b_GP,0.011098230137456921
199910,(iv),WLS,b_GP,0.05197559481329168
199911,(iv),WLS,b_GP,0.000369274350540634
199912,(iv),WLS,b_GP,0.007255096054904911
200001,(iv),WLS,b_GP,0.08419061387328453
200002,(iv),WLS,b_GP,-0.005974840583713399
200003,(iv),WLS,b_GP,0.038353105632057946
200004,(iv),WLS,b_GP,0.022794440482675375
200005,(iv),WLS,b_GP,0.03680369435468857
200006,(iv),WLS,b_GP,0.010532601362464117
200007,(iv),WLS,b_GP,-0.04138576456531004
200008,(iv),WLS,b_GP,0.059013572582153034
200009,(iv),WLS,b_GP,0.024240185666133174
200010,(iv),WLS,b_GP,0.18318918066645523
200011,(iv),WLS,b_GP,0.0772318759630855
200012,(iv),WLS,b_GP,-0.113428381306818
200101,(iv),WLS,b_GP,0.12453869268361473
200102,(iv),WLS,b_GP,0.018936364130067163
200103,(iv),WLS,b_GP,-0.09731959257403025
200104,(iv),WLS,b_GP,0.004213713244840975
200105,(iv),WLS,b_GP,0.043437767109339345
200106,(iv),WLS,b_GP,0.05774519532261093
200107,(iv),WLS,b_GP,0.05926938823923459
200108,(iv),WLS,b_GP,0.00584884112356629
200109,(iv),WLS,b_GP,0.030052014362557708
200110,(iv),WLS,b_GP,0.0366365863844892
200111,(iv),WLS,b_GP,-0.0036114620780201417
200112,(iv),WLS,b_GP,0.07146239233064389
200201,(iv),WLS,b_GP,0.020310070131444286
200202,(iv),WLS,b_GP,-0.03493218014835906
200203,(iv),WLS,b_GP,0.09250741798088596
200204,(iv),WLS,b_GP,-0.04829780965728943
200205,(iv),WLS,b_GP,0.04649628869921447
200206,(iv),WLS,b_GP,0.03198072909035306
200207,(iv),WLS,b_GP,0.05884958049329911
200208,(iv),WLS,b_GP,0.05407384319173586
200209,(iv),WLS,b_GP,-0.06950550465039051
200210,(iv),WLS,b_GP,-0.09388918352972382
200211,(iv),WLS,b_GP,0.0628225130920124
200212,(iv),WLS,b_GP,0.018818315240724012
200301,(iv),WLS,b_GP,0.017464199489038313
200302,(iv),WLS,b_GP,0.029525370892952964
200303,(iv),WLS,b_GP,-0.06712567890083841
200304,(iv),WLS,b_GP,-0.048896270735667983
200305,(iv),WLS,b_GP,0.02734954692578978
200306,(iv),WLS,b_GP,0.019152434810316334
200307,(iv),WLS,b_GP,0.00471269690444108
200308,(iv),WLS,b_GP,0.024637321304012402
200309,(iv),WLS,b_GP,0.04785866946045779
200310,(iv),WLS,b_GP,0.021460053486517916
200311,(iv),WLS,b_GP,-0.10541126094150442
200312,(iv),WLS,b_GP,0.030469413934227193
200401,(iv),WLS,b_GP,0.03706955654318389
200402,(iv),WLS,b_GP,0.016311734313310892
200403,(iv),WLS,b_GP,-0.00928775514775039
200404,(iv),WLS,b_GP,0.01744972783353478
200405,(iv),WLS,b_GP,-0.028536160681939524
200406,(iv),WLS,b_GP,0.006269947439641196
200407,(iv),WLS,b_GP,0.01863766542986634
200408,(iv),WLS,b_GP,-0.03744390057485095
200409,(iv),WLS,b_GP,0.03095648984674826
200410,(iv),WLS,b_GP,-0.0339473098687994
200411,(iv),WLS,b_GP,0.023081217595155416
200412,(iv),WLS,b_GP,0.03642810005349492
200501,(iv),WLS,b_GP,-0.04290593961138574
200502,(iv),WLS,b_GP,0.03205989198547911
200503,(iv),WLS,b_GP,-0.008195814436016163
200504,(iv),WLS,b_GP,0.03245516275088888
200505,(iv),WLS,b_GP,0.02317197777170002
200506,(iv),WLS,b_GP,-0.02293584566209056
200507,(iv),WLS,b_GP,-0.03555767697061121
200508,(iv),WLS,b_GP,-0.03781253000273891
200509,(iv),WLS,b_GP,0.012962039006624668
200510,(iv),WLS,b_GP,-0.02004997030959236
200511,(iv),WLS,b_GP,-0.010660833593501999
200512,(iv),WLS,b_GP,0.0021602351937654724
200601,(iv),WLS,b_GP,0.012771494770684032
200602,(iv),WLS,b_GP,-0.01781761572849444
200603,(iv),WLS,b_GP,-0.019527370480448652
200604,(iv),WLS,b_GP,-0.007505071833785211
200605,(iv),WLS,b_GP,0.020249180087858774
200606,(iv),WLS,b_GP,0.021419815111049605
200607,(iv),WLS,b_GP,0.010841591299058956
200608,(iv),WLS,b_GP,0.04369750337142144
200609,(iv),WLS,b_GP,0.010116728762297598
200610,(iv),WLS,b_GP,-0.04066807477923593
200611,(iv),WLS,b_GP,-0.0065591242086029955
200612,(iv),WLS,b_GP,0.020509747265009242
200701,(iv),WLS,b_GP,-0.024015664948359446
200702,(iv),WLS,b_GP,-0.021825610610124693
200703,(iv),WLS,b_GP,-0.009063164538401818
200704,(iv),WLS,b_GP,-0.01972038988663328
200705,(iv),WLS,b_GP,-0.006191326102241424
200706,(iv),WLS,b_GP,-0.05054931938962781
200707,(iv),WLS,b_GP,-0.0034553273822650332
200708,(iv),WLS,b_GP,-0.07534478772525319
200709,(iv),WLS,b_GP,-0.015743739857940888
200710,(iv),WLS,b_GP,0.03075225506270112
200711,(iv),WLS,b_GP,-0.014116048681302873
200712,(iv),WLS,b_GP,0.039150241890126974
200801,(iv),WLS,b_GP,-0.019975271316697626
200802,(iv),WLS,b_GP,0.003804406760904884
200803,(iv),WLS,b_GP,0.012710072216680059
200804,(iv),WLS,b_GP,0.0035971371195483853
200805,(iv),WLS,b_GP,0.0386045089283681
200806,(iv),WLS,b_GP,0.06984049126882651
200807,(iv),WLS,b_GP,0.08225449049226308
200808,(iv),WLS,b_GP,0.15660552396562932
200809,(iv),WLS,b_GP,0.0991858674487434
200810,(iv),WLS,b_GP,0.023725281691863206
200811,(iv),WLS,b_GP,0.03262012218464594
200812,(iv),WLS,b_GP,-0.0022687079998721243
200901,(iv),WLS,b_GP,0.11797509155259661
200902,(iv),WLS,b_GP,0.020883601208179024
200903,(iv),WLS,b_GP,-0.08483587770146046
200904,(iv),WLS,b_GP,-0.10753147084265333
200905,(iv),WLS,b_GP,0.0870978000318138
200906,(iv),WLS,b_GP,-0.025899436671340433
200907,(iv),WLS,b_GP,0.005912376564932716
200908,(iv),WLS,b_GP,-0.03207254886386665
200909,(iv),WLS,b_GP,0.0466829213178931
200910,(iv),WLS,b_GP,-0.04850130564334387
200911,(iv),WLS,b_GP,0.005923624693181542
200912,(iv),WLS,b_GP,0.011601040013313522
201001,(iv),WLS,b_GP,0.017611215982140875
201002,(iv),WLS,b_GP,-0.029791091921988363
201003,(iv),WLS,b_GP,-0.009973413658142881
201004,(iv),WLS,b_GP,0.020326244917742972
201005,(iv),WLS,b_GP,-0.028663584058017333
201006,(iv),WLS,b_GP,-0.03504914589783358
201007,(iv),WLS,b_GP,-0.0013252393058255027
201008,(iv),WLS,b_GP,0.004132678692177721
201009,(iv),WLS,b_GP,-0.03620474323148415
201010,(iv),WLS,b_GP,-0.026006487018399135
201011,(iv),WLS,b_GP,-0.0522232905230194
201012,(iv),WLS,b_GP,-0.07356484474327656
201101,(iv),WLS,b_GP,-0.027262367895937493
201102,(iv),WLS,b_GP,-0.009385790342407758
201103,(iv),WLS,b_GP,0.04095802718309782
201104,(iv),WLS,b_GP,0.054879767417248704
201105,(iv),WLS,b_GP,0.018446485111943453
201106,(iv),WLS,b_GP,-0.003823696511613142
201107,(iv),WLS,b_GP,0.05679121411901056
201108,(iv),WLS,b_GP,0.12342267880094451
201109,(iv),WLS,b_GP,-0.08931298174956254
201110,(iv),WLS,b_GP,-0.0003386794564755567
201111,(iv),WLS,b_GP,0.0334111163003615
201112,(iv),WLS,b_GP,-0.030429253750292547
201201,(iv),WLS,b_GP,-0.022655551552799157
201202,(iv),WLS,b_GP,0.05942049721201619
201203,(iv),WLS,b_GP,0.005026881554141336
201204,(iv),WLS,b_GP,0.08976859013065598
201205,(iv),WLS,b_GP,-0.009164232558078446
201206,(iv),WLS,b_GP,-0.0002979065589595684
201207,(iv),WLS,b_GP,0.005814201591660234
201208,(iv),WLS,b_GP,-0.023056330772896236
201209,(iv),WLS,b_GP,-0.006529581917501883
201210,(iv),WLS,b_GP,-0.011898983840331957
201211,(iv),WLS,b_GP,-0.03021142400078895
201212,(iv),WLS,b_GP,-0.0030317016131803445
201301,(iv),WLS,b_GP,-0.0015489477753325414
201302,(iv),WLS,b_GP,0.007269335897572726
201303,(iv),WLS,b_GP,0.03237768142204764
201304,(iv),WLS,b_GP,0.005566233660583612
201305,(iv),WLS,b_GP,-0.0007597177151063908
201306,(iv),WLS,b_GP,-0.009129007703234111
201307,(iv),WLS,b_GP,-0.01804599424611201
201308,(iv),WLS,b_GP,-0.01714215320598004
201309,(iv),WLS,b_GP,0.011933592427564494
201310,(iv),WLS,b_GP,0.02339418994414911
201311,(iv),WLS,b_GP,-0.04350966414890343
201312,(iv),WLS,b_GP,-0.03222436406556335
201401,(iv),WLS,b_GP,0.00942456734095462
201402,(iv),WLS,b_GP,0.02266778317648857
201403,(iv),WLS,b_GP,-0.02456181384773699
201404,(iv),WLS,b_GP,-0.014825508775399569
201405,(iv),WLS,b_GP,-0.00393897378962715
201406,(iv),WLS,b_GP,0.03237333341772981
201407,(iv),WLS,b_GP,-0.004320520976644537
201408,(iv),WLS,b_GP,0.03914032987148229
201409,(iv),WLS,b_GP,0.007771519078240925
201410,(iv),WLS,b_GP,0.0752419334539498
201411,(iv),WLS,b_GP,0.026685960381246106
201412,(iv),WLS,b_GP,0.005406160264717637
201501,(iv),WLS,b_GP,-0.04268066681883795
201502,(iv),WLS,b_GP,0.011974978695327192
201503,(iv),WLS,b_GP,-0.03805977534022592
201504,(iv),WLS,b_GP,0.006779111149411626
201505,(iv),WLS,b_GP,0.006161335315559284
201506,(iv),WLS,b_GP,0.0009668836933314912
201507,(iv),WLS,b_GP,0.018628723006803717
201508,(iv),WLS,b_GP,0.021840145324860456
201509,(iv),WLS,b_GP,-0.06373622134577818
201510,(iv),WLS,b_GP,-0.011266248779985662
201511,(iv),WLS,b_GP,0.023610610183997738
201512,(iv),WLS,b_GP,0.0708109225878326
201601,(iv),WLS,b_GP,-0.010269917126169223
201602,(iv),WLS,b_GP,-0.014123541752903
201603,(iv),WLS,b_GP,-0.04773186021499104
201604,(iv),WLS,b_GP,0.027716954111392186
201605,(iv),WLS,b_GP,0.014454152908074249
201606,(iv),WLS,b_GP,0.045240217277475674
201607,(iv),WLS,b_GP,-0.003693265096840926
201608,(iv),WLS,b_GP,-0.0058863175666942855
201609,(iv),WLS,b_GP,-0.01574659699776023
201610,(iv),WLS,b_GP,-0.04676699536145075
201611,(iv),WLS,b_GP,0.007138620940540068
201612,(iv),WLS,b_GP,-0.034270054097465634
201701,(iv),WLS,b_GP,0.023459854730193682
201702,(iv),WLS,b_GP,0.018107748467894924
201703,(iv),WLS,b_GP,0.015720837067149992
201704,(iv),WLS,b_GP,0.008603308239857436
201705,(iv),WLS,b_GP,-0.029328586737188314
201706,(iv),WLS,b_GP,-0.012703418816228083
201707,(iv),WLS,b_GP,-0.01308200814592192
201708,(iv),WLS,b_GP,-0.022414338257784307
201709,(iv),WLS,b_GP,0.024981926609634705
201710,(iv),WLS,b_GP,0.05812152823243502
201711,(iv),WLS,b_GP,-0.024703142190903672
201712,(iv),WLS,b_GP,-0.0046151519917773665
201801,(iv),WLS,b_GP,-0.005152448193564953
201802,(iv),WLS,b_GP,0.02719162730525814
201803,(iv),WLS,b_GP,-0.0030308478427986067
201804,(iv),WLS,b_GP,-0.020866921576522465
201805,(iv),WLS,b_GP,0.04064699890586313
201806,(iv),WLS,b_GP,-0.012668871240458563
201807,(iv),WLS,b_GP,0.046464417479589036
201808,(iv),WLS,b_GP,-0.02875976704729766
201809,(iv),WLS,b_GP,-0.0007539075100671672
201810,(iv),WLS,b_GP,0.0357947931556132
201811,(iv),WLS,b_GP,0.00942663608793154
201812,(iv),WLS,b_GP,0.001240724222429426
201901,(iv),WLS,b_GP,-0.03211857501730243
201902,(iv),WLS,b_GP,-0.02116940744862624
201903,(iv),WLS,b_GP,-0.010188180184772688
201904,(iv),WLS,b_GP,-0.019082604063855414
201905,(iv),WLS,b_GP,-0.012724163966166508
201906,(iv),WLS,b_GP,0.002100563964099968
201907,(iv),WLS,b_GP,0.012307796110854245
201908,(iv),WLS,b_GP,0.022284881430209888
201909,(iv),WLS,b_GP,0.007222625850015301
201910,(iv),WLS,b_GP,-0.04129741831157641
201911,(iv),WLS,b_GP,0.010906245793769236
201912,(iv),WLS,b_GP,-0.05558683795323571
202001,(iv),WLS,b_GP,0.04742992239376523
202002,(iv),WLS,b_GP,0.08484055832435045
202003,(iv),WLS,b_GP,0.02941451121781138
202004,(iv),WLS,b_GP,0.006076676864671227
202005,(iv),WLS,b_GP,-0.03394104567101042
202006,(iv),WLS,b_GP,-0.02003557955103262
202007,(iv),WLS,b_GP,-0.09585914955126898
202008,(iv),WLS,b_GP,0.010893582856086464
202009,(iv),WLS,b_GP,0.0019797596855465546
202010,(iv),WLS,b_GP,-0.1054288635060392
202011,(iv),WLS,b_GP,-0.08905032891142997
202012,(iv),WLS,b_GP,0.0022763705575991958
202101,(iv),WLS,b_GP,-0.009824274869022154
202102,(iv),WLS,b_GP,0.06899956830424162
202103,(iv),WLS,b_GP,0.009669186739393994
202104,(iv),WLS,b_GP,0.030613976124317308
202105,(iv),WLS,b_GP,0.020428846001023876
202106,(iv),WLS,b_GP,0.03934072528937589
202107,(iv),WLS,b_GP,0.016103654732577008
202108,(iv),WLS,b_GP,-0.066729307020017
202109,(iv),WLS,b_GP,-0.06240663893858368
202110,(iv),WLS,b_GP,0.0897419970697326
202111,(iv),WLS,b_GP,0.0399219263673178
202112,(iv),WLS,b_GP,-0.003049321963893875
202201,(iv),WLS,b_GP,-0.048534745240817474
202202,(iv),WLS,b_GP,-0.07041955520821228
202203,(iv),WLS,b_GP,0.06577689324327524
202204,(iv),WLS,b_GP,-0.0010307216776783146
202205,(iv),WLS,b_GP,0.02433853672095177
202206,(iv),WLS,b_GP,-0.03322719741314062
202207,(iv),WLS,b_GP,-0.03361623097490042
202208,(iv),WLS,b_GP,-0.0013420189489379438
202209,(iv),WLS,b_GP,-0.025392240551476264
202210,(iv),WLS,b_GP,0.03374545716291195
202211,(iv),WLS,b_GP,0.021771955966679482
202212,(iv),WLS,b_GP,0.011751130571744768
202301,(iv),WLS,b_GP,-0.015045030407394855
202302,(iv),WLS,b_GP,0.11290508875762473
202303,(iv),WLS,b_GP,0.09099177868660772
202304,(iv),WLS,b_GP,0.01833537496937193
202305,(iv),WLS,b_GP,-0.04418286042557299
202306,(iv),WLS,b_GP,0.02793043540967756
202307,(iv),WLS,b_GP,0.03238982215505429
202308,(iv),WLS,b_GP,0.031232183975101385
202309,(iv),WLS,b_GP,0.09150108884534347
202310,(iv),WLS,b_GP,-0.00913514524966906
202311,(iv),WLS,b_GP,-0.019255760689226607
202312,(iv),WLS,b_GP,0.0749390868130399
202401,(iv),WLS,b_GP,0.10989296086767372
202402,(iv),WLS,b_GP,-0.010542101211475266
202403,(iv),WLS,b_GP,-0.04511434465778507
202404,(iv),WLS,b_GP,0.05944894567544602
202405,(iv),WLS,b_GP,0.08749883037715435
202406,(iv),WLS,b_GP,-0.11342512078818633
202407,(iv),WLS,b_GP,0.027152495536266925
202408,(iv),WLS,b_GP,-0.03693669150285992
202409,(iv),WLS,b_GP,0.0697462895276867
202410,(iv),WLS,b_GP,-0.04303581011399185
202411,(iv),WLS,b_GP,-0.006023182615768563
197307,(v),OLS,a,-0.06943443678587165
197308,(v),OLS,a,-0.05400473539646936
197309,(v),OLS,a,-0.10124851757337117
197310,(v),OLS,a,-0.1674593875017754
197311,(v),OLS,a,-0.06770677470513645
197312,(v),OLS,a,0.13609047165976212
197401,(v),OLS,a,-0.06063492633294071
197402,(v),OLS,a,0.04012951634847688
197403,(v),OLS,a,-0.032660114652487936
197404,(v),OLS,a,-0.019553797090731465
197405,(v),OLS,a,-0.05888053911309727
197406,(v),OLS,a,-0.010120800102845327
197407,(v),OLS,a,-0.07757019392465371
197408,(v),OLS,a,-0.013140844705611544
197409,(v),OLS,a,0.07803419205364802
197410,(v),OLS,a,-0.02563556286680641
197411,(v),OLS,a,0.005698161370947444
197412,(v),OLS,a,0.31559801825651335
197501,(v),OLS,a,0.0143958291742716
197502,(v),OLS,a,0.14524246744698133
197503,(v),OLS,a,0.03353174506986567
197504,(v),OLS,a,0.07804077443687059
197505,(v),OLS,a,0.11753988058724976
197506,(v),OLS,a,0.037585422309011456
197507,(v),OLS,a,-0.04537301201937073
197508,(v),OLS,a,0.012697750770092053
197509,(v),OLS,a,0.0314080985734169
197510,(v),OLS,a,0.07213820687648852
197511,(v),OLS,a,-0.059905256552273634
197512,(v),OLS,a,0.3407962600404725
197601,(v),OLS,a,0.06450818644260183
197602,(v),OLS,a,0.030473946757571098
197603,(v),OLS,a,-0.006913943577745021
197604,(v),OLS,a,-0.0568528156929089
197605,(v),OLS,a,0.00187637564599709
197606,(v),OLS,a,-0.06636569102666566
197607,(v),OLS,a,0.0493027063570625
197608,(v),OLS,a,0.03762234714698171
197609,(v),OLS,a,0.004148228228680217
197610,(v),OLS,a,0.05930798013204752
197611,(v),OLS,a,0.07936894809000032
197612,(v),OLS,a,-0.02548336671943482
197701,(v),OLS,a,0.059965868659519264
197702,(v),OLS,a,0.006037724342280743
197703,(v),OLS,a,0.004087884662646713
197704,(v),OLS,a,0.06920480719899572
197705,(v),OLS,a,-0.009383130576581963
197706,(v),OLS,a,-0.004081261417518715
197707,(v),OLS,a,0.036365984934658035
197708,(v),OLS,a,0.008772062427737343
197709,(v),OLS,a,0.026296494312435914
197710,(v),OLS,a,0.06636771954593854
197711,(v),OLS,a,-0.014122534081968018
197712,(v),OLS,a,-0.040855126194554656
197801,(v),OLS,a,0.034610012210986744
197802,(v),OLS,a,0.046989163278538346
197803,(v),OLS,a,0.03951672368865326
197804,(v),OLS,a,0.04881159708615269
197805,(v),OLS,a,-0.006628747012194834
197806,(v),OLS,a,0.05204176166182144
197807,(v),OLS,a,0.06114918488438026
197808,(v),OLS,a,-0.05893598627702818
197809,(v),OLS,a,-0.11589239776038354
197810,(v),OLS,a,0.04648120246283662
197811,(v),OLS,a,0.02334241259919864
197812,(v),OLS,a,0.04162454977966941
197901,(v),OLS,a,-0.06839962789480186
197902,(v),OLS,a,-0.014974103689361489
197903,(v),OLS,a,-0.020097011388123122
197904,(v),OLS,a,-0.03677257398059501
197905,(v),OLS,a,-0.03674589804618551
197906,(v),OLS,a,0.017985154879222576
197907,(v),OLS,a,0.058320583023238566
197908,(v),OLS,a,-0.04759974160103796
197909,(v),OLS,a,-0.0361464967253329
197910,(v),OLS,a,-0.034275211501823964
197911,(v),OLS,a,-0.031714969370360835
197912,(v),OLS,a,-0.03781423493733474
198001,(v),OLS,a,-0.062450229969318066
198002,(v),OLS,a,-0.065424914254113
198003,(v),OLS,a,0.012899791357181865
198004,(v),OLS,a,0.11007808936278596
198005,(v),OLS,a,0.016086026601177566
198006,(v),OLS,a,0.11242753974279779
198007,(v),OLS,a,0.05690123943155088
198008,(v),OLS,a,0.007224943628091616
198009,(v),OLS,a,0.04370087069037644
198010,(v),OLS,a,0.011144011747676683
198011,(v),OLS,a,0.009111411511500559
198012,(v),OLS,a,0.008143907611667946
198101,(v),OLS,a,0.015238475276035683
198102,(v),OLS,a,0.07669326431877989
198103,(v),OLS,a,0.04413563113405267
198104,(v),OLS,a,0.02768745827929779
198105,(v),OLS,a,0.03457454761013741
198106,(v),OLS,a,-0.010413974380359835
198107,(v),OLS,a,-0.01522187448142668
198108,(v),OLS,a,-0.02637521069714675
198109,(v),OLS,a,0.11122409384053283
198110,(v),OLS,a,0.06085202839220115
198111,(v),OLS,a,0.04140568019498554
198112,(v),OLS,a,0.003260612226593924
198201,(v),OLS,a,-0.01257273129141808
198202,(v),OLS,a,-0.0062761854584620375
198203,(v),OLS,a,0.02898343209362225
198204,(v),OLS,a,0.03484059585932451
198205,(v),OLS,a,-0.0559729094606809
198206,(v),OLS,a,0.02365819641581165
198207,(v),OLS,a,0.09266047648897177
198208,(v),OLS,a,0.07363544098577267
198209,(v),OLS,a,0.11137232821916117
198210,(v),OLS,a,0.013246812110486878
198211,(v),OLS,a,0.015734340438016553
198212,(v),OLS,a,0.009934716315943351
198301,(v),OLS,a,0.05873978031821697
198302,(v),OLS,a,0.04028408772039532
198303,(v),OLS,a,0.06031864497558018
198304,(v),OLS,a,-0.016752826575710013
198305,(v),OLS,a,0.04200089072734821
198306,(v),OLS,a,-0.06763295826609593
198307,(v),OLS,a,-0.01963919777911289
198308,(v),OLS,a,0.060745530139239876
198309,(v),OLS,a,-0.06108475339497368
198310,(v),OLS,a,0.0646941858059968
198311,(v),OLS,a,-0.017116194958647177
198312,(v),OLS,a,-0.0736915724843142
198401,(v),OLS,a,-0.07934532757483431
198402,(v),OLS,a,0.01967042370500918
198403,(v),OLS,a,0.03753738235621634
198404,(v),OLS,a,-0.01736000273374408
198405,(v),OLS,a,0.07920025060271833
198406,(v),OLS,a,-0.018035964771106174
198407,(v),OLS,a,0.1431524037797558
198408,(v),OLS,a,0.008372782114271941
198409,(v),OLS,a,0.05377235497387056
198410,(v),OLS,a,0.02862316819852464
198411,(v),OLS,a,0.06630671448839168
198412,(v),OLS,a,0.09407980950316978
198501,(v),OLS,a,0.04503290915388158
198502,(v),OLS,a,-0.007226817294783743
198503,(v),OLS,a,0.004723708613951121
198504,(v),OLS,a,0.061674565675488686
198505,(v),OLS,a,0.03736250735531937
198506,(v),OLS,a,0.01137542182349524
198507,(v),OLS,a,-0.0017500648356432147
198508,(v),OLS,a,-0.0024194952155716346
198509,(v),OLS,a,0.07974700341032381
198510,(v),OLS,a,0.08668553933579637
198511,(v),OLS,a,0.1267348592730071
198512,(v),OLS,a,0.021564308814674703
198601,(v),OLS,a,0.1306600398210144
198602,(v),OLS,a,0.057379620956227256
198603,(v),OLS,a,0.02942686262607679
198604,(v),OLS,a,0.04995774621026526
198605,(v),OLS,a,-0.004664618727691746
198606,(v),OLS,a,-0.05447343585405498
198607,(v),OLS,a,0.02696573357200723
198608,(v),OLS,a,-0.10412865164037208
198609,(v),OLS,a,0.09721516553506489
198610,(v),OLS,a,0.04207914350453219
198611,(v),OLS,a,-0.020338938286724104
198612,(v),OLS,a,0.11231767057073813
198701,(v),OLS,a,0.061954246596844766
198702,(v),OLS,a,-0.025888901950429866
198703,(v),OLS,a,-0.0404928523440958
198704,(v),OLS,a,-0.0016341753355112241
198705,(v),OLS,a,0.03707941301365953
198706,(v),OLS,a,0.028996500056362125
198707,(v),OLS,a,0.0700264198097361
198708,(v),OLS,a,-0.020079242818220322
198709,(v),OLS,a,-0.2778582295670954
198710,(v),OLS,a,-0.027547457530647
198711,(v),OLS,a,0.12572083160385863
198712,(v),OLS,a,0.0097872398808331
198801,(v),OLS,a,0.09907830350829655
198802,(v),OLS,a,0.039258552174491285
198803,(v),OLS,a,0.011864464557562323
198804,(v),OLS,a,-0.01597650121278851
198805,(v),OLS,a,0.05960354616747692
198806,(v),OLS,a,-0.018396955995382637
198807,(v),OLS,a,-0.02143869371144262
198808,(v),OLS,a,0.046440649422812466
198809,(v),OLS,a,0.010264296271029358
198810,(v),OLS,a,-0.009310580100693033
198811,(v),OLS,a,0.06967394401499166
198812,(v),OLS,a,0.014096387675671016
198901,(v),OLS,a,0.005399673953227233
198902,(v),OLS,a,0.005350460258787625
198903,(v),OLS,a,0.03608403361848881
198904,(v),OLS,a,0.028237216276321822
198905,(v),OLS,a,-0.04696234548380871
198906,(v),OLS,a,0.04924622023247205
198907,(v),OLS,a,0.02222384754903272
198908,(v),OLS,a,0.015860604925557145
198909,(v),OLS,a,-0.015115269131370838
198910,(v),OLS,a,-0.002976315764227093
198911,(v),OLS,a,0.010323799900142493
198912,(v),OLS,a,-0.07853403765712233
199001,(v),OLS,a,-0.024988961734770696
199002,(v),OLS,a,0.055749759875767656
199003,(v),OLS,a,-0.011073808602545901
199004,(v),OLS,a,0.06686408548723978
199005,(v),OLS,a,0.0033710696595557143
199006,(v),OLS,a,-0.05792077101842155
199007,(v),OLS,a,-0.14966840869591913
199008,(v),OLS,a,-0.09981030842955835
199009,(v),OLS,a,-0.03571193863631037
199010,(v),OLS,a,0.10809676058347653
199011,(v),OLS,a,0.1021798272386569
199012,(v),OLS,a,0.049508928210145804
199101,(v),OLS,a,0.12698208796878518
199102,(v),OLS,a,0.059643601436375544
199103,(v),OLS,a,0.030139527487718063
199104,(v),OLS,a,0.03906029507375748
199105,(v),OLS,a,-0.024704423093140894
199106,(v),OLS,a,0.060898364334750044
199107,(v),OLS,a,0.01917320852308808
199108,(v),OLS,a,-0.025349542697647075
199109,(v),OLS,a,0.00707218219855336
199110,(v),OLS,a,-0.03213179424907934
199111,(v),OLS,a,0.1447089853937187
199112,(v),OLS,a,-0.007182750040336205
199201,(v),OLS,a,0.01962803833067905
199202,(v),OLS,a,-0.045034617557635166
199203,(v),OLS,a,-0.026363049227418715
199204,(v),OLS,a,-0.004375736687701685
199205,(v),OLS,a,-0.06778165262439008
199206,(v),OLS,a,0.024001388854759068
199207,(v),OLS,a,0.008768330977893053
199208,(v),OLS,a,-0.0010998109849840922
199209,(v),OLS,a,0.07242188468401313
199210,(v),OLS,a,0.11581361897434024
199211,(v),OLS,a,0.03230780849363317
199212,(v),OLS,a,-0.016522410043838642
199301,(v),OLS,a,-0.08925436137976567
199302,(v),OLS,a,-0.014576033232290156
199303,(v),OLS,a,-0.06391546513734936
199304,(v),OLS,a,0.04123051000385888
199305,(v),OLS,a,-0.05547039885320075
199306,(v),OLS,a,-0.02280735918566634
199307,(v),OLS,a,0.04797786509860789
199308,(v),OLS,a,0.025765576986337173
199309,(v),OLS,a,0.0054278388381990015
199310,(v),OLS,a,-0.006995504309635245
199311,(v),OLS,a,0.03559456350151538
199312,(v),OLS,a,-0.029495490969867692
199401,(v),OLS,a,-0.003977119073549827
199402,(v),OLS,a,-0.045695325780618606
199403,(v),OLS,a,-0.01654539751376643
199404,(v),OLS,a,-0.008042959766598152
199405,(v),OLS,a,-0.03583084700279831
199406,(v),OLS,a,-0.000275962188511976
199407,(v),OLS,a,0.06974681623994115
199408,(v),OLS,a,0.005178671193976342
199409,(v),OLS,a,0.026351335735296078
199410,(v),OLS,a,-0.0029547050231961583
199411,(v),OLS,a,0.0005790195544393164
199412,(v),OLS,a,0.02834978371717337
199501,(v),OLS,a,0.042895357532654506
199502,(v),OLS,a,0.03671886625318726
199503,(v),OLS,a,0.0165730223265807
199504,(v),OLS,a,0.014114445237845987
199505,(v),OLS,a,0.07521731472424155
199506,(v),OLS,a,0.07652324589082847
199507,(v),OLS,a,-0.002073059962221706
199508,(v),OLS,a,0.025203888396886562
199509,(v),OLS,a,-0.021309689943907313
199510,(v),OLS,a,0.03436423484072265
199511,(v),OLS,a,-0.013123761519316867
199512,(v),OLS,a,-0.02429551898973292
199601,(v),OLS,a,0.03290638075361635
199602,(v),OLS,a,0.01618277955674364
199603,(v),OLS,a,0.0531611220031856
199604,(v),OLS,a,0.0564650077040394
199605,(v),OLS,a,-0.048763135280396795
199606,(v),OLS,a,-0.103655650634666
199607,(v),OLS,a,0.047189219550978434
199608,(v),OLS,a,0.036321126036403605
199609,(v),OLS,a,-0.018703403690384462
199610,(v),OLS,a,0.04873728706197217
199611,(v),OLS,a,0.01382489175436267
199612,(v),OLS,a,0.03669063082650345
199701,(v),OLS,a,-0.028682346056810772
199702,(v),OLS,a,-0.06748956836439546
199703,(v),OLS,a,-0.003920554391285806
199704,(v),OLS,a,0.12162004392911921
199705,(v),OLS,a,0.02440730263009623
199706,(v),OLS,a,0.07514237620573234
199707,(v),OLS,a,0.03539182591909258
199708,(v),OLS,a,0.051928974574615046
199709,(v),OLS,a,-0.0439722411556171
199710,(v),OLS,a,0.016690256438512466
199711,(v),OLS,a,-0.02019586949396441
199712,(v),OLS,a,-0.0036127343442762328
199801,(v),OLS,a,0.0743727546787205
199802,(v),OLS,a,0.02112034043274279
199803,(v),OLS,a,0.012123730829496252
199804,(v),OLS,a,-0.04843697256715524
199805,(v),OLS,a,0.006083532759926427
199806,(v),OLS,a,-0.05101838065745786
199807,(v),OLS,a,-0.16321287404651902
199808,(v),OLS,a,0.06308495517825391
199809,(v),OLS,a,0.09925411246110619
199810,(v),OLS,a,0.12423557277268432
199811,(v),OLS,a,0.09431924274187402
199812,(v),OLS,a,0.021181887538873102
199901,(v),OLS,a,-0.05325907443934138
199902,(v),OLS,a,-0.027504837512348276
199903,(v),OLS,a,0.04388113069261795
199904,(v),OLS,a,0.060550502192618975
199905,(v),OLS,a,0.06542088494559
199906,(v),OLS,a,-0.024829569285929214
199907,(v),OLS,a,-0.020469556630055747
199908,(v),OLS,a,0.02503593556977291
199909,(v),OLS,a,0.04899185311245251
199910,(v),OLS,a,0.11237909104205115
199911,(v),OLS,a,0.11221145873885656
199912,(v),OLS,a,-0.0511878747407243
200001,(v),OLS,a,0.11012216121383471
200002,(v),OLS,a,0.021819191369898887
200003,(v),OLS,a,-0.06717185532820542
200004,(v),OLS,a,-0.06914798488396756
200005,(v),OLS,a,0.06587325471147444
200006,(v),OLS,a,-0.08680103961636358
200007,(v),OLS,a,0.066291081638456
200008,(v),OLS,a,-0.03800083557592382
200009,(v),OLS,a,0.01347940611796799
200010,(v),OLS,a,-0.09030287286056202
200011,(v),OLS,a,-0.01830136997119092
200012,(v),OLS,a,0.18824965311311498
200101,(v),OLS,a,-0.0818342172071109
200102,(v),OLS,a,-0.09614272414775633
200103,(v),OLS,a,0.09667968639247954
200104,(v),OLS,a,0.029230536007012684
200105,(v),OLS,a,0.06772631294118249
200106,(v),OLS,a,0.004355022483984019
200107,(v),OLS,a,0.008404436599519897
200108,(v),OLS,a,-0.07825692997284542
200109,(v),OLS,a,0.10938132981625985
200110,(v),OLS,a,0.11226514880510048
200111,(v),OLS,a,0.07713864340782278
200112,(v),OLS,a,0.022918291648267784
200201,(v),OLS,a,0.0027530405729035193
200202,(v),OLS,a,0.07006237467045924
200203,(v),OLS,a,0.016093891735543927
200204,(v),OLS,a,-0.016675547889894757
200205,(v),OLS,a,-0.025218876367032704
200206,(v),OLS,a,-0.12095379027240606
200207,(v),OLS,a,0.005099271471107982
200208,(v),OLS,a,-0.04676854763916938
200209,(v),OLS,a,0.0920851677725759
200210,(v),OLS,a,-0.019661220526017664
200211,(v),OLS,a,-0.011097586614887191
200212,(v),OLS,a,-0.01508951941903166
200301,(v),OLS,a,-0.0354216199022558
200302,(v),OLS,a,0.0048196094994252025
200303,(v),OLS,a,0.07012425450305114
200304,(v),OLS,a,0.07251039585462048
200305,(v),OLS,a,0.019230414873257422
200306,(v),OLS,a,0.04417537138431094
200307,(v),OLS,a,0.053742744958527294
200308,(v),OLS,a,-0.05182748664073466
200309,(v),OLS,a,0.059687334906838495
200310,(v),OLS,a,0.048243247851650184
200311,(v),OLS,a,-0.025755548845372428
200312,(v),OLS,a,-0.02306820966056746
200401,(v),OLS,a,0.01931791759276475
200402,(v),OLS,a,0.016074205363605744
200403,(v),OLS,a,-0.00819613202079745
200404,(v),OLS,a,0.0294408667486988
200405,(v),OLS,a,0.03301820216579452
200406,(v),OLS,a,-0.0962815442688488
200407,(v),OLS,a,-0.0210689277900556
200408,(v),OLS,a,0.043441437406474694
200409,(v),OLS,a,0.02789068293734703
200410,(v),OLS,a,0.07627443917470354
200411,(v),OLS,a,0.054281662297021374
200412,(v),OLS,a,-0.016288096980495017
200501,(v),OLS,a,0.0006031741441609588
200502,(v),OLS,a,-0.0004044216271209813
200503,(v),OLS,a,-0.02765694712727432
200504,(v),OLS,a,0.07339836895587078
200505,(v),OLS,a,0.010927018481728586
200506,(v),OLS,a,0.03842338665296564
200507,(v),OLS,a,-0.02361537045463589
200508,(v),OLS,a,-0.016271776655630534
200509,(v),OLS,a,-0.005558387139521904
200510,(v),OLS,a,0.05544356449304003
200511,(v),OLS,a,0.003360490470664449
200512,(v),OLS,a,0.030426983610314307
200601,(v),OLS,a,0.0122522519623458
200602,(v),OLS,a,0.014115089936361524
200603,(v),OLS,a,-0.016093045896539013
200604,(v),OLS,a,-0.05131243623005309
200605,(v),OLS,a,-0.013005931423853876
200606,(v),OLS,a,-0.019598354452441517
200607,(v),OLS,a,0.014728214823938723
200608,(v),OLS,a,0.052603620221777905
200609,(v),OLS,a,0.04013767189923551
200610,(v),OLS,a,0.00784616544037279
200611,(v),OLS,a,-0.007003389966650199
200612,(v),OLS,a,0.02133707300518972
200701,(v),OLS,a,-0.012746825443198476
200702,(v),OLS,a,0.020680510844698036
200703,(v),OLS,a,0.02154787967568154
200704,(v),OLS,a,0.030381984678260223
200705,(v),OLS,a,-0.010339982251597653
200706,(v),OLS,a,-0.03587755646690485
200707,(v),OLS,a,-0.0027756548822899293
200708,(v),OLS,a,0.017527839605908334
200709,(v),OLS,a,0.024376202135710935
200710,(v),OLS,a,-0.04613339077475838
200711,(v),OLS,a,0.006357638581434522
200712,(v),OLS,a,-0.07201568264093802
200801,(v),OLS,a,-0.018265157341264684
200802,(v),OLS,a,-0.002957831212428896
200803,(v),OLS,a,0.04032880873582243
200804,(v),OLS,a,0.022478442557765106
200805,(v),OLS,a,-0.09984608877606606
200806,(v),OLS,a,0.03052486758774986
200807,(v),OLS,a,0.05220753723894926
200808,(v),OLS,a,-0.05812385574778086
200809,(v),OLS,a,-0.15852248982044384
200810,(v),OLS,a,-0.09130314072261222
200811,(v),OLS,a,0.08324613444376636
200812,(v),OLS,a,-0.07466866791331786
200901,(v),OLS,a,-0.013867445195003908
200902,(v),OLS,a,0.10726868281821002
200903,(v),OLS,a,0.14911330206415335
200904,(v),OLS,a,-0.015214973884604955
200905,(v),OLS,a,0.03540386207993103
200906,(v),OLS,a,0.05894195006156546
200907,(v),OLS,a,-0.07299257008867745
200908,(v),OLS,a,0.01962579312480786
200909,(v),OLS,a,-0.0026935607875773495
200910,(v),OLS,a,0.03027586907808452
200911,(v),OLS,a,0.05559833176206166
200912,(v),OLS,a,-0.05581108038520268
201001,(v),OLS,a,0.05561538389197854
201002,(v),OLS,a,0.05104201686404257
201003,(v),OLS,a,0.005118515934879828
201004,(v),OLS,a,-0.02761329169556832
201005,(v),OLS,a,-0.0247319001356222
201006,(v),OLS,a,0.04857891174117607
201007,(v),OLS,a,-0.04511588423059482
201008,(v),OLS,a,0.12620018131651212
201009,(v),OLS,a,0.03344114059938519
201010,(v),OLS,a,0.031772491044087275
201011,(v),OLS,a,0.04413870298593666
201012,(v),OLS,a,-0.024023575271215524
201101,(v),OLS,a,0.02546493994766255
201102,(v),OLS,a,0.03522685841498397
201103,(v),OLS,a,0.05669387144449493
201104,(v),OLS,a,0.011910228392831193
201105,(v),OLS,a,-0.002730652080433414
201106,(v),OLS,a,-0.01770233002349485
201107,(v),OLS,a,-0.038036815796025455
201108,(v),OLS,a,-0.038916871744275876
201109,(v),OLS,a,0.11668007705884355
201110,(v),OLS,a,-0.005742433621124363
201111,(v),OLS,a,0.00019109415542738157
201112,(v),OLS,a,0.06820759924471008
201201,(v),OLS,a,0.025753833206142857
201202,(v),OLS,a,0.046855629834986715
201203,(v),OLS,a,-0.010895566551557014
201204,(v),OLS,a,-0.03979646601952186
201205,(v),OLS,a,0.022677218400491875
201206,(v),OLS,a,-0.007480550946710996
201207,(v),OLS,a,0.02495864183599571
201208,(v),OLS,a,0.016587837681150734
201209,(v),OLS,a,-0.02662295557675617
201210,(v),OLS,a,0.014328706780045232
201211,(v),OLS,a,0.016061229192324274
201212,(v),OLS,a,0.046995881140525386
201301,(v),OLS,a,0.007863474845213174
201302,(v),OLS,a,0.03521809510527158
201303,(v),OLS,a,0.017656936404446065
201304,(v),OLS,a,0.038195773571022267
201305,(v),OLS,a,0.006412444921157883
201306,(v),OLS,a,0.0695128859459823
201307,(v),OLS,a,-0.019873095627959966
201308,(v),OLS,a,0.03640258894385983
201309,(v),OLS,a,0.021149962613979598
201310,(v),OLS,a,0.06803142085989852
201311,(v),OLS,a,0.0030056286773367104
201312,(v),OLS,a,-0.050722213684019656
201401,(v),OLS,a,0.035558517196122616
201402,(v),OLS,a,-0.02647375413664212
201403,(v),OLS,a,-0.03073997502377625
201404,(v),OLS,a,-0.005631663460812744
201405,(v),OLS,a,0.01447029666795708
201406,(v),OLS,a,-0.0376829493463324
201407,(v),OLS,a,0.053253964596622176
201408,(v),OLS,a,0.012560680366759832
201409,(v),OLS,a,0.10901958556470671
201410,(v),OLS,a,0.06360679859973319
201411,(v),OLS,a,0.05930557065340809
201412,(v),OLS,a,-0.004058779782303053
201501,(v),OLS,a,0.03208886468636913
201502,(v),OLS,a,0.03941925737723488
201503,(v),OLS,a,-0.04838660511633496
201504,(v),OLS,a,0.033293254848010774
201505,(v),OLS,a,0.037775990436301594
201506,(v),OLS,a,0.0639473209673782
201507,(v),OLS,a,-0.08315584852454451
201508,(v),OLS,a,0.009449979050430159
201509,(v),OLS,a,0.0598977707276104
201510,(v),OLS,a,0.020752709129793108
201511,(v),OLS,a,0.03538492363351089
201512,(v),OLS,a,-0.026801945162738993
201601,(v),OLS,a,0.034632776342960477
201602,(v),OLS,a,0.0014987518827780997
201603,(v),OLS,a,-0.0597179544682373
201604,(v),OLS,a,0.00877822081785901
201605,(v),OLS,a,-0.00035065589777929016
201606,(v),OLS,a,0.03989218503142196
201607,(v),OLS,a,-0.0066067260883395
201608,(v),OLS,a,-0.009084281775393496
201609,(v),OLS,a,-0.0032917612002218966
201610,(v),OLS,a,0.03954540096617689
201611,(v),OLS,a,0.02512469046206414
201612,(v),OLS,a,-0.010325875388530772
201701,(v),OLS,a,0.04278218529614286
201702,(v),OLS,a,0.01853299466114414
201703,(v),OLS,a,0.04309424470805836
201704,(v),OLS,a,0.027327402318559218
201705,(v),OLS,a,0.02836233589729045
201706,(v),OLS,a,0.008821746900797022
201707,(v),OLS,a,0.006363750485044307
201708,(v),OLS,a,0.01822971684776145
201709,(v),OLS,a,0.008603666072986873
201710,(v),OLS,a,0.0389495946351536
201711,(v),OLS,a,-0.0015210662062961203
201712,(v),OLS,a,0.023422612715257224
201801,(v),OLS,a,-0.019995908042585997
201802,(v),OLS,a,0.017824727187859025
201803,(v),OLS,a,-0.0033030989778162104
201804,(v),OLS,a,0.0639886495362428
201805,(v),OLS,a,0.04188733721063065
201806,(v),OLS,a,0.036926706572398674
201807,(v),OLS,a,0.09060387866546611
201808,(v),OLS,a,-0.010543634965802465
201809,(v),OLS,a,-0.06939836516156987
201810,(v),OLS,a,0.05670190983027452
201811,(v),OLS,a,-0.040556397487979644
201812,(v),OLS,a,0.05402591620524113
201901,(v),OLS,a,0.0500708105932754
201902,(v),OLS,a,-0.009889771840203803
201903,(v),OLS,a,0.05322902865069111
201904,(v),OLS,a,-0.044011997643566364
201905,(v),OLS,a,0.09714228868736732
201906,(v),OLS,a,0.038097967450099884
201907,(v),OLS,a,-0.005363699707734319
201908,(v),OLS,a,0.02027797187312432
201909,(v),OLS,a,0.06648176521455404
201910,(v),OLS,a,0.05645188994670169
201911,(v),OLS,a,-0.032423060618173336
201912,(v),OLS,a,-0.013578369029928181
202001,(v),OLS,a,-0.05676731700708841
202002,(v),OLS,a,-0.10550342879828006
202003,(v),OLS,a,0.07436052032126325
202004,(v),OLS,a,0.0582977642982039
202005,(v),OLS,a,-0.012046193655634863
202006,(v),OLS,a,0.017469976362294772
202007,(v),OLS,a,0.05165473607294383
202008,(v),OLS,a,-0.00821157769836796
202009,(v),OLS,a,0.022652531712341085
202010,(v),OLS,a,0.07127813771635737
202011,(v),OLS,a,0.04090241335689192
202012,(v),OLS,a,-0.06772350513201532
202101,(v),OLS,a,0.02287377319106582
202102,(v),OLS,a,0.015074559942213727
202103,(v),OLS,a,0.05876983159567834
202104,(v),OLS,a,-0.024610749747378945
202105,(v),OLS,a,0.0048154122998190635
202106,(v),OLS,a,0.03843738791294894
202107,(v),OLS,a,0.004885660565474869
202108,(v),OLS,a,-0.09764959964752801
202109,(v),OLS,a,0.0693068213110388
202110,(v),OLS,a,0.026004187299279877
202111,(v),OLS,a,0.051030174054814775
202112,(v),OLS,a,-0.13196595672259734
202201,(v),OLS,a,-0.0469937018100324
202202,(v),OLS,a,-0.051334999963334994
202203,(v),OLS,a,-0.06546242342454255
202204,(v),OLS,a,-0.019993823265861282
202205,(v),OLS,a,-0.0433655659989148
202206,(v),OLS,a,0.13546941586044497
202207,(v),OLS,a,-0.062192294559069015
202208,(v),OLS,a,-0.05057989117799119
202209,(v),OLS,a,0.10971201438636095
202210,(v),OLS,a,0.09166482201721123
202211,(v),OLS,a,-0.041723540661493135
202212,(v),OLS,a,0.03510063839464688
202301,(v),OLS,a,0.030534926320880666
202302,(v),OLS,a,0.033966764432462195
202303,(v),OLS,a,-0.012218669272608361
202304,(v),OLS,a,-0.02342013993521586
202305,(v),OLS,a,0.09276230725627856
202306,(v),OLS,a,0.012646231510047954
202307,(v),OLS,a,0.016683660140603254
202308,(v),OLS,a,-0.021639067609186668
202309,(v),OLS,a,-0.00965333765079505
202310,(v),OLS,a,0.08065496660035854
202311,(v),OLS,a,0.04803854609179737
202312,(v),OLS,a,0.00165143110643468
202401,(v),OLS,a,0.04455188731264385
202402,(v),OLS,a,0.01919789334997072
202403,(v),OLS,a,-0.03938138163534665
202404,(v),OLS,a,0.0047086595833087785
202405,(v),OLS,a,0.0011687574047688578
202406,(v),OLS,a,0.03573269115160625
202407,(v),OLS,a,0.01558481176434542
202408,(v),OLS,a,0.034844434494555564
202409,(v),OLS,a,-0.04277105044353173
202410,(v),OLS,a,0.11630297989559785
202411,(v),OLS,a,-0.09747989479241698
197307,(v),OLS,b_Dur,0.013655849525209658
197308,(v),OLS,b_Dur,0.16387164252700206
197309,(v),OLS,b_Dur,0.07885483757681444
197310,(v),OLS,b_Dur,-0.042938237253145516
197311,(v),OLS,b_Dur,0.041368258265702215
197312,(v),OLS,b_Dur,-0.08124908571316222
197401,(v),OLS,b_Dur,0.04014947304339976
197402,(v),OLS,b_Dur,-0.05999060114465521
197403,(v),OLS,b_Dur,-0.042142063645867936
197404,(v),OLS,b_Dur,-0.05175204608037319
197405,(v),OLS,b_Dur,0.017191912786230848
197406,(v),OLS,b_Dur,-0.0921259166122985
197407,(v),OLS,b_Dur,-0.023361437686389843
197408,(v),OLS,b_Dur,-0.11579334175279504
197409,(v),OLS,b_Dur,0.09464699013021093
197410,(v),OLS,b_Dur,-0.0028269683482425798
197411,(v),OLS,b_Dur,-0.05550346231289352
197412,(v),OLS,b_Dur,-0.1357761811420762
197501,(v),OLS,b_Dur,0.05539029108847512
197502,(v),OLS,b_Dur,-0.07995120053653758
197503,(v),OLS,b_Dur,0.028460631649896557
197504,(v),OLS,b_Dur,-0.005915499259056902
197505,(v),OLS,b_Dur,-0.05400187037846035
197506,(v),OLS,b_Dur,-0.11188606795933459
197507,(v),OLS,b_Dur,0.009510601082338168
197508,(v),OLS,b_Dur,-0.061580549663089026
197509,(v),OLS,b_Dur,0.0052317957191145795
197510,(v),OLS,b_Dur,-0.05798027529039339
197511,(v),OLS,b_Dur,0.04335846857546789
197512,(v),OLS,b_Dur,-0.22687265594548012
197601,(v),OLS,b_Dur,-0.05415231617166566
197602,(v),OLS,b_Dur,-0.019720598853631532
197603,(v),OLS,b_Dur,-0.0053214059670462326
197604,(v),OLS,b_Dur,0.05357606519101849
197605,(v),OLS,b_Dur,0.03634753344792228
197606,(v),OLS,b_Dur,0.05080460975317491
197607,(v),OLS,b_Dur,-0.07866512400597267
197608,(v),OLS,b_Dur,-0.014173049465723286
197609,(v),OLS,b_Dur,-0.031787815375877375
197610,(v),OLS,b_Dur,-0.03715540366349511
197611,(v),OLS,b_Dur,-0.00591571769174158
197612,(v),OLS,b_Dur,-0.007938375200806813
197701,(v),OLS,b_Dur,-0.08054179887405723
197702,(v),OLS,b_Dur,-0.012846287101082737
197703,(v),OLS,b_Dur,-0.0050966304307912425
197704,(v),OLS,b_Dur,-0.0820241136553609
197705,(v),OLS,b_Dur,0.06407119074768654
197706,(v),OLS,b_Dur,-0.008862117850834307
197707,(v),OLS,b_Dur,-0.044391101802595326
197708,(v),OLS,b_Dur,-0.003950737078966661
197709,(v),OLS,b_Dur,-0.07138823271798858
197710,(v),OLS,b_Dur,9.916920056756914e-05
197711,(v),OLS,b_Dur,0.027506842742085598
197712,(v),OLS,b_Dur,-0.015389668769698203
197801,(v),OLS,b_Dur,-0.032071973293233635
197802,(v),OLS,b_Dur,0.008124807523917612
197803,(v),OLS,b_Dur,0.04698824170688791
197804,(v),OLS,b_Dur,0.010322383274042987
197805,(v),OLS,b_Dur,-0.008616190458523708
197806,(v),OLS,b_Dur,0.013240580873091642
197807,(v),OLS,b_Dur,0.013957919944851946
197808,(v),OLS,b_Dur,0.032109555412440385
197809,(v),OLS,b_Dur,-0.09392573375671961
197810,(v),OLS,b_Dur,0.022376493229019946
197811,(v),OLS,b_Dur,0.0034821084530178743
197812,(v),OLS,b_Dur,0.021150601431914134
197901,(v),OLS,b_Dur,0.02600028652184272
197902,(v),OLS,b_Dur,0.10365955474108221
197903,(v),OLS,b_Dur,0.03097611477595194
197904,(v),OLS,b_Dur,0.008464891876305652
197905,(v),OLS,b_Dur,0.08790127376832767
197906,(v),OLS,b_Dur,-0.00126485228797448
197907,(v),OLS,b_Dur,0.03075868668716326
197908,(v),OLS,b_Dur,0.04424619645181519
197909,(v),OLS,b_Dur,-0.06826368696565788
197910,(v),OLS,b_Dur,0.1261751195305417
197911,(v),OLS,b_Dur,0.10020273518428745
197912,(v),OLS,b_Dur,0.12195865953532523
198001,(v),OLS,b_Dur,0.037140038152520184
198002,(v),OLS,b_Dur,-0.112233680651838
198003,(v),OLS,b_Dur,0.032936796180274536
198004,(v),OLS,b_Dur,-0.03680406211386212
198005,(v),OLS,b_Dur,0.023033305365111254
198006,(v),OLS,b_Dur,0.01461637709421719
198007,(v),OLS,b_Dur,0.027447884814162722
198008,(v),OLS,b_Dur,0.03974593221817788
198009,(v),OLS,b_Dur,-0.012076996719210163
198010,(v),OLS,b_Dur,0.11254146873193693
198011,(v),OLS,b_Dur,-0.06413239409219565
198012,(v),OLS,b_Dur,-0.06280303208466274
198101,(v),OLS,b_Dur,-0.0303325406143226
198102,(v),OLS,b_Dur,-0.007416908443771693
198103,(v),OLS,b_Dur,-0.041878965894212784
198104,(v),OLS,b_Dur,-0.016974897608449974
198105,(v),OLS,b_Dur,-0.09481657968582845
198106,(v),OLS,b_Dur,-0.020326049973182492
198107,(v),OLS,b_Dur,-0.10941238324705163
198108,(v),OLS,b_Dur,-0.0884733970314387
198109,(v),OLS,b_Dur,-0.0072983084151523325
198110,(v),OLS,b_Dur,-0.05753068163055561
198111,(v),OLS,b_Dur,-0.08367068934973886
198112,(v),OLS,b_Dur,-0.05080235387653049
198201,(v),OLS,b_Dur,-0.07646172715766712
198202,(v),OLS,b_Dur,-0.031575837976587674
198203,(v),OLS,b_Dur,0.02414882450225179
198204,(v),OLS,b_Dur,-0.08477241701236157
198205,(v),OLS,b_Dur,-0.006632782929288233
198206,(v),OLS,b_Dur,-0.06012321471280877
198207,(v),OLS,b_Dur,-0.0010069037062930691
198208,(v),OLS,b_Dur,-0.06875595683093562
198209,(v),OLS,b_Dur,0.03528927584905307
198210,(v),OLS,b_Dur,0.04733085004385919
198211,(v),OLS,b_Dur,-0.004412864363552352
198212,(v),OLS,b_Dur,0.08862822341703042
198301,(v),OLS,b_Dur,-0.04490548945232378
198302,(v),OLS,b_Dur,-0.013534157820054276
198303,(v),OLS,b_Dur,-0.009559986421471415
198304,(v),OLS,b_Dur,0.10978513793470021
198305,(v),OLS,b_Dur,0.0012351804383815392
198306,(v),OLS,b_Dur,0.01105663984765657
198307,(v),OLS,b_Dur,-0.03676124661304182
198308,(v),OLS,b_Dur,-0.07884025875303395
198309,(v),OLS,b_Dur,-0.03623965699889355
198310,(v),OLS,b_Dur,-0.031037002410202283
198311,(v),OLS,b_Dur,-0.030378899917474222
198312,(v),OLS,b_Dur,0.034000827482706414
198401,(v),OLS,b_Dur,-0.003153704792854213
198402,(v),OLS,b_Dur,-0.03580356517758329
198403,(v),OLS,b_Dur,-0.07512361531500163
198404,(v),OLS,b_Dur,-0.05847225784011275
198405,(v),OLS,b_Dur,-0.05416543533678771
198406,(v),OLS,b_Dur,-0.05312636179004027
198407,(v),OLS,b_Dur,-0.022046217904609144
198408,(v),OLS,b_Dur,-0.05352081559705712
198409,(v),OLS,b_Dur,-0.10996997133458186
198410,(v),OLS,b_Dur,-0.0998690205821462
198411,(v),OLS,b_Dur,-0.0687874272838819
198412,(v),OLS,b_Dur,0.05378288685090814
198501,(v),OLS,b_Dur,-0.006069762666534971
198502,(v),OLS,b_Dur,-0.03835359673955811
198503,(v),OLS,b_Dur,-0.05255971055088456
198504,(v),OLS,b_Dur,-0.04457110064989006
198505,(v),OLS,b_Dur,-0.05048326585872704
198506,(v),OLS,b_Dur,0.004691306667027851
198507,(v),OLS,b_Dur,-0.021935734336979797
198508,(v),OLS,b_Dur,-0.07975665226562423
198509,(v),OLS,b_Dur,-0.07259384220533405
198510,(v),OLS,b_Dur,-0.03246863749070342
198511,(v),OLS,b_Dur,-0.11122190642864876
198512,(v),OLS,b_Dur,0.012977955414725888
198601,(v),OLS,b_Dur,-0.06969008645498449
198602,(v),OLS,b_Dur,-0.036075103615039295
198603,(v),OLS,b_Dur,-0.024959708545230504
198604,(v),OLS,b_Dur,-0.020077206817761067
198605,(v),OLS,b_Dur,0.007013368878653198
198606,(v),OLS,b_Dur,-0.05607484397734125
198607,(v),OLS,b_Dur,-0.022841230908785457
198608,(v),OLS,b_Dur,0.008812572549835695
198609,(v),OLS,b_Dur,-0.04850457344455819
198610,(v),OLS,b_Dur,-0.05518109640197066
198611,(v),OLS,b_Dur,-0.03948252650249334
198612,(v),OLS,b_Dur,0.022554457946923248
198701,(v),OLS,b_Dur,0.03985593328778588
198702,(v),OLS,b_Dur,0.04921245377766656
198703,(v),OLS,b_Dur,0.012981297580622456
198704,(v),OLS,b_Dur,-0.00023434480229324317
198705,(v),OLS,b_Dur,-0.02148775766107239
198706,(v),OLS,b_Dur,-0.017058120216809625
198707,(v),OLS,b_Dur,-0.06987703195801115
198708,(v),OLS,b_Dur,-0.00403002862784817
198709,(v),OLS,b_Dur,-0.04869739050741929
198710,(v),OLS,b_Dur,-0.052246941161296225
198711,(v),OLS,b_Dur,-0.07392822941359316
198712,(v),OLS,b_Dur,0.06064927103681622
198801,(v),OLS,b_Dur,-0.032438548211099275
198802,(v),OLS,b_Dur,-0.02274931551426374
198803,(v),OLS,b_Dur,-0.007941370749672006
198804,(v),OLS,b_Dur,-0.03133721723498705
198805,(v),OLS,b_Dur,-0.0032475671768216682
198806,(v),OLS,b_Dur,-0.006360519643993565
198807,(v),OLS,b_Dur,-0.026396705213198056
198808,(v),OLS,b_Dur,-0.018939707559929395
198809,(v),OLS,b_Dur,-0.04165255325977403
198810,(v),OLS,b_Dur,-0.05330262695672968
198811,(v),OLS,b_Dur,-0.04609296506268179
198812,(v),OLS,b_Dur,0.039503512059023874
198901,(v),OLS,b_Dur,-0.019653328008790376
198902,(v),OLS,b_Dur,0.01213351860473828
198903,(v),OLS,b_Dur,-0.0027348249637813935
198904,(v),OLS,b_Dur,-0.002144691358072109
198905,(v),OLS,b_Dur,0.0029530335727134677
198906,(v),OLS,b_Dur,-0.008833673212285467
198907,(v),OLS,b_Dur,-0.021960392784862767
198908,(v),OLS,b_Dur,-0.011995835603763143
198909,(v),OLS,b_Dur,-0.047551513462616615
198910,(v),OLS,b_Dur,-0.00982440271884115
198911,(v),OLS,b_Dur,-0.019332265689918263
198912,(v),OLS,b_Dur,-0.004144859196173641
199001,(v),OLS,b_Dur,0.037870068278652136
199002,(v),OLS,b_Dur,-0.032311645193436385
199003,(v),OLS,b_Dur,-0.013892819480862437
199004,(v),OLS,b_Dur,0.01652026645844181
199005,(v),OLS,b_Dur,0.013966548113414431
199006,(v),OLS,b_Dur,0.013180481768641956
199007,(v),OLS,b_Dur,-0.009298778390354666
199008,(v),OLS,b_Dur,-0.003737985251786681
199009,(v),OLS,b_Dur,-0.030465064535346233
199010,(v),OLS,b_Dur,-0.04200964034480478
199011,(v),OLS,b_Dur,-0.10068163881484707
199012,(v),OLS,b_Dur,0.04210674933132752
199101,(v),OLS,b_Dur,0.02527026489058283
199102,(v),OLS,b_Dur,0.02417490203811027
199103,(v),OLS,b_Dur,-0.009436593840604503
199104,(v),OLS,b_Dur,0.012472817765884523
199105,(v),OLS,b_Dur,-0.029044718843932164
199106,(v),OLS,b_Dur,-0.019071361128155273
199107,(v),OLS,b_Dur,0.009431560285404537
199108,(v),OLS,b_Dur,0.037168198228146106
199109,(v),OLS,b_Dur,0.03524688876212094
199110,(v),OLS,b_Dur,0.0016871788616142863
199111,(v),OLS,b_Dur,-0.08318206064242534
199112,(v),OLS,b_Dur,0.10783506020926686
199201,(v),OLS,b_Dur,0.0026646972284172232
199202,(v),OLS,b_Dur,-0.006461273110972825
199203,(v),OLS,b_Dur,-0.03595556431861594
199204,(v),OLS,b_Dur,-0.014555277817931655
199205,(v),OLS,b_Dur,0.0012434878103949644
199206,(v),OLS,b_Dur,0.0008517763091521837
199207,(v),OLS,b_Dur,-0.04933646587744202
199208,(v),OLS,b_Dur,0.01967788439114805
199209,(v),OLS,b_Dur,-0.06389949235393194
199210,(v),OLS,b_Dur,-0.03546254286619463
199211,(v),OLS,b_Dur,-0.026714955986729162
199212,(v),OLS,b_Dur,0.03929715565178149
199301,(v),OLS,b_Dur,0.038551018891051364
199302,(v),OLS,b_Dur,0.02473328932019976
199303,(v),OLS,b_Dur,0.01729037002378636
199304,(v),OLS,b_Dur,0.011682356016265672
199305,(v),OLS,b_Dur,0.05746444274226423
199306,(v),OLS,b_Dur,0.008161033971939236
199307,(v),OLS,b_Dur,0.017838567591555256
199308,(v),OLS,b_Dur,-0.01509062680618826
199309,(v),OLS,b_Dur,0.03502131511508872
199310,(v),OLS,b_Dur,-0.02751150794393316
199311,(v),OLS,b_Dur,-0.02273802155996342
199312,(v),OLS,b_Dur,0.061877769971982535
199401,(v),OLS,b_Dur,-0.017847485691850525
199402,(v),OLS,b_Dur,-0.027491173830297026
199403,(v),OLS,b_Dur,-0.010909841548592996
199404,(v),OLS,b_Dur,-0.0019035653031408712
199405,(v),OLS,b_Dur,-0.021351960859655728
199406,(v),OLS,b_Dur,0.015096096558740727
199407,(v),OLS,b_Dur,-0.03146218705592954
199408,(v),OLS,b_Dur,-0.014929601634927053
199409,(v),OLS,b_Dur,-0.040175268028688024
199410,(v),OLS,b_Dur,-0.0587719633832279
199411,(v),OLS,b_Dur,-0.03044759444330663
199412,(v),OLS,b_Dur,0.010364325663906208
199501,(v),OLS,b_Dur,-0.013689278985879218
199502,(v),OLS,b_Dur,-0.015898419144156163
199503,(v),OLS,b_Dur,-0.005652725332795085
199504,(v),OLS,b_Dur,-0.002805513596482603
199505,(v),OLS,b_Dur,0.00774467269115019
199506,(v),OLS,b_Dur,-0.021913996619454243
199507,(v),OLS,b_Dur,0.03740201543201052
199508,(v),OLS,b_Dur,-0.0007285852269160659
199509,(v),OLS,b_Dur,-0.057480559706345136
199510,(v),OLS,b_Dur,-0.011248499547826342
199511,(v),OLS,b_Dur,0.02582397761405969
199512,(v),OLS,b_Dur,0.05022031744556865
199601,(v),OLS,b_Dur,0.004641281745552451
199602,(v),OLS,b_Dur,0.013513032152114062
199603,(v),OLS,b_Dur,0.011307666065712915
199604,(v),OLS,b_Dur,0.007821059842945344
199605,(v),OLS,b_Dur,-0.01670881000335222
199606,(v),OLS,b_Dur,-0.026409921704573472
199607,(v),OLS,b_Dur,-0.004161859972100173
199608,(v),OLS,b_Dur,0.0020191449774645386
199609,(v),OLS,b_Dur,-0.04650228209560594
199610,(v),OLS,b_Dur,-0.03662307390659759
199611,(v),OLS,b_Dur,-0.03791728771349967
199612,(v),OLS,b_Dur,0.04775956562053111
199701,(v),OLS,b_Dur,-0.031633340072533975
199702,(v),OLS,b_Dur,-0.028441690099788426
199703,(v),OLS,b_Dur,-0.03634536455824297
199704,(v),OLS,b_Dur,0.005198282644271628
199705,(v),OLS,b_Dur,-0.0045574243296079425
199706,(v),OLS,b_Dur,-0.034470134982638984
199707,(v),OLS,b_Dur,0.000906290391126569
199708,(v),OLS,b_Dur,0.02357919721584066
199709,(v),OLS,b_Dur,-0.007702008495111257
199710,(v),OLS,b_Dur,-0.06614290510563428
199711,(v),OLS,b_Dur,-0.03391443911120737
199712,(v),OLS,b_Dur,0.014315042275791365
199801,(v),OLS,b_Dur,-0.0048363817823090655
199802,(v),OLS,b_Dur,0.011369196331820652
199803,(v),OLS,b_Dur,-0.01138427946558552
199804,(v),OLS,b_Dur,-0.028076904585184637
199805,(v),OLS,b_Dur,-0.0449750364586248
199806,(v),OLS,b_Dur,-0.032878289305333125
199807,(v),OLS,b_Dur,-0.08688270801252901
199808,(v),OLS,b_Dur,0.024961259807549797
199809,(v),OLS,b_Dur,-0.026214909807573905
199810,(v),OLS,b_Dur,-0.0664664883327929
199811,(v),OLS,b_Dur,-0.08020635099240123
199812,(v),OLS,b_Dur,0.01661139717268381
199901,(v),OLS,b_Dur,-0.012831506730852388
199902,(v),OLS,b_Dur,0.04452993107348187
199903,(v),OLS,b_Dur,0.06047928999387152
199904,(v),OLS,b_Dur,-0.03602411705065059
199905,(v),OLS,b_Dur,-0.023309270881514417
199906,(v),OLS,b_Dur,0.02249917489365439
199907,(v),OLS,b_Dur,-0.018014477513723204
199908,(v),OLS,b_Dur,-0.02781457536149312
199909,(v),OLS,b_Dur,-0.05405024345767985
199910,(v),OLS,b_Dur,-0.01239796417803353
199911,(v),OLS,b_Dur,0.030728906844393597
199912,(v),OLS,b_Dur,0.057532157717300664
200001,(v),OLS,b_Dur,0.02979565047109975
200002,(v),OLS,b_Dur,-0.0016540135582796085
200003,(v),OLS,b_Dur,-0.029593014906081204
200004,(v),OLS,b_Dur,0.0032905758943044226
200005,(v),OLS,b_Dur,0.022405107255940852
200006,(v),OLS,b_Dur,0.019015491248012953
200007,(v),OLS,b_Dur,0.045283081298639
200008,(v),OLS,b_Dur,-0.050345715413603054
200009,(v),OLS,b_Dur,-0.08818230885404106
200010,(v),OLS,b_Dur,-0.1095261708644445
200011,(v),OLS,b_Dur,-0.005014961243888207
200012,(v),OLS,b_Dur,0.11442021155744334
200101,(v),OLS,b_Dur,-0.07850192186877276
200102,(v),OLS,b_Dur,-0.01652665543275734
200103,(v),OLS,b_Dur,0.03084358350473447
200104,(v),OLS,b_Dur,0.004554314706707516
200105,(v),OLS,b_Dur,-0.06532572158381635
200106,(v),OLS,b_Dur,-0.07152961535009386
200107,(v),OLS,b_Dur,-0.08198947518935815
200108,(v),OLS,b_Dur,-0.09330618626822045
200109,(v),OLS,b_Dur,0.016279922812724695
200110,(v),OLS,b_Dur,-0.02710881305384376
200111,(v),OLS,b_Dur,-0.023190722191732925
200112,(v),OLS,b_Dur,-0.061853406219364165
200201,(v),OLS,b_Dur,-0.05887188318761453
200202,(v),OLS,b_Dur,0.005265305368271453
200203,(v),OLS,b_Dur,-0.09009378233243859
200204,(v),OLS,b_Dur,-0.0328607790477429
200205,(v),OLS,b_Dur,-0.10144497274042709
200206,(v),OLS,b_Dur,-0.009624113423645476
200207,(v),OLS,b_Dur,-0.01040703640442883
200208,(v),OLS,b_Dur,-0.0663593573759621
200209,(v),OLS,b_Dur,0.006906993868404973
200210,(v),OLS,b_Dur,0.211209515510023
200211,(v),OLS,b_Dur,-0.09393476344341345
200212,(v),OLS,b_Dur,-0.009819106947471054
200301,(v),OLS,b_Dur,-0.0006969744316118933
200302,(v),OLS,b_Dur,0.01643059321489964
200303,(v),OLS,b_Dur,0.06839239931846958
200304,(v),OLS,b_Dur,0.10938202631513748
200305,(v),OLS,b_Dur,0.013793407955621069
200306,(v),OLS,b_Dur,0.011370659822396968
200307,(v),OLS,b_Dur,-0.005176079792744695
200308,(v),OLS,b_Dur,0.03726517728492583
200309,(v),OLS,b_Dur,0.005801809085749864
200310,(v),OLS,b_Dur,-0.03264822283251871
200311,(v),OLS,b_Dur,0.05182423592738773
200312,(v),OLS,b_Dur,0.0720323295024721
200401,(v),OLS,b_Dur,-0.025569108492716965
200402,(v),OLS,b_Dur,-0.028430287721405982
200403,(v),OLS,b_Dur,-0.020135599944685743
200404,(v),OLS,b_Dur,-0.028370416274777724
200405,(v),OLS,b_Dur,-0.017259508548244706
200406,(v),OLS,b_Dur,-0.025176091938152713
200407,(v),OLS,b_Dur,-0.013096668987800628
200408,(v),OLS,b_Dur,0.00018898690341751206
200409,(v),OLS,b_Dur,-0.0031495501341109403
200410,(v),OLS,b_Dur,0.008947782912681723
200411,(v),OLS,b_Dur,0.016602793932001512
200412,(v),OLS,b_Dur,-0.04801889375368764
200501,(v),OLS,b_Dur,0.0050668034299748595
200502,(v),OLS,b_Dur,-0.06592030634611339
200503,(v),OLS,b_Dur,-0.046078361349559144
200504,(v),OLS,b_Dur,-0.003968216764742023
200505,(v),OLS,b_Dur,-0.003883558651734585
200506,(v),OLS,b_Dur,0.03814817039250048
200507,(v),OLS,b_Dur,-0.00582897355292779
200508,(v),OLS,b_Dur,0.026745129220108507
200509,(v),OLS,b_Dur,-0.032780389629965316
200510,(v),OLS,b_Dur,-0.02039019487633456
200511,(v),OLS,b_Dur,0.0013000202180218608
200512,(v),OLS,b_Dur,0.06280953317413568
200601,(v),OLS,b_Dur,-0.01386310472068875
200602,(v),OLS,b_Dur,0.019737735318590424
200603,(v),OLS,b_Dur,0.003661941330165175
200604,(v),OLS,b_Dur,-0.029628432014340386
200605,(v),OLS,b_Dur,-0.011932178697498907
200606,(v),OLS,b_Dur,-0.046864473602188955
200607,(v),OLS,b_Dur,0.027167920601300764
200608,(v),OLS,b_Dur,-0.06823461963973468
200609,(v),OLS,b_Dur,0.015717804342769766
200610,(v),OLS,b_Dur,0.0226056432497298
200611,(v),OLS,b_Dur,-0.00634265374666753
200612,(v),OLS,b_Dur,0.0014845105571293848
200701,(v),OLS,b_Dur,0.01099590301115622
200702,(v),OLS,b_Dur,-0.01382941451701674
200703,(v),OLS,b_Dur,0.017184226015891164
200704,(v),OLS,b_Dur,-0.0065465726589091135
200705,(v),OLS,b_Dur,-0.0019342406177829284
200706,(v),OLS,b_Dur,-0.0069814234783796714
200707,(v),OLS,b_Dur,0.014873783278487037
200708,(v),OLS,b_Dur,0.019549341060095798
200709,(v),OLS,b_Dur,0.02045568812634376
200710,(v),OLS,b_Dur,-0.03995897975641977
200711,(v),OLS,b_Dur,-0.01956017636900278
200712,(v),OLS,b_Dur,-0.003076259133438489
200801,(v),OLS,b_Dur,0.005626769170099695
200802,(v),OLS,b_Dur,-0.02135662981444937
200803,(v),OLS,b_Dur,-0.002618379975484154
200804,(v),OLS,b_Dur,0.03174303644686776
200805,(v),OLS,b_Dur,0.005880711227077961
200806,(v),OLS,b_Dur,-0.01840380814836544
200807,(v),OLS,b_Dur,-0.04577963548298432
200808,(v),OLS,b_Dur,-0.08836534642545947
200809,(v),OLS,b_Dur,-0.0828538272155353
200810,(v),OLS,b_Dur,-0.013598610528644889
200811,(v),OLS,b_Dur,-0.044314873893843414
200812,(v),OLS,b_Dur,0.0741647150926644
200901,(v),OLS,b_Dur,-0.08332097655475337
200902,(v),OLS,b_Dur,-0.005076959963538241
200903,(v),OLS,b_Dur,0.036615886217843535
200904,(v),OLS,b_Dur,0.0867488912425676
200905,(v),OLS,b_Dur,0.007278909004888019
200906,(v),OLS,b_Dur,0.005437018037355357
200907,(v),OLS,b_Dur,0.08872438260700255
200908,(v),OLS,b_Dur,0.05839114392101914
200909,(v),OLS,b_Dur,-0.07940021167734981
200910,(v),OLS,b_Dur,-0.022867401751563123
200911,(v),OLS,b_Dur,0.024088113776806877
200912,(v),OLS,b_Dur,0.02409060628999197
201001,(v),OLS,b_Dur,-0.03177612879364765
201002,(v),OLS,b_Dur,0.0062018776742283205
201003,(v),OLS,b_Dur,0.03822789523571446
201004,(v),OLS,b_Dur,-0.05147970845041429
201005,(v),OLS,b_Dur,-0.03167512320417397
201006,(v),OLS,b_Dur,0.0336488681785082
201007,(v),OLS,b_Dur,-0.01944341604246736
201008,(v),OLS,b_Dur,0.003581938160348216
201009,(v),OLS,b_Dur,0.01981174309021441
201010,(v),OLS,b_Dur,-0.009186590623729361
201011,(v),OLS,b_Dur,0.047289972700517595
201012,(v),OLS,b_Dur,0.04105615057300154
201101,(v),OLS,b_Dur,0.020007144486426875
201102,(v),OLS,b_Dur,-0.0008385130724352687
201103,(v),OLS,b_Dur,-0.027895807191747876
201104,(v),OLS,b_Dur,-0.023852785979574583
201105,(v),OLS,b_Dur,-0.03946998333666759
201106,(v),OLS,b_Dur,-0.04111777950242002
201107,(v),OLS,b_Dur,-0.05883267913871962
201108,(v),OLS,b_Dur,-0.09872463039640997
201109,(v),OLS,b_Dur,0.06009810902162371
201110,(v),OLS,b_Dur,-0.010678707787749635
201111,(v),OLS,b_Dur,-0.016708319928800303
201112,(v),OLS,b_Dur,0.04941246755885078
201201,(v),OLS,b_Dur,0.010044496017116919
201202,(v),OLS,b_Dur,-0.03847348932899979
201203,(v),OLS,b_Dur,-0.010906772624572675
201204,(v),OLS,b_Dur,-0.05954083381405607
201205,(v),OLS,b_Dur,0.022759181154227502
201206,(v),OLS,b_Dur,-0.010011504969362772
201207,(v),OLS,b_Dur,0.022047195531931442
201208,(v),OLS,b_Dur,0.02085327871368211
201209,(v),OLS,b_Dur,-0.010782406827383711
201210,(v),OLS,b_Dur,-0.01287849910843783
201211,(v),OLS,b_Dur,0.0027209901200399463
201212,(v),OLS,b_Dur,0.013123394945176607
201301,(v),OLS,b_Dur,-0.014724281424455764
201302,(v),OLS,b_Dur,0.010742115175337155
201303,(v),OLS,b_Dur,-0.006112761052033181
201304,(v),OLS,b_Dur,0.006645608277066308
201305,(v),OLS,b_Dur,-0.028080957027784542
201306,(v),OLS,b_Dur,0.014824185786152307
201307,(v),OLS,b_Dur,-0.009504743683446146
201308,(v),OLS,b_Dur,0.026872445944996944
201309,(v),OLS,b_Dur,-0.01682499064466147
201310,(v),OLS,b_Dur,-0.018886727764734247
201311,(v),OLS,b_Dur,0.028753772223733334
201312,(v),OLS,b_Dur,0.055244722788649336
201401,(v),OLS,b_Dur,0.018774657047708268
201402,(v),OLS,b_Dur,0.005764028886365069
201403,(v),OLS,b_Dur,-0.004124617885483348
201404,(v),OLS,b_Dur,0.009602829835077351
201405,(v),OLS,b_Dur,0.05828863037868973
201406,(v),OLS,b_Dur,-0.013510687647645462
201407,(v),OLS,b_Dur,-0.007723432568255311
201408,(v),OLS,b_Dur,-0.07615517648479518
201409,(v),OLS,b_Dur,-0.06932057240491106
201410,(v),OLS,b_Dur,-0.061858915893804586
201411,(v),OLS,b_Dur,-0.06823096450213373
201412,(v),OLS,b_Dur,-0.021268677555853766
201501,(v),OLS,b_Dur,0.07652182286926261
201502,(v),OLS,b_Dur,-0.05030181817807406
201503,(v),OLS,b_Dur,0.03499423007535234
201504,(v),OLS,b_Dur,-0.0239830458736911
201505,(v),OLS,b_Dur,-0.04884635616035381
201506,(v),OLS,b_Dur,-0.06190890337759897
201507,(v),OLS,b_Dur,0.01006007829062544
201508,(v),OLS,b_Dur,-0.09109218246442338
201509,(v),OLS,b_Dur,0.014465029780448715
201510,(v),OLS,b_Dur,0.01209432555418544
201511,(v),OLS,b_Dur,-0.08952010092332052
201512,(v),OLS,b_Dur,-0.08625380629242356
201601,(v),OLS,b_Dur,-0.03136223895416837
201602,(v),OLS,b_Dur,0.07406210607547176
201603,(v),OLS,b_Dur,0.08508745241970822
201604,(v),OLS,b_Dur,0.0202159398457816
201605,(v),OLS,b_Dur,-0.038799719435732634
201606,(v),OLS,b_Dur,0.021704749677507018
201607,(v),OLS,b_Dur,0.007289702922660138
201608,(v),OLS,b_Dur,0.031600603439830705
201609,(v),OLS,b_Dur,-0.08084474180757006
201610,(v),OLS,b_Dur,0.0017663046360983647
201611,(v),OLS,b_Dur,-0.041566772112238165
201612,(v),OLS,b_Dur,0.06512503902042019
201701,(v),OLS,b_Dur,0.00704539074465943
201702,(v),OLS,b_Dur,-0.004108847475316141
201703,(v),OLS,b_Dur,-0.03475840617716337
201704,(v),OLS,b_Dur,-0.036134918724000965
201705,(v),OLS,b_Dur,0.0017743777230291415
201706,(v),OLS,b_Dur,-0.0014565604233825764
201707,(v),OLS,b_Dur,-0.007616448517392859
201708,(v),OLS,b_Dur,0.048267648960499565
201709,(v),OLS,b_Dur,-0.0012749877880099394
201710,(v),OLS,b_Dur,-0.032065040192493996
201711,(v),OLS,b_Dur,0.005310485095816438
201712,(v),OLS,b_Dur,0.022770753485811118
201801,(v),OLS,b_Dur,-0.024748043152213357
201802,(v),OLS,b_Dur,-0.02860072167003459
201803,(v),OLS,b_Dur,0.005144464542040773
201804,(v),OLS,b_Dur,-0.018023500367360668
201805,(v),OLS,b_Dur,-0.04631108338879737
201806,(v),OLS,b_Dur,-0.03518994529097214
201807,(v),OLS,b_Dur,-0.039435946025198496
201808,(v),OLS,b_Dur,0.0020497148084786584
201809,(v),OLS,b_Dur,-0.07460686915743475
201810,(v),OLS,b_Dur,-0.04515730258454355
201811,(v),OLS,b_Dur,-0.10438853242162804
201812,(v),OLS,b_Dur,0.1079475679244195
201901,(v),OLS,b_Dur,0.02429026077185082
201902,(v),OLS,b_Dur,0.023074462587438685
201903,(v),OLS,b_Dur,-0.03310259619115343
201904,(v),OLS,b_Dur,-0.03830196422526265
201905,(v),OLS,b_Dur,0.004263467577359313
201906,(v),OLS,b_Dur,-0.04151687126848131
201907,(v),OLS,b_Dur,-0.033845595532601594
201908,(v),OLS,b_Dur,-0.07365701568010788
201909,(v),OLS,b_Dur,-0.0515420913037639
201910,(v),OLS,b_Dur,0.04035941989394644
201911,(v),OLS,b_Dur,0.052237221335432044
201912,(v),OLS,b_Dur,0.05214422702727872
202001,(v),OLS,b_Dur,-0.000994988145707032
202002,(v),OLS,b_Dur,-0.05290283017061198
202003,(v),OLS,b_Dur,0.1179919842503287
202004,(v),OLS,b_Dur,0.05524152690381289
202005,(v),OLS,b_Dur,0.07081749745217683
202006,(v),OLS,b_Dur,0.0258905395698492
202007,(v),OLS,b_Dur,-0.011067667303323632
202008,(v),OLS,b_Dur,-0.018175967978207225
202009,(v),OLS,b_Dur,-0.024778298242845418
202010,(v),OLS,b_Dur,0.12071683175889578
202011,(v),OLS,b_Dur,0.04353490084654954
202012,(v),OLS,b_Dur,0.07901472761162309
202101,(v),OLS,b_Dur,0.04287607892118939
202102,(v),OLS,b_Dur,-0.0463734193257027
202103,(v),OLS,b_Dur,-0.050310052593340766
202104,(v),OLS,b_Dur,0.0019024472906081363
202105,(v),OLS,b_Dur,0.044191676171750016
202106,(v),OLS,b_Dur,-0.08690784864640849
202107,(v),OLS,b_Dur,0.018044046988914438
202108,(v),OLS,b_Dur,0.046315960664654696
202109,(v),OLS,b_Dur,-0.044700821468886695
202110,(v),OLS,b_Dur,-0.12286109699666277
202111,(v),OLS,b_Dur,-0.08278043531488215
202112,(v),OLS,b_Dur,-0.005103290483622
202201,(v),OLS,b_Dur,0.04270682822113489
202202,(v),OLS,b_Dur,0.09438354187119863
202203,(v),OLS,b_Dur,-0.12582454406040172
202204,(v),OLS,b_Dur,-0.043329159869207066
202205,(v),OLS,b_Dur,-0.0001734149371625457
202206,(v),OLS,b_Dur,-0.024546053857714467
202207,(v),OLS,b_Dur,0.06212454518327511
202208,(v),OLS,b_Dur,-0.05983782841988344
202209,(v),OLS,b_Dur,-0.08180552994084057
202210,(v),OLS,b_Dur,-0.08932475821494945
202211,(v),OLS,b_Dur,-0.01919996064812287
202212,(v),OLS,b_Dur,0.13263394813659415
202301,(v),OLS,b_Dur,-0.08987571933327831
202302,(v),OLS,b_Dur,-0.07199285362784752
202303,(v),OLS,b_Dur,-0.01364978375086933
202304,(v),OLS,b_Dur,0.05028444581371953
202305,(v),OLS,b_Dur,-0.058888771827357786
202306,(v),OLS,b_Dur,0.009871761909769773
202307,(v),OLS,b_Dur,-0.09311709198306203
202308,(v),OLS,b_Dur,-0.07928915549029772
202309,(v),OLS,b_Dur,-0.10309544043744173
202310,(v),OLS,b_Dur,0.029124602316598084
202311,(v),OLS,b_Dur,0.07717610807528454
202312,(v),OLS,b_Dur,-0.018513260749151342
202401,(v),OLS,b_Dur,0.030337301917067086
202402,(v),OLS,b_Dur,-0.010381469920682715
202403,(v),OLS,b_Dur,-0.05106090141288493
202404,(v),OLS,b_Dur,0.0034053280715073547
202405,(v),OLS,b_Dur,-0.004709756583076832
202406,(v),OLS,b_Dur,0.024359953981476556
202407,(v),OLS,b_Dur,-0.04072577179669212
202408,(v),OLS,b_Dur,-0.026571786482406864
202409,(v),OLS,b_Dur,0.05438047282289511
202410,(v),OLS,b_Dur,-0.022124052947709395
202411,(v),OLS,b_Dur,0.05189614460638681
197307,(v),OLS,b_BM,0.01817150854163296
197308,(v),OLS,b_BM,0.11874138095422998
197309,(v),OLS,b_BM,0.1245539018392168
197310,(v),OLS,b_BM,-0.01754188425856269
197311,(v),OLS,b_BM,0.018139569849965165
197312,(v),OLS,b_BM,0.08217927263848847
197401,(v),OLS,b_BM,0.0825584200025747
197402,(v),OLS,b_BM,-0.027343128057370027
197403,(v),OLS,b_BM,0.0026343469582709236
197404,(v),OLS,b_BM,-0.06054521004683757
197405,(v),OLS,b_BM,0.0435069781899803
197406,(v),OLS,b_BM,0.007841719046258092
197407,(v),OLS,b_BM,0.01525771887681942
197408,(v),OLS,b_BM,-0.05743569275200229
197409,(v),OLS,b_BM,-0.037821329003504794
197410,(v),OLS,b_BM,-0.05789596721049865
197411,(v),OLS,b_BM,-0.11532971257423538
197412,(v),OLS,b_BM,0.10168893744533906
197501,(v),OLS,b_BM,0.007902680497484507
197502,(v),OLS,b_BM,-0.02447779185587954
197503,(v),OLS,b_BM,-0.02010096966421464
197504,(v),OLS,b_BM,-0.015923663351675985
197505,(v),OLS,b_BM,-0.026751301572480603
197506,(v),OLS,b_BM,-0.017466267398121474
197507,(v),OLS,b_BM,-0.030565521301417133
197508,(v),OLS,b_BM,-0.05248348512438903
197509,(v),OLS,b_BM,-0.032965706320093234
197510,(v),OLS,b_BM,-0.03328147022025482
197511,(v),OLS,b_BM,0.04645986477876934
197512,(v),OLS,b_BM,-0.014174068287161112
197601,(v),OLS,b_BM,0.13617764195429813
197602,(v),OLS,b_BM,-0.02043395266699439
197603,(v),OLS,b_BM,-0.01841496233863904
197604,(v),OLS,b_BM,0.0060594464704062725
197605,(v),OLS,b_BM,0.029825079337159506
197606,(v),OLS,b_BM,0.06442342598605277
197607,(v),OLS,b_BM,-0.07163708381524586
197608,(v),OLS,b_BM,-0.03058111376291702
197609,(v),OLS,b_BM,-0.035809591508079344
197610,(v),OLS,b_BM,-0.035121533401862186
197611,(v),OLS,b_BM,0.03514190462197683
197612,(v),OLS,b_BM,0.11250915882102647
197701,(v),OLS,b_BM,-0.05451997967974991
197702,(v),OLS,b_BM,0.006895663035680112
197703,(v),OLS,b_BM,0.016489023967948917
197704,(v),OLS,b_BM,-0.05872886291270598
197705,(v),OLS,b_BM,0.06592133854041433
197706,(v),OLS,b_BM,0.013090958195653287
197707,(v),OLS,b_BM,-0.06132140480717596
197708,(v),OLS,b_BM,-0.0012045692755203964
197709,(v),OLS,b_BM,-0.04368999418798808
197710,(v),OLS,b_BM,0.01710789295240583
197711,(v),OLS,b_BM,0.028767603369059622
197712,(v),OLS,b_BM,0.04806100127361265
197801,(v),OLS,b_BM,0.0031236289162890965
197802,(v),OLS,b_BM,0.034349433159939574
197803,(v),OLS,b_BM,0.04262232548982614
197804,(v),OLS,b_BM,0.02425410479572644
197805,(v),OLS,b_BM,0.009439482051929151
197806,(v),OLS,b_BM,-0.017979259924105564
197807,(v),OLS,b_BM,0.034687208944668216
197808,(v),OLS,b_BM,0.07091056616291057
197809,(v),OLS,b_BM,-0.08855199321521046
197810,(v),OLS,b_BM,-0.014152252929909069
197811,(v),OLS,b_BM,-0.04247665117520059
197812,(v),OLS,b_BM,0.08425622330802884
197901,(v),OLS,b_BM,0.04247378890647244
197902,(v),OLS,b_BM,0.08522151386609506
197903,(v),OLS,b_BM,0.0464409026568382
197904,(v),OLS,b_BM,0.02463285031227571
197905,(v),OLS,b_BM,0.06567099305640905
197906,(v),OLS,b_BM,-0.004195418398601743
197907,(v),OLS,b_BM,0.0013652868840527445
197908,(v),OLS,b_BM,0.02846199120307679
197909,(v),OLS,b_BM,-0.07330054997726686
197910,(v),OLS,b_BM,0.058706170660107235
197911,(v),OLS,b_BM,0.07357007774996879
197912,(v),OLS,b_BM,0.14488594880405609
198001,(v),OLS,b_BM,0.032167059429455934
198002,(v),OLS,b_BM,-0.10921035742829605
198003,(v),OLS,b_BM,0.006494868847654829
198004,(v),OLS,b_BM,-0.0506225321975506
198005,(v),OLS,b_BM,0.005134480866406412
198006,(v),OLS,b_BM,-0.03585158063459207
198007,(v),OLS,b_BM,-0.012225071594251052
198008,(v),OLS,b_BM,0.011520124969352414
198009,(v),OLS,b_BM,-0.032587273502933695
198010,(v),OLS,b_BM,-0.030391277802292338
198011,(v),OLS,b_BM,-0.05187411391135566
198012,(v),OLS,b_BM,0.03863893222844211
198101,(v),OLS,b_BM,0.0065504113199906025
198102,(v),OLS,b_BM,0.0002733088859888542
198103,(v),OLS,b_BM,-0.0030061751385013318
198104,(v),OLS,b_BM,-0.0007951189889555052
198105,(v),OLS,b_BM,-0.011168110349764074
198106,(v),OLS,b_BM,-0.025602914062722925
198107,(v),OLS,b_BM,-0.037820845613997164
198108,(v),OLS,b_BM,-0.040573795468969096
198109,(v),OLS,b_BM,-0.09400325692005687
198110,(v),OLS,b_BM,-0.04669917530693127
198111,(v),OLS,b_BM,-0.04961252885367769
198112,(v),OLS,b_BM,-0.007280308622337431
198201,(v),OLS,b_BM,0.00518736998478371
198202,(v),OLS,b_BM,0.01358634340065015
198203,(v),OLS,b_BM,0.0071330739207281415
198204,(v),OLS,b_BM,-0.05142601629976327
198205,(v),OLS,b_BM,0.05772148305395005
198206,(v),OLS,b_BM,-0.026203622378310032
198207,(v),OLS,b_BM,-0.05627979099093543
198208,(v),OLS,b_BM,-0.028351658496216143
198209,(v),OLS,b_BM,-0.006497311852819043
198210,(v),OLS,b_BM,0.11378725575015644
198211,(v),OLS,b_BM,0.00929484225875546
198212,(v),OLS,b_BM,0.06247991614336377
198301,(v),OLS,b_BM,0.03897647155320494
198302,(v),OLS,b_BM,0.03185531190145427
198303,(v),OLS,b_BM,0.01887884853972083
198304,(v),OLS,b_BM,0.08171356833887862
198305,(v),OLS,b_BM,0.009107781072567689
198306,(v),OLS,b_BM,0.06718396256739727
198307,(v),OLS,b_BM,-0.0003266376573588317
198308,(v),OLS,b_BM,-0.0402770425712458
198309,(v),OLS,b_BM,0.03454054204309534
198310,(v),OLS,b_BM,-0.0223759052310794
198311,(v),OLS,b_BM,0.0211316413438325
198312,(v),OLS,b_BM,0.09931340119036261
198401,(v),OLS,b_BM,0.030311512658371245
198402,(v),OLS,b_BM,0.008404149728590014
198403,(v),OLS,b_BM,-0.04000455597335645
198404,(v),OLS,b_BM,-0.014544458867585111
198405,(v),OLS,b_BM,-0.07136747714393844
198406,(v),OLS,b_BM,-0.016178453201054495
198407,(v),OLS,b_BM,-0.0728280266530645
198408,(v),OLS,b_BM,0.006200356968280696
198409,(v),OLS,b_BM,-0.06932022417693637
198410,(v),OLS,b_BM,-0.03901312618461872
198411,(v),OLS,b_BM,-0.06546294364586698
198412,(v),OLS,b_BM,-0.012355850555144349
198501,(v),OLS,b_BM,-0.01290386750290361
198502,(v),OLS,b_BM,0.002019233187537852
198503,(v),OLS,b_BM,-0.008383713772769547
198504,(v),OLS,b_BM,-0.033485016845394795
198505,(v),OLS,b_BM,-0.03433910237644939
198506,(v),OLS,b_BM,0.0043777009984091305
198507,(v),OLS,b_BM,-0.004148032209653629
198508,(v),OLS,b_BM,-0.03235081337640994
198509,(v),OLS,b_BM,-0.06257727823972897
198510,(v),OLS,b_BM,-0.04564452890388059
198511,(v),OLS,b_BM,-0.10324090598309497
198512,(v),OLS,b_BM,-0.010236674609626102
198601,(v),OLS,b_BM,-0.08078357999269113
198602,(v),OLS,b_BM,0.004576446606830098
198603,(v),OLS,b_BM,-0.025572909953211403
198604,(v),OLS,b_BM,-0.0166421304630253
198605,(v),OLS,b_BM,0.006145715523108841
198606,(v),OLS,b_BM,-0.010907460548891822
198607,(v),OLS,b_BM,0.008348361696168984
198608,(v),OLS,b_BM,0.07750681218942504
198609,(v),OLS,b_BM,-0.08496531392743822
198610,(v),OLS,b_BM,-0.03280522646360494
198611,(v),OLS,b_BM,0.007683928605263415
198612,(v),OLS,b_BM,-0.005881318305392092
198701,(v),OLS,b_BM,-0.0137152385190298
198702,(v),OLS,b_BM,0.0691155138110476
198703,(v),OLS,b_BM,0.030913990740430733
198704,(v),OLS,b_BM,0.017876204615768804
198705,(v),OLS,b_BM,-0.001445874823256258
198706,(v),OLS,b_BM,0.05608172646425406
198707,(v),OLS,b_BM,-0.04607077374076671
198708,(v),OLS,b_BM,0.017790641997307458
198709,(v),OLS,b_BM,0.008525847948053632
198710,(v),OLS,b_BM,-0.0032169026699476397
198711,(v),OLS,b_BM,-0.08017014677275887
198712,(v),OLS,b_BM,0.04889927555050694
198801,(v),OLS,b_BM,-0.017606536930192256
198802,(v),OLS,b_BM,0.02268610383736877
198803,(v),OLS,b_BM,0.014365606806193428
198804,(v),OLS,b_BM,0.019174415540036734
198805,(v),OLS,b_BM,-0.012357938421153368
198806,(v),OLS,b_BM,0.015525120815683687
198807,(v),OLS,b_BM,0.009506853163210281
198808,(v),OLS,b_BM,-0.03628772798340375
198809,(v),OLS,b_BM,-0.014707498132529691
198810,(v),OLS,b_BM,-0.020709279275190846
198811,(v),OLS,b_BM,-0.03827892465877414
198812,(v),OLS,b_BM,0.03990602424399336
198901,(v),OLS,b_BM,0.003692346132472806
198902,(v),OLS,b_BM,0.019054073307140502
198903,(v),OLS,b_BM,-0.00945790297411353
198904,(v),OLS,b_BM,-0.0001408001352087684
198905,(v),OLS,b_BM,0.04522080874197175
198906,(v),OLS,b_BM,-0.040503894079168906
198907,(v),OLS,b_BM,0.0007098443281314971
198908,(v),OLS,b_BM,-0.03039132420413672
198909,(v),OLS,b_BM,-0.04753671662115887
198910,(v),OLS,b_BM,-0.023605399778926513
198911,(v),OLS,b_BM,-0.020996445382588776
198912,(v),OLS,b_BM,0.03394941549232344
199001,(v),OLS,b_BM,0.04637522493915783
199002,(v),OLS,b_BM,-0.018273988758945148
199003,(v),OLS,b_BM,-0.024994781268846335
199004,(v),OLS,b_BM,-0.046285460364341544
199005,(v),OLS,b_BM,-0.01891584170765519
199006,(v),OLS,b_BM,0.03095859399650666
199007,(v),OLS,b_BM,0.053212206671225726
199008,(v),OLS,b_BM,0.03438176292855925
199009,(v),OLS,b_BM,-0.02366927291594896
199010,(v),OLS,b_BM,-0.09354757934357846
199011,(v),OLS,b_BM,-0.10030349873506803
199012,(v),OLS,b_BM,0.05548402339838869
199101,(v),OLS,b_BM,-0.032234721206202556
199102,(v),OLS,b_BM,0.02278977113352537
199103,(v),OLS,b_BM,-0.01872508664865981
199104,(v),OLS,b_BM,-0.021863727713811332
199105,(v),OLS,b_BM,-0.005164840325432272
199106,(v),OLS,b_BM,-0.045423182273095934
199107,(v),OLS,b_BM,0.005233795973382561
199108,(v),OLS,b_BM,0.0152991194246442
199109,(v),OLS,b_BM,-9.371404213728493e-05
199110,(v),OLS,b_BM,-0.0007570200725424513
199111,(v),OLS,b_BM,-0.11879737353370744
199112,(v),OLS,b_BM,0.19138694197542955
199201,(v),OLS,b_BM,0.0629521796548507
199202,(v),OLS,b_BM,0.07077163892257213
199203,(v),OLS,b_BM,0.008850589867075431
199204,(v),OLS,b_BM,0.013759647923762434
199205,(v),OLS,b_BM,0.03391283317154059
199206,(v),OLS,b_BM,-0.0066773371871909366
199207,(v),OLS,b_BM,-0.028187426305047697
199208,(v),OLS,b_BM,0.011932630837865405
199209,(v),OLS,b_BM,-0.03974244032084985
199210,(v),OLS,b_BM,-0.04281195133231343
199211,(v),OLS,b_BM,0.02763037626015976
199212,(v),OLS,b_BM,0.10617207652113343
199301,(v),OLS,b_BM,0.11332756417893187
199302,(v),OLS,b_BM,0.048813288072993774
199303,(v),OLS,b_BM,0.052366253706136734
199304,(v),OLS,b_BM,0.008828532643477065
199305,(v),OLS,b_BM,0.06463335822030786
199306,(v),OLS,b_BM,0.04751994199684996
199307,(v),OLS,b_BM,-0.029518463878701967
199308,(v),OLS,b_BM,0.007129728437793793
199309,(v),OLS,b_BM,0.04332439210379382
199310,(v),OLS,b_BM,0.012317011155593052
199311,(v),OLS,b_BM,-0.015451081755636559
199312,(v),OLS,b_BM,0.1040510668011088
199401,(v),OLS,b_BM,0.03077499751265848
199402,(v),OLS,b_BM,0.0262268331670171
199403,(v),OLS,b_BM,0.023403436731824604
199404,(v),OLS,b_BM,0.01220534859184116
199405,(v),OLS,b_BM,0.025627756771233075
199406,(v),OLS,b_BM,0.015462325514870697
199407,(v),OLS,b_BM,-0.028642125783524583
199408,(v),OLS,b_BM,0.02288955692909496
199409,(v),OLS,b_BM,-0.0004878401140487945
199410,(v),OLS,b_BM,-0.010620459689961774
199411,(v),OLS,b_BM,-0.007218182416080077
199412,(v),OLS,b_BM,-0.00831759611826971
199501,(v),OLS,b_BM,-0.01076330897210483
199502,(v),OLS,b_BM,-0.022590681726207082
199503,(v),OLS,b_BM,0.02420826290857729
199504,(v),OLS,b_BM,0.008444627977789724
199505,(v),OLS,b_BM,-0.05706750326399035
199506,(v),OLS,b_BM,-0.031849416939217785
199507,(v),OLS,b_BM,0.023573384479075726
199508,(v),OLS,b_BM,0.0018889980016680648
199509,(v),OLS,b_BM,-0.02195228911558884
199510,(v),OLS,b_BM,-0.03380025286378886
199511,(v),OLS,b_BM,0.009797987217439992
199512,(v),OLS,b_BM,0.04369299977518845
199601,(v),OLS,b_BM,0.0022815343494070935
199602,(v),OLS,b_BM,0.010799349160513132
199603,(v),OLS,b_BM,0.013116287622714214
199604,(v),OLS,b_BM,0.0301052216017594
199605,(v),OLS,b_BM,0.028810157664622197
199606,(v),OLS,b_BM,0.0443843503275505
199607,(v),OLS,b_BM,-0.014263554109667113
199608,(v),OLS,b_BM,-0.022377904423543933
199609,(v),OLS,b_BM,0.031115280484541624
199610,(v),OLS,b_BM,-0.013709903104703238
199611,(v),OLS,b_BM,-0.0021103176281256734
199612,(v),OLS,b_BM,0.001217687460072961
199701,(v),OLS,b_BM,0.04052926989796601
199702,(v),OLS,b_BM,0.06703547551239283
199703,(v),OLS,b_BM,-0.006030670453601908
199704,(v),OLS,b_BM,-0.05765810251458554
199705,(v),OLS,b_BM,0.030898645418896645
199706,(v),OLS,b_BM,-0.017255343828686057
199707,(v),OLS,b_BM,-0.003381357185070243
199708,(v),OLS,b_BM,0.03111654616845616
199709,(v),OLS,b_BM,0.039236595448355185
199710,(v),OLS,b_BM,-0.012935962240120044
199711,(v),OLS,b_BM,-0.011324692450342469
199712,(v),OLS,b_BM,0.016855525408609094
199801,(v),OLS,b_BM,-0.01435341985691313
199802,(v),OLS,b_BM,0.030870848421934858
199803,(v),OLS,b_BM,0.025314326042841832
199804,(v),OLS,b_BM,0.035194172898493234
199805,(v),OLS,b_BM,-0.030324088509313375
199806,(v),OLS,b_BM,0.007724347859737402
199807,(v),OLS,b_BM,0.012731571583518411
199808,(v),OLS,b_BM,-0.07242975455807826
199809,(v),OLS,b_BM,-0.08388900561879645
199810,(v),OLS,b_BM,-0.031386862506216626
199811,(v),OLS,b_BM,-0.0686246055107322
199812,(v),OLS,b_BM,0.0504149991402003
199901,(v),OLS,b_BM,0.00604962165973275
199902,(v),OLS,b_BM,-0.02518809744956535
199903,(v),OLS,b_BM,0.03491759197476063
199904,(v),OLS,b_BM,4.801906212053425e-05
199905,(v),OLS,b_BM,-0.02077179862216423
199906,(v),OLS,b_BM,0.03945957248223925
199907,(v),OLS,b_BM,-0.0059942075794382245
199908,(v),OLS,b_BM,-0.06514998651490087
199909,(v),OLS,b_BM,-0.08005553755036296
199910,(v),OLS,b_BM,-0.03286306722438996
199911,(v),OLS,b_BM,-0.07677617319524607
199912,(v),OLS,b_BM,0.14689834176432545
200001,(v),OLS,b_BM,0.021700770900064337
200002,(v),OLS,b_BM,-0.00856724767653743
200003,(v),OLS,b_BM,0.012468818309784448
200004,(v),OLS,b_BM,0.011705552886191118
200005,(v),OLS,b_BM,-0.023690847264146858
200006,(v),OLS,b_BM,0.11020843746518205
200007,(v),OLS,b_BM,-0.04889506119921841
200008,(v),OLS,b_BM,0.0322158781498198
200009,(v),OLS,b_BM,-0.0538660119375215
200010,(v),OLS,b_BM,0.05899294973098149
200011,(v),OLS,b_BM,0.020950303161168027
200012,(v),OLS,b_BM,-0.031487026527927356
200101,(v),OLS,b_BM,0.11659627467012762
200102,(v),OLS,b_BM,0.08044825482996835
200103,(v),OLS,b_BM,-0.0794250500861902
200104,(v),OLS,b_BM,0.07604034320591176
200105,(v),OLS,b_BM,-0.04801870870502982
200106,(v),OLS,b_BM,0.024677598281510886
200107,(v),OLS,b_BM,-0.005547244346765352
200108,(v),OLS,b_BM,-0.03437735906324695
200109,(v),OLS,b_BM,-0.07968320032218909
200110,(v),OLS,b_BM,-0.041230594176836326
200111,(v),OLS,b_BM,-0.006716949842638502
200112,(v),OLS,b_BM,0.08332408300596217
200201,(v),OLS,b_BM,0.0022560682377269978
200202,(v),OLS,b_BM,0.039759535123956954
200203,(v),OLS,b_BM,0.07637248865251285
200204,(v),OLS,b_BM,0.042820893259321695
200205,(v),OLS,b_BM,0.010076688216619376
200206,(v),OLS,b_BM,-0.005331519957391664
200207,(v),OLS,b_BM,-0.009891267185639058
200208,(v),OLS,b_BM,-0.023529886941039323
200209,(v),OLS,b_BM,-0.08949564125663005
200210,(v),OLS,b_BM,0.09857232074341299
200211,(v),OLS,b_BM,0.0024288820145923623
200212,(v),OLS,b_BM,0.020955695275695026
200301,(v),OLS,b_BM,0.019566496844560577
200302,(v),OLS,b_BM,-0.011759021530378328
200303,(v),OLS,b_BM,-0.00040384244927630514
200304,(v),OLS,b_BM,0.014531254900526619
200305,(v),OLS,b_BM,0.0537907745513404
200306,(v),OLS,b_BM,0.053724474407687565
200307,(v),OLS,b_BM,0.016276577941004716
200308,(v),OLS,b_BM,0.10269026291954492
200309,(v),OLS,b_BM,0.06977515048363282
200310,(v),OLS,b_BM,0.021813783452460597
200311,(v),OLS,b_BM,0.07713406526969302
200312,(v),OLS,b_BM,0.1197927297200991
200401,(v),OLS,b_BM,0.007320016079516628
200402,(v),OLS,b_BM,0.006995492832291023
200403,(v),OLS,b_BM,-0.014747198809401108
200404,(v),OLS,b_BM,-0.021553221606473015
200405,(v),OLS,b_BM,0.013859255926247913
200406,(v),OLS,b_BM,0.06871609374246251
200407,(v),OLS,b_BM,0.008424346556608769
200408,(v),OLS,b_BM,0.0007110141453002677
200409,(v),OLS,b_BM,-0.01624986914355897
200410,(v),OLS,b_BM,0.027181078512377874
200411,(v),OLS,b_BM,0.004560906991375346
200412,(v),OLS,b_BM,0.00889242018458674
200501,(v),OLS,b_BM,0.024606165415414022
200502,(v),OLS,b_BM,0.013873002884661506
200503,(v),OLS,b_BM,-0.0272981888869833
200504,(v),OLS,b_BM,-0.03543905472042219
200505,(v),OLS,b_BM,0.04006825487439404
200506,(v),OLS,b_BM,0.02857559208398146
200507,(v),OLS,b_BM,0.02264085279983072
200508,(v),OLS,b_BM,0.014484601119564395
200509,(v),OLS,b_BM,-0.02385869615352793
200510,(v),OLS,b_BM,-0.012280304774922446
200511,(v),OLS,b_BM,0.006794069909236488
200512,(v),OLS,b_BM,0.04006767171938786
200601,(v),OLS,b_BM,-0.012432125129836656
200602,(v),OLS,b_BM,0.03949632753743233
200603,(v),OLS,b_BM,0.04179319977046532
200604,(v),OLS,b_BM,0.017513511586495754
200605,(v),OLS,b_BM,0.007006365511424431
200606,(v),OLS,b_BM,0.001187212386802472
200607,(v),OLS,b_BM,-0.012181070302887311
200608,(v),OLS,b_BM,-0.018720529192871364
200609,(v),OLS,b_BM,-0.0002592410307700379
200610,(v),OLS,b_BM,0.011281917696090821
200611,(v),OLS,b_BM,0.040140809884994064
200612,(v),OLS,b_BM,0.008044002439788624
200701,(v),OLS,b_BM,0.021667371839483016
200702,(v),OLS,b_BM,-0.019784898902079635
200703,(v),OLS,b_BM,-0.007812874459245727
200704,(v),OLS,b_BM,-0.0006813630828517783
200705,(v),OLS,b_BM,0.009846444850627958
200706,(v),OLS,b_BM,-0.01162038273969099
200707,(v),OLS,b_BM,-0.04647972460642297
200708,(v),OLS,b_BM,-0.03337564492601491
200709,(v),OLS,b_BM,-0.029558778880046616
200710,(v),OLS,b_BM,-0.04294861689333826
200711,(v),OLS,b_BM,-0.017730226836885844
200712,(v),OLS,b_BM,0.023407412293368117
200801,(v),OLS,b_BM,-0.004050443861586708
200802,(v),OLS,b_BM,-0.0011250451589869502
200803,(v),OLS,b_BM,-0.01741276338716135
200804,(v),OLS,b_BM,0.011552874246850548
200805,(v),OLS,b_BM,0.02465301882618328
200806,(v),OLS,b_BM,-0.028922590410703518
200807,(v),OLS,b_BM,0.000696775601738614
200808,(v),OLS,b_BM,-0.04670018661081277
200809,(v),OLS,b_BM,-0.07055399884891361
200810,(v),OLS,b_BM,-0.09372656100596473
200811,(v),OLS,b_BM,-0.04058823214532219
200812,(v),OLS,b_BM,0.0001847654913394864
200901,(v),OLS,b_BM,-0.10665281847508978
200902,(v),OLS,b_BM,0.028709376667107468
200903,(v),OLS,b_BM,0.15818279191158835
200904,(v),OLS,b_BM,0.11275888957656414
200905,(v),OLS,b_BM,0.005205208861322248
200906,(v),OLS,b_BM,0.08586040890443329
200907,(v),OLS,b_BM,0.2003932192838071
200908,(v),OLS,b_BM,0.07055627317427236
200909,(v),OLS,b_BM,-0.02783039294437748
200910,(v),OLS,b_BM,0.022149105484402725
200911,(v),OLS,b_BM,0.01918816809219484
200912,(v),OLS,b_BM,0.04820369564801388
201001,(v),OLS,b_BM,0.01506470230032678
201002,(v),OLS,b_BM,0.06209629421206386
201003,(v),OLS,b_BM,0.09927227337114014
201004,(v),OLS,b_BM,-0.04968094846585928
201005,(v),OLS,b_BM,-0.06709514892247719
201006,(v),OLS,b_BM,0.00673347507929066
201007,(v),OLS,b_BM,-0.02623613603153393
201008,(v),OLS,b_BM,-0.00907485336896961
201009,(v),OLS,b_BM,0.01076834428170053
201010,(v),OLS,b_BM,0.011863173174835224
201011,(v),OLS,b_BM,0.029688713335819253
201012,(v),OLS,b_BM,0.04725056757967703
201101,(v),OLS,b_BM,0.029094097784866317
201102,(v),OLS,b_BM,-0.026523407705029218
201103,(v),OLS,b_BM,-0.04279303183640405
201104,(v),OLS,b_BM,-0.03498824296224734
201105,(v),OLS,b_BM,0.003214778269924043
201106,(v),OLS,b_BM,0.024552894650058332
201107,(v),OLS,b_BM,-0.05480287770601366
201108,(v),OLS,b_BM,-0.04444055757871606
201109,(v),OLS,b_BM,-0.02426470981503292
201110,(v),OLS,b_BM,0.00021458362779717358
201111,(v),OLS,b_BM,0.01900434087692876
201112,(v),OLS,b_BM,-0.0011082463658469155
201201,(v),OLS,b_BM,0.014024680632060096
201202,(v),OLS,b_BM,-3.584330337923561e-05
201203,(v),OLS,b_BM,0.006779998652174024
201204,(v),OLS,b_BM,-0.013286461386410854
201205,(v),OLS,b_BM,0.010777908781920897
201206,(v),OLS,b_BM,-0.0005422324556590445
201207,(v),OLS,b_BM,-0.010501232557956536
201208,(v),OLS,b_BM,0.0172455602738048
201209,(v),OLS,b_BM,0.017119907892657653
201210,(v),OLS,b_BM,0.003844129890456306
201211,(v),OLS,b_BM,0.023740357854552235
201212,(v),OLS,b_BM,0.03301489925951298
201301,(v),OLS,b_BM,0.012573080089630019
201302,(v),OLS,b_BM,0.003090476099967883
201303,(v),OLS,b_BM,-0.03241566084041408
201304,(v),OLS,b_BM,0.0331980004915218
201305,(v),OLS,b_BM,0.005768856442386009
201306,(v),OLS,b_BM,-0.004341845032349771
201307,(v),OLS,b_BM,0.013424291010180169
201308,(v),OLS,b_BM,0.028196408195729442
201309,(v),OLS,b_BM,0.04272424278301939
201310,(v),OLS,b_BM,-0.028375574074083934
201311,(v),OLS,b_BM,0.021913592226588043
201312,(v),OLS,b_BM,0.026815009062781593
201401,(v),OLS,b_BM,0.012968259138228123
201402,(v),OLS,b_BM,0.054905094157740565
201403,(v),OLS,b_BM,-0.000773341784937237
201404,(v),OLS,b_BM,0.0011274660062175808
201405,(v),OLS,b_BM,-0.0011294890410452132
201406,(v),OLS,b_BM,0.0019450869133110001
201407,(v),OLS,b_BM,-0.008847157617838821
201408,(v),OLS,b_BM,-0.049529996503156495
201409,(v),OLS,b_BM,-0.09051374360185267
201410,(v),OLS,b_BM,-0.06022180351229824
201411,(v),OLS,b_BM,-0.02336407878349945
201412,(v),OLS,b_BM,-0.0328423089527758
201501,(v),OLS,b_BM,0.005500076129160661
201502,(v),OLS,b_BM,-0.03654534238018912
201503,(v),OLS,b_BM,0.060992052974614214
201504,(v),OLS,b_BM,-0.0383342144754658
201505,(v),OLS,b_BM,-0.04295402281660475
201506,(v),OLS,b_BM,-0.14138390425510353
201507,(v),OLS,b_BM,0.07332253872895045
201508,(v),OLS,b_BM,-0.05398199083492927
201509,(v),OLS,b_BM,-0.007327048915913358
201510,(v),OLS,b_BM,-0.018916731501332336
201511,(v),OLS,b_BM,-0.08135050555637094
201512,(v),OLS,b_BM,-0.024104042081416227
201601,(v),OLS,b_BM,-0.006439041049613476
201602,(v),OLS,b_BM,0.09299235628567433
201603,(v),OLS,b_BM,0.10095692676885124
201604,(v),OLS,b_BM,-0.04028519931962769
201605,(v),OLS,b_BM,0.05542418618320503
201606,(v),OLS,b_BM,0.022662984435201282
201607,(v),OLS,b_BM,0.03637402135023252
201608,(v),OLS,b_BM,0.02178661748909604
201609,(v),OLS,b_BM,-0.019957082207562357
201610,(v),OLS,b_BM,0.09687736278919906
201611,(v),OLS,b_BM,0.024924187125089127
201612,(v),OLS,b_BM,-0.012044718722861433
201701,(v),OLS,b_BM,-0.0699311129321849
201702,(v),OLS,b_BM,-0.016591213281502096
201703,(v),OLS,b_BM,-0.03312304192955699
201704,(v),OLS,b_BM,-0.04811366486977068
201705,(v),OLS,b_BM,-0.009837256424332946
201706,(v),OLS,b_BM,-0.01799334301686504
201707,(v),OLS,b_BM,-0.03539042165389848
201708,(v),OLS,b_BM,0.051949968750452824
201709,(v),OLS,b_BM,-0.004779107981722155
201710,(v),OLS,b_BM,0.028642882414075692
201711,(v),OLS,b_BM,0.023779946744167398
201712,(v),OLS,b_BM,-0.008687480180677679
201801,(v),OLS,b_BM,-0.022949110458411637
201802,(v),OLS,b_BM,8.34838417186276e-05
201803,(v),OLS,b_BM,0.008971192974812381
201804,(v),OLS,b_BM,-0.011372817734445945
201805,(v),OLS,b_BM,-0.01803154974017907
201806,(v),OLS,b_BM,-0.01578282818917107
201807,(v),OLS,b_BM,-0.07129011303532594
201808,(v),OLS,b_BM,-0.021270494007270883
201809,(v),OLS,b_BM,-0.0006997250237596939
201810,(v),OLS,b_BM,-0.07455026717664143
201811,(v),OLS,b_BM,-0.0702300082576297
201812,(v),OLS,b_BM,0.05091462328588313
201901,(v),OLS,b_BM,-0.026610086602815868
201902,(v),OLS,b_BM,-0.040819731682148544
201903,(v),OLS,b_BM,-0.021430826594538384
201904,(v),OLS,b_BM,-0.061491577084311765
201905,(v),OLS,b_BM,-0.07054951251867883
201906,(v),OLS,b_BM,-0.04644511151100649
201907,(v),OLS,b_BM,-0.06575861819351747
201908,(v),OLS,b_BM,0.09030540190260712
201909,(v),OLS,b_BM,-0.07840413508825378
201910,(v),OLS,b_BM,-0.07475249878740978
201911,(v),OLS,b_BM,0.09459999960542906
201912,(v),OLS,b_BM,-0.06950275045326794
202001,(v),OLS,b_BM,-0.04233478297599689
202002,(v),OLS,b_BM,-0.19870724141571283
202003,(v),OLS,b_BM,0.1541953034971983
202004,(v),OLS,b_BM,-0.01353483572568353
202005,(v),OLS,b_BM,0.0884727945621007
202006,(v),OLS,b_BM,0.045228353831857596
202007,(v),OLS,b_BM,0.020665705821936158
202008,(v),OLS,b_BM,-0.028259909970827286
202009,(v),OLS,b_BM,0.005253773969764532
202010,(v),OLS,b_BM,0.16918461796488504
202011,(v),OLS,b_BM,0.049949539616544955
202012,(v),OLS,b_BM,0.2850484680655738
202101,(v),OLS,b_BM,0.10910464862892691
202102,(v),OLS,b_BM,0.07007712409210294
202103,(v),OLS,b_BM,-0.03460540032871859
202104,(v),OLS,b_BM,0.09605826765633943
202105,(v),OLS,b_BM,0.014909372076738085
202106,(v),OLS,b_BM,-0.04581086429619978
202107,(v),OLS,b_BM,0.006591700715887628
202108,(v),OLS,b_BM,0.086379020757497
202109,(v),OLS,b_BM,-0.0280440272722909
202110,(v),OLS,b_BM,-0.022901841636963446
202111,(v),OLS,b_BM,0.0186791258888308
202112,(v),OLS,b_BM,0.11916811129010346
202201,(v),OLS,b_BM,0.06364155785500597
202202,(v),OLS,b_BM,0.05290760953549075
202203,(v),OLS,b_BM,0.06103832809827586
202204,(v),OLS,b_BM,0.06317408178352228
202205,(v),OLS,b_BM,-0.06973399128801133
202206,(v),OLS,b_BM,-0.06763795418977483
202207,(v),OLS,b_BM,0.027464829559657688
202208,(v),OLS,b_BM,-0.07707157432897818
202209,(v),OLS,b_BM,0.04268523669359565
202210,(v),OLS,b_BM,-0.037416513349662534
202211,(v),OLS,b_BM,-0.015628527558852842
202212,(v),OLS,b_BM,0.06903624367944988
202301,(v),OLS,b_BM,-0.044172491311546595
202302,(v),OLS,b_BM,-0.08062139440247729
202303,(v),OLS,b_BM,-0.018700443795558568
202304,(v),OLS,b_BM,-0.02300881999663879
202305,(v),OLS,b_BM,0.013714933183321072
202306,(v),OLS,b_BM,0.04669299242708003
202307,(v),OLS,b_BM,-0.05286268395110856
202308,(v),OLS,b_BM,-0.01582957461332469
202309,(v),OLS,b_BM,-0.0479866624701298
202310,(v),OLS,b_BM,-0.024477721639236415
202311,(v),OLS,b_BM,0.05223968985338262
202312,(v),OLS,b_BM,-0.05673087300094612
202401,(v),OLS,b_BM,-0.02095888304788063
202402,(v),OLS,b_BM,0.032937991743019555
202403,(v),OLS,b_BM,-0.024710902338583526
202404,(v),OLS,b_BM,0.08642761828412884
202405,(v),OLS,b_BM,-0.06996750578803348
202406,(v),OLS,b_BM,0.04508053828920833
202407,(v),OLS,b_BM,-0.04430123945003104
202408,(v),OLS,b_BM,-0.031133114898192687
202409,(v),OLS,b_BM,-0.008771812814843093
202410,(v),OLS,b_BM,-0.027898280239330775
202411,(v),OLS,b_BM,0.0656371492725973
197307,(v),WLS,a,-0.032379232479707996
197308,(v),WLS,a,-0.059264675498999
197309,(v),WLS,a,-0.11039892077044965
197310,(v),WLS,a,-0.42289718573855045
197311,(v),WLS,a,-0.16808819358316157
197312,(v),WLS,a,0.2384902407058773
197401,(v),WLS,a,-0.09089001665144548
197402,(v),WLS,a,0.10257288494974015
197403,(v),WLS,a,0.06727940712527725
197404,(v),WLS,a,0.04909605062914957
197405,(v),WLS,a,-0.1254460372169568
197406,(v),WLS,a,0.0986411444187268
197407,(v),WLS,a,-0.27766633448166367
197408,(v),WLS,a,-0.38334389658413925
197409,(v),WLS,a,-0.09128143192725713
197410,(v),WLS,a,-0.12544368255786986
197411,(v),WLS,a,-0.1457798209902782
197412,(v),WLS,a,0.6120253844840475
197501,(v),WLS,a,0.1473393549713049
197502,(v),WLS,a,0.28010178989410167
197503,(v),WLS,a,0.12818521089622908
197504,(v),WLS,a,-0.053416334766660384
197505,(v),WLS,a,0.06768537666529074
197506,(v),WLS,a,0.035581370686963376
197507,(v),WLS,a,0.05746869610603303
197508,(v),WLS,a,0.013265666045310097
197509,(v),WLS,a,0.2400385061463899
197510,(v),WLS,a,0.08468342357560472
197511,(v),WLS,a,-0.09937706436885663
197512,(v),WLS,a,0.2756756190093885
197601,(v),WLS,a,-0.005433685368306159
197602,(v),WLS,a,-0.009963993802226016
197603,(v),WLS,a,-0.11062494077938266
197604,(v),WLS,a,-0.09361583952378408
197605,(v),WLS,a,0.05546594869832075
197606,(v),WLS,a,-0.07334816601758178
197607,(v),WLS,a,-0.09977256955004528
197608,(v),WLS,a,0.05003473855138053
197609,(v),WLS,a,-0.15291589039127323
197610,(v),WLS,a,-0.05306637885584474
197611,(v),WLS,a,0.16950898512551715
197612,(v),WLS,a,0.043671470316232
197701,(v),WLS,a,-0.04824812214236646
197702,(v),WLS,a,-0.004066507957661145
197703,(v),WLS,a,-0.011547923094111165
197704,(v),WLS,a,-0.06266270231991865
197705,(v),WLS,a,0.14033268522607906
197706,(v),WLS,a,-0.005771991131149047
197707,(v),WLS,a,0.006052690679523636
197708,(v),WLS,a,-0.031069731330886138
197709,(v),WLS,a,0.04435545341911518
197710,(v),WLS,a,0.08722888850319814
197711,(v),WLS,a,-0.005495523621259231
197712,(v),WLS,a,-0.03403727564681702
197801,(v),WLS,a,-0.03771504820597851
197802,(v),WLS,a,0.053230096009330236
197803,(v),WLS,a,0.15917814753110388
197804,(v),WLS,a,0.07362378469235012
197805,(v),WLS,a,-0.015600676549657012
197806,(v),WLS,a,0.11522476133544424
197807,(v),WLS,a,0.03978036187821974
197808,(v),WLS,a,-0.09883732909722336
197809,(v),WLS,a,-0.18643877644149853
197810,(v),WLS,a,0.017266334442179336
197811,(v),WLS,a,0.03709076973551175
197812,(v),WLS,a,0.05552705597075071
197901,(v),WLS,a,-0.15252657969420502
197902,(v),WLS,a,0.08094342524164429
197903,(v),WLS,a,0.055886873620575615
197904,(v),WLS,a,-0.08496769165742347
197905,(v),WLS,a,-0.0008972690055865999
197906,(v),WLS,a,0.0529865781475705
197907,(v),WLS,a,0.003069868156968724
197908,(v),WLS,a,-0.03462076222930269
197909,(v),WLS,a,-0.11101435284457022
197910,(v),WLS,a,-0.1758812309860171
197911,(v),WLS,a,-0.11284026072221616
197912,(v),WLS,a,-0.007855901040211713
198001,(v),WLS,a,-0.0726716879038854
198002,(v),WLS,a,0.0705817410059172
198003,(v),WLS,a,-0.10596203392159385
198004,(v),WLS,a,0.025321681853068625
198005,(v),WLS,a,-0.08332722586967338
198006,(v),WLS,a,0.03428984884496359
198007,(v),WLS,a,-0.059253022618043584
198008,(v),WLS,a,-0.18208139272568974
198009,(v),WLS,a,-0.09930618957549263
198010,(v),WLS,a,-0.12394465474122537
198011,(v),WLS,a,0.14828915209735946
198012,(v),WLS,a,0.055972886296465574
198101,(v),WLS,a,0.05815145018798291
198102,(v),WLS,a,-0.08265210962372858
198103,(v),WLS,a,0.09225927472447906
198104,(v),WLS,a,-0.005841073210238188
198105,(v),WLS,a,-0.01535147418175508
198106,(v),WLS,a,0.11866269750330227
198107,(v),WLS,a,0.09902106725932251
198108,(v),WLS,a,0.1910104561814894
198109,(v),WLS,a,-0.10200841016578437
198110,(v),WLS,a,-0.06410343212927377
198111,(v),WLS,a,0.08405834126964014
198112,(v),WLS,a,0.2700112474033799
198201,(v),WLS,a,0.1600600116243211
198202,(v),WLS,a,0.06095483643432031
198203,(v),WLS,a,0.004134392119109982
198204,(v),WLS,a,0.17611824765533124
198205,(v),WLS,a,0.07535482070416992
198206,(v),WLS,a,0.14562357202739
198207,(v),WLS,a,-0.005652719243984773
198208,(v),WLS,a,0.09061775692285103
198209,(v),WLS,a,-0.01991009490524043
198210,(v),WLS,a,0.17662225171736579
198211,(v),WLS,a,0.07412351875024657
198212,(v),WLS,a,-0.08092825359918765
198301,(v),WLS,a,0.10307480222790545
198302,(v),WLS,a,0.047013506381723684
198303,(v),WLS,a,0.042311696244925714
198304,(v),WLS,a,-0.20297217289009825
198305,(v),WLS,a,0.08001163939301348
198306,(v),WLS,a,-0.02915067324868089
198307,(v),WLS,a,0.00019968294320024319
198308,(v),WLS,a,0.0914664441543718
198309,(v),WLS,a,0.05442353628054261
198310,(v),WLS,a,-0.10990772287754112
198311,(v),WLS,a,0.04965020560430063
198312,(v),WLS,a,-0.024281515562132594
198401,(v),WLS,a,0.03680671092483921
198402,(v),WLS,a,-0.04356198832403762
198403,(v),WLS,a,0.08567515820136164
198404,(v),WLS,a,0.045984492544720076
198405,(v),WLS,a,0.04945768649583513
198406,(v),WLS,a,0.003765347221045753
198407,(v),WLS,a,0.04564333616308776
198408,(v),WLS,a,0.026815556285302987
198409,(v),WLS,a,0.07380026357093283
198410,(v),WLS,a,-0.00032567178248506506
198411,(v),WLS,a,0.027729191297754058
198412,(v),WLS,a,0.03897563648212915
198501,(v),WLS,a,0.04433507243895436
198502,(v),WLS,a,-0.0011359907713469719
198503,(v),WLS,a,-0.007751355732892999
198504,(v),WLS,a,0.07044258452701548
198505,(v),WLS,a,-0.0018796683077211597
198506,(v),WLS,a,-0.035049172172371475
198507,(v),WLS,a,0.002567859410525294
198508,(v),WLS,a,0.05143468138100157
198509,(v),WLS,a,0.07925361531007183
198510,(v),WLS,a,0.10209267561865694
198511,(v),WLS,a,0.08744606214619383
198512,(v),WLS,a,-0.014394490195932974
198601,(v),WLS,a,0.09298243075350374
198602,(v),WLS,a,0.07755987564352752
198603,(v),WLS,a,0.028986559649894734
198604,(v),WLS,a,0.06795377374019787
198605,(v),WLS,a,0.05225062111619642
198606,(v),WLS,a,-0.03538964582868386
198607,(v),WLS,a,0.03120828207487051
198608,(v),WLS,a,-0.13432046535462058
198609,(v),WLS,a,0.013856868221071923
198610,(v),WLS,a,0.04323194838090686
198611,(v),WLS,a,-0.0074677172424822205
198612,(v),WLS,a,0.09277364440502876
198701,(v),WLS,a,0.05724793415257976
198702,(v),WLS,a,0.019223903519741473
198703,(v),WLS,a,-0.03449997963238407
198704,(v),WLS,a,0.008357291381623944
198705,(v),WLS,a,0.06978098202179785
198706,(v),WLS,a,0.021802871359762967
198707,(v),WLS,a,0.06659298540815947
198708,(v),WLS,a,-0.08107946570829465
198709,(v),WLS,a,-0.17468323556005103
198710,(v),WLS,a,-0.11028983812038333
198711,(v),WLS,a,0.10192952891469219
198712,(v),WLS,a,0.041276706725717906
198801,(v),WLS,a,0.04198097434931566
198802,(v),WLS,a,-0.05078535330325175
198803,(v),WLS,a,0.0032145222378713936
198804,(v),WLS,a,0.005608459159310338
198805,(v),WLS,a,0.0527288329922003
198806,(v),WLS,a,-0.023776078844277165
198807,(v),WLS,a,-0.058429252156499724
198808,(v),WLS,a,0.04977743528644828
198809,(v),WLS,a,0.035511269469957765
198810,(v),WLS,a,-0.02842742146729457
198811,(v),WLS,a,0.002080685826332627
198812,(v),WLS,a,0.05176206564746782
198901,(v),WLS,a,-0.06317225468608623
198902,(v),WLS,a,-0.03854144614653654
198903,(v),WLS,a,0.02238901222109179
198904,(v),WLS,a,-0.0009802992144723782
198905,(v),WLS,a,-0.020942027305324136
198906,(v),WLS,a,0.10308495647231483
198907,(v),WLS,a,0.02497471417830674
198908,(v),WLS,a,0.01073031257127013
198909,(v),WLS,a,-0.004039836044093387
198910,(v),WLS,a,-0.008758876671782273
198911,(v),WLS,a,0.020067654695425048
198912,(v),WLS,a,-0.08257291923062035
199001,(v),WLS,a,-0.026754787834248048
199002,(v),WLS,a,0.05676370282470526
199003,(v),WLS,a,0.01651849379571889
199004,(v),WLS,a,0.1351605554405978
199005,(v),WLS,a,0.02279077158959149
199006,(v),WLS,a,0.017644231136934568
199007,(v),WLS,a,-0.12582955224963602
199008,(v),WLS,a,-0.0336697423751072
199009,(v),WLS,a,0.034085859030072
199010,(v),WLS,a,0.12929536098825378
199011,(v),WLS,a,0.0878605548899468
199012,(v),WLS,a,0.06854439218911064
199101,(v),WLS,a,0.07496105291028987
199102,(v),WLS,a,0.0647681323183527
199103,(v),WLS,a,-0.009481361859132923
199104,(v),WLS,a,0.025809972891998365
199105,(v),WLS,a,-0.023060781810748606
199106,(v),WLS,a,0.07211349576548616
199107,(v),WLS,a,0.04739214435126245
199108,(v),WLS,a,-0.014535889496072343
199109,(v),WLS,a,0.05114407389527705
199110,(v),WLS,a,0.02541865462964958
199111,(v),WLS,a,0.15441429036308954
199112,(v),WLS,a,-0.042741218300030595
199201,(v),WLS,a,0.0018490622024918406
199202,(v),WLS,a,-0.013698333853850544
199203,(v),WLS,a,-0.03774809077443224
199204,(v),WLS,a,0.004875471950559247
199205,(v),WLS,a,-0.10144066292128419
199206,(v),WLS,a,0.07468478201795027
199207,(v),WLS,a,0.021197575139713893
199208,(v),WLS,a,0.001430445987116983
199209,(v),WLS,a,0.052213146410559685
199210,(v),WLS,a,0.020640307157655274
199211,(v),WLS,a,-0.007171350605186066
199212,(v),WLS,a,-0.07892868429255924
199301,(v),WLS,a,-0.024114431138925703
199302,(v),WLS,a,-0.003986581763774326
199303,(v),WLS,a,-0.07089831313764512
199304,(v),WLS,a,0.04156520423420541
199305,(v),WLS,a,-0.0559494286460631
199306,(v),WLS,a,-0.08838276031807313
199307,(v),WLS,a,0.05649270298783018
199308,(v),WLS,a,-0.0013457575329281245
199309,(v),WLS,a,0.004960476166941491
199310,(v),WLS,a,0.002817689887771443
199311,(v),WLS,a,-0.00939330100834433
199312,(v),WLS,a,-0.026731721130115495
199401,(v),WLS,a,0.01726880833047309
199402,(v),WLS,a,-0.020213963440618304
199403,(v),WLS,a,0.015726118217463513
199404,(v),WLS,a,0.015538039521846082
199405,(v),WLS,a,-0.021266315601473063
199406,(v),WLS,a,0.007145600097410787
199407,(v),WLS,a,0.11742307952739911
199408,(v),WLS,a,0.003936643481741913
199409,(v),WLS,a,0.05613510548618557
199410,(v),WLS,a,0.023331437574679665
199411,(v),WLS,a,-0.008932244912575944
199412,(v),WLS,a,0.03717700458236444
199501,(v),WLS,a,0.022082921013788857
199502,(v),WLS,a,0.04239719593195725
199503,(v),WLS,a,0.05994329982446206
199504,(v),WLS,a,0.04041447305476244
199505,(v),WLS,a,0.05959837349132203
199506,(v),WLS,a,0.03206766377447501
199507,(v),WLS,a,-0.009465142630935921
199508,(v),WLS,a,0.05878164666602418
199509,(v),WLS,a,0.051839747648321374
199510,(v),WLS,a,-0.033493355562486796
199511,(v),WLS,a,-0.030158682842395947
199512,(v),WLS,a,-0.0013977623581342142
199601,(v),WLS,a,0.05430321472809618
199602,(v),WLS,a,-0.053718919169063475
199603,(v),WLS,a,0.05912002649912243
199604,(v),WLS,a,0.07795125481238797
199605,(v),WLS,a,0.004790879808436026
199606,(v),WLS,a,-0.03879683913490864
199607,(v),WLS,a,0.011655200922153424
199608,(v),WLS,a,0.11098802829222511
199609,(v),WLS,a,0.00014273896315810186
199610,(v),WLS,a,0.09962984034961875
199611,(v),WLS,a,-0.021217301189182233
199612,(v),WLS,a,0.12966080191573262
199701,(v),WLS,a,0.00021621933465006192
199702,(v),WLS,a,-0.0558107321132102
199703,(v),WLS,a,0.1004808843553806
199704,(v),WLS,a,0.048427481387010925
199705,(v),WLS,a,0.04331400828570211
199706,(v),WLS,a,0.10906469021378722
199707,(v),WLS,a,-0.04229401298823497
199708,(v),WLS,a,0.016351475280408756
199709,(v),WLS,a,-0.0210661049741129
199710,(v),WLS,a,0.08372073542624892
199711,(v),WLS,a,-0.035039619315377656
199712,(v),WLS,a,0.05378397698615351
199801,(v),WLS,a,0.061719785269226134
199802,(v),WLS,a,-0.005684073461478039
199803,(v),WLS,a,-0.019019783141511114
199804,(v),WLS,a,-0.030956834566761307
199805,(v),WLS,a,0.07711169083818056
199806,(v),WLS,a,0.006322845621717904
199807,(v),WLS,a,-0.11003850751765866
199808,(v),WLS,a,0.09126060355658562
199809,(v),WLS,a,0.07441879422042715
199810,(v),WLS,a,0.1391396049497356
199811,(v),WLS,a,0.08254663603903362
199812,(v),WLS,a,0.0749975274079803
199901,(v),WLS,a,-0.08724250602616783
199902,(v),WLS,a,-0.0018324976145352356
199903,(v),WLS,a,-0.057992364754102785
199904,(v),WLS,a,0.02583214881480277
199905,(v),WLS,a,0.11162346283362151
199906,(v),WLS,a,-0.0012439017667132256
199907,(v),WLS,a,0.041974514732778904
199908,(v),WLS,a,-0.04162534509381059
199909,(v),WLS,a,0.06133018464898774
199910,(v),WLS,a,0.10234775994498607
199911,(v),WLS,a,0.054865230084084934
199912,(v),WLS,a,-0.00255513165930758
200001,(v),WLS,a,0.11508920217094068
200002,(v),WLS,a,0.022493364713699282
200003,(v),WLS,a,0.019749953267984614
200004,(v),WLS,a,0.022188110395670084
200005,(v),WLS,a,0.06989573234754298
200006,(v),WLS,a,-0.054411548454135164
200007,(v),WLS,a,-0.004104537579872011
200008,(v),WLS,a,0.024437079740556953
200009,(v),WLS,a,0.08068748204053454
200010,(v),WLS,a,0.1527245220836361
200011,(v),WLS,a,0.08882427414039612
200012,(v),WLS,a,-0.1168754748428287
200101,(v),WLS,a,0.0906615902350804
200102,(v),WLS,a,-0.054673366190175
200103,(v),WLS,a,-0.03346945186268733
200104,(v),WLS,a,0.035021040509166754
200105,(v),WLS,a,0.00871218608912834
200106,(v),WLS,a,0.054666287853417754
200107,(v),WLS,a,0.06074474032798694
200108,(v),WLS,a,-0.11099688867392586
200109,(v),WLS,a,0.13121412869870788
200110,(v),WLS,a,0.08256090073509198
200111,(v),WLS,a,0.05077130640710881
200112,(v),WLS,a,0.08272782215594714
200201,(v),WLS,a,0.0026126348811340034
200202,(v),WLS,a,0.03952246062464432
200203,(v),WLS,a,0.06824815205101416
200204,(v),WLS,a,-0.0346314392574834
200205,(v),WLS,a,-0.0388028429791285
200206,(v),WLS,a,-0.05583889633861793
200207,(v),WLS,a,0.013310414908008474
200208,(v),WLS,a,-0.052772714005993794
200209,(v),WLS,a,0.05609208721042404
200210,(v),WLS,a,-0.05889010703168454
200211,(v),WLS,a,0.017594588548270923
200212,(v),WLS,a,-0.040052252836251336
200301,(v),WLS,a,-0.0005659792644728747
200302,(v),WLS,a,0.04113008321804383
200303,(v),WLS,a,-0.004164843948472827
200304,(v),WLS,a,0.03289459844193436
200305,(v),WLS,a,0.02105012924029488
200306,(v),WLS,a,-0.01136695458877635
200307,(v),WLS,a,0.03488118867788003
200308,(v),WLS,a,-0.005761180208184575
200309,(v),WLS,a,0.09337252592172683
200310,(v),WLS,a,0.03430476127379775
200311,(v),WLS,a,-0.05979618430828719
200312,(v),WLS,a,0.02607475323305384
200401,(v),WLS,a,0.05778376944702553
200402,(v),WLS,a,-0.004457372403615893
200403,(v),WLS,a,-0.008526573984335954
200404,(v),WLS,a,0.013061358147875572
200405,(v),WLS,a,-0.0037442731887676038
200406,(v),WLS,a,-0.09821663800379338
200407,(v),WLS,a,0.013019384110630335
200408,(v),WLS,a,-0.016114793102685418
200409,(v),WLS,a,0.03691293065505414
200410,(v),WLS,a,-0.0012881503664996553
200411,(v),WLS,a,0.051990152891906664
200412,(v),WLS,a,0.013590413099729389
200501,(v),WLS,a,0.015204856003270786
200502,(v),WLS,a,0.00324059351440129
200503,(v),WLS,a,-0.01083228802712812
200504,(v),WLS,a,0.034914710926124345
200505,(v),WLS,a,0.004010396996285533
200506,(v),WLS,a,0.029101056144380053
200507,(v),WLS,a,-0.044228674019389874
200508,(v),WLS,a,-0.02253127040469943
200509,(v),WLS,a,-0.002393900599326865
200510,(v),WLS,a,0.024822445309792288
200511,(v),WLS,a,-0.01796928885639559
200512,(v),WLS,a,-0.0007125057919336416
200601,(v),WLS,a,0.00692223169882435
200602,(v),WLS,a,-0.0014905933431032285
200603,(v),WLS,a,-0.020401509001882957
200604,(v),WLS,a,-0.028662622695734358
200605,(v),WLS,a,0.0020689974790372495
200606,(v),WLS,a,0.008332139684026246
200607,(v),WLS,a,0.027040638727066954
200608,(v),WLS,a,0.035876900731546583
200609,(v),WLS,a,0.029651562024619414
200610,(v),WLS,a,-0.005951694961588378
200611,(v),WLS,a,-0.010762937705173415
200612,(v),WLS,a,0.02005536622236577
200701,(v),WLS,a,-0.035448283850877976
200702,(v),WLS,a,-0.005214944050377942
200703,(v),WLS,a,0.042776850363325424
200704,(v),WLS,a,0.009498905253004354
200705,(v),WLS,a,-0.019444548759414593
200706,(v),WLS,a,-0.036390753184629
200707,(v),WLS,a,0.01811268310479249
200708,(v),WLS,a,0.005974509170923235
200709,(v),WLS,a,8.8359919139899e-05
200710,(v),WLS,a,-0.002529283979554618
200711,(v),WLS,a,-0.025759099192993105
200712,(v),WLS,a,-0.048426496288799435
200801,(v),WLS,a,0.000962005100399435
200802,(v),WLS,a,-0.01457036903703471
200803,(v),WLS,a,0.047791134298440785
200804,(v),WLS,a,0.008390526426260344
200805,(v),WLS,a,-0.03280265954292944
200806,(v),WLS,a,-0.0011469696491566313
200807,(v),WLS,a,0.057211591933111955
200808,(v),WLS,a,0.022112653127152573
200809,(v),WLS,a,-0.06260632048447196
200810,(v),WLS,a,-0.01948350524710795
200811,(v),WLS,a,0.05129656046463261
200812,(v),WLS,a,-0.04710356372304501
200901,(v),WLS,a,-0.014584037811329033
200902,(v),WLS,a,0.0969835560402099
200903,(v),WLS,a,-0.011488953189964886
200904,(v),WLS,a,-0.024104262167088115
200905,(v),WLS,a,0.05037425529083087
200906,(v),WLS,a,0.050022164141559716
200907,(v),WLS,a,0.002992198315576686
200908,(v),WLS,a,-0.00038384956275889777
200909,(v),WLS,a,0.030971376643713713
200910,(v),WLS,a,0.04170409477952912
200911,(v),WLS,a,0.005839573983666995
200912,(v),WLS,a,-0.03863857680928849
201001,(v),WLS,a,0.04225987857968528
201002,(v),WLS,a,0.03296124094472124
201003,(v),WLS,a,-0.009385025275935044
201004,(v),WLS,a,-0.06792562052044686
201005,(v),WLS,a,-0.056540102847526544
201006,(v),WLS,a,0.043810682917799874
201007,(v),WLS,a,-0.0413781950867891
201008,(v),WLS,a,0.09036406290654576
201009,(v),WLS,a,0.017677832235340703
201010,(v),WLS,a,-0.0015666211372865895
201011,(v),WLS,a,0.014205937993245134
201012,(v),WLS,a,-0.015373689137589788
201101,(v),WLS,a,-0.00020178498713225093
201102,(v),WLS,a,-0.007113394001473559
201103,(v),WLS,a,0.07094215333115145
201104,(v),WLS,a,0.017987506106735742
201105,(v),WLS,a,0.0021388426869906434
201106,(v),WLS,a,-0.013918771503438846
201107,(v),WLS,a,0.005303656464001987
201108,(v),WLS,a,0.014468719932492725
201109,(v),WLS,a,0.04374662523241174
201110,(v),WLS,a,0.011158312470097869
201111,(v),WLS,a,0.01957120824724814
201112,(v),WLS,a,0.03525228306437897
201201,(v),WLS,a,0.01979680466987201
201202,(v),WLS,a,0.06852852557298834
201203,(v),WLS,a,-0.0014785570011847866
201204,(v),WLS,a,-0.017950759472353445
201205,(v),WLS,a,0.02645641706664274
201206,(v),WLS,a,0.014667848468427804
201207,(v),WLS,a,0.025254206174189733
201208,(v),WLS,a,-0.00718169671690728
201209,(v),WLS,a,-0.02418712707552048
201210,(v),WLS,a,0.00531922430254555
201211,(v),WLS,a,-0.029734790869580006
201212,(v),WLS,a,0.03883741309002501
201301,(v),WLS,a,0.01223561377731068
201302,(v),WLS,a,0.03454420558710356
201303,(v),WLS,a,0.04684019974379003
201304,(v),WLS,a,0.02582690767601258
201305,(v),WLS,a,-0.015035012853211125
201306,(v),WLS,a,0.04127358977647265
201307,(v),WLS,a,-0.02593732933773614
201308,(v),WLS,a,0.020500585511681838
201309,(v),WLS,a,0.025176528912473826
201310,(v),WLS,a,0.049641224234193496
201311,(v),WLS,a,0.00021457061236644653
201312,(v),WLS,a,-0.05942274728181501
201401,(v),WLS,a,0.06984453514966675
201402,(v),WLS,a,0.001871127375960185
201403,(v),WLS,a,0.004576041783799359
201404,(v),WLS,a,0.007534047452691907
201405,(v),WLS,a,0.007027793971354196
201406,(v),WLS,a,-0.0023086461321298614
201407,(v),WLS,a,0.05857745849684594
201408,(v),WLS,a,0.021629252239516675
201409,(v),WLS,a,0.05260984161996509
201410,(v),WLS,a,0.08647358179166681
201411,(v),WLS,a,0.006996662406364461
201412,(v),WLS,a,-0.003981356070223173
201501,(v),WLS,a,0.04066532704289213
201502,(v),WLS,a,-0.006308873267787791
201503,(v),WLS,a,-0.03473144850685906
201504,(v),WLS,a,0.026517639204454112
201505,(v),WLS,a,-0.008415628976119013
201506,(v),WLS,a,0.04985716324824344
201507,(v),WLS,a,-0.060413035553176536
201508,(v),WLS,a,-0.004814665500215464
201509,(v),WLS,a,0.04104671678455464
201510,(v),WLS,a,-0.006418502068781421
201511,(v),WLS,a,0.0005585447281719485
201512,(v),WLS,a,-0.008377575341351612
201601,(v),WLS,a,0.0013049740739137993
201602,(v),WLS,a,0.04848495537776571
201603,(v),WLS,a,-0.04659800949960502
201604,(v),WLS,a,0.0247765415370726
201605,(v),WLS,a,0.006566995228351448
201606,(v),WLS,a,0.04035929896865238
201607,(v),WLS,a,-0.0018852174064597938
201608,(v),WLS,a,-0.011721983891510822
201609,(v),WLS,a,-0.023723757165869233
201610,(v),WLS,a,-0.005951925231837274
201611,(v),WLS,a,0.016996553577582934
201612,(v),WLS,a,-0.0005142451219427204
201701,(v),WLS,a,0.07246661645804899
201702,(v),WLS,a,0.027737607587769744
201703,(v),WLS,a,0.026276325565412557
201704,(v),WLS,a,0.02963158842182616
201705,(v),WLS,a,-0.004532823852862688
201706,(v),WLS,a,0.004936992024294063
201707,(v),WLS,a,0.020937441584028642
201708,(v),WLS,a,-0.0039370548209346455
201709,(v),WLS,a,0.050690286128957616
201710,(v),WLS,a,0.06587673076634572
201711,(v),WLS,a,-0.0073174262502900995
201712,(v),WLS,a,0.050937468671779916
201801,(v),WLS,a,-0.02806594055900617
201802,(v),WLS,a,-0.024535316514263456
201803,(v),WLS,a,-0.010479087012330794
201804,(v),WLS,a,0.019556899745255082
201805,(v),WLS,a,0.028653014040325605
201806,(v),WLS,a,0.04875229498429976
201807,(v),WLS,a,0.0789986885026669
201808,(v),WLS,a,-0.0022809260383988422
201809,(v),WLS,a,-0.05183361246934644
201810,(v),WLS,a,0.025046783877680043
201811,(v),WLS,a,-0.059793925760144445
201812,(v),WLS,a,0.0376612871032887
201901,(v),WLS,a,0.032153171397140586
201902,(v),WLS,a,0.026210929642395176
201903,(v),WLS,a,0.032945805036325077
201904,(v),WLS,a,-0.06798441772879864
201905,(v),WLS,a,0.07012839935221724
201906,(v),WLS,a,0.02989005075907201
201907,(v),WLS,a,0.010251980750835379
201908,(v),WLS,a,0.01249315994377892
201909,(v),WLS,a,0.032339362548796005
201910,(v),WLS,a,0.027871792701201107
201911,(v),WLS,a,0.036719352110096116
201912,(v),WLS,a,-0.022278934857172795
202001,(v),WLS,a,-0.05788685700642226
202002,(v),WLS,a,-0.022966992909090468
202003,(v),WLS,a,0.14850816158214253
202004,(v),WLS,a,0.062315364259358914
202005,(v),WLS,a,0.020009259838281095
202006,(v),WLS,a,0.07221851774094809
202007,(v),WLS,a,0.05453994276171224
202008,(v),WLS,a,-0.02354221423051603
202009,(v),WLS,a,-0.03365459835226669
202010,(v),WLS,a,0.033448799108766164
202011,(v),WLS,a,0.007021749935613828
202012,(v),WLS,a,-0.022303083393478345
202101,(v),WLS,a,-0.010967569397942106
202102,(v),WLS,a,0.07054209032361192
202103,(v),WLS,a,0.05184751223994005
202104,(v),WLS,a,-0.0034146312730839977
202105,(v),WLS,a,0.0389271975543852
202106,(v),WLS,a,0.03334622425304369
202107,(v),WLS,a,0.04009129148917454
202108,(v),WLS,a,-0.10329415532999116
202109,(v),WLS,a,0.05487552598666147
202110,(v),WLS,a,0.03381894164742592
202111,(v),WLS,a,0.05107987202033996
202112,(v),WLS,a,-0.11415814705110716
202201,(v),WLS,a,-0.08688579355980416
202202,(v),WLS,a,0.010710643561684026
202203,(v),WLS,a,-0.059339216177521296
202204,(v),WLS,a,-0.051772983505476794
202205,(v),WLS,a,-0.052327357026440285
202206,(v),WLS,a,0.0769270602136775
202207,(v),WLS,a,-0.06749616349601867
202208,(v),WLS,a,-0.06898754558134809
202209,(v),WLS,a,0.03389510750806082
202210,(v),WLS,a,0.0771816842045833
202211,(v),WLS,a,-0.026760158433576223
202212,(v),WLS,a,0.0352353764168917
202301,(v),WLS,a,-0.031589413899720524
202302,(v),WLS,a,0.09866062887104568
202303,(v),WLS,a,0.05637915129355239
202304,(v),WLS,a,0.006863042531345768
202305,(v),WLS,a,0.04610104651637778
202306,(v),WLS,a,0.011884642066057338
202307,(v),WLS,a,0.011652226132748003
202308,(v),WLS,a,-0.04188267976617255
202309,(v),WLS,a,0.022729214009610026
202310,(v),WLS,a,0.03415469994029498
202311,(v),WLS,a,0.04147733067740697
202312,(v),WLS,a,0.04438999810017893
202401,(v),WLS,a,0.12187995843689726
202402,(v),WLS,a,0.04328691492921494
202403,(v),WLS,a,-0.044190897470041686
202404,(v),WLS,a,0.06919357570773407
202405,(v),WLS,a,0.06763325658155411
202406,(v),WLS,a,-0.0545402015342932
202407,(v),WLS,a,0.029560429668197472
202408,(v),WLS,a,0.020812378663316766
202409,(v),WLS,a,-0.03209618251003426
202410,(v),WLS,a,0.043791876801749285
202411,(v),WLS,a,0.011713378918850671
197307,(v),WLS,b_Dur,-0.013714072914213131
197308,(v),WLS,b_Dur,0.05587924127904678
197309,(v),WLS,b_Dur,0.1098306772193883
197310,(v),WLS,b_Dur,0.3084730725619724
197311,(v),WLS,b_Dur,0.1378446321114691
197312,(v),WLS,b_Dur,-0.270838701129861
197401,(v),WLS,b_Dur,0.07180493754160826
197402,(v),WLS,b_Dur,-0.12072390614951875
197403,(v),WLS,b_Dur,-0.10754691035140543
197404,(v),WLS,b_Dur,-0.06120724334139832
197405,(v),WLS,b_Dur,0.1088515510709881
197406,(v),WLS,b_Dur,-0.23677478801487511
197407,(v),WLS,b_Dur,0.17735093316364015
197408,(v),WLS,b_Dur,0.2215286009545726
197409,(v),WLS,b_Dur,0.30536797853771724
197410,(v),WLS,b_Dur,0.07237474933981787
197411,(v),WLS,b_Dur,0.10375837174492766
197412,(v),WLS,b_Dur,-0.5390381043614767
197501,(v),WLS,b_Dur,-0.044267478078509434
197502,(v),WLS,b_Dur,-0.2629396673705402
197503,(v),WLS,b_Dur,-0.0794280594568128
197504,(v),WLS,b_Dur,0.10513758626572234
197505,(v),WLS,b_Dur,-0.040014301909374064
197506,(v),WLS,b_Dur,-0.12691251506117443
197507,(v),WLS,b_Dur,-0.08019353238907548
197508,(v),WLS,b_Dur,-0.05994936008255436
197509,(v),WLS,b_Dur,-0.16795885928182389
197510,(v),WLS,b_Dur,-0.05923712222568879
197511,(v),WLS,b_Dur,0.06751246532434607
197512,(v),WLS,b_Dur,-0.17821157322103712
197601,(v),WLS,b_Dur,-0.02575128713005677
197602,(v),WLS,b_Dur,0.039117564945249185
197603,(v),WLS,b_Dur,0.08524375325979976
197604,(v),WLS,b_Dur,0.07821418648880121
197605,(v),WLS,b_Dur,-0.02129616127436636
197606,(v),WLS,b_Dur,0.051114093707848016
197607,(v),WLS,b_Dur,0.098070035357285
197608,(v),WLS,b_Dur,-0.03496461490877821
197609,(v),WLS,b_Dur,0.1276453625609748
197610,(v),WLS,b_Dur,0.035089726440452246
197611,(v),WLS,b_Dur,-0.13978185263904871
197612,(v),WLS,b_Dur,-0.12724164474723063
197701,(v),WLS,b_Dur,0.031229893745617125
197702,(v),WLS,b_Dur,-0.020113400254323795
197703,(v),WLS,b_Dur,-0.015278725969155
197704,(v),WLS,b_Dur,0.03680149651953472
197705,(v),WLS,b_Dur,-0.0887243323463427
197706,(v),WLS,b_Dur,-0.012996800216776041
197707,(v),WLS,b_Dur,0.0039646898861218915
197708,(v),WLS,b_Dur,0.019125447552930407
197709,(v),WLS,b_Dur,-0.09531336524106804
197710,(v),WLS,b_Dur,-0.05720694920194899
197711,(v),WLS,b_Dur,0.00572349731271693
197712,(v),WLS,b_Dur,-0.038571478810699895
197801,(v),WLS,b_Dur,0.005393771258645125
197802,(v),WLS,b_Dur,-0.04845461551342855
197803,(v),WLS,b_Dur,-0.04937685858389665
197804,(v),WLS,b_Dur,-0.06528109494662002
197805,(v),WLS,b_Dur,-0.0034335800388459927
197806,(v),WLS,b_Dur,-0.050746602510388886
197807,(v),WLS,b_Dur,-0.008874444827645597
197808,(v),WLS,b_Dur,0.06508261139731862
197809,(v),WLS,b_Dur,0.09188355875129833
197810,(v),WLS,b_Dur,0.005944170067322592
197811,(v),WLS,b_Dur,-0.006882487164443049
197812,(v),WLS,b_Dur,-0.03918016981062036
197901,(v),WLS,b_Dur,0.1139848399891881
197902,(v),WLS,b_Dur,-0.03799216615718836
197903,(v),WLS,b_Dur,-0.0649849725360275
197904,(v),WLS,b_Dur,0.06168111229374135
197905,(v),WLS,b_Dur,0.020157248139700393
197906,(v),WLS,b_Dur,-0.06753455117042945
197907,(v),WLS,b_Dur,0.0608287444517968
197908,(v),WLS,b_Dur,0.013558147887622399
197909,(v),WLS,b_Dur,0.04291090545899446
197910,(v),WLS,b_Dur,0.2473812473948876
197911,(v),WLS,b_Dur,0.13512338661707038
197912,(v),WLS,b_Dur,0.03707804248041563
198001,(v),WLS,b_Dur,0.03333768037157071
198002,(v),WLS,b_Dur,-0.17401355065928065
198003,(v),WLS,b_Dur,0.1324127968772246
198004,(v),WLS,b_Dur,0.024299557540238173
198005,(v),WLS,b_Dur,0.1189823523607155
198006,(v),WLS,b_Dur,0.05891491732167416
198007,(v),WLS,b_Dur,0.08871099126848345
198008,(v),WLS,b_Dur,0.2366912475753734
198009,(v),WLS,b_Dur,0.11868164392515726
198010,(v),WLS,b_Dur,0.263455031359385
198011,(v),WLS,b_Dur,-0.19325091323204374
198012,(v),WLS,b_Dur,-0.15121170372370643
198101,(v),WLS,b_Dur,-0.047814124973625936
198102,(v),WLS,b_Dur,0.1107645409295469
198103,(v),WLS,b_Dur,-0.1382762869990442
198104,(v),WLS,b_Dur,0.002779095742349049
198105,(v),WLS,b_Dur,-0.03429328852893385
198106,(v),WLS,b_Dur,-0.11675694637082479
198107,(v),WLS,b_Dur,-0.19331004465304696
198108,(v),WLS,b_Dur,-0.2949652426341205
198109,(v),WLS,b_Dur,0.21154676293089564
198110,(v),WLS,b_Dur,0.09737425951062012
198111,(v),WLS,b_Dur,-0.1387284001249984
198112,(v),WLS,b_Dur,-0.3235790394224527
198201,(v),WLS,b_Dur,-0.2832296170931108
198202,(v),WLS,b_Dur,-0.11562265391705094
198203,(v),WLS,b_Dur,0.05308826709506079
198204,(v),WLS,b_Dur,-0.24130441040735
198205,(v),WLS,b_Dur,-0.1286054760653827
198206,(v),WLS,b_Dur,-0.1805264553182936
198207,(v),WLS,b_Dur,0.11517282658780736
198208,(v),WLS,b_Dur,-0.08177594593351245
198209,(v),WLS,b_Dur,0.14926276223117105
198210,(v),WLS,b_Dur,-0.124526837470195
198211,(v),WLS,b_Dur,-0.0770058484518424
198212,(v),WLS,b_Dur,0.11395149356596715
198301,(v),WLS,b_Dur,-0.08917755178947384
198302,(v),WLS,b_Dur,-0.039768682050319
198303,(v),WLS,b_Dur,8.509795543291607e-05
198304,(v),WLS,b_Dur,0.21990115490061257
198305,(v),WLS,b_Dur,-0.030393584983177367
198306,(v),WLS,b_Dur,-0.03927816044503572
198307,(v),WLS,b_Dur,-0.04786493946055776
198308,(v),WLS,b_Dur,-0.06758473351594559
198309,(v),WLS,b_Dur,-0.11903363927159893
198310,(v),WLS,b_Dur,0.14608645902717507
198311,(v),WLS,b_Dur,-0.07845773875601277
198312,(v),WLS,b_Dur,-0.07160555425187962
198401,(v),WLS,b_Dur,-0.12299502932178545
198402,(v),WLS,b_Dur,0.05851931983932926
198403,(v),WLS,b_Dur,-0.10322560854268134
198404,(v),WLS,b_Dur,-0.1107115683681699
198405,(v),WLS,b_Dur,-0.004823675840470457
198406,(v),WLS,b_Dur,-0.014588663491135356
198407,(v),WLS,b_Dur,0.07937136970684329
198408,(v),WLS,b_Dur,-0.09639984022508614
198409,(v),WLS,b_Dur,-0.09429114521372928
198410,(v),WLS,b_Dur,-0.044745300518102965
198411,(v),WLS,b_Dur,-0.008425413085352444
198412,(v),WLS,b_Dur,0.09514224204201631
198501,(v),WLS,b_Dur,-0.05337474244425476
198502,(v),WLS,b_Dur,-0.035361085963680094
198503,(v),WLS,b_Dur,-0.03856534364189074
198504,(v),WLS,b_Dur,-0.00678280179710361
198505,(v),WLS,b_Dur,0.01038771075255177
198506,(v),WLS,b_Dur,0.04789986316412652
198507,(v),WLS,b_Dur,-0.03272542729089144
198508,(v),WLS,b_Dur,-0.12759615208307945
198509,(v),WLS,b_Dur,-0.06176296993260508
198510,(v),WLS,b_Dur,-0.002888129340463161
198511,(v),WLS,b_Dur,-0.025463942506480305
198512,(v),WLS,b_Dur,0.022642508067545936
198601,(v),WLS,b_Dur,-0.02462562898936681
198602,(v),WLS,b_Dur,-0.019039569037444692
198603,(v),WLS,b_Dur,-0.01518077936349227
198604,(v),WLS,b_Dur,-0.02742994623995174
198605,(v),WLS,b_Dur,-0.04556734319855085
198606,(v),WLS,b_Dur,-0.060311758918277586
198607,(v),WLS,b_Dur,-0.019032488624040486
198608,(v),WLS,b_Dur,0.011034887429776916
198609,(v),WLS,b_Dur,0.05277200176097569
198610,(v),WLS,b_Dur,-0.025593786360718712
198611,(v),WLS,b_Dur,-0.0268788408610822
198612,(v),WLS,b_Dur,0.05276952653745447
198701,(v),WLS,b_Dur,0.04425425150423294
198702,(v),WLS,b_Dur,-0.03345557411705766
198703,(v),WLS,b_Dur,0.014362554733258162
198704,(v),WLS,b_Dur,0.001469481231754631
198705,(v),WLS,b_Dur,-0.03853719441531035
198706,(v),WLS,b_Dur,0.028970173769545346
198707,(v),WLS,b_Dur,-0.030981579967797143
198708,(v),WLS,b_Dur,0.06469806158688204
198709,(v),WLS,b_Dur,-0.08656534700130701
198710,(v),WLS,b_Dur,0.015257923026805405
198711,(v),WLS,b_Dur,-0.025478258663137562
198712,(v),WLS,b_Dur,-0.05068452944792346
198801,(v),WLS,b_Dur,0.011659205267571086
198802,(v),WLS,b_Dur,0.0027267536152629085
198803,(v),WLS,b_Dur,-0.030370355406301626
198804,(v),WLS,b_Dur,-0.02571296405820127
198805,(v),WLS,b_Dur,0.006802349907514547
198806,(v),WLS,b_Dur,-0.0010744454162006714
198807,(v),WLS,b_Dur,0.0209457985019466
198808,(v),WLS,b_Dur,0.0002738867574563174
198809,(v),WLS,b_Dur,-0.034040117853116864
198810,(v),WLS,b_Dur,-0.001831680208658315
198811,(v),WLS,b_Dur,0.03262043621646511
198812,(v),WLS,b_Dur,0.008139362310574029
198901,(v),WLS,b_Dur,0.03868435510758951
198902,(v),WLS,b_Dur,0.062235635220652494
198903,(v),WLS,b_Dur,0.04531309928585443
198904,(v),WLS,b_Dur,0.0636017392821089
198905,(v),WLS,b_Dur,-0.003390512255343764
198906,(v),WLS,b_Dur,0.01544505466311609
198907,(v),WLS,b_Dur,-0.04738097887000544
198908,(v),WLS,b_Dur,-0.005788960583974441
198909,(v),WLS,b_Dur,-0.011750120989198247
198910,(v),WLS,b_Dur,0.03724626772744216
198911,(v),WLS,b_Dur,-0.01876409850915037
198912,(v),WLS,b_Dur,-0.0003192410268835922
199001,(v),WLS,b_Dur,0.02530232151194514
199002,(v),WLS,b_Dur,-0.0183011498126645
199003,(v),WLS,b_Dur,-0.025991507904554567
199004,(v),WLS,b_Dur,-0.033025196009533436
199005,(v),WLS,b_Dur,0.003543346213181496
199006,(v),WLS,b_Dur,-0.040586515028484635
199007,(v),WLS,b_Dur,0.03998230079348611
199008,(v),WLS,b_Dur,-0.024879402723963766
199009,(v),WLS,b_Dur,-0.03537849437502634
199010,(v),WLS,b_Dur,-0.08795794860099798
199011,(v),WLS,b_Dur,-0.07048388729923374
199012,(v),WLS,b_Dur,-0.03021586778001216
199101,(v),WLS,b_Dur,0.01298257403809273
199102,(v),WLS,b_Dur,-0.027651089087001604
199103,(v),WLS,b_Dur,0.0016538461373200395
199104,(v),WLS,b_Dur,0.013630121792698662
199105,(v),WLS,b_Dur,-0.029597901873549874
199106,(v),WLS,b_Dur,-0.01559819324906589
199107,(v),WLS,b_Dur,-0.009112599872556054
199108,(v),WLS,b_Dur,-0.007582557728609083
199109,(v),WLS,b_Dur,-0.05096579211552696
199110,(v),WLS,b_Dur,-0.043019363713711914
199111,(v),WLS,b_Dur,0.0004746359156657734
199112,(v),WLS,b_Dur,-0.005348723039781629
199201,(v),WLS,b_Dur,-0.020781870884534814
199202,(v),WLS,b_Dur,-0.031390323004355916
199203,(v),WLS,b_Dur,0.03329878286568075
199204,(v),WLS,b_Dur,0.010940849330715867
199205,(v),WLS,b_Dur,0.07976140864485602
199206,(v),WLS,b_Dur,-0.031167447113134385
199207,(v),WLS,b_Dur,-0.036971124724352517
199208,(v),WLS,b_Dur,0.0037668697242138685
199209,(v),WLS,b_Dur,-0.04092524593719102
199210,(v),WLS,b_Dur,0.025886919560881985
199211,(v),WLS,b_Dur,0.003858389681749126
199212,(v),WLS,b_Dur,0.05003631170545378
199301,(v),WLS,b_Dur,-0.015955538965735244
199302,(v),WLS,b_Dur,0.017506132734610238
199303,(v),WLS,b_Dur,0.006279274340564897
199304,(v),WLS,b_Dur,-0.004087894543974905
199305,(v),WLS,b_Dur,0.03774429786044334
199306,(v),WLS,b_Dur,0.06612505246205018
199307,(v),WLS,b_Dur,-0.030950809146597313
199308,(v),WLS,b_Dur,-0.02524761062674374
199309,(v),WLS,b_Dur,0.04753134914097699
199310,(v),WLS,b_Dur,0.009029307923991477
199311,(v),WLS,b_Dur,0.023365461843473934
199312,(v),WLS,b_Dur,0.06126321074704692
199401,(v),WLS,b_Dur,-0.049990155640069985
199402,(v),WLS,b_Dur,-0.045622514947195825
199403,(v),WLS,b_Dur,-0.01459030247361657
199404,(v),WLS,b_Dur,-0.01863264969150017
199405,(v),WLS,b_Dur,-0.01918055986470631
199406,(v),WLS,b_Dur,0.024830774638972142
199407,(v),WLS,b_Dur,-0.08410046413960807
199408,(v),WLS,b_Dur,-0.021002588758539192
199409,(v),WLS,b_Dur,-0.05664474852497451
199410,(v),WLS,b_Dur,-0.07937773778622687
199411,(v),WLS,b_Dur,0.02878557014056337
199412,(v),WLS,b_Dur,-0.0264903390866858
199501,(v),WLS,b_Dur,0.020643258573392734
199502,(v),WLS,b_Dur,-0.029096294842955474
199503,(v),WLS,b_Dur,-0.05448383637133079
199504,(v),WLS,b_Dur,-0.02031249718009323
199505,(v),WLS,b_Dur,-0.033631556554168586
199506,(v),WLS,b_Dur,-0.0059089712788255805
199507,(v),WLS,b_Dur,0.009282465712854106
199508,(v),WLS,b_Dur,-0.01049416314326973
199509,(v),WLS,b_Dur,-0.06932334958662795
199510,(v),WLS,b_Dur,0.10476141068574475
199511,(v),WLS,b_Dur,0.042634427037313474
199512,(v),WLS,b_Dur,0.05253037811895209
199601,(v),WLS,b_Dur,-0.05898081869204236
199602,(v),WLS,b_Dur,0.06467907375582412
199603,(v),WLS,b_Dur,-0.06193136184273991
199604,(v),WLS,b_Dur,-0.05922666396787257
199605,(v),WLS,b_Dur,0.005501340234008792
199606,(v),WLS,b_Dur,-0.027191442305223475
199607,(v),WLS,b_Dur,0.0023587406259912465
199608,(v),WLS,b_Dur,-0.0569742912935316
199609,(v),WLS,b_Dur,-0.004299614557208341
199610,(v),WLS,b_Dur,-0.04736251443072672
199611,(v),WLS,b_Dur,0.0022274415808044602
199612,(v),WLS,b_Dur,-0.07332408130385841
199701,(v),WLS,b_Dur,-0.01455424228045676
199702,(v),WLS,b_Dur,-0.024212766203027848
199703,(v),WLS,b_Dur,-0.04562829877900189
199704,(v),WLS,b_Dur,0.02496029828961103
199705,(v),WLS,b_Dur,0.000923963815175486
199706,(v),WLS,b_Dur,-0.06964949668105609
199707,(v),WLS,b_Dur,-0.038411445152590075
199708,(v),WLS,b_Dur,0.022013255844668934
199709,(v),WLS,b_Dur,-0.038323642448355316
199710,(v),WLS,b_Dur,-0.06312418689852034
199711,(v),WLS,b_Dur,0.05135012798208245
199712,(v),WLS,b_Dur,-0.0406093421820288
199801,(v),WLS,b_Dur,0.027299119659126805
199802,(v),WLS,b_Dur,0.06438233689188227
199803,(v),WLS,b_Dur,0.027918865534744965
199804,(v),WLS,b_Dur,0.0024188977322556716
199805,(v),WLS,b_Dur,-0.023627276860995694
199806,(v),WLS,b_Dur,-0.03599930371243608
199807,(v),WLS,b_Dur,-0.026388947931352512
199808,(v),WLS,b_Dur,-0.02344724345373963
199809,(v),WLS,b_Dur,-0.013187173878413318
199810,(v),WLS,b_Dur,-0.11033207529054966
199811,(v),WLS,b_Dur,-0.02093864658735136
199812,(v),WLS,b_Dur,-0.023185981243105072
199901,(v),WLS,b_Dur,0.04622488111077872
199902,(v),WLS,b_Dur,0.059049662567044275
199903,(v),WLS,b_Dur,0.06993987019465048
199904,(v),WLS,b_Dur,-0.08808436061981391
199905,(v),WLS,b_Dur,-0.06852825859256456
199906,(v),WLS,b_Dur,-0.033683445482484885
199907,(v),WLS,b_Dur,-0.0303372263889079
199908,(v),WLS,b_Dur,0.01153379300217512
199909,(v),WLS,b_Dur,0.010753744697023997
199910,(v),WLS,b_Dur,-0.07123545168046501
199911,(v),WLS,b_Dur,0.03298842392619581
199912,(v),WLS,b_Dur,-0.06303039700242206
200001,(v),WLS,b_Dur,-0.12114847925134645
200002,(v),WLS,b_Dur,0.066201164183738
200003,(v),WLS,b_Dur,-0.09105892822125647
200004,(v),WLS,b_Dur,-0.08301194550291101
200005,(v),WLS,b_Dur,0.008703411539360491
200006,(v),WLS,b_Dur,-0.008353509465385012
200007,(v),WLS,b_Dur,0.08096021968037737
200008,(v),WLS,b_Dur,-0.16617354252234623
200009,(v),WLS,b_Dur,-0.11814319630071209
200010,(v),WLS,b_Dur,-0.3429262692486928
200011,(v),WLS,b_Dur,-0.20004903923736883
200012,(v),WLS,b_Dur,0.19776292485364044
200101,(v),WLS,b_Dur,-0.31620509691968474
200102,(v),WLS,b_Dur,-0.06605661963375217
200103,(v),WLS,b_Dur,0.14928537471653228
200104,(v),WLS,b_Dur,-0.05282386515432894
200105,(v),WLS,b_Dur,-0.04796517456256884
200106,(v),WLS,b_Dur,-0.07355682026844806
200107,(v),WLS,b_Dur,-0.17040809474791901
200108,(v),WLS,b_Dur,0.05813976290954886
200109,(v),WLS,b_Dur,-0.11084211546793463
200110,(v),WLS,b_Dur,-0.013958050891269414
200111,(v),WLS,b_Dur,-0.07821189293594863
200112,(v),WLS,b_Dur,-0.09522414807426681
200201,(v),WLS,b_Dur,-0.03617455578629569
200202,(v),WLS,b_Dur,-0.023787083498589802
200203,(v),WLS,b_Dur,-0.1792560003394087
200204,(v),WLS,b_Dur,0.0277243848116515
200205,(v),WLS,b_Dur,-0.050508361687158006
200206,(v),WLS,b_Dur,-0.004201112476788962
200207,(v),WLS,b_Dur,-0.025057477503296937
200208,(v),WLS,b_Dur,-0.06271886799956262
200209,(v),WLS,b_Dur,0.07885893172957295
200210,(v),WLS,b_Dur,0.15210293251251347
200211,(v),WLS,b_Dur,-0.11818118050652124
200212,(v),WLS,b_Dur,0.018513304650207795
200301,(v),WLS,b_Dur,-0.005439059962512413
200302,(v),WLS,b_Dur,-0.028226091897160445
200303,(v),WLS,b_Dur,0.09356439938558792
200304,(v),WLS,b_Dur,0.011963600173084767
200305,(v),WLS,b_Dur,-0.009143499737326068
200306,(v),WLS,b_Dur,0.04154769742934433
200307,(v),WLS,b_Dur,-0.033932204102208194
200308,(v),WLS,b_Dur,-0.0075473848720391465
200309,(v),WLS,b_Dur,-0.06954254870853824
200310,(v),WLS,b_Dur,-0.039331592095335724
200311,(v),WLS,b_Dur,0.13358495494280195
200312,(v),WLS,b_Dur,-0.026520199989824057
200401,(v),WLS,b_Dur,-0.06808791006211504
200402,(v),WLS,b_Dur,-0.01812391550838995
200403,(v),WLS,b_Dur,0.02318594417519586
200404,(v),WLS,b_Dur,-0.0028307200771460353
200405,(v),WLS,b_Dur,0.021452574066707177
200406,(v),WLS,b_Dur,0.04574693424330582
200407,(v),WLS,b_Dur,-0.03845000472822398
200408,(v),WLS,b_Dur,0.025284507114106444
200409,(v),WLS,b_Dur,-0.031023522645162106
200410,(v),WLS,b_Dur,0.034270007621217236
200411,(v),WLS,b_Dur,-0.013349113282948164
200412,(v),WLS,b_Dur,-0.06585503960264587
200501,(v),WLS,b_Dur,-0.0064749603286996475
200502,(v),WLS,b_Dur,-0.032472016418362545
200503,(v),WLS,b_Dur,0.004026208280143304
200504,(v),WLS,b_Dur,0.004453782067281218
200505,(v),WLS,b_Dur,-0.03695847172864874
200506,(v),WLS,b_Dur,0.02680768783185427
200507,(v),WLS,b_Dur,0.02607787259919324
200508,(v),WLS,b_Dur,0.015925852813393322
200509,(v),WLS,b_Dur,-0.004028271011377441
200510,(v),WLS,b_Dur,0.021723004004662348
200511,(v),WLS,b_Dur,0.007868350058343545
200512,(v),WLS,b_Dur,0.001255131771951211
200601,(v),WLS,b_Dur,-0.0073458776129453306
200602,(v),WLS,b_Dur,0.016348879601760426
200603,(v),WLS,b_Dur,0.0063268630499550525
200604,(v),WLS,b_Dur,-0.013259897739562368
200605,(v),WLS,b_Dur,-0.019985550193989524
200606,(v),WLS,b_Dur,-0.03904890850766307
200607,(v),WLS,b_Dur,0.013648280601100037
200608,(v),WLS,b_Dur,-0.01956110172837952
200609,(v),WLS,b_Dur,-0.006314304676894188
200610,(v),WLS,b_Dur,0.022980054370210723
200611,(v),WLS,b_Dur,0.008656033925710117
200612,(v),WLS,b_Dur,-0.0016704406497133027
200701,(v),WLS,b_Dur,0.021387143112810206
200702,(v),WLS,b_Dur,0.009193330439705927
200703,(v),WLS,b_Dur,0.009772965050944021
200704,(v),WLS,b_Dur,0.016108079671472382
200705,(v),WLS,b_Dur,0.0025243064016765727
200706,(v),WLS,b_Dur,0.03754277882174552
200707,(v),WLS,b_Dur,0.0049572317494645055
200708,(v),WLS,b_Dur,0.06559842807742863
200709,(v),WLS,b_Dur,0.05585541931910697
200710,(v),WLS,b_Dur,-0.0503135025581672
200711,(v),WLS,b_Dur,0.022722123848283912
200712,(v),WLS,b_Dur,-0.04715705673821662
200801,(v),WLS,b_Dur,-0.03651326051266345
200802,(v),WLS,b_Dur,0.03323536139442124
200803,(v),WLS,b_Dur,-0.0335363358132225
200804,(v),WLS,b_Dur,0.010132657085744207
200805,(v),WLS,b_Dur,-0.055045890474472954
200806,(v),WLS,b_Dur,-0.00435375514468481
200807,(v),WLS,b_Dur,-0.06817189472839845
200808,(v),WLS,b_Dur,-0.181912879969006
200809,(v),WLS,b_Dur,-0.12470590601197457
200810,(v),WLS,b_Dur,-0.060267149581591115
200811,(v),WLS,b_Dur,-0.05365840549792087
200812,(v),WLS,b_Dur,0.010462396328322774
200901,(v),WLS,b_Dur,-0.07691805550184769
200902,(v),WLS,b_Dur,-0.006100661360588431
200903,(v),WLS,b_Dur,0.09738603529363318
200904,(v),WLS,b_Dur,0.10616608378690705
200905,(v),WLS,b_Dur,-0.04032512333628599
200906,(v),WLS,b_Dur,0.0036612320774186413
200907,(v),WLS,b_Dur,0.01154757570126315
200908,(v),WLS,b_Dur,0.047003138644912
200909,(v),WLS,b_Dur,-0.04893515415518504
200910,(v),WLS,b_Dur,0.048755225324186045
200911,(v),WLS,b_Dur,0.004331133003354637
200912,(v),WLS,b_Dur,-0.0034846545496581153
201001,(v),WLS,b_Dur,-0.02783404995879326
201002,(v),WLS,b_Dur,0.029414656625153135
201003,(v),WLS,b_Dur,0.02333924484009673
201004,(v),WLS,b_Dur,-0.004973775840353321
201005,(v),WLS,b_Dur,0.038521702938574286
201006,(v),WLS,b_Dur,0.0363851464446911
201007,(v),WLS,b_Dur,0.00433222574222482
201008,(v),WLS,b_Dur,0.024053994275737182
201009,(v),WLS,b_Dur,0.04527956418964535
201010,(v),WLS,b_Dur,0.015436943284747998
201011,(v),WLS,b_Dur,0.05054142787935323
201012,(v),WLS,b_Dur,0.05591962139957731
201101,(v),WLS,b_Dur,0.02789200370738943
201102,(v),WLS,b_Dur,0.016401498963657085
201103,(v),WLS,b_Dur,-0.047098962609345756
201104,(v),WLS,b_Dur,-0.03889180459269059
201105,(v),WLS,b_Dur,-0.016501699931640794
201106,(v),WLS,b_Dur,0.020302899783431368
201107,(v),WLS,b_Dur,-0.07043152907428145
201108,(v),WLS,b_Dur,-0.11493309640063762
201109,(v),WLS,b_Dur,0.08421823290796608
201110,(v),WLS,b_Dur,-0.02432244727607269
201111,(v),WLS,b_Dur,-0.048901505923128565
201112,(v),WLS,b_Dur,0.055390015372841044
201201,(v),WLS,b_Dur,0.044568308578354386
201202,(v),WLS,b_Dur,-0.03161512768640709
201203,(v),WLS,b_Dur,-0.002818880899884536
201204,(v),WLS,b_Dur,-0.07658193813904261
201205,(v),WLS,b_Dur,-0.003429665989845067
201206,(v),WLS,b_Dur,-0.012182845711499472
201207,(v),WLS,b_Dur,0.005000584878014426
201208,(v),WLS,b_Dur,0.03360209534520389
201209,(v),WLS,b_Dur,-0.02065796553282002
201210,(v),WLS,b_Dur,0.01748590050074631
201211,(v),WLS,b_Dur,0.03174211144983944
201212,(v),WLS,b_Dur,-0.008899398116000982
201301,(v),WLS,b_Dur,-0.008951808370778934
201302,(v),WLS,b_Dur,-0.0010286863333896432
201303,(v),WLS,b_Dur,-0.049051067272577686
201304,(v),WLS,b_Dur,-0.01176010896392601
201305,(v),WLS,b_Dur,-0.01149797504863733
201306,(v),WLS,b_Dur,0.023365884963884427
201307,(v),WLS,b_Dur,0.014296855857309224
201308,(v),WLS,b_Dur,0.03130876209333688
201309,(v),WLS,b_Dur,0.011329561620300296
201310,(v),WLS,b_Dur,-0.020987633714908395
201311,(v),WLS,b_Dur,0.029460502790784507
201312,(v),WLS,b_Dur,0.03928808623298601
201401,(v),WLS,b_Dur,-0.02481139021338354
201402,(v),WLS,b_Dur,-0.031190701939135222
201403,(v),WLS,b_Dur,-0.008399199838162471
201404,(v),WLS,b_Dur,0.020227143731461214
201405,(v),WLS,b_Dur,0.00922126767073226
201406,(v),WLS,b_Dur,-0.022727827315884387
201407,(v),WLS,b_Dur,0.0008383850167996698
201408,(v),WLS,b_Dur,-0.04094641732364401
201409,(v),WLS,b_Dur,-0.016699758023151684
201410,(v),WLS,b_Dur,-0.06622004454645448
201411,(v),WLS,b_Dur,-0.03446035621929866
201412,(v),WLS,b_Dur,0.009135420067194477
201501,(v),WLS,b_Dur,0.04588723221084825
201502,(v),WLS,b_Dur,-0.008674709170081552
201503,(v),WLS,b_Dur,0.05503972735266975
201504,(v),WLS,b_Dur,-0.00378905524689388
201505,(v),WLS,b_Dur,-0.00034531608969810834
201506,(v),WLS,b_Dur,0.00045330720650372386
201507,(v),WLS,b_Dur,-0.009818031824489478
201508,(v),WLS,b_Dur,-0.019224946033871447
201509,(v),WLS,b_Dur,0.07185947289551943
201510,(v),WLS,b_Dur,0.02223212634667195
201511,(v),WLS,b_Dur,-0.002927669843769312
201512,(v),WLS,b_Dur,-0.09780747700468259
201601,(v),WLS,b_Dur,-0.002164899022328793
201602,(v),WLS,b_Dur,0.023120189740663932
201603,(v),WLS,b_Dur,0.049731055112624226
201604,(v),WLS,b_Dur,0.0033409398214038835
201605,(v),WLS,b_Dur,-0.017593257745650907
201606,(v),WLS,b_Dur,0.015183220456333728
201607,(v),WLS,b_Dur,-0.008890015821927055
201608,(v),WLS,b_Dur,0.019284409138550312
201609,(v),WLS,b_Dur,0.0008930966616276168
201610,(v),WLS,b_Dur,0.021921160282389524
201611,(v),WLS,b_Dur,-0.013793436327234274
201612,(v),WLS,b_Dur,0.06640298768679663
201701,(v),WLS,b_Dur,-0.03771491544458703
201702,(v),WLS,b_Dur,-0.019499135510201764
201703,(v),WLS,b_Dur,-0.001719016054660863
201704,(v),WLS,b_Dur,0.00999634044119935
201705,(v),WLS,b_Dur,0.011860488409208295
201706,(v),WLS,b_Dur,0.03406372106390223
201707,(v),WLS,b_Dur,-0.005086664364962152
201708,(v),WLS,b_Dur,0.020026301819097647
201709,(v),WLS,b_Dur,-0.004431689850703621
201710,(v),WLS,b_Dur,-0.06406970697462427
201711,(v),WLS,b_Dur,0.021186457529676565
201712,(v),WLS,b_Dur,0.07042822390454484
201801,(v),WLS,b_Dur,0.025852412509718075
201802,(v),WLS,b_Dur,-0.016221056620136558
201803,(v),WLS,b_Dur,0.027492995538206444
201804,(v),WLS,b_Dur,0.03612569555770029
201805,(v),WLS,b_Dur,-0.029970693144320076
201806,(v),WLS,b_Dur,-0.02909196344404227
201807,(v),WLS,b_Dur,-0.014607112349711592
201808,(v),WLS,b_Dur,0.01758883584881895
201809,(v),WLS,b_Dur,-0.09358469914627235
201810,(v),WLS,b_Dur,-0.012112606529657195
201811,(v),WLS,b_Dur,-0.03175528298565738
201812,(v),WLS,b_Dur,0.07076909845682886
201901,(v),WLS,b_Dur,0.014369119623164037
201902,(v),WLS,b_Dur,0.016268838275773488
201903,(v),WLS,b_Dur,0.029532404260965102
201904,(v),WLS,b_Dur,-0.005222675982418127
201905,(v),WLS,b_Dur,0.009729680973900725
201906,(v),WLS,b_Dur,-0.033343756768377315
201907,(v),WLS,b_Dur,-0.03723691566531929
201908,(v),WLS,b_Dur,-0.03147154526386131
201909,(v),WLS,b_Dur,-0.00026395467259024766
201910,(v),WLS,b_Dur,0.041662081305695584
201911,(v),WLS,b_Dur,-0.009208830715366642
201912,(v),WLS,b_Dur,0.10574503477184485
202001,(v),WLS,b_Dur,-0.009528876063529479
202002,(v),WLS,b_Dur,-0.04578800828409699
202003,(v),WLS,b_Dur,-0.00561731606079594
202004,(v),WLS,b_Dur,-0.002679030222829752
202005,(v),WLS,b_Dur,0.07700054856730358
202006,(v),WLS,b_Dur,0.03047660265563977
202007,(v),WLS,b_Dur,0.12251067865032013
202008,(v),WLS,b_Dur,-0.04580204693716848
202009,(v),WLS,b_Dur,-0.009730969709561967
202010,(v),WLS,b_Dur,0.10686025249564401
202011,(v),WLS,b_Dur,0.09367036582020985
202012,(v),WLS,b_Dur,0.02360258421629522
202101,(v),WLS,b_Dur,-0.020086436190087615
202102,(v),WLS,b_Dur,-0.10554248672346012
202103,(v),WLS,b_Dur,0.019550512782979097
202104,(v),WLS,b_Dur,-0.03807364875585146
202105,(v),WLS,b_Dur,0.05293872921950771
202106,(v),WLS,b_Dur,0.0017236355788169781
202107,(v),WLS,b_Dur,0.015262181585307715
202108,(v),WLS,b_Dur,0.07658439288913886
202109,(v),WLS,b_Dur,0.07846339862252365
202110,(v),WLS,b_Dur,-0.01806292656292644
202111,(v),WLS,b_Dur,-0.07762489183170912
202112,(v),WLS,b_Dur,0.022395900104671393
202201,(v),WLS,b_Dur,0.07679639980163759
202202,(v),WLS,b_Dur,0.07194700741391902
202203,(v),WLS,b_Dur,-0.12863618470077168
202204,(v),WLS,b_Dur,0.015650695263164843
202205,(v),WLS,b_Dur,-0.045341007010948634
202206,(v),WLS,b_Dur,0.12881215509156566
202207,(v),WLS,b_Dur,0.023059029726687844
202208,(v),WLS,b_Dur,-0.04566608194853663
202209,(v),WLS,b_Dur,0.0009671431627360227
202210,(v),WLS,b_Dur,-0.05946637755978044
202211,(v),WLS,b_Dur,-0.10439947941524803
202212,(v),WLS,b_Dur,0.08856439621063537
202301,(v),WLS,b_Dur,0.05888572964393615
202302,(v),WLS,b_Dur,-0.026788686638100398
202303,(v),WLS,b_Dur,-0.09468784625708926
202304,(v),WLS,b_Dur,0.10564409490717892
202305,(v),WLS,b_Dur,0.05532244247571037
202306,(v),WLS,b_Dur,0.004510035130264406
202307,(v),WLS,b_Dur,-0.028630066910373897
202308,(v),WLS,b_Dur,-0.03604933227616901
202309,(v),WLS,b_Dur,-0.07587706054154522
202310,(v),WLS,b_Dur,0.11532626786734607
202311,(v),WLS,b_Dur,-0.0023752234044033434
202312,(v),WLS,b_Dur,-0.019894556891856825
202401,(v),WLS,b_Dur,-0.06730034304724104
202402,(v),WLS,b_Dur,-0.03798307337579938
202403,(v),WLS,b_Dur,-0.0018212141844595846
202404,(v),WLS,b_Dur,-0.015202769877927506
202405,(v),WLS,b_Dur,0.0033339510873567
202406,(v),WLS,b_Dur,0.03723393416291777
202407,(v),WLS,b_Dur,-0.02054752706647637
202408,(v),WLS,b_Dur,0.015402742090207311
202409,(v),WLS,b_Dur,0.03762948456402002
202410,(v),WLS,b_Dur,0.03561984941752957
202411,(v),WLS,b_Dur,-0.017788632368948176
197307,(v),WLS,b_BM,0.012355868932131234
197308,(v),WLS,b_BM,0.23073731548084062
197309,(v),WLS,b_BM,0.09818024102834291
197310,(v),WLS,b_BM,0.26461532663769627
197311,(v),WLS,b_BM,0.27061622625455345
197312,(v),WLS,b_BM,-0.1721109416210782
197401,(v),WLS,b_BM,0.12730185917730136
197402,(v),WLS,b_BM,-0.13869488004492006
197403,(v),WLS,b_BM,-0.10442496544031443
197404,(v),WLS,b_BM,-0.1353586086613111
197405,(v),WLS,b_BM,0.11420999595390248
197406,(v),WLS,b_BM,-0.09164756852936898
197407,(v),WLS,b_BM,0.2285235143341783
197408,(v),WLS,b_BM,0.36729745098943845
197409,(v),WLS,b_BM,0.04706682091699051
197410,(v),WLS,b_BM,0.07831367233774335
197411,(v),WLS,b_BM,0.13737911803560024
197412,(v),WLS,b_BM,-0.26817013232754017
197501,(v),WLS,b_BM,-0.2067379348981962
197502,(v),WLS,b_BM,-0.18027724310212107
197503,(v),WLS,b_BM,-0.08294214182230641
197504,(v),WLS,b_BM,0.08007942140936344
197505,(v),WLS,b_BM,0.029702520588973474
197506,(v),WLS,b_BM,-0.01521455615785808
197507,(v),WLS,b_BM,-0.08124765007031712
197508,(v),WLS,b_BM,-0.03747468792689178
197509,(v),WLS,b_BM,-0.2296793428939677
197510,(v),WLS,b_BM,-0.05294247200892119
197511,(v),WLS,b_BM,0.12318248186304324
197512,(v),WLS,b_BM,-0.013575879315505777
197601,(v),WLS,b_BM,0.14143847633136553
197602,(v),WLS,b_BM,0.014674367939670413
197603,(v),WLS,b_BM,0.12700007062830732
197604,(v),WLS,b_BM,0.07600692435173376
197605,(v),WLS,b_BM,0.008113497122538355
197606,(v),WLS,b_BM,0.0678002975260596
197607,(v),WLS,b_BM,0.07214431061048085
197608,(v),WLS,b_BM,-0.006774430558186809
197609,(v),WLS,b_BM,0.11286814673060372
197610,(v),WLS,b_BM,0.10576947491946076
197611,(v),WLS,b_BM,-0.05049338975443115
197612,(v),WLS,b_BM,0.027758145024865614
197701,(v),WLS,b_BM,0.029361850726694172
197702,(v),WLS,b_BM,0.009194153051868739
197703,(v),WLS,b_BM,0.07860387665114185
197704,(v),WLS,b_BM,0.06478860635692
197705,(v),WLS,b_BM,-0.11382041804085866
197706,(v),WLS,b_BM,-0.025919202500993322
197707,(v),WLS,b_BM,-0.09289009983727045
197708,(v),WLS,b_BM,0.04212732845475124
197709,(v),WLS,b_BM,-0.06254946614767867
197710,(v),WLS,b_BM,-0.026371816179877085
197711,(v),WLS,b_BM,0.019307987574911402
197712,(v),WLS,b_BM,0.0032385536361769756
197801,(v),WLS,b_BM,0.0649114461453522
197802,(v),WLS,b_BM,0.030665387577498086
197803,(v),WLS,b_BM,-0.12572208640937585
197804,(v),WLS,b_BM,-0.02889446664263477
197805,(v),WLS,b_BM,-0.016075729895092317
197806,(v),WLS,b_BM,-0.06869533104749927
197807,(v),WLS,b_BM,0.009533256261713769
197808,(v),WLS,b_BM,0.12264534518315923
197809,(v),WLS,b_BM,0.018513693716679203
197810,(v),WLS,b_BM,0.021374917656482164
197811,(v),WLS,b_BM,-0.06247883339894303
197812,(v),WLS,b_BM,0.03164092800673234
197901,(v),WLS,b_BM,0.11581913584289383
197902,(v),WLS,b_BM,0.0059665191580134565
197903,(v),WLS,b_BM,-0.0321431200745026
197904,(v),WLS,b_BM,0.04528611959372609
197905,(v),WLS,b_BM,0.06082798254168259
197906,(v),WLS,b_BM,-0.005693284971057911
197907,(v),WLS,b_BM,0.06653034523364362
197908,(v),WLS,b_BM,0.05555216988336369
197909,(v),WLS,b_BM,0.007950174913237509
197910,(v),WLS,b_BM,0.1893057765447797
197911,(v),WLS,b_BM,0.14731836123640527
197912,(v),WLS,b_BM,0.1413369243715593
198001,(v),WLS,b_BM,0.11766597893967727
198002,(v),WLS,b_BM,-0.2650845184193035
198003,(v),WLS,b_BM,0.13280732132133194
198004,(v),WLS,b_BM,0.02869813371501835
198005,(v),WLS,b_BM,0.0953550501128595
198006,(v),WLS,b_BM,0.027227262100172178
198007,(v),WLS,b_BM,0.0593375906881005
198008,(v),WLS,b_BM,0.1695794947019906
198009,(v),WLS,b_BM,0.10596689069644372
198010,(v),WLS,b_BM,0.19252908746112898
198011,(v),WLS,b_BM,-0.22258013232625753
198012,(v),WLS,b_BM,-0.05303461143386544
198101,(v),WLS,b_BM,-0.03537740917050066
198102,(v),WLS,b_BM,0.13659703483051677
198103,(v),WLS,b_BM,-0.09889555265135065
198104,(v),WLS,b_BM,-0.011326199240671643
198105,(v),WLS,b_BM,0.030576784435262523
198106,(v),WLS,b_BM,-0.1605318903304443
198107,(v),WLS,b_BM,-0.1596547506005958
198108,(v),WLS,b_BM,-0.2392056606874417
198109,(v),WLS,b_BM,0.06302525799476838
198110,(v),WLS,b_BM,0.09997239665615715
198111,(v),WLS,b_BM,-0.09225330895335798
198112,(v),WLS,b_BM,-0.28879724030675
198201,(v),WLS,b_BM,-0.14201336526356018
198202,(v),WLS,b_BM,-0.029657988736043854
198203,(v),WLS,b_BM,0.012007553764236036
198204,(v),WLS,b_BM,-0.18626262417933723
198205,(v),WLS,b_BM,-0.06705752154139857
198206,(v),WLS,b_BM,-0.17233673757906173
198207,(v),WLS,b_BM,0.1345662946513573
198208,(v),WLS,b_BM,-0.08706264770918593
198209,(v),WLS,b_BM,0.12245620010194935
198210,(v),WLS,b_BM,-0.1379164707744269
198211,(v),WLS,b_BM,-0.051339096470689294
198212,(v),WLS,b_BM,0.1180847549746599
198301,(v),WLS,b_BM,-0.05841405562546894
198302,(v),WLS,b_BM,0.006945212879274434
198303,(v),WLS,b_BM,0.047197397060782256
198304,(v),WLS,b_BM,0.1981014329383554
198305,(v),WLS,b_BM,-0.04409941444842237
198306,(v),WLS,b_BM,0.01752936350843412
198307,(v),WLS,b_BM,0.04376488312975563
198308,(v),WLS,b_BM,-0.10587520140022806
198309,(v),WLS,b_BM,-0.05616650269662881
198310,(v),WLS,b_BM,0.12932122816955896
198311,(v),WLS,b_BM,-0.044269184963487994
198312,(v),WLS,b_BM,0.07999748665881137
198401,(v),WLS,b_BM,-0.04728639714404246
198402,(v),WLS,b_BM,0.05408384511582177
198403,(v),WLS,b_BM,-0.07410901512828871
198404,(v),WLS,b_BM,-0.10900705699033568
198405,(v),WLS,b_BM,-0.06661263523381297
198406,(v),WLS,b_BM,-0.05063410854818336
198407,(v),WLS,b_BM,0.054755731105846195
198408,(v),WLS,b_BM,-0.010193875218018539
198409,(v),WLS,b_BM,-0.08934829029857302
198410,(v),WLS,b_BM,-0.007010360550773732
198411,(v),WLS,b_BM,-0.024366622758819588
198412,(v),WLS,b_BM,0.007696217696433111
198501,(v),WLS,b_BM,-0.020222153713877367
198502,(v),WLS,b_BM,-0.0031856655419628087
198503,(v),WLS,b_BM,0.013350725301909592
198504,(v),WLS,b_BM,-0.03325599531670656
198505,(v),WLS,b_BM,0.009549418089574485
198506,(v),WLS,b_BM,0.04138029083581951
198507,(v),WLS,b_BM,-0.0010363637226804834
198508,(v),WLS,b_BM,-0.06486749883620327
198509,(v),WLS,b_BM,-0.03722617300542796
198510,(v),WLS,b_BM,-0.07449339565699681
198511,(v),WLS,b_BM,-0.084981075445567
198512,(v),WLS,b_BM,0.007628720838488895
198601,(v),WLS,b_BM,-0.016723765923731287
198602,(v),WLS,b_BM,-0.047759992116043475
198603,(v),WLS,b_BM,-0.0674254898385491
198604,(v),WLS,b_BM,-0.011565276810297623
198605,(v),WLS,b_BM,-0.06281307064284249
198606,(v),WLS,b_BM,-0.033073778333561496
198607,(v),WLS,b_BM,0.09051842856934054
198608,(v),WLS,b_BM,0.12377593319041627
198609,(v),WLS,b_BM,0.031173632630901553
198610,(v),WLS,b_BM,-0.0237862424299423
198611,(v),WLS,b_BM,-0.024898067749596922
198612,(v),WLS,b_BM,0.04454717684351556
198701,(v),WLS,b_BM,-0.049263263718921854
198702,(v),WLS,b_BM,0.06731855123686803
198703,(v),WLS,b_BM,0.03737966215419515
198704,(v),WLS,b_BM,-0.005527389907903571
198705,(v),WLS,b_BM,-0.019106003974439442
198706,(v),WLS,b_BM,0.043096334640924626
198707,(v),WLS,b_BM,-0.04564203854572529
198708,(v),WLS,b_BM,0.04993083917214544
198709,(v),WLS,b_BM,-0.06294396628211277
198710,(v),WLS,b_BM,0.041686425816384556
198711,(v),WLS,b_BM,-0.010532408876704709
198712,(v),WLS,b_BM,0.03224559895759317
198801,(v),WLS,b_BM,0.027800310216575818
198802,(v),WLS,b_BM,0.05983276511238754
198803,(v),WLS,b_BM,0.048289446457682156
198804,(v),WLS,b_BM,-0.001820807967829791
198805,(v),WLS,b_BM,-0.011939321704388132
198806,(v),WLS,b_BM,0.019417746946481938
198807,(v),WLS,b_BM,0.008537248996534064
198808,(v),WLS,b_BM,-0.03753012930380084
198809,(v),WLS,b_BM,0.008280679441488852
198810,(v),WLS,b_BM,0.02041298174579769
198811,(v),WLS,b_BM,-0.005023681058307014
198812,(v),WLS,b_BM,0.022678685826087785
198901,(v),WLS,b_BM,0.037947191183971676
198902,(v),WLS,b_BM,0.046658206046960575
198903,(v),WLS,b_BM,-0.003903838214116769
198904,(v),WLS,b_BM,-0.004140045566142468
198905,(v),WLS,b_BM,0.003213990812397295
198906,(v),WLS,b_BM,-0.08492525290292488
198907,(v),WLS,b_BM,0.050049054631925965
198908,(v),WLS,b_BM,-0.04663411688362982
198909,(v),WLS,b_BM,-0.06512247722763673
198910,(v),WLS,b_BM,-0.003273224259520934
198911,(v),WLS,b_BM,0.020263066391033913
198912,(v),WLS,b_BM,0.018548807490751558
199001,(v),WLS,b_BM,0.0579799547686837
199002,(v),WLS,b_BM,-0.03980016779954527
199003,(v),WLS,b_BM,-0.07615903692570006
199004,(v),WLS,b_BM,-0.08071523155999538
199005,(v),WLS,b_BM,-0.09090408984757788
199006,(v),WLS,b_BM,-0.01849600655118708
199007,(v),WLS,b_BM,-0.001895803870642733
199008,(v),WLS,b_BM,-0.03477686606748715
199009,(v),WLS,b_BM,-0.09324564183363987
199010,(v),WLS,b_BM,-0.055666509791745186
199011,(v),WLS,b_BM,-0.05042155130681758
199012,(v),WLS,b_BM,-0.003417758605704393
199101,(v),WLS,b_BM,-0.03172317916820192
199102,(v),WLS,b_BM,-0.058486236272008066
199103,(v),WLS,b_BM,0.020016953680077876
199104,(v),WLS,b_BM,0.026563285511360373
199105,(v),WLS,b_BM,-0.01739089622227194
199106,(v),WLS,b_BM,-0.07569508184463347
199107,(v),WLS,b_BM,-0.07385527602094374
199108,(v),WLS,b_BM,-0.01610947491424372
199109,(v),WLS,b_BM,-0.018897645882059205
199110,(v),WLS,b_BM,-0.1367015486544194
199111,(v),WLS,b_BM,-0.13618353228478755
199112,(v),WLS,b_BM,0.13859100372430144
199201,(v),WLS,b_BM,0.08539606184505809
199202,(v),WLS,b_BM,0.030609340834476174
199203,(v),WLS,b_BM,0.10215648873019652
199204,(v),WLS,b_BM,-0.04202666644156978
199205,(v),WLS,b_BM,0.056166808498626264
199206,(v),WLS,b_BM,-0.04919069369922287
199207,(v),WLS,b_BM,-0.05836567534590849
199208,(v),WLS,b_BM,0.012519078081092197
199209,(v),WLS,b_BM,-0.06525278630385158
199210,(v),WLS,b_BM,-0.00356017513169451
199211,(v),WLS,b_BM,0.03858886869850946
199212,(v),WLS,b_BM,0.14583864569467223
199301,(v),WLS,b_BM,0.10544216022722104
199302,(v),WLS,b_BM,0.03347358784607903
199303,(v),WLS,b_BM,0.10773384589954091
199304,(v),WLS,b_BM,-0.010320030572548045
199305,(v),WLS,b_BM,0.07204383421986042
199306,(v),WLS,b_BM,0.09980538290479332
199307,(v),WLS,b_BM,-0.002421730701783864
199308,(v),WLS,b_BM,0.02869697513075837
199309,(v),WLS,b_BM,-0.022276443660172757
199310,(v),WLS,b_BM,-0.05055093861788882
199311,(v),WLS,b_BM,0.0291367685238451
199312,(v),WLS,b_BM,0.06431859290046033
199401,(v),WLS,b_BM,-0.014153056636936305
199402,(v),WLS,b_BM,0.008391471791967184
199403,(v),WLS,b_BM,-0.0010841272063226628
199404,(v),WLS,b_BM,0.0027718072262104664
199405,(v),WLS,b_BM,0.013477508814534852
199406,(v),WLS,b_BM,0.01682255886243289
199407,(v),WLS,b_BM,-0.06389599787805085
199408,(v),WLS,b_BM,-0.026759283472081195
199409,(v),WLS,b_BM,-0.013422123930176985
199410,(v),WLS,b_BM,-0.03912720366694203
199411,(v),WLS,b_BM,-0.004491841013293427
199412,(v),WLS,b_BM,-0.028937091286977832
199501,(v),WLS,b_BM,0.008491405614850683
199502,(v),WLS,b_BM,0.012280258024414376
199503,(v),WLS,b_BM,-0.0053335706430006
199504,(v),WLS,b_BM,-0.011214718005813777
199505,(v),WLS,b_BM,-0.03037497569072755
199506,(v),WLS,b_BM,0.01109483342457766
199507,(v),WLS,b_BM,0.000963438431336003
199508,(v),WLS,b_BM,-0.06616944039982489
199509,(v),WLS,b_BM,-0.07404674290762842
199510,(v),WLS,b_BM,0.011527340148196147
199511,(v),WLS,b_BM,0.045172059384896934
199512,(v),WLS,b_BM,-0.021910796192185805
199601,(v),WLS,b_BM,-0.010002787233072363
199602,(v),WLS,b_BM,0.06352113915272767
199603,(v),WLS,b_BM,0.01753299343336476
199604,(v),WLS,b_BM,-0.046847652827914706
199605,(v),WLS,b_BM,-0.06713376759436579
199606,(v),WLS,b_BM,-0.00412139025524208
199607,(v),WLS,b_BM,0.032700965554142605
199608,(v),WLS,b_BM,-0.09678198715518083
199609,(v),WLS,b_BM,0.025590091416018836
199610,(v),WLS,b_BM,-0.028690396482187547
199611,(v),WLS,b_BM,0.02639218432482751
199612,(v),WLS,b_BM,-0.09929505298874776
199701,(v),WLS,b_BM,-0.001117731423077536
199702,(v),WLS,b_BM,0.0944755645387967
199703,(v),WLS,b_BM,-0.10115083226424429
199704,(v),WLS,b_BM,0.004385534218007906
199705,(v),WLS,b_BM,-0.03257584064062817
199706,(v),WLS,b_BM,0.003770216413478182
199707,(v),WLS,b_BM,0.09336344380132255
199708,(v),WLS,b_BM,0.042359558070591656
199709,(v),WLS,b_BM,-0.012123772495373775
199710,(v),WLS,b_BM,-0.06337914725274944
199711,(v),WLS,b_BM,0.00815174549652513
199712,(v),WLS,b_BM,-0.058922477551429334
199801,(v),WLS,b_BM,-0.019882956007691997
199802,(v),WLS,b_BM,0.02541237177951928
199803,(v),WLS,b_BM,0.017830199105796828
199804,(v),WLS,b_BM,0.010465693381095532
199805,(v),WLS,b_BM,-0.11441527618797595
199806,(v),WLS,b_BM,-0.04540553908657728
199807,(v),WLS,b_BM,-0.06603333756909048
199808,(v),WLS,b_BM,-0.028704972956184013
199809,(v),WLS,b_BM,0.016110363453697835
199810,(v),WLS,b_BM,-0.0486390638233674
199811,(v),WLS,b_BM,-0.052390352578859725
199812,(v),WLS,b_BM,-0.08427668732637489
199901,(v),WLS,b_BM,0.04046047679752025
199902,(v),WLS,b_BM,-0.016143893761098465
199903,(v),WLS,b_BM,0.19572579402467122
199904,(v),WLS,b_BM,0.041804944178816195
199905,(v),WLS,b_BM,-0.07146022992464746
199906,(v),WLS,b_BM,0.0029045733943541124
199907,(v),WLS,b_BM,-0.12632719218126562
199908,(v),WLS,b_BM,-0.006651291927693565
199909,(v),WLS,b_BM,-0.15062113855776657
199910,(v),WLS,b_BM,-0.08316395990652974
199911,(v),WLS,b_BM,-0.05184296348930581
199912,(v),WLS,b_BM,-0.006547419180458173
200001,(v),WLS,b_BM,-0.020687721661087368
200002,(v),WLS,b_BM,-0.03789294185696094
200003,(v),WLS,b_BM,0.040347333209023756
200004,(v),WLS,b_BM,-0.03507675527579407
200005,(v),WLS,b_BM,-0.15533915215263763
200006,(v),WLS,b_BM,0.11567237737799461
200007,(v),WLS,b_BM,-0.021062984064636966
200008,(v),WLS,b_BM,0.09657387987182664
200009,(v),WLS,b_BM,0.03946947247168192
200010,(v),WLS,b_BM,0.03883420027798387
200011,(v),WLS,b_BM,0.2251629111739156
200012,(v),WLS,b_BM,0.08267985187613473
200101,(v),WLS,b_BM,0.16655468085547886
200102,(v),WLS,b_BM,0.13414605301427626
200103,(v),WLS,b_BM,0.015559608238312369
200104,(v),WLS,b_BM,0.0313049549548751
200105,(v),WLS,b_BM,-0.006501395900741399
200106,(v),WLS,b_BM,-0.03311900200911522
200107,(v),WLS,b_BM,-0.005025821200070328
200108,(v),WLS,b_BM,-0.09185101190854524
200109,(v),WLS,b_BM,-0.10319881113485896
200110,(v),WLS,b_BM,0.03310727535995496
200111,(v),WLS,b_BM,0.06467984527529819
200112,(v),WLS,b_BM,-0.06421973874912226
200201,(v),WLS,b_BM,0.02946634462339256
200202,(v),WLS,b_BM,0.059465732053945654
200203,(v),WLS,b_BM,0.01255516225053091
200204,(v),WLS,b_BM,0.03117788390172458
200205,(v),WLS,b_BM,0.007568329229957798
200206,(v),WLS,b_BM,-0.11861660876429853
200207,(v),WLS,b_BM,0.009516028472721545
200208,(v),WLS,b_BM,-0.025693410229118602
200209,(v),WLS,b_BM,-0.10851247317013901
200210,(v),WLS,b_BM,0.09488153088829082
200211,(v),WLS,b_BM,0.0029416133072148742
200212,(v),WLS,b_BM,-0.00564575904625884
200301,(v),WLS,b_BM,-0.050153605938391084
200302,(v),WLS,b_BM,-0.057701264215539914
200303,(v),WLS,b_BM,0.04072038479764256
200304,(v),WLS,b_BM,0.08027472434839052
200305,(v),WLS,b_BM,0.00522593044200356
200306,(v),WLS,b_BM,0.02361992182855148
200307,(v),WLS,b_BM,0.08681132052135686
200308,(v),WLS,b_BM,-0.04733562093890214
200309,(v),WLS,b_BM,0.0670463371098395
200310,(v),WLS,b_BM,0.035984298061990674
200311,(v),WLS,b_BM,0.05573198164586965
200312,(v),WLS,b_BM,0.014107611178290846
200401,(v),WLS,b_BM,-0.010465006740686029
200402,(v),WLS,b_BM,0.014904781595524202
200403,(v),WLS,b_BM,-0.06759577756648244
200404,(v),WLS,b_BM,-0.003998142352873136
200405,(v),WLS,b_BM,0.046154912075944035
200406,(v),WLS,b_BM,0.06642613145073026
200407,(v),WLS,b_BM,-0.0027444563771240466
200408,(v),WLS,b_BM,0.06278513243562693
200409,(v),WLS,b_BM,-0.0042094955249177
200410,(v),WLS,b_BM,0.0786339015908484
200411,(v),WLS,b_BM,-0.031153827043766277
200412,(v),WLS,b_BM,-0.006174618805156653
200501,(v),WLS,b_BM,0.05309368275414665
200502,(v),WLS,b_BM,-0.0033289032008777635
200503,(v),WLS,b_BM,-0.05953740027904758
200504,(v),WLS,b_BM,0.0023840259779222715
200505,(v),WLS,b_BM,0.0490126127417618
200506,(v),WLS,b_BM,0.016432797690092146
200507,(v),WLS,b_BM,0.04666829776070478
200508,(v),WLS,b_BM,0.04048158141438818
200509,(v),WLS,b_BM,-0.05703774342979584
200510,(v),WLS,b_BM,-0.0029432662108276764
200511,(v),WLS,b_BM,0.019814342824990706
200512,(v),WLS,b_BM,0.09382297724643955
200601,(v),WLS,b_BM,-0.024901568335916252
200602,(v),WLS,b_BM,0.03275969329113255
200603,(v),WLS,b_BM,0.049572619808758524
200604,(v),WLS,b_BM,2.6904080923902465e-06
200605,(v),WLS,b_BM,0.016642602485327458
200606,(v),WLS,b_BM,0.0034032945506118142
200607,(v),WLS,b_BM,-0.04189965584536381
200608,(v),WLS,b_BM,-0.015158695150315673
200609,(v),WLS,b_BM,0.014866664467460128
200610,(v),WLS,b_BM,0.029282372005464553
200611,(v),WLS,b_BM,0.027373255837782884
200612,(v),WLS,b_BM,-0.005934262708847795
200701,(v),WLS,b_BM,0.017910239227853255
200702,(v),WLS,b_BM,0.020580476454698134
200703,(v),WLS,b_BM,-0.028694194339834587
200704,(v),WLS,b_BM,0.047319604340565785
200705,(v),WLS,b_BM,0.01499194629429901
200706,(v),WLS,b_BM,-0.025009690134686766
200707,(v),WLS,b_BM,-0.037126493004702804
200708,(v),WLS,b_BM,-0.01913916000481635
200709,(v),WLS,b_BM,-0.023875411856139422
200710,(v),WLS,b_BM,-0.04559891663402564
200711,(v),WLS,b_BM,0.03654151708153698
200712,(v),WLS,b_BM,0.010536229500066368
200801,(v),WLS,b_BM,0.013939620922985011
200802,(v),WLS,b_BM,-0.0036959822349644303
200803,(v),WLS,b_BM,0.03085943112961543
200804,(v),WLS,b_BM,0.04296188509885949
200805,(v),WLS,b_BM,-0.013899216189255426
200806,(v),WLS,b_BM,-0.04370470134800725
200807,(v),WLS,b_BM,0.009488505033123488
200808,(v),WLS,b_BM,-0.064944533842045
200809,(v),WLS,b_BM,-0.12396954814754801
200810,(v),WLS,b_BM,-0.04596338959181086
200811,(v),WLS,b_BM,0.004871952215161259
200812,(v),WLS,b_BM,-0.07117725295057241
200901,(v),WLS,b_BM,-0.10223844213197412
200902,(v),WLS,b_BM,-0.02239803021874419
200903,(v),WLS,b_BM,0.16805920296571303
200904,(v),WLS,b_BM,0.006867631972608396
200905,(v),WLS,b_BM,-0.062159805954441934
200906,(v),WLS,b_BM,0.0895220203645805
200907,(v),WLS,b_BM,0.05380273540438513
200908,(v),WLS,b_BM,0.07480555777137965
200909,(v),WLS,b_BM,-0.09033023348468992
200910,(v),WLS,b_BM,-0.04075587208504182
200911,(v),WLS,b_BM,0.0829089241276631
200912,(v),WLS,b_BM,-0.005488136716471538
201001,(v),WLS,b_BM,0.044743325164900205
201002,(v),WLS,b_BM,0.04237225329561269
201003,(v),WLS,b_BM,0.07136038475934715
201004,(v),WLS,b_BM,-0.024999953347056098
201005,(v),WLS,b_BM,-0.08706436191702979
201006,(v),WLS,b_BM,0.01870985479238723
201007,(v),WLS,b_BM,-0.012961319878855276
201008,(v),WLS,b_BM,0.001062742568316205
201009,(v),WLS,b_BM,0.0019621017674922303
201010,(v),WLS,b_BM,0.015580537926742667
201011,(v),WLS,b_BM,0.056422135174056906
201012,(v),WLS,b_BM,0.009719069642328135
201101,(v),WLS,b_BM,0.058645547864811576
201102,(v),WLS,b_BM,0.02546164780750613
201103,(v),WLS,b_BM,-0.02656130631299418
201104,(v),WLS,b_BM,-0.019106319197893563
201105,(v),WLS,b_BM,-0.01829443184995627
201106,(v),WLS,b_BM,-0.05361889242356403
201107,(v),WLS,b_BM,-0.06534420935738608
201108,(v),WLS,b_BM,-0.06445479254103424
201109,(v),WLS,b_BM,0.06595068797590307
201110,(v),WLS,b_BM,0.018510518112149547
201111,(v),WLS,b_BM,0.02851393095937911
201112,(v),WLS,b_BM,-0.03835056762504917
201201,(v),WLS,b_BM,-0.010314765975686938
201202,(v),WLS,b_BM,-0.06925116630553126
201203,(v),WLS,b_BM,-0.004638889891317383
201204,(v),WLS,b_BM,-0.002378964849610414
201205,(v),WLS,b_BM,0.03468510143731113
201206,(v),WLS,b_BM,0.0105139249203379
201207,(v),WLS,b_BM,-0.006211989414856729
201208,(v),WLS,b_BM,0.028561381262646436
201209,(v),WLS,b_BM,0.03754518838861928
201210,(v),WLS,b_BM,-0.010678928842963342
201211,(v),WLS,b_BM,0.055834106576153925
201212,(v),WLS,b_BM,0.0566058923903955
201301,(v),WLS,b_BM,0.010211599848193652
201302,(v),WLS,b_BM,0.014895256272374474
201303,(v),WLS,b_BM,-0.016701591445613888
201304,(v),WLS,b_BM,0.012509926120261057
201305,(v),WLS,b_BM,0.01884385454726278
201306,(v),WLS,b_BM,-0.001009045497874365
201307,(v),WLS,b_BM,-0.016035139661438408
201308,(v),WLS,b_BM,0.0036797100314280677
201309,(v),WLS,b_BM,0.03596054484655993
201310,(v),WLS,b_BM,-0.025486997111642422
201311,(v),WLS,b_BM,0.026116141400959362
201312,(v),WLS,b_BM,0.00020387680896337065
201401,(v),WLS,b_BM,-0.014823234757565295
201402,(v),WLS,b_BM,0.058329287896040444
201403,(v),WLS,b_BM,0.017231557238267775
201404,(v),WLS,b_BM,0.008974804805067025
201405,(v),WLS,b_BM,0.02874297484957118
201406,(v),WLS,b_BM,-0.0025011162576965233
201407,(v),WLS,b_BM,-0.04547922573423125
201408,(v),WLS,b_BM,-0.056758373111105556
201409,(v),WLS,b_BM,-0.057698853335909434
201410,(v),WLS,b_BM,-0.05562171872916088
201411,(v),WLS,b_BM,0.013639943588159169
201412,(v),WLS,b_BM,-0.06346408244652013
201501,(v),WLS,b_BM,0.0007832117759852715
201502,(v),WLS,b_BM,-0.016425810636921608
201503,(v),WLS,b_BM,0.038068039146615495
201504,(v),WLS,b_BM,-0.03308171723828958
201505,(v),WLS,b_BM,-0.03246810801512345
201506,(v),WLS,b_BM,-0.1184138724806233
201507,(v),WLS,b_BM,0.01952502371264472
201508,(v),WLS,b_BM,-0.037812087214674356
201509,(v),WLS,b_BM,0.008433749560411735
201510,(v),WLS,b_BM,-0.004075606963265114
201511,(v),WLS,b_BM,-0.06548181096807985
201512,(v),WLS,b_BM,0.0229572313569726
201601,(v),WLS,b_BM,0.021173448040878756
201602,(v),WLS,b_BM,0.026391112744250475
201603,(v),WLS,b_BM,0.06870608206374626
201604,(v),WLS,b_BM,-0.029060368742851547
201605,(v),WLS,b_BM,0.034311708322736605
201606,(v),WLS,b_BM,-0.029841654788779464
201607,(v),WLS,b_BM,0.012385444832886009
201608,(v),WLS,b_BM,0.020776643702117233
201609,(v),WLS,b_BM,-0.012342467615553146
201610,(v),WLS,b_BM,0.1005062668687133
201611,(v),WLS,b_BM,0.010576050716316725
201612,(v),WLS,b_BM,-0.03961925496302966
201701,(v),WLS,b_BM,-0.06051436232431708
201702,(v),WLS,b_BM,-0.02802283238147689
201703,(v),WLS,b_BM,-0.03644125342509393
201704,(v),WLS,b_BM,-0.064441197359374
201705,(v),WLS,b_BM,-0.011550669147900542
201706,(v),WLS,b_BM,-0.014926259438989974
201707,(v),WLS,b_BM,-0.04503927835384589
201708,(v),WLS,b_BM,0.05238619321184257
201709,(v),WLS,b_BM,-0.07758567930872175
201710,(v),WLS,b_BM,0.005405341131239069
201711,(v),WLS,b_BM,0.030257912394921743
201712,(v),WLS,b_BM,-0.09204791736714701
201801,(v),WLS,b_BM,-0.0687279615104223
201802,(v),WLS,b_BM,0.03596496327575754
201803,(v),WLS,b_BM,-0.003286883754023152
201804,(v),WLS,b_BM,-0.018304188405254333
201805,(v),WLS,b_BM,-0.021118267444868895
201806,(v),WLS,b_BM,-0.010137378676618125
201807,(v),WLS,b_BM,-0.09655797125782695
201808,(v),WLS,b_BM,-0.0015597456392265011
201809,(v),WLS,b_BM,0.06292074212191037
201810,(v),WLS,b_BM,-0.028087325759911897
201811,(v),WLS,b_BM,-0.05969324116664478
201812,(v),WLS,b_BM,0.022614030454168876
201901,(v),WLS,b_BM,-0.0154010462947758
201902,(v),WLS,b_BM,-0.05368332700093788
201903,(v),WLS,b_BM,-0.03923724828656251
201904,(v),WLS,b_BM,-0.01744957713549289
201905,(v),WLS,b_BM,0.011180807166566602
201906,(v),WLS,b_BM,-0.01713685078086474
201907,(v),WLS,b_BM,-0.05672567406193944
201908,(v),WLS,b_BM,0.06648561808374037
201909,(v),WLS,b_BM,-0.03300118957004118
201910,(v),WLS,b_BM,-0.04004261997994739
201911,(v),WLS,b_BM,-0.0037410469667254307
201912,(v),WLS,b_BM,-0.13852119342554953
202001,(v),WLS,b_BM,-0.05093163892248022
202002,(v),WLS,b_BM,-0.25153838060702816
202003,(v),WLS,b_BM,-0.0005196499583893586
202004,(v),WLS,b_BM,-0.018553698692370467
202005,(v),WLS,b_BM,-0.11438971672281566
202006,(v),WLS,b_BM,-0.09727512100777692
202007,(v),WLS,b_BM,-0.1423404326136088
202008,(v),WLS,b_BM,0.03284616002113949
202009,(v),WLS,b_BM,0.038125965420169536
202010,(v),WLS,b_BM,0.118503355654448
202011,(v),WLS,b_BM,-0.03460264635529549
202012,(v),WLS,b_BM,0.040790080022425124
202101,(v),WLS,b_BM,0.1680980712907465
202102,(v),WLS,b_BM,0.06047575162155255
202103,(v),WLS,b_BM,-0.06730883621439926
202104,(v),WLS,b_BM,0.09388672469599696
202105,(v),WLS,b_BM,-0.12086003439041029
202106,(v),WLS,b_BM,-0.07512532837397022
202107,(v),WLS,b_BM,-0.07149248009088273
202108,(v),WLS,b_BM,0.06558863032897534
202109,(v),WLS,b_BM,-0.10603895532197355
202110,(v),WLS,b_BM,-0.09649837580788392
202111,(v),WLS,b_BM,0.08245781908905297
202112,(v),WLS,b_BM,0.15374009674981226
202201,(v),WLS,b_BM,0.08049918228587052
202202,(v),WLS,b_BM,-0.025594736443978937
202203,(v),WLS,b_BM,0.12424865016186813
202204,(v),WLS,b_BM,0.14726834838686453
202205,(v),WLS,b_BM,-0.04453673213728046
202206,(v),WLS,b_BM,-0.13908638042900456
202207,(v),WLS,b_BM,0.055708733264029454
202208,(v),WLS,b_BM,-0.011396342023675577
202209,(v),WLS,b_BM,0.16669233090415989
202210,(v),WLS,b_BM,-0.004346078009999258
202211,(v),WLS,b_BM,0.04464105905840185
202212,(v),WLS,b_BM,-0.03439929981476432
202301,(v),WLS,b_BM,-0.0657457380941952
202302,(v),WLS,b_BM,-0.14604605760071035
202303,(v),WLS,b_BM,-0.026436521636423054
202304,(v),WLS,b_BM,-0.19535196151869247
202305,(v),WLS,b_BM,-0.009745093753291974
202306,(v),WLS,b_BM,0.04252348751203769
202307,(v),WLS,b_BM,-0.062077383021465454
202308,(v),WLS,b_BM,0.038001600151843944
202309,(v),WLS,b_BM,-0.08250495342698563
202310,(v),WLS,b_BM,-0.014136635661326433
202311,(v),WLS,b_BM,0.04974775368194502
202312,(v),WLS,b_BM,-0.06839083279894986
202401,(v),WLS,b_BM,-0.0867026063602405
202402,(v),WLS,b_BM,0.025895158769409385
202403,(v),WLS,b_BM,-0.04495340994892933
202404,(v),WLS,b_BM,-0.08358270099630322
202405,(v),WLS,b_BM,-0.1555743120126355
202406,(v),WLS,b_BM,0.13968125992803665
202407,(v),WLS,b_BM,-0.0484968882419067
202408,(v),WLS,b_BM,-0.02461864251357932
202409,(v),WLS,b_BM,-0.011628508344751006
202410,(v),WLS,b_BM,0.000937268348511525
202411,(v),WLS,b_BM,-0.1503726366882697
197307,(vi),OLS,a,-0.04294565285943468
197308,(vi),OLS,a,0.08087063284355164
197309,(vi),OLS,a,0.0439412632114412
197310,(vi),OLS,a,-0.17074668130912488
197311,(vi),OLS,a,-0.020690142091939166
197312,(vi),OLS,a,0.22272404887156785
197401,(vi),OLS,a,0.024116806770998943
197402,(vi),OLS,a,0.0014286422962601038
197403,(vi),OLS,a,-0.03247455149119584
197404,(vi),OLS,a,-0.08929797352355948
197405,(vi),OLS,a,-0.005804659761616337
197406,(vi),OLS,a,0.008339819698524518
197407,(vi),OLS,a,-0.055562378417303576
197408,(vi),OLS,a,-0.07206608436832602
197409,(vi),OLS,a,0.059753348333472345
197410,(vi),OLS,a,-0.0780881230639845
197411,(vi),OLS,a,-0.10942964810381921
197412,(vi),OLS,a,0.4005727288028379
197501,(vi),OLS,a,0.030119242634201366
197502,(vi),OLS,a,0.10645457736754799
197503,(vi),OLS,a,0.01976126846704939
197504,(vi),OLS,a,0.06576835178129671
197505,(vi),OLS,a,0.09342475008366663
197506,(vi),OLS,a,0.027113215040840206
197507,(vi),OLS,a,-0.0757792620841837
197508,(vi),OLS,a,-0.046029609554688614
197509,(vi),OLS,a,-0.01906591065287043
197510,(vi),OLS,a,0.01601351210115584
197511,(vi),OLS,a,-0.0041635979869055146
197512,(vi),OLS,a,0.3341462283988613
197601,(vi),OLS,a,0.2016855284524635
197602,(vi),OLS,a,0.001800983308571305
197603,(vi),OLS,a,-0.015449298052345095
197604,(vi),OLS,a,-0.040014957135255796
197605,(vi),OLS,a,0.04239687106082606
197606,(vi),OLS,a,-0.011583831338008293
197607,(vi),OLS,a,-0.027113136096936264
197608,(vi),OLS,a,0.010641617655238654
197609,(vi),OLS,a,-0.026892773920402416
197610,(vi),OLS,a,0.028702503897400356
197611,(vi),OLS,a,0.11627716233665285
197612,(vi),OLS,a,0.08952329747720833
197701,(vi),OLS,a,0.0015626647613730532
197702,(vi),OLS,a,0.02023688084341803
197703,(vi),OLS,a,0.028577592613234826
197704,(vi),OLS,a,0.007065150081663683
197705,(vi),OLS,a,0.05416980643118959
197706,(vi),OLS,a,-0.0006427531409493017
197707,(vi),OLS,a,-0.041392858804693934
197708,(vi),OLS,a,0.0020859508055141762
197709,(vi),OLS,a,-0.024063952982153424
197710,(vi),OLS,a,0.07921026375419618
197711,(vi),OLS,a,0.013126140175848991
197712,(vi),OLS,a,0.010921040461338034
197801,(vi),OLS,a,0.02860508584514301
197802,(vi),OLS,a,0.08334886364634474
197803,(vi),OLS,a,0.07565583172811775
197804,(vi),OLS,a,0.06298850012095492
197805,(vi),OLS,a,-0.00048660316997811763
197806,(vi),OLS,a,0.04352479432192135
197807,(vi),OLS,a,0.08307941492503101
197808,(vi),OLS,a,0.021413449078649376
197809,(vi),OLS,a,-0.1957853317806349
197810,(vi),OLS,a,0.025940437677724013
197811,(vi),OLS,a,-0.022293627771665974
197812,(vi),OLS,a,0.13679914479564312
197901,(vi),OLS,a,-0.021893988378613644
197902,(vi),OLS,a,0.08278810647759657
197903,(vi),OLS,a,0.03333889968220484
197904,(vi),OLS,a,-0.012291833759992475
197905,(vi),OLS,a,0.05340427969695505
197906,(vi),OLS,a,0.0146182305578017
197907,(vi),OLS,a,0.0587111246793091
197908,(vi),OLS,a,-0.011240705471135325
197909,(vi),OLS,a,-0.11010281551765985
197910,(vi),OLS,a,0.03363243276968323
197911,(vi),OLS,a,0.05646689212576889
197912,(vi),OLS,a,0.13865629407584396
198001,(vi),OLS,a,-0.017564613802748794
198002,(vi),OLS,a,-0.19149175182445788
198003,(vi),OLS,a,0.020119424039777
198004,(vi),OLS,a,0.05169643835461726
198005,(vi),OLS,a,0.02866228359104081
198006,(vi),OLS,a,0.068267557490474
198007,(vi),OLS,a,0.04318028733557187
198008,(vi),OLS,a,0.020576539210858922
198009,(vi),OLS,a,0.015412440451719056
198010,(vi),OLS,a,0.00027870866472106087
198011,(vi),OLS,a,-0.06436917236383395
198012,(vi),OLS,a,0.04556886765375547
198101,(vi),OLS,a,0.02846708015668502
198102,(vi),OLS,a,0.07112988357703805
198103,(vi),OLS,a,0.012398271606283106
198104,(vi),OLS,a,0.02191296493284443
198105,(vi),OLS,a,0.017789204405290842
198106,(vi),OLS,a,-0.026136762693112
198107,(vi),OLS,a,-0.053980031549995804
198108,(vi),OLS,a,-0.08544303064212952
198109,(vi),OLS,a,0.017963111739756638
198110,(vi),OLS,a,0.010766026207730909
198111,(vi),OLS,a,-0.03021533388579643
198112,(vi),OLS,a,-0.014598777081456075
198201,(vi),OLS,a,-0.019874263186690257
198202,(vi),OLS,a,-0.018774683802358784
198203,(vi),OLS,a,0.021191713764676913
198204,(vi),OLS,a,-0.028985758060187272
198205,(vi),OLS,a,-0.013634129532460338
198206,(vi),OLS,a,-0.01885363199624116
198207,(vi),OLS,a,0.03981955956798994
198208,(vi),OLS,a,0.016243854584296887
198209,(vi),OLS,a,0.09536834315972213
198210,(vi),OLS,a,0.08906697458148037
198211,(vi),OLS,a,0.015916016908571997
198212,(vi),OLS,a,0.10599794198475813
198301,(vi),OLS,a,0.06998818993912456
198302,(vi),OLS,a,0.0572289691762047
198303,(vi),OLS,a,0.07621294357777496
198304,(vi),OLS,a,0.07723994813547341
198305,(vi),OLS,a,0.04327637338774349
198306,(vi),OLS,a,0.0033903851011327217
198307,(vi),OLS,a,-0.01868446662823023
198308,(vi),OLS,a,0.00460175208291499
198309,(vi),OLS,a,-0.027042320756054262
198310,(vi),OLS,a,0.03178179036397636
198311,(vi),OLS,a,0.006096221348168937
198312,(vi),OLS,a,0.042312377608469565
198401,(vi),OLS,a,-0.041629704060040386
198402,(vi),OLS,a,0.02686880582792258
198403,(vi),OLS,a,-0.012529593789936368
198404,(vi),OLS,a,-0.04486104373881751
198405,(vi),OLS,a,-0.014984232289626037
198406,(vi),OLS,a,-0.05538037402919801
198407,(vi),OLS,a,0.04977092047981084
198408,(vi),OLS,a,0.019184569272651456
198409,(vi),OLS,a,-0.029820306566218827
198410,(vi),OLS,a,-0.02059971683348359
198411,(vi),OLS,a,-0.016588572590219397
198412,(vi),OLS,a,0.07250416221774021
198501,(vi),OLS,a,0.031298681579796775
198502,(vi),OLS,a,-0.0015586452502680715
198503,(vi),OLS,a,-0.0038006766033972673
198504,(vi),OLS,a,0.008033984214756557
198505,(vi),OLS,a,-0.012410511886717053
198506,(vi),OLS,a,0.015425240829590433
198507,(vi),OLS,a,-0.0007509380261641296
198508,(vi),OLS,a,-0.04345106675060359
198509,(vi),OLS,a,0.0037927213146545457
198510,(vi),OLS,a,0.014939017687859794
198511,(vi),OLS,a,0.001828435704280925
198512,(vi),OLS,a,0.013562437615294722
198601,(vi),OLS,a,0.03591629263057464
198602,(vi),OLS,a,0.05360222224973034
198603,(vi),OLS,a,-0.009313913071439197
198604,(vi),OLS,a,0.011080637702087623
198605,(vi),OLS,a,-0.017678036395172663
198606,(vi),OLS,a,-0.07097193406663645
198607,(vi),OLS,a,0.05556448303198371
198608,(vi),OLS,a,-0.009307723693752825
198609,(vi),OLS,a,0.0030161009952438408
198610,(vi),OLS,a,-0.013053981284431767
198611,(vi),OLS,a,-0.029672590358821596
198612,(vi),OLS,a,0.1251420637290475
198701,(vi),OLS,a,0.04169441053110629
198702,(vi),OLS,a,0.06915003875401528
198703,(vi),OLS,a,-0.00350540284904456
198704,(vi),OLS,a,0.023621131969890848
198705,(vi),OLS,a,0.02855760226573014
198706,(vi),OLS,a,0.1119382908241875
198707,(vi),OLS,a,0.0003367067134233645
198708,(vi),OLS,a,-0.007911587065483217
198709,(vi),OLS,a,-0.2684952350382445
198710,(vi),OLS,a,-0.025392798326993853
198711,(vi),OLS,a,0.01563237188418642
198712,(vi),OLS,a,0.06204112733841867
198801,(vi),OLS,a,0.0690446427224358
198802,(vi),OLS,a,0.0636220496989091
198803,(vi),OLS,a,0.028033985983058295
198804,(vi),OLS,a,-0.00895638446643064
198805,(vi),OLS,a,0.031881406635816595
198806,(vi),OLS,a,-0.005346712595749523
198807,(vi),OLS,a,-0.018890026583557182
198808,(vi),OLS,a,-0.002105562150246852
198809,(vi),OLS,a,-0.014841030766205689
198810,(vi),OLS,a,-0.0324409339087698
198811,(vi),OLS,a,0.027622353652261008
198812,(vi),OLS,a,0.05216405129677872
198901,(vi),OLS,a,0.0014014976780377917
198902,(vi),OLS,a,0.025997400706941686
198903,(vi),OLS,a,0.028119305687115317
198904,(vi),OLS,a,0.01498086800646232
198905,(vi),OLS,a,-0.004478241429812319
198906,(vi),OLS,a,0.01045520572748271
198907,(vi),OLS,a,0.030942361710835992
198908,(vi),OLS,a,-0.017872711422708323
198909,(vi),OLS,a,-0.05922084665239142
198910,(vi),OLS,a,-0.010668785789328238
198911,(vi),OLS,a,-0.012904689843236344
198912,(vi),OLS,a,-0.029771349549671092
199001,(vi),OLS,a,0.026052315300940446
199002,(vi),OLS,a,0.024180518248509315
199003,(vi),OLS,a,-0.04796353050460882
199004,(vi),OLS,a,0.017263217384630464
199005,(vi),OLS,a,-0.018768025141851448
199006,(vi),OLS,a,-0.012256644273135891
199007,(vi),OLS,a,-0.06988154347338119
199008,(vi),OLS,a,-0.04995730786285587
199009,(vi),OLS,a,-0.06917807164978634
199010,(vi),OLS,a,0.001997187161512177
199011,(vi),OLS,a,-0.013812275071139737
199012,(vi),OLS,a,0.09473909176994609
199101,(vi),OLS,a,0.10563430548845867
199102,(vi),OLS,a,0.05601928497604587
199103,(vi),OLS,a,-0.013283254730939737
199104,(vi),OLS,a,0.00032234092088928665
199105,(vi),OLS,a,-0.029719259970152075
199106,(vi),OLS,a,0.026188898244903433
199107,(vi),OLS,a,-0.005012426318519997
199108,(vi),OLS,a,-0.016744068516846213
199109,(vi),OLS,a,0.009745678004477802
199110,(vi),OLS,a,-0.04665872957614314
199111,(vi),OLS,a,0.02221492797077839
199112,(vi),OLS,a,0.16385202386793327
199201,(vi),OLS,a,0.05314512164176648
199202,(vi),OLS,a,0.011837131065520892
199203,(vi),OLS,a,-0.003037362033870549
199204,(vi),OLS,a,0.016963769629169234
199205,(vi),OLS,a,-0.02801653545990945
199206,(vi),OLS,a,0.02364250672833287
199207,(vi),OLS,a,-0.021659432875968276
199208,(vi),OLS,a,0.021617367797986762
199209,(vi),OLS,a,0.016654760732339065
199210,(vi),OLS,a,0.04276900082240082
199211,(vi),OLS,a,0.047473184572338976
199212,(vi),OLS,a,0.08437336519663684
199301,(vi),OLS,a,0.03467229932059226
199302,(vi),OLS,a,0.03850516647297579
199303,(vi),OLS,a,0.009849872550657314
199304,(vi),OLS,a,0.05101084467716537
199305,(vi),OLS,a,0.01002666876314136
199306,(vi),OLS,a,0.02750721178114707
199307,(vi),OLS,a,0.03627313690917737
199308,(vi),OLS,a,0.025323738307527165
199309,(vi),OLS,a,0.049220305346176496
199310,(vi),OLS,a,-0.02012011042691727
199311,(vi),OLS,a,0.016750294299780075
199312,(vi),OLS,a,0.08938276593487357
199401,(vi),OLS,a,0.016746925268287853
199402,(vi),OLS,a,-0.01661141949843169
199403,(vi),OLS,a,0.0037930831435609397
199404,(vi),OLS,a,0.019528741210047277
199405,(vi),OLS,a,-0.007557901098051585
199406,(vi),OLS,a,0.01939815220325743
199407,(vi),OLS,a,0.0242682684078948
199408,(vi),OLS,a,0.022432862733929703
199409,(vi),OLS,a,0.012954094956090083
199410,(vi),OLS,a,-0.03151133498946718
199411,(vi),OLS,a,-0.01713516901126093
199412,(vi),OLS,a,0.02772254317053722
199501,(vi),OLS,a,0.03148069165955362
199502,(vi),OLS,a,0.015042829399003109
199503,(vi),OLS,a,0.028963792181235345
199504,(vi),OLS,a,0.04648816238507078
199505,(vi),OLS,a,-0.01084220652021937
199506,(vi),OLS,a,0.01926880914586222
199507,(vi),OLS,a,0.026103926926118425
199508,(vi),OLS,a,0.028367993152537123
199509,(vi),OLS,a,-0.039399772932246405
199510,(vi),OLS,a,0.004104382707285578
199511,(vi),OLS,a,0.03296332764076816
199512,(vi),OLS,a,0.04407759114357903
199601,(vi),OLS,a,0.011147383433768551
199602,(vi),OLS,a,0.02091393075707512
199603,(vi),OLS,a,0.045061401707056206
199604,(vi),OLS,a,0.06300754926965887
199605,(vi),OLS,a,-0.004770921701103924
199606,(vi),OLS,a,-0.06068317955844017
199607,(vi),OLS,a,0.048656478795389424
199608,(vi),OLS,a,0.0067634674660630965
199609,(vi),OLS,a,0.03319411756814667
199610,(vi),OLS,a,0.044205039439425366
199611,(vi),OLS,a,0.03059821387678398
199612,(vi),OLS,a,0.03334321142797314
199701,(vi),OLS,a,0.020051709448082055
199702,(vi),OLS,a,0.01927088510110088
199703,(vi),OLS,a,-0.021069677988043514
199704,(vi),OLS,a,0.055232727306852254
199705,(vi),OLS,a,0.05274471914356812
199706,(vi),OLS,a,0.05642322135336882
199707,(vi),OLS,a,0.031222124218842223
199708,(vi),OLS,a,0.12231470230036741
199709,(vi),OLS,a,0.0028935738623009355
199710,(vi),OLS,a,-0.020716604568047102
199711,(vi),OLS,a,-0.02517043744269864
199712,(vi),OLS,a,0.006259543044862862
199801,(vi),OLS,a,0.03461136140332306
199802,(vi),OLS,a,0.0488994486099965
199803,(vi),OLS,a,0.020582019342236756
199804,(vi),OLS,a,-0.02105926227502739
199805,(vi),OLS,a,-0.06854460130050033
199806,(vi),OLS,a,-0.0520626292101213
199807,(vi),OLS,a,-0.13589350774382722
199808,(vi),OLS,a,-0.011896060094443689
199809,(vi),OLS,a,0.02820223021138057
199810,(vi),OLS,a,0.018691657648521695
199811,(vi),OLS,a,-0.017767592191839193
199812,(vi),OLS,a,0.04585724164832602
199901,(vi),OLS,a,-0.05560534523682921
199902,(vi),OLS,a,-0.03171068358626807
199903,(vi),OLS,a,0.09010585958962505
199904,(vi),OLS,a,0.055894948393499885
199905,(vi),OLS,a,0.02961498520678358
199906,(vi),OLS,a,0.018906654621923116
199907,(vi),OLS,a,-0.02671236570264265
199908,(vi),OLS,a,-0.05951837129909943
199909,(vi),OLS,a,-0.060195953106094234
199910,(vi),OLS,a,0.07022639998550947
199911,(vi),OLS,a,0.04225059397528896
199912,(vi),OLS,a,0.1224901877655314
200001,(vi),OLS,a,0.12134919034283705
200002,(vi),OLS,a,0.02818774801783174
200003,(vi),OLS,a,-0.0325480558732768
200004,(vi),OLS,a,-0.04538612095925943
200005,(vi),OLS,a,0.05438802634726596
200006,(vi),OLS,a,0.013898990192706538
200007,(vi),OLS,a,0.0013338133442220607
200008,(vi),OLS,a,0.013485608727023025
200009,(vi),OLS,a,-0.04991833047400412
200010,(vi),OLS,a,-0.004365441873102796
200011,(vi),OLS,a,0.06264045249375512
200012,(vi),OLS,a,0.0645074397214026
200101,(vi),OLS,a,0.06274466672052682
200102,(vi),OLS,a,0.007755204140276873
200103,(vi),OLS,a,-0.0031019003683959725
200104,(vi),OLS,a,0.12314897895284574
200105,(vi),OLS,a,-0.004169810047865423
200106,(vi),OLS,a,0.017815313991908267
200107,(vi),OLS,a,0.00516588886778652
200108,(vi),OLS,a,-0.12941575420334317
200109,(vi),OLS,a,0.007932471056244705
200110,(vi),OLS,a,0.029405143637603288
200111,(vi),OLS,a,0.0611989476585858
200112,(vi),OLS,a,0.07005269835169833
200201,(vi),OLS,a,0.009943252669883558
200202,(vi),OLS,a,0.12263446889768782
200203,(vi),OLS,a,0.08422795708888896
200204,(vi),OLS,a,0.021734455464950356
200205,(vi),OLS,a,-0.013538884972391627
200206,(vi),OLS,a,-0.12117079926371956
200207,(vi),OLS,a,-0.0312120394818712
200208,(vi),OLS,a,-0.07505123868881995
200209,(vi),OLS,a,-0.018005414751592844
200210,(vi),OLS,a,0.050460380352313365
200211,(vi),OLS,a,0.0007192126701132243
200212,(vi),OLS,a,-0.005442419575268772
200301,(vi),OLS,a,-0.039677560228264706
200302,(vi),OLS,a,-0.03361041013176833
200303,(vi),OLS,a,0.07276043714848002
200304,(vi),OLS,a,0.12377366637372138
200305,(vi),OLS,a,0.04799589002867405
200306,(vi),OLS,a,0.039888836275506205
200307,(vi),OLS,a,0.07631035658746553
200308,(vi),OLS,a,0.060722761745122325
200309,(vi),OLS,a,0.1060393929574314
200310,(vi),OLS,a,0.06527194188528761
200311,(vi),OLS,a,0.09853629824864371
200312,(vi),OLS,a,0.09211968445753733
200401,(vi),OLS,a,0.01459123204604951
200402,(vi),OLS,a,0.018855377916170257
200403,(vi),OLS,a,-0.024186566135089158
200404,(vi),OLS,a,0.01337361670111589
200405,(vi),OLS,a,0.06114613921978996
200406,(vi),OLS,a,-0.022971521535490914
200407,(vi),OLS,a,0.0023416787203792903
200408,(vi),OLS,a,0.04570361609406977
200409,(vi),OLS,a,-0.0009029082256022993
200410,(vi),OLS,a,0.09421968730021905
200411,(vi),OLS,a,0.05375369189197726
200412,(vi),OLS,a,-0.002356960414249086
200501,(vi),OLS,a,0.041771870463777366
200502,(vi),OLS,a,0.003691476316087293
200503,(vi),OLS,a,-0.048560922864424816
200504,(vi),OLS,a,0.021377573830421846
200505,(vi),OLS,a,0.05376826362269404
200506,(vi),OLS,a,0.06626482296766471
200507,(vi),OLS,a,0.020059562000267376
200508,(vi),OLS,a,0.0012643949025770817
200509,(vi),OLS,a,-0.03613733066926876
200510,(vi),OLS,a,0.03590584797398785
200511,(vi),OLS,a,-0.003255454283733123
200512,(vi),OLS,a,0.0928917591673572
200601,(vi),OLS,a,-0.014835272038329437
200602,(vi),OLS,a,0.048105352895025315
200603,(vi),OLS,a,0.03127690509859703
200604,(vi),OLS,a,-0.0201047576785462
200605,(vi),OLS,a,-0.0062007509622512965
200606,(vi),OLS,a,-0.02406823278712372
200607,(vi),OLS,a,0.004525787568413018
200608,(vi),OLS,a,-0.0012582313067072866
200609,(vi),OLS,a,0.04344162889848833
200610,(vi),OLS,a,0.03413772565169684
200611,(vi),OLS,a,0.02460794154259948
200612,(vi),OLS,a,0.01672324391017925
200701,(vi),OLS,a,0.0012784949086886497
200702,(vi),OLS,a,-0.007625859784829964
200703,(vi),OLS,a,0.02855348664483974
200704,(vi),OLS,a,0.02839044197899783
200705,(vi),OLS,a,-0.004204435288227517
200706,(vi),OLS,a,-0.05334056542705437
200707,(vi),OLS,a,-0.06004289166666577
200708,(vi),OLS,a,-0.024636884745733792
200709,(vi),OLS,a,0.011473310128588633
200710,(vi),OLS,a,-0.09791149060893627
200711,(vi),OLS,a,0.0007364601614590419
200712,(vi),OLS,a,-0.030930325162676697
200801,(vi),OLS,a,0.0031640414563014717
200802,(vi),OLS,a,0.00016282902374740676
200803,(vi),OLS,a,0.02465634976987891
200804,(vi),OLS,a,0.03789163221773482
200805,(vi),OLS,a,-0.07198628934327674
200806,(vi),OLS,a,0.0036533940364996565
200807,(vi),OLS,a,0.02118737053871649
200808,(vi),OLS,a,-0.13223773663647756
200809,(vi),OLS,a,-0.2418794277397198
200810,(vi),OLS,a,-0.17255366491532592
200811,(vi),OLS,a,0.07806687072574478
200812,(vi),OLS,a,-0.0869352609036811
200901,(vi),OLS,a,-0.16539054930550798
200902,(vi),OLS,a,0.13019601799045985
200903,(vi),OLS,a,0.3412456650655253
200904,(vi),OLS,a,0.141820049998088
200905,(vi),OLS,a,0.019604475471455957
200906,(vi),OLS,a,0.15568091360076636
200907,(vi),OLS,a,0.06498754141810634
200908,(vi),OLS,a,0.08908397288689104
200909,(vi),OLS,a,-0.053409510277957414
200910,(vi),OLS,a,0.10088597146217784
200911,(vi),OLS,a,0.0749668764447084
200912,(vi),OLS,a,-0.016968758889839588
201001,(vi),OLS,a,0.061989581805373076
201002,(vi),OLS,a,0.06515783431033223
201003,(vi),OLS,a,0.08244834125894422
201004,(vi),OLS,a,-0.07545622447105069
201005,(vi),OLS,a,-0.08224984844525329
201006,(vi),OLS,a,0.08282262760789194
201007,(vi),OLS,a,-0.07520572149101476
201008,(vi),OLS,a,0.076287645709185
201009,(vi),OLS,a,0.04232449197379503
201010,(vi),OLS,a,0.04956211916383425
201011,(vi),OLS,a,0.09889108733202936
201012,(vi),OLS,a,0.026417755761646275
201101,(vi),OLS,a,0.06010542275248668
201102,(vi),OLS,a,-0.0030100029723001817
201103,(vi),OLS,a,0.0025946803870577433
201104,(vi),OLS,a,-0.038950667474006745
201105,(vi),OLS,a,-0.00248169200100593
201106,(vi),OLS,a,0.0072722190272634995
201107,(vi),OLS,a,-0.09171991260373474
201108,(vi),OLS,a,-0.11026430506596105
201109,(vi),OLS,a,0.0961438429687589
201110,(vi),OLS,a,0.011261865284292355
201111,(vi),OLS,a,0.012085347843097475
201112,(vi),OLS,a,0.08271790125205085
201201,(vi),OLS,a,0.043735417891940194
201202,(vi),OLS,a,0.022088448577039812
201203,(vi),OLS,a,0.0015126113431553217
201204,(vi),OLS,a,-0.05956360469858042
201205,(vi),OLS,a,0.054718441451194755
201206,(vi),OLS,a,0.010330828339290811
201207,(vi),OLS,a,-0.00975540665530665
201208,(vi),OLS,a,0.03877984192824781
201209,(vi),OLS,a,-0.007986838210393267
201210,(vi),OLS,a,0.02090859132115683
201211,(vi),OLS,a,0.040879075252409816
201212,(vi),OLS,a,0.09821346448228671
201301,(vi),OLS,a,0.024888054724949583
201302,(vi),OLS,a,0.03575296854658917
201303,(vi),OLS,a,-0.03635611433747844
201304,(vi),OLS,a,0.06575936353228806
201305,(vi),OLS,a,-0.0006537735888512879
201306,(vi),OLS,a,0.06335269275686102
201307,(vi),OLS,a,0.005696865386708129
201308,(vi),OLS,a,0.08005862660561412
201309,(vi),OLS,a,0.0495857794563928
201310,(vi),OLS,a,0.035858490259728926
201311,(vi),OLS,a,0.03208756686921631
201312,(vi),OLS,a,-0.026040371099672267
201401,(vi),OLS,a,0.07390017000297534
201402,(vi),OLS,a,0.03541090878120739
201403,(vi),OLS,a,-0.02993358150690799
201404,(vi),OLS,a,-0.003990869916410916
201405,(vi),OLS,a,0.030046593863759047
201406,(vi),OLS,a,-0.06016319453222986
201407,(vi),OLS,a,0.03291669133103589
201408,(vi),OLS,a,-0.06230814715518108
201409,(vi),OLS,a,-0.006485641470477348
201410,(vi),OLS,a,-0.013991640108242291
201411,(vi),OLS,a,0.00813364119787848
201412,(vi),OLS,a,-0.03164661509841918
201501,(vi),OLS,a,0.07935264054182803
201502,(vi),OLS,a,0.00822745398111743
201503,(vi),OLS,a,0.029565549578454017
201504,(vi),OLS,a,-0.0027470122155901404
201505,(vi),OLS,a,-0.01663265542725904
201506,(vi),OLS,a,-0.09169052212809815
201507,(vi),OLS,a,-0.019007554540246715
201508,(vi),OLS,a,-0.07659414878628494
201509,(vi),OLS,a,0.06300552117426636
201510,(vi),OLS,a,0.02003681925764207
201511,(vi),OLS,a,-0.07593719253830075
201512,(vi),OLS,a,-0.071812736682832
201601,(vi),OLS,a,0.037125556410946295
201602,(vi),OLS,a,0.09860835471524132
201603,(vi),OLS,a,0.07907949625884059
201604,(vi),OLS,a,-0.047941310842090204
201605,(vi),OLS,a,0.04387968751019301
201606,(vi),OLS,a,0.030962911006401923
201607,(vi),OLS,a,0.031939690042231524
201608,(vi),OLS,a,0.046220464754740224
201609,(vi),OLS,a,-0.023310731275172244
201610,(vi),OLS,a,0.19130279815914888
201611,(vi),OLS,a,0.05397346977810653
201612,(vi),OLS,a,-0.026003020895043426
201701,(vi),OLS,a,-0.059390059799774145
201702,(vi),OLS,a,-0.007279048671837922
201703,(vi),OLS,a,-0.003657046477916184
201704,(vi),OLS,a,-0.028374901563529505
201705,(vi),OLS,a,0.05898714349353684
201706,(vi),OLS,a,0.00020101645928163894
201707,(vi),OLS,a,-0.04017507416708165
201708,(vi),OLS,a,0.08994993562980877
201709,(vi),OLS,a,-0.00011453435962961821
201710,(vi),OLS,a,0.05131422172689095
201711,(vi),OLS,a,0.027719986264902664
201712,(vi),OLS,a,0.021653221180177797
201801,(vi),OLS,a,-0.08029552504817247
201802,(vi),OLS,a,-0.0009522794488372608
201803,(vi),OLS,a,0.003858236720308686
201804,(vi),OLS,a,0.04352980645031875
201805,(vi),OLS,a,-0.010147645043110942
201806,(vi),OLS,a,0.02132853127771055
201807,(vi),OLS,a,-0.03719941165562367
201808,(vi),OLS,a,-0.02527705919172976
201809,(vi),OLS,a,-0.06778590871193237
201810,(vi),OLS,a,-0.008602313893725864
201811,(vi),OLS,a,-0.12160508983982865
201812,(vi),OLS,a,0.07935772702343843
201901,(vi),OLS,a,-0.005905730620711822
201902,(vi),OLS,a,-0.03916447997741922
201903,(vi),OLS,a,0.047271638671631665
201904,(vi),OLS,a,-0.0744582605514161
201905,(vi),OLS,a,0.027452958952003666
201906,(vi),OLS,a,-0.000729759509902749
201907,(vi),OLS,a,-0.08034946224004644
201908,(vi),OLS,a,0.1082543950618435
201909,(vi),OLS,a,-0.003266449928496679
201910,(vi),OLS,a,-0.008288202264076151
201911,(vi),OLS,a,0.08642372274178926
201912,(vi),OLS,a,-0.10356315806847007
202001,(vi),OLS,a,-0.1014813807785336
202002,(vi),OLS,a,-0.3037008856064343
202003,(vi),OLS,a,0.1935198922362715
202004,(vi),OLS,a,-0.016543352328820583
202005,(vi),OLS,a,0.00033459092320666276
202006,(vi),OLS,a,-0.0016941509944810888
202007,(vi),OLS,a,0.05829225394187836
202008,(vi),OLS,a,-0.026912601581736962
202009,(vi),OLS,a,0.01326456407156335
202010,(vi),OLS,a,0.2174491125237491
202011,(vi),OLS,a,0.08231909565332475
202012,(vi),OLS,a,0.15902762120457184
202101,(vi),OLS,a,0.14254806526973318
202102,(vi),OLS,a,0.11907742379070706
202103,(vi),OLS,a,0.030104515779359627
202104,(vi),OLS,a,0.06793883623016152
202105,(vi),OLS,a,-0.05382434059098054
202106,(vi),OLS,a,-0.04572654057906644
202107,(vi),OLS,a,0.02707578085346893
202108,(vi),OLS,a,0.003303764428389265
202109,(vi),OLS,a,0.05160740795895263
202110,(vi),OLS,a,-0.004856048987926178
202111,(vi),OLS,a,0.07971116378192158
202112,(vi),OLS,a,0.01494712841222883
202201,(vi),OLS,a,0.048533872853679653
202202,(vi),OLS,a,0.016271629244890368
202203,(vi),OLS,a,0.02065451618110847
202204,(vi),OLS,a,0.07020542498318749
202205,(vi),OLS,a,-0.08314757351903167
202206,(vi),OLS,a,0.05634026092889306
202207,(vi),OLS,a,-0.02635524011794249
202208,(vi),OLS,a,-0.11173449239569623
202209,(vi),OLS,a,0.18804248096516252
202210,(vi),OLS,a,0.06773979223574567
202211,(vi),OLS,a,-0.03602883695166074
202212,(vi),OLS,a,0.08284106362550252
202301,(vi),OLS,a,-0.017871030736988463
202302,(vi),OLS,a,-0.043287794016804076
202303,(vi),OLS,a,-0.01709588346056116
202304,(vi),OLS,a,-0.04144887986339204
202305,(vi),OLS,a,0.11327861252127443
202306,(vi),OLS,a,0.022492475692608968
202307,(vi),OLS,a,-0.01604717607725835
202308,(vi),OLS,a,-0.022318871981824442
202309,(vi),OLS,a,-0.02672100649418373
202310,(vi),OLS,a,-0.028959767243868676
202311,(vi),OLS,a,0.06237856947196583
202312,(vi),OLS,a,-0.037407435024594704
202401,(vi),OLS,a,0.05710175827862918
202402,(vi),OLS,a,0.0608049508499128
202403,(vi),OLS,a,-0.05185304349561992
202404,(vi),OLS,a,0.002249611988403506
202405,(vi),OLS,a,-0.10979957062055297
202406,(vi),OLS,a,0.09614153054993034
202407,(vi),OLS,a,-0.007056224329051195
202408,(vi),OLS,a,0.017864733613366494
202409,(vi),OLS,a,-0.053004071098555434
202410,(vi),OLS,a,0.0628431060060517
202411,(vi),OLS,a,-0.10271629140858242
197307,(vi),OLS,b_Dur,0.0014970425500899932
197308,(vi),OLS,b_Dur,0.06162525558520033
197309,(vi),OLS,b_Dur,-0.02570613404716692
197310,(vi),OLS,b_Dur,-0.01744310209817928
197311,(vi),OLS,b_Dur,0.04236158643986647
197312,(vi),OLS,b_Dur,-0.15565494149209463
197401,(vi),OLS,b_Dur,-0.03598722804085142
197402,(vi),OLS,b_Dur,-0.04155614794584937
197403,(vi),OLS,b_Dur,-0.04616268841520784
197404,(vi),OLS,b_Dur,-0.0012285690181486932
197405,(vi),OLS,b_Dur,-0.017343751408068
197406,(vi),OLS,b_Dur,-0.09137829936222087
197407,(vi),OLS,b_Dur,-0.0366782897301969
197408,(vi),OLS,b_Dur,-0.060673598182643465
197409,(vi),OLS,b_Dur,0.13514196805765977
197410,(vi),OLS,b_Dur,0.05373409733026886
197411,(vi),OLS,b_Dur,0.05480900472936243
197412,(vi),OLS,b_Dur,-0.2365046738834367
197501,(vi),OLS,b_Dur,0.049580429417317474
197502,(vi),OLS,b_Dur,-0.05986644024036858
197503,(vi),OLS,b_Dur,0.04891181088487501
197504,(vi),OLS,b_Dur,0.009988827106068146
197505,(vi),OLS,b_Dur,-0.028092506521771858
197506,(vi),OLS,b_Dur,-0.0964682139030522
197507,(vi),OLS,b_Dur,0.03869619425860446
197508,(vi),OLS,b_Dur,-0.013568103776212127
197509,(vi),OLS,b_Dur,0.031265458913388514
197510,(vi),OLS,b_Dur,-0.03318610777747656
197511,(vi),OLS,b_Dur,0.0022591857970901998
197512,(vi),OLS,b_Dur,-0.21129655090206662
197601,(vi),OLS,b_Dur,-0.1820920823097904
197602,(vi),OLS,b_Dur,-0.0028245532851037987
197603,(vi),OLS,b_Dur,0.014916324387985763
197604,(vi),OLS,b_Dur,0.05106518668270621
197605,(vi),OLS,b_Dur,0.011563596949898468
197606,(vi),OLS,b_Dur,-0.0021962111982804728
197607,(vi),OLS,b_Dur,-0.012603670091893246
197608,(vi),OLS,b_Dur,0.016061890945505437
197609,(vi),OLS,b_Dur,0.0035562145032906694
197610,(vi),OLS,b_Dur,-0.0025428786923169383
197611,(vi),OLS,b_Dur,-0.03824150781978859
197612,(vi),OLS,b_Dur,-0.11246356232344083
197701,(vi),OLS,b_Dur,-0.03101999814533053
197702,(vi),OLS,b_Dur,-0.016593617437830305
197703,(vi),OLS,b_Dur,-0.017563596824841578
197704,(vi),OLS,b_Dur,-0.02874056656372441
197705,(vi),OLS,b_Dur,0.002161747090449122
197706,(vi),OLS,b_Dur,-0.022530615156957198
197707,(vi),OLS,b_Dur,0.010417016941094752
197708,(vi),OLS,b_Dur,-0.003437934708913859
197709,(vi),OLS,b_Dur,-0.03194181332680751
197710,(vi),OLS,b_Dur,-0.0160598438761684
197711,(vi),OLS,b_Dur,0.0010159122498416145
197712,(vi),OLS,b_Dur,-0.05889032693938536
197801,(vi),OLS,b_Dur,-0.03604620229116772
197802,(vi),OLS,b_Dur,-0.022888148488823746
197803,(vi),OLS,b_Dur,0.007420886187556123
197804,(vi),OLS,b_Dur,-0.013153979324001811
197805,(vi),OLS,b_Dur,-0.01763169768188201
197806,(vi),OLS,b_Dur,0.028713541570641838
197807,(vi),OLS,b_Dur,-0.019964987953353604
197808,(vi),OLS,b_Dur,-0.03205147414460023
197809,(vi),OLS,b_Dur,-0.010681114012729545
197810,(vi),OLS,b_Dur,0.03442642207531114
197811,(vi),OLS,b_Dur,0.04222910535491479
197812,(vi),OLS,b_Dur,-0.054707413367148405
197901,(vi),OLS,b_Dur,-0.01235961688854894
197902,(vi),OLS,b_Dur,0.027531267164635727
197903,(vi),OLS,b_Dur,-0.010196907642635387
197904,(vi),OLS,b_Dur,-0.013998570703466147
197905,(vi),OLS,b_Dur,0.03200935938483184
197906,(vi),OLS,b_Dur,0.002226101037577281
197907,(vi),OLS,b_Dur,0.029323250985691957
197908,(vi),OLS,b_Dur,0.01911698094476049
197909,(vi),OLS,b_Dur,-0.00017032406983395927
197910,(vi),OLS,b_Dur,0.07322753495088836
197911,(vi),OLS,b_Dur,0.034433527758316276
197912,(vi),OLS,b_Dur,-0.0060628962275852336
198001,(vi),OLS,b_Dur,0.009776830703917615
198002,(vi),OLS,b_Dur,-0.015316007164048812
198003,(vi),OLS,b_Dur,0.027145660110812493
198004,(vi),OLS,b_Dur,0.007934916905974414
198005,(vi),OLS,b_Dur,0.019776608025560794
198006,(vi),OLS,b_Dur,0.042236867086121295
198007,(vi),OLS,b_Dur,0.038918708618816904
198008,(vi),OLS,b_Dur,0.028932343528738087
198009,(vi),OLS,b_Dur,0.018441217209201916
198010,(vi),OLS,b_Dur,0.14121444225874707
198011,(vi),OLS,b_Dur,-0.015759590960825347
198012,(vi),OLS,b_Dur,-0.09892328112721256
198101,(vi),OLS,b_Dur,-0.03635570078899521
198102,(vi),OLS,b_Dur,-0.007770768814321903
198103,(vi),OLS,b_Dur,-0.03944824194845794
198104,(vi),OLS,b_Dur,-0.016323024376139018
198105,(vi),OLS,b_Dur,-0.08452897464791886
198106,(vi),OLS,b_Dur,0.0016745047113744804
198107,(vi),OLS,b_Dur,-0.07387456016540636
198108,(vi),OLS,b_Dur,-0.04866591000092862
198109,(vi),OLS,b_Dur,0.08064807455028562
198110,(vi),OLS,b_Dur,-0.013559378412434075
198111,(vi),OLS,b_Dur,-0.03535294479053776
198112,(vi),OLS,b_Dur,-0.04297163747021494
198201,(vi),OLS,b_Dur,-0.08000432348154447
198202,(vi),OLS,b_Dur,-0.04156740435753964
198203,(vi),OLS,b_Dur,0.01922766845976659
198204,(vi),OLS,b_Dur,-0.03552190374296549
198205,(vi),OLS,b_Dur,-0.05832607150628623
198206,(vi),OLS,b_Dur,-0.036413503707416216
198207,(vi),OLS,b_Dur,0.049741127233671335
198208,(vi),OLS,b_Dur,-0.03838458582857092
198209,(vi),OLS,b_Dur,0.04268137491691734
198210,(vi),OLS,b_Dur,-0.05076406421853002
198211,(vi),OLS,b_Dur,-0.011552205904912972
198212,(vi),OLS,b_Dur,0.027533516695730714
198301,(vi),OLS,b_Dur,-0.0765490293650479
198302,(vi),OLS,b_Dur,-0.040566218084691665
198303,(vi),OLS,b_Dur,-0.0263090568016882
198304,(vi),OLS,b_Dur,0.03465252809077887
198305,(vi),OLS,b_Dur,-0.006063284246130911
198306,(vi),OLS,b_Dur,-0.03889908207276989
198307,(vi),OLS,b_Dur,-0.03652552844856279
198308,(vi),OLS,b_Dur,-0.044244166084672173
198309,(vi),OLS,b_Dur,-0.0655339285778718
198310,(vi),OLS,b_Dur,-0.011938562535337763
198311,(vi),OLS,b_Dur,-0.048239722355854484
198312,(vi),OLS,b_Dur,-0.0492114145065974
198401,(vi),OLS,b_Dur,-0.02869592586661808
198402,(vi),OLS,b_Dur,-0.04283763945203126
198403,(vi),OLS,b_Dur,-0.041635093739921365
198404,(vi),OLS,b_Dur,-0.04629553091808799
198405,(vi),OLS,b_Dur,0.005521327132158513
198406,(vi),OLS,b_Dur,-0.040624949151684325
198407,(vi),OLS,b_Dur,0.04299850508948255
198408,(vi),OLS,b_Dur,-0.059952963705863775
198409,(vi),OLS,b_Dur,-0.04966776965565047
198410,(vi),OLS,b_Dur,-0.06533981283791493
198411,(vi),OLS,b_Dur,-0.011032204308906578
198412,(vi),OLS,b_Dur,0.06636331026697692
198501,(vi),OLS,b_Dur,0.004499690383886921
198502,(vi),OLS,b_Dur,-0.0409892489222132
198503,(vi),OLS,b_Dur,-0.04579181771411085
198504,(vi),OLS,b_Dur,-0.012517990111542115
198505,(vi),OLS,b_Dur,-0.019224820086686616
198506,(vi),OLS,b_Dur,0.0019440694897622426
198507,(vi),OLS,b_Dur,-0.020158592858682017
198508,(vi),OLS,b_Dur,-0.052497618766611714
198509,(vi),OLS,b_Dur,-0.02066073405496361
198510,(vi),OLS,b_Dur,0.009600343955056247
198511,(vi),OLS,b_Dur,-0.02579757734254638
198512,(vi),OLS,b_Dur,0.02042441853345301
198601,(vi),OLS,b_Dur,-0.003797692994890852
198602,(vi),OLS,b_Dur,-0.037816688633621316
198603,(vi),OLS,b_Dur,-0.0023090924491222
198604,(vi),OLS,b_Dur,-0.0027605940524329554
198605,(vi),OLS,b_Dur,0.005791467135240404
198606,(vi),OLS,b_Dur,-0.048037559894725274
198607,(vi),OLS,b_Dur,-0.035028582683209755
198608,(vi),OLS,b_Dur,-0.053952290314504145
198609,(vi),OLS,b_Dur,0.017212394609446985
198610,(vi),OLS,b_Dur,-0.02426296116873332
198611,(vi),OLS,b_Dur,-0.04050468953891996
198612,(vi),OLS,b_Dur,0.022140033978418475
198701,(vi),OLS,b_Dur,0.05174948851334289
198702,(vi),OLS,b_Dur,-0.009003528107607954
198703,(vi),OLS,b_Dur,-0.011440504327059581
198704,(vi),OLS,b_Dur,-0.015225515503476533
198705,(vi),OLS,b_Dur,-0.018836161642245594
198706,(vi),OLS,b_Dur,-0.05894093145734253
198707,(vi),OLS,b_Dur,-0.025929742774896757
198708,(vi),OLS,b_Dur,-0.014088729664711995
198709,(vi),OLS,b_Dur,-0.05508829368802991
198710,(vi),OLS,b_Dur,-0.05240735600590024
198711,(vi),OLS,b_Dur,-0.004261860626836721
198712,(vi),OLS,b_Dur,0.025075988567828323
198801,(vi),OLS,b_Dur,-0.014828912892567126
198802,(vi),OLS,b_Dur,-0.03916719879809591
198803,(vi),OLS,b_Dur,-0.018454733810498797
198804,(vi),OLS,b_Dur,-0.039535891795391805
198805,(vi),OLS,b_Dur,0.011082711671860875
198806,(vi),OLS,b_Dur,-0.014684799170215606
198807,(vi),OLS,b_Dur,-0.030647153574387086
198808,(vi),OLS,b_Dur,0.012428400986071036
198809,(vi),OLS,b_Dur,-0.02712172990280091
198810,(vi),OLS,b_Dur,-0.03742460680508159
198811,(vi),OLS,b_Dur,-0.017084874345869958
198812,(vi),OLS,b_Dur,0.011275043938258662
198901,(vi),OLS,b_Dur,-0.01984822343840605
198902,(vi),OLS,b_Dur,-0.002184718680596647
198903,(vi),OLS,b_Dur,0.0036114536929455036
198904,(vi),OLS,b_Dur,0.0019049920430382616
198905,(vi),OLS,b_Dur,-0.02864874125307372
198906,(vi),OLS,b_Dur,0.01625824681846219
198907,(vi),OLS,b_Dur,-0.026045378580779273
198908,(vi),OLS,b_Dur,0.011590179266749195
198909,(vi),OLS,b_Dur,-0.014692366248634046
198910,(vi),OLS,b_Dur,0.0004856856221812471
198911,(vi),OLS,b_Dur,-0.003134580010691996
198912,(vi),OLS,b_Dur,-0.03481514733099563
199001,(vi),OLS,b_Dur,0.0026108414638309034
199002,(vi),OLS,b_Dur,-0.01380727921224629
199003,(vi),OLS,b_Dur,0.008633769589212144
199004,(vi),OLS,b_Dur,0.050827867269653854
199005,(vi),OLS,b_Dur,0.02869685743779295
199006,(vi),OLS,b_Dur,-0.012151682686140017
199007,(vi),OLS,b_Dur,-0.062332662025678845
199008,(vi),OLS,b_Dur,-0.037072925249349
199009,(vi),OLS,b_Dur,-0.008182894728117862
199010,(vi),OLS,b_Dur,0.03285677785985187
199011,(vi),OLS,b_Dur,-0.019381242791497673
199012,(vi),OLS,b_Dur,0.006807153629779795
199101,(vi),OLS,b_Dur,0.04338091460175713
199102,(vi),OLS,b_Dur,0.020364107933141536
199103,(vi),OLS,b_Dur,0.015820505071855777
199104,(vi),OLS,b_Dur,0.03628393646834614
199105,(vi),OLS,b_Dur,-0.025347902224477695
199106,(vi),OLS,b_Dur,0.005981994663687165
199107,(vi),OLS,b_Dur,0.017510082227093736
199108,(vi),OLS,b_Dur,0.028291442572219425
199109,(vi),OLS,b_Dur,0.03421949099296924
199110,(vi),OLS,b_Dur,0.0076440900023272106
199111,(vi),OLS,b_Dur,0.007831058456231627
199112,(vi),OLS,b_Dur,-0.02847851436364473
199201,(vi),OLS,b_Dur,-0.03375598656294736
199202,(vi),OLS,b_Dur,-0.05435232130682034
199203,(vi),OLS,b_Dur,-0.047828753483654035
199204,(vi),OLS,b_Dur,-0.027566171766351753
199205,(vi),OLS,b_Dur,-0.026143079913313598
199206,(vi),OLS,b_Dur,0.003164542762799634
199207,(vi),OLS,b_Dur,-0.02777361421530054
199208,(vi),OLS,b_Dur,0.005802124884602986
199209,(vi),OLS,b_Dur,-0.027442897647980705
199210,(vi),OLS,b_Dur,0.009904224543886939
199211,(vi),OLS,b_Dur,-0.0407909007267722
199212,(vi),OLS,b_Dur,-0.03465418293179924
199301,(vi),OLS,b_Dur,-0.047658419925627526
199302,(vi),OLS,b_Dur,-0.012483250142470845
199303,(vi),OLS,b_Dur,-0.030380069404030263
199304,(vi),OLS,b_Dur,0.004878498060020784
199305,(vi),OLS,b_Dur,0.010396297880301155
199306,(vi),OLS,b_Dur,-0.024774446978685534
199307,(vi),OLS,b_Dur,0.027800258519297495
199308,(vi),OLS,b_Dur,-0.015521347399825306
199309,(vi),OLS,b_Dur,0.004254172605104017
199310,(vi),OLS,b_Dur,-0.020891250073780253
199311,(vi),OLS,b_Dur,-0.00984318401768472
199312,(vi),OLS,b_Dur,-0.01965199912611138
199401,(vi),OLS,b_Dur,-0.03343007705630177
199402,(vi),OLS,b_Dur,-0.04748933613414974
199403,(vi),OLS,b_Dur,-0.025333024580836767
199404,(vi),OLS,b_Dur,-0.01926593449328231
199405,(vi),OLS,b_Dur,-0.040539999284769895
199406,(vi),OLS,b_Dur,0.002656664998686943
199407,(vi),OLS,b_Dur,-9.037351783360709e-05
199408,(vi),OLS,b_Dur,-0.027190812854762336
199409,(vi),OLS,b_Dur,-0.03126817990378729
199410,(vi),OLS,b_Dur,-0.03950949485817108
199411,(vi),OLS,b_Dur,-0.01850995051889828
199412,(vi),OLS,b_Dur,0.011062888925323625
199501,(vi),OLS,b_Dur,-0.005808953770553065
199502,(vi),OLS,b_Dur,-0.0008391740582769686
199503,(vi),OLS,b_Dur,-0.014644826120091735
199504,(vi),OLS,b_Dur,-0.024273583946876683
199505,(vi),OLS,b_Dur,0.06612590873679673
199506,(vi),OLS,b_Dur,0.013603218685109227
199507,(vi),OLS,b_Dur,0.018074852960888826
199508,(vi),OLS,b_Dur,-0.0028963560646631708
199509,(vi),OLS,b_Dur,-0.04495570912689861
199510,(vi),OLS,b_Dur,0.009651501770078398
199511,(vi),OLS,b_Dur,-0.004892775412139561
199512,(vi),OLS,b_Dur,0.004258066621435255
199601,(vi),OLS,b_Dur,0.01871079070015482
199602,(vi),OLS,b_Dur,0.010035226800557458
199603,(vi),OLS,b_Dur,0.01597495760102598
199604,(vi),OLS,b_Dur,0.002377039349510387
199605,(vi),OLS,b_Dur,-0.046175165032039
199606,(vi),OLS,b_Dur,-0.053600623405137764
199607,(vi),OLS,b_Dur,-0.005012485364880224
199608,(vi),OLS,b_Dur,0.02280671225394283
199609,(vi),OLS,b_Dur,-0.08277879076981631
199610,(vi),OLS,b_Dur,-0.03324392425419244
199611,(vi),OLS,b_Dur,-0.04936868610172832
199612,(vi),OLS,b_Dur,0.05000594478486527
199701,(vi),OLS,b_Dur,-0.06570554220129543
199702,(vi),OLS,b_Dur,-0.08875681518296165
199703,(vi),OLS,b_Dur,-0.024722122884841248
199704,(vi),OLS,b_Dur,0.051147522736444496
199705,(vi),OLS,b_Dur,-0.02432527930772875
199706,(vi),OLS,b_Dur,-0.022632120022469483
199707,(vi),OLS,b_Dur,0.0037942747262408906
199708,(vi),OLS,b_Dur,-0.026532426111344147
199709,(vi),OLS,b_Dur,-0.03988329408826877
199710,(vi),OLS,b_Dur,-0.03947768377861011
199711,(vi),OLS,b_Dur,-0.03082326776843948
199712,(vi),OLS,b_Dur,0.00788693365571455
199801,(vi),OLS,b_Dur,0.023012907899578446
199802,(vi),OLS,b_Dur,-0.007342037822637164
199803,(vi),OLS,b_Dur,-0.01658319960346362
199804,(vi),OLS,b_Dur,-0.04635513044234918
199805,(vi),OLS,b_Dur,0.006674692781206089
199806,(vi),OLS,b_Dur,-0.0317426557275118
199807,(vi),OLS,b_Dur,-0.10604535663950772
199808,(vi),OLS,b_Dur,0.07480073838415308
199809,(vi),OLS,b_Dur,0.02020312508743725
199810,(vi),OLS,b_Dur,0.008522761074439139
199811,(vi),OLS,b_Dur,-0.0026461268805474114
199812,(vi),OLS,b_Dur,0.001666255369404436
199901,(vi),OLS,b_Dur,-0.010764649176154674
199902,(vi),OLS,b_Dur,0.04608736185767233
199903,(vi),OLS,b_Dur,0.029103259980734222
199904,(vi),OLS,b_Dur,-0.03268101267445439
199905,(vi),OLS,b_Dur,0.0012212063526525867
199906,(vi),OLS,b_Dur,-0.003335596466401424
199907,(vi),OLS,b_Dur,-0.013747888474596263
199908,(vi),OLS,b_Dur,0.029910966131453352
199909,(vi),OLS,b_Dur,0.020105385175712726
199910,(vi),OLS,b_Dur,0.016260271046714042
199911,(vi),OLS,b_Dur,0.07840135369792796
199912,(vi),OLS,b_Dur,-0.06005587264950729
200001,(vi),OLS,b_Dur,0.022038385668081712
200002,(vi),OLS,b_Dur,-0.0056713503410300604
200003,(vi),OLS,b_Dur,-0.05247577885309712
200004,(vi),OLS,b_Dur,-0.01251214489727796
200005,(vi),OLS,b_Dur,0.03063721861788872
200006,(vi),OLS,b_Dur,-0.041390214685615226
200007,(vi),OLS,b_Dur,0.09169341691075182
200008,(vi),OLS,b_Dur,-0.08678173353921666
200009,(vi),OLS,b_Dur,-0.04263892952534956
200010,(vi),OLS,b_Dur,-0.17066222161111635
200011,(vi),OLS,b_Dur,-0.06068335084507043
200012,(vi),OLS,b_Dur,0.19948068583735146
200101,(vi),OLS,b_Dur,-0.18184598087174342
200102,(vi),OLS,b_Dur,-0.0906352838017442
200103,(vi),OLS,b_Dur,0.10221526450956507
200104,(vi),OLS,b_Dur,-0.0625977674231172
200105,(vi),OLS,b_Dur,-0.014472775532617117
200106,(vi),OLS,b_Dur,-0.08017961710218507
200107,(vi),OLS,b_Dur,-0.07928793421101481
200108,(vi),OLS,b_Dur,-0.0571568066686576
200109,(vi),OLS,b_Dur,0.08933890150795093
200110,(vi),OLS,b_Dur,0.029594901900345735
200111,(vi),OLS,b_Dur,-0.01247400449585305
200112,(vi),OLS,b_Dur,-0.10239152937508059
200201,(vi),OLS,b_Dur,-0.06356042345927837
200202,(vi),OLS,b_Dur,-0.032376710287134056
200203,(vi),OLS,b_Dur,-0.14251617306150555
200204,(vi),OLS,b_Dur,-0.06239041988252536
200205,(vi),OLS,b_Dur,-0.1099662984772852
200206,(vi),OLS,b_Dur,-0.008878819182965968
200207,(vi),OLS,b_Dur,0.013788951696971537
200208,(vi),OLS,b_Dur,-0.04712970148122864
200209,(vi),OLS,b_Dur,0.0817550895571693
200210,(vi),OLS,b_Dur,0.1623432912908756
200211,(vi),OLS,b_Dur,-0.10175033538479387
200212,(vi),OLS,b_Dur,-0.016925666376349145
200301,(vi),OLS,b_Dur,0.0012932329334106145
200302,(vi),OLS,b_Dur,0.0418999132060062
200303,(vi),OLS,b_Dur,0.06672271283107825
200304,(vi),OLS,b_Dur,0.07575432590230335
200305,(vi),OLS,b_Dur,-0.0075401415337730355
200306,(vi),OLS,b_Dur,0.013433271035500037
200307,(vi),OLS,b_Dur,-0.020164001139907305
200308,(vi),OLS,b_Dur,-0.03714416211085371
200309,(vi),OLS,b_Dur,-0.024239533670445533
200310,(vi),OLS,b_Dur,-0.04368241869501175
200311,(vi),OLS,b_Dur,-0.030249063721405248
200312,(vi),OLS,b_Dur,-0.002624309226657462
200401,(vi),OLS,b_Dur,-0.022338455099875455
200402,(vi),OLS,b_Dur,-0.030173774745634596
200403,(vi),OLS,b_Dur,-0.009746495643234569
200404,(vi),OLS,b_Dur,-0.018004016772000253
200405,(vi),OLS,b_Dur,-0.03568567401998746
200406,(vi),OLS,b_Dur,-0.07080438920217992
200407,(vi),OLS,b_Dur,-0.02961925629358446
200408,(vi),OLS,b_Dur,-0.0014124818029373656
200409,(vi),OLS,b_Dur,0.01679246315664738
200410,(vi),OLS,b_Dur,-0.0026025951958602482
200411,(vi),OLS,b_Dur,0.017220424911006064
200412,(vi),OLS,b_Dur,-0.05763689725465369
200501,(vi),OLS,b_Dur,-0.023400823599467005
200502,(vi),OLS,b_Dur,-0.06817883703776445
200503,(vi),OLS,b_Dur,-0.03237519496659047
200504,(vi),OLS,b_Dur,0.03170359014742878
200505,(vi),OLS,b_Dur,-0.032835207403803836
200506,(vi),OLS,b_Dur,0.021109445493598656
200507,(vi),OLS,b_Dur,-0.0368447730003021
200508,(vi),OLS,b_Dur,0.014777592367116427
200509,(vi),OLS,b_Dur,-0.011820155470123658
200510,(vi),OLS,b_Dur,-0.006710264323444716
200511,(vi),OLS,b_Dur,0.006774959815883164
200512,(vi),OLS,b_Dur,0.019339174988393087
200601,(vi),OLS,b_Dur,0.005314967806375581
200602,(vi),OLS,b_Dur,-0.0026513976432837134
200603,(vi),OLS,b_Dur,-0.028390429618664573
200604,(vi),OLS,b_Dur,-0.05139820846329221
200605,(vi),OLS,b_Dur,-0.016473926409501363
200606,(vi),OLS,b_Dur,-0.04367829953735035
200607,(vi),OLS,b_Dur,0.03370943900271099
200608,(vi),OLS,b_Dur,-0.029693964887406388
200609,(vi),OLS,b_Dur,0.013250600124541111
200610,(vi),OLS,b_Dur,0.0041901405390299025
200611,(vi),OLS,b_Dur,-0.026290652568311444
200612,(vi),OLS,b_Dur,0.0054923243968912575
200701,(vi),OLS,b_Dur,0.002376266415019433
200702,(vi),OLS,b_Dur,0.005363043896574288
200703,(vi),OLS,b_Dur,0.011582246989525372
200704,(vi),OLS,b_Dur,-0.00516348361723381
200705,(vi),OLS,b_Dur,-0.005647277529584784
200706,(vi),OLS,b_Dur,0.003918256934658602
200707,(vi),OLS,b_Dur,0.05210705314293252
200708,(vi),OLS,b_Dur,0.047107328069950834
200709,(vi),OLS,b_Dur,0.02669740724436999
200710,(vi),OLS,b_Dur,-0.006309245207909351
200711,(vi),OLS,b_Dur,-0.01738488652934244
200712,(vi),OLS,b_Dur,-0.030781292816469234
200801,(vi),OLS,b_Dur,-0.01060227594675664
200802,(vi),OLS,b_Dur,-0.02378497243467328
200803,(vi),OLS,b_Dur,0.007026011064488696
200804,(vi),OLS,b_Dur,0.021634073506197456
200805,(vi),OLS,b_Dur,-0.011953912597682598
200806,(vi),OLS,b_Dur,-0.003122991539215901
200807,(vi),OLS,b_Dur,-0.022408338256919354
200808,(vi),OLS,b_Dur,-0.038594369895668335
200809,(vi),OLS,b_Dur,-0.029223608147579336
200810,(vi),OLS,b_Dur,0.03554838522054634
200811,(vi),OLS,b_Dur,-0.04540995427718484
200812,(vi),OLS,b_Dur,0.08324917432930329
200901,(vi),OLS,b_Dur,0.01592067638081847
200902,(vi),OLS,b_Dur,-0.018646797080490368
200903,(vi),OLS,b_Dur,-0.08658620168826242
200904,(vi),OLS,b_Dur,-0.015653032817446233
200905,(vi),OLS,b_Dur,0.01937131436350451
200906,(vi),OLS,b_Dur,-0.04879614099812943
200907,(vi),OLS,b_Dur,0.027078300322708415
200908,(vi),OLS,b_Dur,0.02155950967309249
200909,(vi),OLS,b_Dur,-0.04810381577465629
200910,(vi),OLS,b_Dur,-0.06935683334651346
200911,(vi),OLS,b_Dur,0.01376299919292807
200912,(vi),OLS,b_Dur,0.005301628873129526
201001,(vi),OLS,b_Dur,-0.033548408394105805
201002,(vi),OLS,b_Dur,0.007482105248872783
201003,(vi),OLS,b_Dur,0.0020410066642299694
201004,(vi),OLS,b_Dur,-0.027112047704126886
201005,(vi),OLS,b_Dur,-0.003624106983945925
201006,(vi),OLS,b_Dur,0.012561084492707274
201007,(vi),OLS,b_Dur,-0.0016172425514270772
201008,(vi),OLS,b_Dur,0.039037907770032465
201009,(vi),OLS,b_Dur,0.014998484062691778
201010,(vi),OLS,b_Dur,-0.020377232434512737
201011,(vi),OLS,b_Dur,0.011640480995472985
201012,(vi),OLS,b_Dur,0.01159210815690194
201101,(vi),OLS,b_Dur,-0.0008511812821169508
201102,(vi),OLS,b_Dur,0.023109203337410247
201103,(vi),OLS,b_Dur,0.004860825549139899
201104,(vi),OLS,b_Dur,0.0077644271127890775
201105,(vi),OLS,b_Dur,-0.03914944952302539
201106,(vi),OLS,b_Dur,-0.05463486066010561
201107,(vi),OLS,b_Dur,-0.026302722109566877
201108,(vi),OLS,b_Dur,-0.05008384804643969
201109,(vi),OLS,b_Dur,0.07195514445278695
201110,(vi),OLS,b_Dur,-0.02419342420022747
201111,(vi),OLS,b_Dur,-0.02262391297501848
201112,(vi),OLS,b_Dur,0.03773258688352945
201201,(vi),OLS,b_Dur,-0.0016112531563445276
201202,(vi),OLS,b_Dur,-0.018921407632364357
201203,(vi),OLS,b_Dur,-0.019463671523065145
201204,(vi),OLS,b_Dur,-0.04635205963855908
201205,(vi),OLS,b_Dur,-0.0005205008274355022
201206,(vi),OLS,b_Dur,-0.02334815506415837
201207,(vi),OLS,b_Dur,0.046583784196171374
201208,(vi),OLS,b_Dur,0.006980128353881801
201209,(vi),OLS,b_Dur,-0.021893864565467984
201210,(vi),OLS,b_Dur,-0.017190835474837473
201211,(vi),OLS,b_Dur,-0.0120520156290558
201212,(vi),OLS,b_Dur,-0.019970756159870866
201301,(vi),OLS,b_Dur,-0.02548042851293403
201302,(vi),OLS,b_Dur,0.010842775115237279
201303,(vi),OLS,b_Dur,0.029079251283746638
201304,(vi),OLS,b_Dur,-0.008696242060707548
201305,(vi),OLS,b_Dur,-0.02190114708060703
201306,(vi),OLS,b_Dur,0.018642225838539774
201307,(vi),OLS,b_Dur,-0.026658010136893368
201308,(vi),OLS,b_Dur,-0.0014951095656386172
201309,(vi),OLS,b_Dur,-0.0311137230009127
201310,(vi),OLS,b_Dur,0.0007147287731867815
201311,(vi),OLS,b_Dur,0.010397549998013539
201312,(vi),OLS,b_Dur,0.04109551426357526
201401,(vi),OLS,b_Dur,-0.00803948991968266
201402,(vi),OLS,b_Dur,-0.03187376187340111
201403,(vi),OLS,b_Dur,-0.004856771476050885
201404,(vi),OLS,b_Dur,0.0085503318659571
201405,(vi),OLS,b_Dur,0.04639302245853802
201406,(vi),OLS,b_Dur,0.002908878284899878
201407,(vi),OLS,b_Dur,0.006300399466514749
201408,(vi),OLS,b_Dur,-0.02826111654068001
201409,(vi),OLS,b_Dur,0.0012608715473061555
201410,(vi),OLS,b_Dur,-0.014208017958906981
201411,(vi),OLS,b_Dur,-0.03340062411484576
201412,(vi),OLS,b_Dur,-0.00686648996369986
201501,(vi),OLS,b_Dur,0.040985689014174057
201502,(vi),OLS,b_Dur,-0.0339027238294692
201503,(vi),OLS,b_Dur,-0.012283547505951675
201504,(vi),OLS,b_Dur,-0.004281296873189459
201505,(vi),OLS,b_Dur,-0.01597304023473428
201506,(vi),OLS,b_Dur,0.022547149380234346
201507,(vi),OLS,b_Dur,-0.023283765677151257
201508,(vi),OLS,b_Dur,-0.03553020529065324
201509,(vi),OLS,b_Dur,0.010177489189210425
201510,(vi),OLS,b_Dur,0.008047409307943077
201511,(vi),OLS,b_Dur,-0.020535206432461036
201512,(vi),OLS,b_Dur,-0.05624875480738457
201601,(vi),OLS,b_Dur,-0.034881328707001086
201602,(vi),OLS,b_Dur,0.018927450735102633
201603,(vi),OLS,b_Dur,-0.0012366337010020628
201604,(vi),OLS,b_Dur,0.055606114615688734
201605,(vi),OLS,b_Dur,-0.0608601141882603
201606,(vi),OLS,b_Dur,0.03342775476251508
201607,(vi),OLS,b_Dur,-0.01330619254847579
201608,(vi),OLS,b_Dur,-0.007033436865000908
201609,(vi),OLS,b_Dur,-0.07050308599586538
201610,(vi),OLS,b_Dur,-0.0930924490589583
201611,(vi),OLS,b_Dur,-0.057669448851661136
201612,(vi),OLS,b_Dur,0.07428748464923131
201701,(vi),OLS,b_Dur,0.0692707234528339
201702,(vi),OLS,b_Dur,0.011913620437630893
201703,(vi),OLS,b_Dur,-0.006834573873849314
201704,(vi),OLS,b_Dur,-0.0053886139049662655
201705,(vi),OLS,b_Dur,-0.025811694441482562
201706,(vi),OLS,b_Dur,0.00045543743982650047
201707,(vi),OLS,b_Dur,0.020193846986657306
201708,(vi),OLS,b_Dur,0.004834650994177528
201709,(vi),OLS,b_Dur,0.004475747060381792
201710,(vi),OLS,b_Dur,-0.03337020809589648
201711,(vi),OLS,b_Dur,-0.011568393914452975
201712,(vi),OLS,b_Dur,0.02158057997117867
201801,(vi),OLS,b_Dur,0.01812688204813697
201802,(vi),OLS,b_Dur,-0.013057912624275587
201803,(vi),OLS,b_Dur,0.001968582535113587
201804,(vi),OLS,b_Dur,-0.0046535091486767915
201805,(vi),OLS,b_Dur,-0.00910641227902427
201806,(vi),OLS,b_Dur,-0.02730728649124042
201807,(vi),OLS,b_Dur,0.04439233255486853
201808,(vi),OLS,b_Dur,0.008170587166630243
201809,(vi),OLS,b_Dur,-0.07609015623138815
201810,(vi),OLS,b_Dur,-0.012887001543922343
201811,(vi),OLS,b_Dur,-0.05810278637146682
201812,(vi),OLS,b_Dur,0.10112972412853048
201901,(vi),OLS,b_Dur,0.06213492253660559
201902,(vi),OLS,b_Dur,0.035777556646547345
201903,(vi),OLS,b_Dur,-0.03398503034971753
201904,(vi),OLS,b_Dur,-0.030122720231073652
201905,(vi),OLS,b_Dur,0.04151326622863228
201906,(vi),OLS,b_Dur,-0.02495658615919317
201907,(vi),OLS,b_Dur,0.006503604938249724
201908,(vi),OLS,b_Dur,-0.11705800322712086
201909,(vi),OLS,b_Dur,-0.01908862999347285
201910,(vi),OLS,b_Dur,0.06999853730100243
201911,(vi),OLS,b_Dur,-0.015341770772406116
201912,(vi),OLS,b_Dur,0.10374545280666568
202001,(vi),OLS,b_Dur,0.02225647354141222
202002,(vi),OLS,b_Dur,0.04679205929585277
202003,(vi),OLS,b_Dur,0.06856838248015666
202004,(vi),OLS,b_Dur,0.11077546428567445
202005,(vi),OLS,b_Dur,0.08692574470730448
202006,(vi),OLS,b_Dur,0.050879633286982626
202007,(vi),OLS,b_Dur,-0.009926708921003644
202008,(vi),OLS,b_Dur,-0.011871232690808788
202009,(vi),OLS,b_Dur,-0.015546232713935404
202010,(vi),OLS,b_Dur,0.054751509309426745
202011,(vi),OLS,b_Dur,0.025626339317656285
202012,(vi),OLS,b_Dur,-0.014508860578644298
202101,(vi),OLS,b_Dur,-0.019182830227655066
202102,(vi),OLS,b_Dur,-0.1078466538172358
202103,(vi),OLS,b_Dur,-0.0380868027776154
202104,(vi),OLS,b_Dur,-0.04239665135975847
202105,(vi),OLS,b_Dur,0.09541933569803386
202106,(vi),OLS,b_Dur,-0.03376592224641489
202107,(vi),OLS,b_Dur,0.0018911923100432652
202108,(vi),OLS,b_Dur,-0.009806263161022441
202109,(vi),OLS,b_Dur,-0.03874683811114604
202110,(vi),OLS,b_Dur,-0.10467153316826841
202111,(vi),OLS,b_Dur,-0.10044913544631547
202112,(vi),OLS,b_Dur,-0.08831183103715776
202201,(vi),OLS,b_Dur,-0.015612821244337265
202202,(vi),OLS,b_Dur,0.055482963924639035
202203,(vi),OLS,b_Dur,-0.17738516980426094
202204,(vi),OLS,b_Dur,-0.09763652161763275
202205,(vi),OLS,b_Dur,0.011340015144996546
202206,(vi),OLS,b_Dur,0.013074882488494914
202207,(vi),OLS,b_Dur,0.041293542706029855
202208,(vi),OLS,b_Dur,-0.032842705918782966
202209,(vi),OLS,b_Dur,-0.13202209455726097
202210,(vi),OLS,b_Dur,-0.08079262160477788
202211,(vi),OLS,b_Dur,-0.028083012011710963
202212,(vi),OLS,b_Dur,0.11389196451018167
202301,(vi),OLS,b_Dur,-0.06377805638459683
202302,(vi),OLS,b_Dur,-0.03309526331288032
202303,(vi),OLS,b_Dur,-0.014936952156782129
202304,(vi),OLS,b_Dur,0.058257856516003945
202305,(vi),OLS,b_Dur,-0.0713608554489428
202306,(vi),OLS,b_Dur,0.014565436904307894
202307,(vi),OLS,b_Dur,-0.08355543989355824
202308,(vi),OLS,b_Dur,-0.08354340713230579
202309,(vi),OLS,b_Dur,-0.10407538752285073
202310,(vi),OLS,b_Dur,0.1080480419742173
202311,(vi),OLS,b_Dur,0.08137782648539903
202312,(vi),OLS,b_Dur,-0.004457731176245525
202401,(vi),OLS,b_Dur,0.014502538638668114
202402,(vi),OLS,b_Dur,-0.0331952987523786
202403,(vi),OLS,b_Dur,-0.0484235159034846
202404,(vi),OLS,b_Dur,0.02941635484488568
202405,(vi),OLS,b_Dur,0.06175368389505205
202406,(vi),OLS,b_Dur,-0.007715358096983718
202407,(vi),OLS,b_Dur,-0.035894257770155646
202408,(vi),OLS,b_Dur,-0.022430683853225247
202409,(vi),OLS,b_Dur,0.0595686269054839
202410,(vi),OLS,b_Dur,0.009969859573473468
202411,(vi),OLS,b_Dur,0.0733166767005787
197307,(vi),OLS,b_GP,-0.02261053884488585
197308,(vi),OLS,b_GP,-0.048576031136692246
197309,(vi),OLS,b_GP,-0.06106359422722313
197310,(vi),OLS,b_GP,-0.036466991152238205
197311,(vi),OLS,b_GP,-0.07682190356082465
197312,(vi),OLS,b_GP,-0.016561951748100545
197401,(vi),OLS,b_GP,-0.010690634380631149
197402,(vi),OLS,b_GP,0.0315704156342962
197403,(vi),OLS,b_GP,0.006284103131639525
197404,(vi),OLS,b_GP,0.028322731529446216
197405,(vi),OLS,b_GP,-0.028035245922925695
197406,(vi),OLS,b_GP,-0.029801426636919363
197407,(vi),OLS,b_GP,-0.015412844945987372
197408,(vi),OLS,b_GP,0.005219254913676925
197409,(vi),OLS,b_GP,-0.04177811671903438
197410,(vi),OLS,b_GP,-0.009619506000062783
197411,(vi),OLS,b_GP,0.004464983099031906
197412,(vi),OLS,b_GP,0.03257737165588584
197501,(vi),OLS,b_GP,-0.01771402262047
197502,(vi),OLS,b_GP,0.032963146805940785
197503,(vi),OLS,b_GP,-0.013028987007000843
197504,(vi),OLS,b_GP,-0.007299010498291385
197505,(vi),OLS,b_GP,-0.004461641637681053
197506,(vi),OLS,b_GP,-0.01195322816695514
197507,(vi),OLS,b_GP,0.0010302795137688905
197508,(vi),OLS,b_GP,0.01689871049729812
197509,(vi),OLS,b_GP,0.04189701312314224
197510,(vi),OLS,b_GP,0.05411633524994861
197511,(vi),OLS,b_GP,-0.023866998641727314
197512,(vi),OLS,b_GP,-0.016457117456879833
197601,(vi),OLS,b_GP,-0.010092650369040043
197602,(vi),OLS,b_GP,0.019985936022886473
197603,(vi),OLS,b_GP,-0.02159095888061663
197604,(vi),OLS,b_GP,-0.025087834411292913
197605,(vi),OLS,b_GP,-0.026389567359294347
197606,(vi),OLS,b_GP,0.007918071530454616
197607,(vi),OLS,b_GP,0.01506268535990412
197608,(vi),OLS,b_GP,-0.006879542698280264
197609,(vi),OLS,b_GP,-0.00909827316649649
197610,(vi),OLS,b_GP,-0.00854942187643272
197611,(vi),OLS,b_GP,-0.006317093611050949
197612,(vi),OLS,b_GP,-0.012878846041966485
197701,(vi),OLS,b_GP,0.012713530971457016
197702,(vi),OLS,b_GP,-0.017742977903205313
197703,(vi),OLS,b_GP,-0.020002083745755954
197704,(vi),OLS,b_GP,0.012212371841451585
197705,(vi),OLS,b_GP,0.0007808034653169748
197706,(vi),OLS,b_GP,0.019885473819137425
197707,(vi),OLS,b_GP,0.03932325671269654
197708,(vi),OLS,b_GP,0.011649244796674202
197709,(vi),OLS,b_GP,0.017541928878793144
197710,(vi),OLS,b_GP,0.007592696514963056
197711,(vi),OLS,b_GP,0.0007843559870453149
197712,(vi),OLS,b_GP,-0.011946249873070872
197801,(vi),OLS,b_GP,0.01910253175296901
197802,(vi),OLS,b_GP,-0.007325531302873212
197803,(vi),OLS,b_GP,0.009942958706298275
197804,(vi),OLS,b_GP,0.019389091752079732
197805,(vi),OLS,b_GP,0.006176137116378119
197806,(vi),OLS,b_GP,-0.016425833099445217
197807,(vi),OLS,b_GP,0.024768456787325036
197808,(vi),OLS,b_GP,-0.025558067898074355
197809,(vi),OLS,b_GP,-0.012079470023231734
197810,(vi),OLS,b_GP,0.014861586648512538
197811,(vi),OLS,b_GP,0.010008818046254257
197812,(vi),OLS,b_GP,-0.0301516116490102
197901,(vi),OLS,b_GP,-0.012136394829315566
197902,(vi),OLS,b_GP,-0.03408798866526303
197903,(vi),OLS,b_GP,-0.019210398477612328
197904,(vi),OLS,b_GP,-0.001843338980079899
197905,(vi),OLS,b_GP,-0.058656632109358675
197906,(vi),OLS,b_GP,-0.0009555714510006738
197907,(vi),OLS,b_GP,0.002019980954621848
197908,(vi),OLS,b_GP,-0.019094859355897543
197909,(vi),OLS,b_GP,0.006453564959323209
197910,(vi),OLS,b_GP,-0.024101491177461173
197911,(vi),OLS,b_GP,-0.036946019086665366
197912,(vi),OLS,b_GP,-0.07987464258229626
198001,(vi),OLS,b_GP,-0.03020012322016958
198002,(vi),OLS,b_GP,0.04589051469257691
198003,(vi),OLS,b_GP,-0.002146630849650482
198004,(vi),OLS,b_GP,0.021347982825670957
198005,(vi),OLS,b_GP,-0.016749728706866206
198006,(vi),OLS,b_GP,0.024807748439740172
198007,(vi),OLS,b_GP,0.003733817809404596
198008,(vi),OLS,b_GP,-0.004357524422066616
198009,(vi),OLS,b_GP,-0.006554020517979566
198010,(vi),OLS,b_GP,-0.037343433724527225
198011,(vi),OLS,b_GP,0.0466478125670071
198012,(vi),OLS,b_GP,-5.682403290027671e-05
198101,(vi),OLS,b_GP,-0.013871451620038822
198102,(vi),OLS,b_GP,0.011748788983329879
198103,(vi),OLS,b_GP,0.058008365345271116
198104,(vi),OLS,b_GP,0.010096622849922588
198105,(vi),OLS,b_GP,0.012099283785379417
198106,(vi),OLS,b_GP,-0.016172552064258317
198107,(vi),OLS,b_GP,0.004123437006307164
198108,(vi),OLS,b_GP,0.03770178256187481
198109,(vi),OLS,b_GP,0.004488943911854892
198110,(vi),OLS,b_GP,0.009456846091715996
198111,(vi),OLS,b_GP,0.04524757821277047
198112,(vi),OLS,b_GP,0.02059168576080909
198201,(vi),OLS,b_GP,0.023326392342936993
198202,(vi),OLS,b_GP,0.04856345571507225
198203,(vi),OLS,b_GP,0.02763048531388842
198204,(vi),OLS,b_GP,0.02691718903333977
198205,(vi),OLS,b_GP,0.02477668849238881
198206,(vi),OLS,b_GP,0.03507029347014695
198207,(vi),OLS,b_GP,-0.0013915602466946786
198208,(vi),OLS,b_GP,0.056010367427179464
198209,(vi),OLS,b_GP,0.018104600205556865
198210,(vi),OLS,b_GP,0.060308266588273235
198211,(vi),OLS,b_GP,0.01607099036424709
198212,(vi),OLS,b_GP,-0.06846643893903824
198301,(vi),OLS,b_GP,0.048133253413399094
198302,(vi),OLS,b_GP,0.025012820099585848
198303,(vi),OLS,b_GP,0.0038536538152795195
198304,(vi),OLS,b_GP,-0.031054271398271265
198305,(vi),OLS,b_GP,0.013856440493279462
198306,(vi),OLS,b_GP,-0.02484214074584156
198307,(vi),OLS,b_GP,-0.00247100902940749
198308,(vi),OLS,b_GP,0.0373666795651712
198309,(vi),OLS,b_GP,-0.004220967988410283
198310,(vi),OLS,b_GP,0.02432225528949555
198311,(vi),OLS,b_GP,-0.007412409746030916
198312,(vi),OLS,b_GP,-0.049381559132556534
198401,(vi),OLS,b_GP,-0.019544443921288894
198402,(vi),OLS,b_GP,0.0010477935734214058
198403,(vi),OLS,b_GP,0.02659648912671791
198404,(vi),OLS,b_GP,0.028256407314922502
198405,(vi),OLS,b_GP,0.05723010399490159
198406,(vi),OLS,b_GP,0.045975126219111956
198407,(vi),OLS,b_GP,0.04881493965865874
198408,(vi),OLS,b_GP,-0.008982272016597355
198409,(vi),OLS,b_GP,0.03749435055638153
198410,(vi),OLS,b_GP,0.024862705572458954
198411,(vi),OLS,b_GP,0.042503385648720714
198412,(vi),OLS,b_GP,0.01819688980360791
198501,(vi),OLS,b_GP,0.003983490484989014
198502,(vi),OLS,b_GP,-0.006676632689000549
198503,(vi),OLS,b_GP,0.0018898686730633232
198504,(vi),OLS,b_GP,0.04169677371671186
198505,(vi),OLS,b_GP,0.03390509624731625
198506,(vi),OLS,b_GP,-0.0009711489211223065
198507,(vi),OLS,b_GP,-0.007922629282301336
198508,(vi),OLS,b_GP,0.02242037876862063
198509,(vi),OLS,b_GP,0.03733675096573917
198510,(vi),OLS,b_GP,0.0557209643571325
198511,(vi),OLS,b_GP,0.06104489296992552
198512,(vi),OLS,b_GP,-0.0016860193951556742
198601,(vi),OLS,b_GP,0.042732600688869006
198602,(vi),OLS,b_GP,0.013869657419005064
198603,(vi),OLS,b_GP,0.029225166333246195
198604,(vi),OLS,b_GP,0.04376228803596767
198605,(vi),OLS,b_GP,0.03338323897143826
198606,(vi),OLS,b_GP,0.01403781741201689
198607,(vi),OLS,b_GP,-0.036639598677086604
198608,(vi),OLS,b_GP,-0.04929615981843809
198609,(vi),OLS,b_GP,0.037641498980961384
198610,(vi),OLS,b_GP,0.04649881663824877
198611,(vi),OLS,b_GP,0.0273657857964255
198612,(vi),OLS,b_GP,-0.03110511690296377
198701,(vi),OLS,b_GP,0.014894120871533852
198702,(vi),OLS,b_GP,-0.06266705437642092
198703,(vi),OLS,b_GP,-0.01860798522335698
198704,(vi),OLS,b_GP,-0.01762190879781706
198705,(vi),OLS,b_GP,0.012938898048883847
198706,(vi),OLS,b_GP,-0.06784775737554125
198707,(vi),OLS,b_GP,0.04930931717980015
198708,(vi),OLS,b_GP,0.0035231870258774535
198709,(vi),OLS,b_GP,-0.0038021258936948507
198710,(vi),OLS,b_GP,-0.0073641519837412545
198711,(vi),OLS,b_GP,0.07025519609366834
198712,(vi),OLS,b_GP,-0.019994409486493538
198801,(vi),OLS,b_GP,0.024827519377453568
198802,(vi),OLS,b_GP,-0.009603702462084446
198803,(vi),OLS,b_GP,-0.007447137366831323
198804,(vi),OLS,b_GP,0.01333852713821489
198805,(vi),OLS,b_GP,0.02873344070859532
198806,(vi),OLS,b_GP,-0.0022403543493017316
198807,(vi),OLS,b_GP,0.008661983619204259
198808,(vi),OLS,b_GP,0.029397858087338295
198809,(vi),OLS,b_GP,0.020952094513998133
198810,(vi),OLS,b_GP,0.009654572396311269
198811,(vi),OLS,b_GP,0.016781569224525426
198812,(vi),OLS,b_GP,-0.007969230341449147
198901,(vi),OLS,b_GP,0.011880242749285784
198902,(vi),OLS,b_GP,-0.00790412464227945
198903,(vi),OLS,b_GP,0.00011851873747794391
198904,(vi),OLS,b_GP,0.022310853664693896
198905,(vi),OLS,b_GP,-0.00810880989200682
198906,(vi),OLS,b_GP,0.011952351072471506
198907,(vi),OLS,b_GP,-0.012635392177574343
198908,(vi),OLS,b_GP,0.013462752853708588
198909,(vi),OLS,b_GP,0.007780328402681681
198910,(vi),OLS,b_GP,-0.01853670450834215
198911,(vi),OLS,b_GP,0.009244145937226516
198912,(vi),OLS,b_GP,-0.032865850057657124
199001,(vi),OLS,b_GP,-0.020406213702723747
199002,(vi),OLS,b_GP,0.026334049008700153
199003,(vi),OLS,b_GP,0.026227421432049855
199004,(vi),OLS,b_GP,0.01856718538675206
199005,(vi),OLS,b_GP,0.010613316291878762
199006,(vi),OLS,b_GP,-0.03499848254313129
199007,(vi),OLS,b_GP,-0.05326809770179266
199008,(vi),OLS,b_GP,-0.031951955135697846
199009,(vi),OLS,b_GP,0.020955603911903122
199010,(vi),OLS,b_GP,0.043705134534440054
199011,(vi),OLS,b_GP,0.0502923704356173
199012,(vi),OLS,b_GP,0.0003578716160850129
199101,(vi),OLS,b_GP,-0.007666208401964112
199102,(vi),OLS,b_GP,0.03384639729635563
199103,(vi),OLS,b_GP,0.04282957367400114
199104,(vi),OLS,b_GP,0.03177075050123747
199105,(vi),OLS,b_GP,0.0011640805164535063
199106,(vi),OLS,b_GP,-0.0010850441983597126
199107,(vi),OLS,b_GP,0.045508555143067536
199108,(vi),OLS,b_GP,0.00697134392566625
199109,(vi),OLS,b_GP,-0.0044113037650399395
199110,(vi),OLS,b_GP,0.022328983984366148
199111,(vi),OLS,b_GP,0.03508464759687616
199112,(vi),OLS,b_GP,-0.014238170691374319
199201,(vi),OLS,b_GP,0.03236444948121307
199202,(vi),OLS,b_GP,0.004963072394192726
199203,(vi),OLS,b_GP,-0.025909513426926073
199204,(vi),OLS,b_GP,-0.01589180578200689
199205,(vi),OLS,b_GP,-0.018199311343213113
199206,(vi),OLS,b_GP,-0.008272627184398487
199207,(vi),OLS,b_GP,0.011082180927907338
199208,(vi),OLS,b_GP,-0.019608685229303757
199209,(vi),OLS,b_GP,0.035292479448231606
199210,(vi),OLS,b_GP,0.05785437258212035
199211,(vi),OLS,b_GP,0.011387266009068676
199212,(vi),OLS,b_GP,-0.021589921596981067
199301,(vi),OLS,b_GP,-0.04821980231421694
199302,(vi),OLS,b_GP,-0.020091037289808617
199303,(vi),OLS,b_GP,-0.0474359221572996
199304,(vi),OLS,b_GP,-0.003920544199897533
199305,(vi),OLS,b_GP,-0.01924062971483069
199306,(vi),OLS,b_GP,-0.020133547672006865
199307,(vi),OLS,b_GP,-0.01607933341702572
199308,(vi),OLS,b_GP,0.008443799585294324
199309,(vi),OLS,b_GP,-0.013460911409218011
199310,(vi),OLS,b_GP,0.0319361819895403
199311,(vi),OLS,b_GP,0.009328477064878622
199312,(vi),OLS,b_GP,-0.05208602613282526
199401,(vi),OLS,b_GP,0.00492525992297187
199402,(vi),OLS,b_GP,-0.011920590187671207
199403,(vi),OLS,b_GP,-0.0028347025804538566
199404,(vi),OLS,b_GP,-0.025554335583637615
199405,(vi),OLS,b_GP,-0.011708128512210161
199406,(vi),OLS,b_GP,-0.011431173019351704
199407,(vi),OLS,b_GP,0.030910694852228044
199408,(vi),OLS,b_GP,0.000654771423323576
199409,(vi),OLS,b_GP,0.017389894169657673
199410,(vi),OLS,b_GP,0.027209638507402937
199411,(vi),OLS,b_GP,0.01625961128136808
199412,(vi),OLS,b_GP,-0.007762138477571528
199501,(vi),OLS,b_GP,0.0041772796635841354
199502,(vi),OLS,b_GP,0.005686036872607438
199503,(vi),OLS,b_GP,0.008428084651627915
199504,(vi),OLS,b_GP,-0.03481033979659944
199505,(vi),OLS,b_GP,0.05660515592626111
199506,(vi),OLS,b_GP,0.04709865202898725
199507,(vi),OLS,b_GP,-0.013434573037999482
199508,(vi),OLS,b_GP,-0.0022693128273966034
199509,(vi),OLS,b_GP,0.0016907742782642649
199510,(vi),OLS,b_GP,0.005798823055778061
199511,(vi),OLS,b_GP,-0.051627882383850215
199512,(vi),OLS,b_GP,-0.047043766967865976
199601,(vi),OLS,b_GP,0.03171489386326655
199602,(vi),OLS,b_GP,0.00481815945233678
199603,(vi),OLS,b_GP,0.02464274067382581
199604,(vi),OLS,b_GP,0.02246879413332538
199605,(vi),OLS,b_GP,-0.029676614420040777
199606,(vi),OLS,b_GP,-0.01433911857326197
199607,(vi),OLS,b_GP,-0.016346522947917295
199608,(vi),OLS,b_GP,0.015931096529418487
199609,(vi),OLS,b_GP,-0.03637016600015996
199610,(vi),OLS,b_GP,-0.008027457222585823
199611,(vi),OLS,b_GP,-0.024194731504034145
199612,(vi),OLS,b_GP,0.005663967783295171
199701,(vi),OLS,b_GP,-0.022834650761525587
199702,(vi),OLS,b_GP,-0.04611301980293035
199703,(vi),OLS,b_GP,0.01663294786624832
199704,(vi),OLS,b_GP,0.029122928916009934
199705,(vi),OLS,b_GP,-0.005989237335779727
199706,(vi),OLS,b_GP,0.008332238416820658
199707,(vi),OLS,b_GP,0.00206746069397787
199708,(vi),OLS,b_GP,-0.0594990321188781
199709,(vi),OLS,b_GP,-0.022283983471923917
199710,(vi),OLS,b_GP,0.03518863629836691
199711,(vi),OLS,b_GP,-0.004469945598066689
199712,(vi),OLS,b_GP,0.0035455401649294085
199801,(vi),OLS,b_GP,0.03729385782750668
199802,(vi),OLS,b_GP,-0.005957595834719815
199803,(vi),OLS,b_GP,0.013602364972419193
199804,(vi),OLS,b_GP,-0.0012644543750258003
199805,(vi),OLS,b_GP,0.06723114192615386
199806,(vi),OLS,b_GP,0.008676487220424134
199807,(vi),OLS,b_GP,-0.022726949317867638
199808,(vi),OLS,b_GP,0.02764394984376068
199809,(vi),OLS,b_GP,0.0117497475345695
199810,(vi),OLS,b_GP,0.10464123825799898
199811,(vi),OLS,b_GP,0.07791328457585928
199812,(vi),OLS,b_GP,0.016026356835759974
199901,(vi),OLS,b_GP,0.008673682544841183
199902,(vi),OLS,b_GP,-0.018336785487090054
199903,(vi),OLS,b_GP,-0.026123133486415415
199904,(vi),OLS,b_GP,0.006012695700526104
199905,(vi),OLS,b_GP,0.026283586714552998
199906,(vi),OLS,b_GP,-0.022146097955182156
199907,(vi),OLS,b_GP,0.0022207795654091457
199908,(vi),OLS,b_GP,0.0461776766166151
199909,(vi),OLS,b_GP,0.06409227982490528
199910,(vi),OLS,b_GP,0.022755798757500587
199911,(vi),OLS,b_GP,0.015425581716966535
199912,(vi),OLS,b_GP,-0.08275091739557165
200001,(vi),OLS,b_GP,0.007011744327906629
200002,(vi),OLS,b_GP,-0.017282569095810153
200003,(vi),OLS,b_GP,-0.033871530231942906
200004,(vi),OLS,b_GP,-0.019998511666170605
200005,(vi),OLS,b_GP,-0.008960797476127956
200006,(vi),OLS,b_GP,-0.03071270645574646
200007,(vi),OLS,b_GP,0.034566150188589814
200008,(vi),OLS,b_GP,-0.03428656475152145
200009,(vi),OLS,b_GP,0.0273430128031987
200010,(vi),OLS,b_GP,-0.05168667593873394
200011,(vi),OLS,b_GP,-0.08520846799275822
200012,(vi),OLS,b_GP,0.13084928984712496
200101,(vi),OLS,b_GP,-0.0691141266552551
200102,(vi),OLS,b_GP,-0.05316395682239061
200103,(vi),OLS,b_GP,0.04869350267432602
200104,(vi),OLS,b_GP,-0.04457486556300923
200105,(vi),OLS,b_GP,0.04486677675855166
200106,(vi),OLS,b_GP,0.006417160417533513
200107,(vi),OLS,b_GP,-0.0017740105694397795
200108,(vi),OLS,b_GP,0.03175407839125213
200109,(vi),OLS,b_GP,0.05008202483684682
200110,(vi),OLS,b_GP,0.06772508671591627
200111,(vi),OLS,b_GP,0.01443396902208738
200112,(vi),OLS,b_GP,0.029628489111260786
200201,(vi),OLS,b_GP,-0.007430409510060243
200202,(vi),OLS,b_GP,-0.027702825411386144
200203,(vi),OLS,b_GP,-0.00742118096565042
200204,(vi),OLS,b_GP,-0.004439915090880556
200205,(vi),OLS,b_GP,-0.0047528793483380405
200206,(vi),OLS,b_GP,-0.005642966085496179
200207,(vi),OLS,b_GP,0.038508891000287565
200208,(vi),OLS,b_GP,0.013785119343345458
200209,(vi),OLS,b_GP,0.055755849308927255
200210,(vi),OLS,b_GP,0.007247750979349904
200211,(vi),OLS,b_GP,-0.013380246421795403
200212,(vi),OLS,b_GP,0.008775402389357919
200301,(vi),OLS,b_GP,0.02608490512171622
200302,(vi),OLS,b_GP,0.039601837585788585
200303,(vi),OLS,b_GP,-0.004004460124794745
200304,(vi),OLS,b_GP,-0.05432712536926189
200305,(vi),OLS,b_GP,0.017616239767385654
200306,(vi),OLS,b_GP,0.060231501438528026
200307,(vi),OLS,b_GP,-0.01385415450448962
200308,(vi),OLS,b_GP,-0.04791767800656656
200309,(vi),OLS,b_GP,0.007146826828757955
200310,(vi),OLS,b_GP,-0.0011966627238529093
200311,(vi),OLS,b_GP,-0.0892826301763732
200312,(vi),OLS,b_GP,-0.035838857723797204
200401,(vi),OLS,b_GP,0.013539121486986222
200402,(vi),OLS,b_GP,0.0031787724704932865
200403,(vi),OLS,b_GP,0.00683218862073867
200404,(vi),OLS,b_GP,0.00020237528938024316
200405,(vi),OLS,b_GP,-0.023948365598061516
200406,(vi),OLS,b_GP,-0.03221761010335081
200407,(vi),OLS,b_GP,-0.021856387980402667
200408,(vi),OLS,b_GP,-0.0022101417171868118
200409,(vi),OLS,b_GP,0.021373116847542097
200410,(vi),OLS,b_GP,0.002854876808915971
200411,(vi),OLS,b_GP,0.0049988043455800445
200412,(vi),OLS,b_GP,-0.009340884365029362
200501,(vi),OLS,b_GP,-0.029231055770408833
200502,(vi),OLS,b_GP,0.007942996160813454
200503,(vi),OLS,b_GP,0.0007898529318322509
200504,(vi),OLS,b_GP,0.032888776364171445
200505,(vi),OLS,b_GP,-0.01662784112007353
200506,(vi),OLS,b_GP,-0.010045725440434838
200507,(vi),OLS,b_GP,-0.03365831459431953
200508,(vi),OLS,b_GP,-0.00860610854292769
200509,(vi),OLS,b_GP,0.01631416635817945
200510,(vi),OLS,b_GP,0.013099261563049771
200511,(vi),OLS,b_GP,0.01454558354674848
200512,(vi),OLS,b_GP,-0.041339704721558394
200601,(vi),OLS,b_GP,0.02254226799847142
200602,(vi),OLS,b_GP,-0.006066526154411795
200603,(vi),OLS,b_GP,-0.02085437348861078
200604,(vi),OLS,b_GP,-0.023105531925940805
200605,(vi),OLS,b_GP,-0.0020564163540528046
200606,(vi),OLS,b_GP,0.0069369399862962144
200607,(vi),OLS,b_GP,0.0016738583677299336
200608,(vi),OLS,b_GP,0.050417913023548325
200609,(vi),OLS,b_GP,-0.0043971940676183555
200610,(vi),OLS,b_GP,-0.022863624818366752
200611,(vi),OLS,b_GP,-0.003107076394445664
200612,(vi),OLS,b_GP,0.013259888120725493
200701,(vi),OLS,b_GP,0.0022484689573432914
200702,(vi),OLS,b_GP,0.01761076970805535
200703,(vi),OLS,b_GP,-0.016215961405448946
200704,(vi),OLS,b_GP,0.0019168708468301943
200705,(vi),OLS,b_GP,0.0012938758025619716
200706,(vi),OLS,b_GP,0.012390257680864117
200707,(vi),OLS,b_GP,0.030772595413048068
200708,(vi),OLS,b_GP,0.023359546036789233
200709,(vi),OLS,b_GP,-0.010005929013821416
200710,(vi),OLS,b_GP,0.026912349017513944
200711,(vi),OLS,b_GP,-0.008668154219909296
200712,(vi),OLS,b_GP,-0.031021601994422422
200801,(vi),OLS,b_GP,-0.030660568705230505
200802,(vi),OLS,b_GP,-0.004935202712664509
200803,(vi),OLS,b_GP,0.004273496359585861
200804,(vi),OLS,b_GP,-0.009150369084455353
200805,(vi),OLS,b_GP,-0.013206255292648785
200806,(vi),OLS,b_GP,0.009514578193607664
200807,(vi),OLS,b_GP,0.039338919564002
200808,(vi),OLS,b_GP,0.05169195504246858
200809,(vi),OLS,b_GP,0.042456377097137774
200810,(vi),OLS,b_GP,0.019555556681893516
200811,(vi),OLS,b_GP,-0.02913924248351054
200812,(vi),OLS,b_GP,0.015622485871146723
200901,(vi),OLS,b_GP,0.09701498310627567
200902,(vi),OLS,b_GP,-0.0035546040500515266
200903,(vi),OLS,b_GP,-0.102703658782022
200904,(vi),OLS,b_GP,-0.09876436787061364
200905,(vi),OLS,b_GP,0.02469690690850597
200906,(vi),OLS,b_GP,-0.0532940754580926
200907,(vi),OLS,b_GP,-0.013799673544318132
200908,(vi),OLS,b_GP,-0.03146720150252971
200909,(vi),OLS,b_GP,0.04226008931745262
200910,(vi),OLS,b_GP,-0.07251842532216625
200911,(vi),OLS,b_GP,-0.009206373255662068
200912,(vi),OLS,b_GP,-0.010656802590860801
201001,(vi),OLS,b_GP,0.004094404602442571
201002,(vi),OLS,b_GP,0.03259738797930204
201003,(vi),OLS,b_GP,-0.01912905237726036
201004,(vi),OLS,b_GP,0.021592916271370964
201005,(vi),OLS,b_GP,0.019836276134261935
201006,(vi),OLS,b_GP,-0.040634079513919584
201007,(vi),OLS,b_GP,0.016090713238070372
201008,(vi),OLS,b_GP,0.05524982230310556
201009,(vi),OLS,b_GP,-0.0021771358794222054
201010,(vi),OLS,b_GP,-0.01250935659915594
201011,(vi),OLS,b_GP,-0.04411653863136166
201012,(vi),OLS,b_GP,-0.024121605172126647
201101,(vi),OLS,b_GP,-0.01929646753512258
201102,(vi),OLS,b_GP,0.025967012934810053
201103,(vi),OLS,b_GP,0.0325980391384655
201104,(vi),OLS,b_GP,0.0350683763241692
201105,(vi),OLS,b_GP,0.0023965623089751108
201106,(vi),OLS,b_GP,-0.011855177376178621
201107,(vi),OLS,b_GP,0.019983234606855485
201108,(vi),OLS,b_GP,0.049546659391983355
201109,(vi),OLS,b_GP,0.004931367388176601
201110,(vi),OLS,b_GP,-0.020263172309292022
201111,(vi),OLS,b_GP,0.0011427868665151199
201112,(vi),OLS,b_GP,-0.018435037586140908
201201,(vi),OLS,b_GP,-0.010265391196863503
201202,(vi),OLS,b_GP,0.029922461541766907
201203,(vi),OLS,b_GP,-0.009467376273914252
201204,(vi),OLS,b_GP,0.01303971908000292
201205,(vi),OLS,b_GP,-0.029993380658990106
201206,(vi),OLS,b_GP,-0.022810723347025337
201207,(vi),OLS,b_GP,0.03435684865545753
201208,(vi),OLS,b_GP,-0.013243835574083169
201209,(vi),OLS,b_GP,-0.009022714092372264
201210,(vi),OLS,b_GP,-0.0049968487944294145
201211,(vi),OLS,b_GP,-0.011097780696483471
201212,(vi),OLS,b_GP,-0.03627525476648777
201301,(vi),OLS,b_GP,-0.010702967379690632
201302,(vi),OLS,b_GP,0.001920604418444414
201303,(vi),OLS,b_GP,0.0403641165422032
201304,(vi),OLS,b_GP,-0.006559473014447299
201305,(vi),OLS,b_GP,0.01371429143531843
201306,(vi),OLS,b_GP,0.004154186385059346
201307,(vi),OLS,b_GP,-0.020537345034383245
201308,(vi),OLS,b_GP,-0.03070520642042449
201309,(vi),OLS,b_GP,0.00016952363169144696
201310,(vi),OLS,b_GP,0.016336689798523887
201311,(vi),OLS,b_GP,-0.017864877848970725
201312,(vi),OLS,b_GP,-0.008374523828858983
201401,(vi),OLS,b_GP,-0.03686181525446068
201402,(vi),OLS,b_GP,-0.031163164166742512
201403,(vi),OLS,b_GP,-0.0016531481578325254
201404,(vi),OLS,b_GP,-0.0010999324452078104
201405,(vi),OLS,b_GP,-0.02037037598051212
201406,(vi),OLS,b_GP,0.03046261879773649
201407,(vi),OLS,b_GP,0.01778306592313238
201408,(vi),OLS,b_GP,0.052237897052098595
201409,(vi),OLS,b_GP,0.06979776374210181
201410,(vi),OLS,b_GP,0.04724495346879811
201411,(vi),OLS,b_GP,0.04409695571006102
201412,(vi),OLS,b_GP,0.007902630025930502
201501,(vi),OLS,b_GP,-0.053442159857932284
201502,(vi),OLS,b_GP,0.009406508489204084
201503,(vi),OLS,b_GP,-0.04755268223901667
201504,(vi),OLS,b_GP,0.014006613550588166
201505,(vi),OLS,b_GP,0.03293234721902764
201506,(vi),OLS,b_GP,0.08526900411845992
201507,(vi),OLS,b_GP,-0.021563833524342053
201508,(vi),OLS,b_GP,0.062454844704401574
201509,(vi),OLS,b_GP,-0.009251748199679857
201510,(vi),OLS,b_GP,-0.013438788286678662
201511,(vi),OLS,b_GP,0.0721909687535958
201512,(vi),OLS,b_GP,0.035864298048120545
201601,(vi),OLS,b_GP,-0.007902822349615417
201602,(vi),OLS,b_GP,-0.04598692617673402
201603,(vi),OLS,b_GP,-0.09016211442492525
201604,(vi),OLS,b_GP,0.03770115391431081
201605,(vi),OLS,b_GP,-0.010927097189455032
201606,(vi),OLS,b_GP,0.028788544980976622
201607,(vi),OLS,b_GP,-0.020081667268419368
201608,(vi),OLS,b_GP,-0.05012920750727768
201609,(vi),OLS,b_GP,0.009717548296047478
201610,(vi),OLS,b_GP,-0.11161318455687581
201611,(vi),OLS,b_GP,-0.016639096980808107
201612,(vi),OLS,b_GP,0.010129861082601076
201701,(vi),OLS,b_GP,0.07207483430760112
201702,(vi),OLS,b_GP,0.018981597387437977
201703,(vi),OLS,b_GP,0.0324031490708532
201704,(vi),OLS,b_GP,0.03248162641939686
201705,(vi),OLS,b_GP,-0.043465919261429856
201706,(vi),OLS,b_GP,-0.002673709792301661
201707,(vi),OLS,b_GP,0.029826728451964348
201708,(vi),OLS,b_GP,-0.047979386776789354
201709,(vi),OLS,b_GP,0.006897024737762479
201710,(vi),OLS,b_GP,0.005232413564721285
201711,(vi),OLS,b_GP,-0.017790843189656208
201712,(vi),OLS,b_GP,-0.00396049067930504
201801,(vi),OLS,b_GP,0.05470774911638682
201802,(vi),OLS,b_GP,0.022073590309086236
201803,(vi),OLS,b_GP,-0.0021675182016527832
201804,(vi),OLS,b_GP,0.016151772935165558
201805,(vi),OLS,b_GP,0.04877461299587905
201806,(vi),OLS,b_GP,0.007513037114422423
201807,(vi),OLS,b_GP,0.10034751396864558
201808,(vi),OLS,b_GP,0.002059264778533471
201809,(vi),OLS,b_GP,-0.002439564193735498
201810,(vi),OLS,b_GP,0.02371499505247481
201811,(vi),OLS,b_GP,0.045490462013058966
201812,(vi),OLS,b_GP,0.007097452798080439
201901,(vi),OLS,b_GP,0.04743476047583371
201902,(vi),OLS,b_GP,0.004993114594766271
201903,(vi),OLS,b_GP,-0.008640460052543958
201904,(vi),OLS,b_GP,-0.00881339181946737
201905,(vi),OLS,b_GP,0.031498736004956715
201906,(vi),OLS,b_GP,0.014604750733829585
201907,(vi),OLS,b_GP,0.04378089495626604
201908,(vi),OLS,b_GP,-0.04214870534649743
201909,(vi),OLS,b_GP,0.02856094643346065
201910,(vi),OLS,b_GP,0.02501582655044851
201911,(vi),OLS,b_GP,-0.07537982808674867
201912,(vi),OLS,b_GP,0.05876346246981072
202001,(vi),OLS,b_GP,0.02379104255712321
202002,(vi),OLS,b_GP,0.09776665899561672
202003,(vi),OLS,b_GP,-0.03456326621661187
202004,(vi),OLS,b_GP,0.08052723766191038
202005,(vi),OLS,b_GP,0.047617332682135124
202006,(vi),OLS,b_GP,0.05854517901550592
202007,(vi),OLS,b_GP,0.006257173779171443
202008,(vi),OLS,b_GP,0.0028163190543032905
202009,(vi),OLS,b_GP,0.014786999768168762
202010,(vi),OLS,b_GP,-0.05702590581996618
202011,(vi),OLS,b_GP,-0.014927957128413806
202012,(vi),OLS,b_GP,-0.07466986217354804
202101,(vi),OLS,b_GP,-0.0680471527711779
202102,(vi),OLS,b_GP,-0.07633534272691261
202103,(vi),OLS,b_GP,0.010468649725616352
202104,(vi),OLS,b_GP,-0.044633876102045396
202105,(vi),OLS,b_GP,0.08089255351602201
202106,(vi),OLS,b_GP,0.06927593327430148
202107,(vi),OLS,b_GP,-0.021610710369425152
202108,(vi),OLS,b_GP,-0.059291282930565625
202109,(vi),OLS,b_GP,0.0013806802227731667
202110,(vi),OLS,b_GP,0.020593818409697096
202111,(vi),OLS,b_GP,-0.02098120571456171
202112,(vi),OLS,b_GP,-0.0912803611604578
202201,(vi),OLS,b_GP,-0.0689836966813097
202202,(vi),OLS,b_GP,-0.043326595450699605
202203,(vi),OLS,b_GP,-0.059534614431944355
202204,(vi),OLS,b_GP,-0.06281143323752064
202205,(vi),OLS,b_GP,-0.0017300988270261075
202206,(vi),OLS,b_GP,0.05290583073465191
202207,(vi),OLS,b_GP,-0.023338324722227327
202208,(vi),OLS,b_GP,0.018174061731556713
202209,(vi),OLS,b_GP,-0.06367097150253484
202210,(vi),OLS,b_GP,0.0018743909359243624
202211,(vi),OLS,b_GP,-0.01812842337249069
202212,(vi),OLS,b_GP,-0.007648341830970143
202301,(vi),OLS,b_GP,0.02648640713160179
202302,(vi),OLS,b_GP,0.03490112923356588
202303,(vi),OLS,b_GP,-0.007664485411645349
202304,(vi),OLS,b_GP,0.005054309854376743
202305,(vi),OLS,b_GP,-0.014821668004660081
202306,(vi),OLS,b_GP,0.02231835188097466
202307,(vi),OLS,b_GP,0.0030018558138449267
202308,(vi),OLS,b_GP,-0.010216455965673062
202309,(vi),OLS,b_GP,-0.012890102512911492
202310,(vi),OLS,b_GP,0.11570725201960075
202311,(vi),OLS,b_GP,0.019373849195291303
202312,(vi),OLS,b_GP,0.00728778580177316
202401,(vi),OLS,b_GP,-0.030209815958905088
202402,(vi),OLS,b_GP,-0.02741559739093757
202403,(vi),OLS,b_GP,-0.0024190404952254135
202404,(vi),OLS,b_GP,0.0653318923282941
202405,(vi),OLS,b_GP,0.08537881632761986
202406,(vi),OLS,b_GP,-0.043592512491632054
202407,(vi),OLS,b_GP,-0.0038738316334281063
202408,(vi),OLS,b_GP,-0.0013322397782143947
202409,(vi),OLS,b_GP,0.0064954976470805725
202410,(vi),OLS,b_GP,0.04687195452571387
202411,(vi),OLS,b_GP,0.05468393300841816
197307,(vi),WLS,a,-0.020783164950376853
197308,(vi),WLS,a,0.17303177666057074
197309,(vi),WLS,a,-0.01078051966792521
197310,(vi),WLS,a,-0.1528772996461073
197311,(vi),WLS,a,0.10354020621244561
197312,(vi),WLS,a,0.06690889035352081
197401,(vi),WLS,a,0.03859470838262661
197402,(vi),WLS,a,-0.03834669537835727
197403,(vi),WLS,a,-0.03837953802896014
197404,(vi),WLS,a,-0.08747002913939099
197405,(vi),WLS,a,-0.010143700715022887
197406,(vi),WLS,a,0.02976379931609903
197407,(vi),WLS,a,-0.0430583713228794
197408,(vi),WLS,a,-0.005347391560323167
197409,(vi),WLS,a,-0.042458118789442945
197410,(vi),WLS,a,-0.04515629631883109
197411,(vi),WLS,a,-0.004748570186289847
197412,(vi),WLS,a,0.3379292851798732
197501,(vi),WLS,a,-0.06493434908021728
197502,(vi),WLS,a,0.09635173237399346
197503,(vi),WLS,a,0.045974449246387585
197504,(vi),WLS,a,0.028017204217872505
197505,(vi),WLS,a,0.09956177683958062
197506,(vi),WLS,a,0.024087988249656387
197507,(vi),WLS,a,-0.024261030153614995
197508,(vi),WLS,a,-0.025129621762382492
197509,(vi),WLS,a,0.00341093077274715
197510,(vi),WLS,a,0.029140882215148354
197511,(vi),WLS,a,0.02753864371803077
197512,(vi),WLS,a,0.2616072191031266
197601,(vi),WLS,a,0.13837887760964304
197602,(vi),WLS,a,0.005136411567543593
197603,(vi),WLS,a,0.022312889498347484
197604,(vi),WLS,a,-0.01613676870121895
197605,(vi),WLS,a,0.06216898421200026
197606,(vi),WLS,a,-0.00971815890744962
197607,(vi),WLS,a,-0.026498871848718165
197608,(vi),WLS,a,0.043616633429664944
197609,(vi),WLS,a,-0.03543733080997784
197610,(vi),WLS,a,0.055878811242294546
197611,(vi),WLS,a,0.11834203175245839
197612,(vi),WLS,a,0.07224463528977186
197701,(vi),WLS,a,-0.019068527973444258
197702,(vi),WLS,a,0.004667920328270153
197703,(vi),WLS,a,0.07218909643115642
197704,(vi),WLS,a,0.003581484811880694
197705,(vi),WLS,a,0.02106444616578075
197706,(vi),WLS,a,-0.034203122814704195
197707,(vi),WLS,a,-0.09348155965957808
197708,(vi),WLS,a,0.013237158061788793
197709,(vi),WLS,a,-0.02144110072698982
197710,(vi),WLS,a,0.058068180987099406
197711,(vi),WLS,a,0.014117517214152405
197712,(vi),WLS,a,-0.03352704717207282
197801,(vi),WLS,a,0.02779566061235159
197802,(vi),WLS,a,0.08509005730630252
197803,(vi),WLS,a,0.03038482153531849
197804,(vi),WLS,a,0.04183684785678926
197805,(vi),WLS,a,-0.03497271390080819
197806,(vi),WLS,a,0.040088829075834866
197807,(vi),WLS,a,0.05004753712062835
197808,(vi),WLS,a,0.030488916266836138
197809,(vi),WLS,a,-0.1666852106646713
197810,(vi),WLS,a,0.038732016989423815
197811,(vi),WLS,a,-0.028588577585221264
197812,(vi),WLS,a,0.08804545414809636
197901,(vi),WLS,a,-0.03319885659176782
197902,(vi),WLS,a,0.08907099220576441
197903,(vi),WLS,a,0.023041281371690075
197904,(vi),WLS,a,-0.03940898732148599
197905,(vi),WLS,a,0.06568952385100375
197906,(vi),WLS,a,0.049875575186699626
197907,(vi),WLS,a,0.0711913091074194
197908,(vi),WLS,a,0.027615596245062185
197909,(vi),WLS,a,-0.09966844423361539
197910,(vi),WLS,a,0.019780812691586963
197911,(vi),WLS,a,0.042587621973107184
197912,(vi),WLS,a,0.1505714266011402
198001,(vi),WLS,a,0.05799825026601762
198002,(vi),WLS,a,-0.20475086314060253
198003,(vi),WLS,a,0.030085447295454367
198004,(vi),WLS,a,0.04983549832804836
198005,(vi),WLS,a,0.018162483264215205
198006,(vi),WLS,a,0.05079332124487276
198007,(vi),WLS,a,0.007524532949484727
198008,(vi),WLS,a,0.002920253057065328
198009,(vi),WLS,a,0.021050637712617056
198010,(vi),WLS,a,0.1056968738051415
198011,(vi),WLS,a,-0.09393816616825129
198012,(vi),WLS,a,-0.013512171880801581
198101,(vi),WLS,a,0.022255398298975344
198102,(vi),WLS,a,0.04616233488451173
198103,(vi),WLS,a,-0.02811457275020561
198104,(vi),WLS,a,-0.031142275155589132
198105,(vi),WLS,a,0.02291322865963513
198106,(vi),WLS,a,-0.013711477824224648
198107,(vi),WLS,a,-0.07190724747337518
198108,(vi),WLS,a,-0.08162870741029996
198109,(vi),WLS,a,-0.025793504325066312
198110,(vi),WLS,a,0.04272171555293269
198111,(vi),WLS,a,-0.02475829691324601
198112,(vi),WLS,a,-0.05989188326412864
198201,(vi),WLS,a,-0.012328767601542919
198202,(vi),WLS,a,0.02428784293437788
198203,(vi),WLS,a,0.00888166012714072
198204,(vi),WLS,a,-0.012491312823642279
198205,(vi),WLS,a,-0.007605241691333081
198206,(vi),WLS,a,-0.05542741004632934
198207,(vi),WLS,a,0.13758774319798422
198208,(vi),WLS,a,-0.008231586797927886
198209,(vi),WLS,a,0.10752541472727355
198210,(vi),WLS,a,0.012453353187691595
198211,(vi),WLS,a,0.024445361562791777
198212,(vi),WLS,a,0.049389226433160203
198301,(vi),WLS,a,0.03850925627129427
198302,(vi),WLS,a,0.04773623718056123
198303,(vi),WLS,a,0.09093331313985618
198304,(vi),WLS,a,0.006991011182735615
198305,(vi),WLS,a,0.032467633462224775
198306,(vi),WLS,a,-0.01478670264768072
198307,(vi),WLS,a,0.04489982672564209
198308,(vi),WLS,a,-0.028669115497054164
198309,(vi),WLS,a,-0.009605639027951259
198310,(vi),WLS,a,0.03146778448983962
198311,(vi),WLS,a,0.005980902568196095
198312,(vi),WLS,a,0.06691262064263132
198401,(vi),WLS,a,-0.01103697488336053
198402,(vi),WLS,a,0.009414830294516542
198403,(vi),WLS,a,0.004275299440837708
198404,(vi),WLS,a,-0.07121471487717501
198405,(vi),WLS,a,-0.024554145163225502
198406,(vi),WLS,a,-0.06005745680986465
198407,(vi),WLS,a,0.10767837697206736
198408,(vi),WLS,a,0.011644728110549271
198409,(vi),WLS,a,-0.02638411034864001
198410,(vi),WLS,a,-0.010123617104066864
198411,(vi),WLS,a,0.0007418030375520211
198412,(vi),WLS,a,0.05337624980893828
198501,(vi),WLS,a,0.01952841619858422
198502,(vi),WLS,a,-0.013621070297721955
198503,(vi),WLS,a,0.009416077336864155
198504,(vi),WLS,a,0.023488731899138773
198505,(vi),WLS,a,0.008929084667031467
198506,(vi),WLS,a,0.0052744961345772825
198507,(vi),WLS,a,-0.00012184757874235401
198508,(vi),WLS,a,-0.03042304658962889
198509,(vi),WLS,a,0.03143615600319309
198510,(vi),WLS,a,0.01721421952937821
198511,(vi),WLS,a,-0.00980497378029134
198512,(vi),WLS,a,-0.014467213357623677
198601,(vi),WLS,a,0.08587019966687857
198602,(vi),WLS,a,0.02290557282021601
198603,(vi),WLS,a,-0.05308435672303018
198604,(vi),WLS,a,0.04268460760769056
198605,(vi),WLS,a,-0.022104420223593615
198606,(vi),WLS,a,-0.07679328812788407
198607,(vi),WLS,a,0.14635653594844283
198608,(vi),WLS,a,0.006990968172865802
198609,(vi),WLS,a,0.050369759435440024
198610,(vi),WLS,a,0.014512999091469225
198611,(vi),WLS,a,-0.029491501455106033
198612,(vi),WLS,a,0.13954516893800586
198701,(vi),WLS,a,-0.008138701653710036
198702,(vi),WLS,a,0.09844444910329297
198703,(vi),WLS,a,0.0008117853056660852
198704,(vi),WLS,a,-0.0023514557518352812
198705,(vi),WLS,a,0.04387081040713298
198706,(vi),WLS,a,0.07306308186543055
198707,(vi),WLS,a,0.012349869092521941
198708,(vi),WLS,a,-0.015003092884049968
198709,(vi),WLS,a,-0.2512296682792315
198710,(vi),WLS,a,-0.0590180682185585
198711,(vi),WLS,a,0.09427352855855638
198712,(vi),WLS,a,0.07538090617940647
198801,(vi),WLS,a,0.0665371608290409
198802,(vi),WLS,a,0.021572531283579215
198803,(vi),WLS,a,0.058688280815250196
198804,(vi),WLS,a,0.010968101441980757
198805,(vi),WLS,a,0.03612976544127658
198806,(vi),WLS,a,-0.006808397390326766
198807,(vi),WLS,a,-0.055122791251933305
198808,(vi),WLS,a,0.00514346156644593
198809,(vi),WLS,a,0.04068274325239548
198810,(vi),WLS,a,-0.005001983742241234
198811,(vi),WLS,a,-0.007992009310213578
198812,(vi),WLS,a,0.0792122118591481
198901,(vi),WLS,a,-0.024605593464307775
198902,(vi),WLS,a,0.01087483736560361
198903,(vi),WLS,a,0.021543605692560138
198904,(vi),WLS,a,-0.0023065202745485933
198905,(vi),WLS,a,-0.01919759316759521
198906,(vi),WLS,a,0.010231210060158664
198907,(vi),WLS,a,0.09364814768690564
198908,(vi),WLS,a,-0.041393974752372664
198909,(vi),WLS,a,-0.08671679256007839
198910,(vi),WLS,a,-0.006605987596134135
198911,(vi),WLS,a,0.04579078572282554
198912,(vi),WLS,a,-0.05887018557892739
199001,(vi),WLS,a,0.04338511638533696
199002,(vi),WLS,a,0.003933970436679268
199003,(vi),WLS,a,-0.07809280510608811
199004,(vi),WLS,a,0.039946012555257746
199005,(vi),WLS,a,-0.08228965952841324
199006,(vi),WLS,a,0.01404894898748492
199007,(vi),WLS,a,-0.12559059739171563
199008,(vi),WLS,a,-0.06813966983151555
199009,(vi),WLS,a,-0.09463600095759554
199010,(vi),WLS,a,0.05063208946942624
199011,(vi),WLS,a,0.032088268078130776
199012,(vi),WLS,a,0.05871818655354945
199101,(vi),WLS,a,0.029919823801433907
199102,(vi),WLS,a,-0.024787443034962362
199103,(vi),WLS,a,0.01351193382292334
199104,(vi),WLS,a,0.050035996181194246
199105,(vi),WLS,a,-0.04420565976536972
199106,(vi),WLS,a,-0.013718985307624209
199107,(vi),WLS,a,-0.04436125359371984
199108,(vi),WLS,a,-0.024275314962726356
199109,(vi),WLS,a,0.027739946376218513
199110,(vi),WLS,a,-0.1446182143038324
199111,(vi),WLS,a,-0.012105984171595576
199112,(vi),WLS,a,0.117269726962754
199201,(vi),WLS,a,0.08525354941078012
199202,(vi),WLS,a,0.013143372389531149
199203,(vi),WLS,a,0.09679513716332831
199204,(vi),WLS,a,-0.04364246240279678
199205,(vi),WLS,a,-0.032754406660943966
199206,(vi),WLS,a,0.017117655570168942
199207,(vi),WLS,a,-0.037092881106156786
199208,(vi),WLS,a,0.03405539917850231
199209,(vi),WLS,a,-0.028555888149569726
199210,(vi),WLS,a,0.008862374313517973
199211,(vi),WLS,a,0.056248842093734853
199212,(vi),WLS,a,0.07748881955065584
199301,(vi),WLS,a,0.09330256073532146
199302,(vi),WLS,a,0.041955773812356226
199303,(vi),WLS,a,0.06687778887885776
199304,(vi),WLS,a,0.017813131986042875
199305,(vi),WLS,a,0.01940997366903084
199306,(vi),WLS,a,0.0475952080796092
199307,(vi),WLS,a,0.05238819539981344
199308,(vi),WLS,a,0.03150612297761316
199309,(vi),WLS,a,-0.043026764870629286
199310,(vi),WLS,a,-0.06802087924291413
199311,(vi),WLS,a,0.048195601479157635
199312,(vi),WLS,a,0.07660293752688424
199401,(vi),WLS,a,-0.014236206324820196
199402,(vi),WLS,a,-0.010367298269424972
199403,(vi),WLS,a,0.022586991323158206
199404,(vi),WLS,a,0.027731897685069652
199405,(vi),WLS,a,-0.015775137419750996
199406,(vi),WLS,a,0.022173215155594013
199407,(vi),WLS,a,0.008122562527769696
199408,(vi),WLS,a,-0.04644102228887781
199409,(vi),WLS,a,0.0376145144396164
199410,(vi),WLS,a,-0.030014225868233022
199411,(vi),WLS,a,0.0005401736115002694
199412,(vi),WLS,a,0.009152069494779562
199501,(vi),WLS,a,0.042759322718318886
199502,(vi),WLS,a,0.061102785289410155
199503,(vi),WLS,a,0.0653478162508531
199504,(vi),WLS,a,0.029445198708482636
199505,(vi),WLS,a,-0.0019442492056447906
199506,(vi),WLS,a,0.07308622608728679
199507,(vi),WLS,a,-0.0173177531175699
199508,(vi),WLS,a,-0.03841024125348115
199509,(vi),WLS,a,-0.037473961026881095
199510,(vi),WLS,a,-0.017993118781538867
199511,(vi),WLS,a,0.06770174478738122
199512,(vi),WLS,a,-0.024458165990909428
199601,(vi),WLS,a,0.015775262094726242
199602,(vi),WLS,a,0.03111950894692379
199603,(vi),WLS,a,0.055157128821413014
199604,(vi),WLS,a,1.0984388155797111e-05
199605,(vi),WLS,a,-0.061565617906620254
199606,(vi),WLS,a,-0.04898086231806239
199607,(vi),WLS,a,0.0430565483181732
199608,(vi),WLS,a,-0.027441812970386392
199609,(vi),WLS,a,0.05189534284765851
199610,(vi),WLS,a,0.05840998984881204
199611,(vi),WLS,a,0.024824870185432866
199612,(vi),WLS,a,-0.0031611902945079553
199701,(vi),WLS,a,0.0014376708055936051
199702,(vi),WLS,a,0.09216469404658623
199703,(vi),WLS,a,-0.07299751336696991
199704,(vi),WLS,a,0.026739452567043076
199705,(vi),WLS,a,0.0026027792897201692
199706,(vi),WLS,a,0.13400270057892538
199707,(vi),WLS,a,0.11629005475095454
199708,(vi),WLS,a,0.06857133490982736
199709,(vi),WLS,a,-0.07173349627921084
199710,(vi),WLS,a,-0.02431176587521178
199711,(vi),WLS,a,-0.026268642897112955
199712,(vi),WLS,a,-0.07094406147937089
199801,(vi),WLS,a,0.011279055007900591
199802,(vi),WLS,a,0.001933522648205692
199803,(vi),WLS,a,0.0005087252618186749
199804,(vi),WLS,a,-0.050671058168264595
199805,(vi),WLS,a,-0.15159408369555857
199806,(vi),WLS,a,-0.05153865508247929
199807,(vi),WLS,a,-0.16332291266604124
199808,(vi),WLS,a,0.0681989135115899
199809,(vi),WLS,a,0.10770018849562873
199810,(vi),WLS,a,0.07342745839937777
199811,(vi),WLS,a,0.005596303408383071
199812,(vi),WLS,a,-0.06830449369079963
199901,(vi),WLS,a,-0.017391718060032004
199902,(vi),WLS,a,-0.01966579353569352
199903,(vi),WLS,a,0.2418181678007325
199904,(vi),WLS,a,0.0862379586220724
199905,(vi),WLS,a,0.031891353589516384
199906,(vi),WLS,a,0.046303844510264994
199907,(vi),WLS,a,-0.16314978654910237
199908,(vi),WLS,a,-0.02747122590652066
199909,(vi),WLS,a,-0.12291384014755781
199910,(vi),WLS,a,-0.006265667245325088
199911,(vi),WLS,a,-0.017960603296061334
199912,(vi),WLS,a,0.012319642121756555
200001,(vi),WLS,a,0.0678475771635964
200002,(vi),WLS,a,-0.04713832695345283
200003,(vi),WLS,a,0.07131930573747831
200004,(vi),WLS,a,-0.000697411901963391
200005,(vi),WLS,a,-0.142797411213512
200006,(vi),WLS,a,0.037248486822998673
200007,(vi),WLS,a,-0.028255371216520317
200008,(vi),WLS,a,0.15996339946354207
200009,(vi),WLS,a,0.16392300866231305
200010,(vi),WLS,a,0.19109648014950958
200011,(vi),WLS,a,0.390106056762612
200012,(vi),WLS,a,-0.016218939958231968
200101,(vi),WLS,a,0.36750670014891523
200102,(vi),WLS,a,0.13768786448504103
200103,(vi),WLS,a,-0.0017952642751027088
200104,(vi),WLS,a,0.10681569246691051
200105,(vi),WLS,a,-0.01859559273385354
200106,(vi),WLS,a,0.001097140634153268
200107,(vi),WLS,a,0.07259531207057834
200108,(vi),WLS,a,-0.2507920001152167
200109,(vi),WLS,a,0.024225773559821234
200110,(vi),WLS,a,0.09616272977320803
200111,(vi),WLS,a,0.1618352086140811
200112,(vi),WLS,a,-0.01770911033068906
200201,(vi),WLS,a,0.034706714198667186
200202,(vi),WLS,a,0.1486259900976992
200203,(vi),WLS,a,0.07370400502311536
200204,(vi),WLS,a,0.031558375251873404
200205,(vi),WLS,a,-0.04975014373091198
200206,(vi),WLS,a,-0.20277404336828997
200207,(vi),WLS,a,-0.01344512335690766
200208,(vi),WLS,a,-0.09941672356169902
200209,(vi),WLS,a,-0.05988060899522407
200210,(vi),WLS,a,0.06441430659302272
200211,(vi),WLS,a,0.026704657533938792
200212,(vi),WLS,a,-0.0725064642688397
200301,(vi),WLS,a,-0.07581177018899593
200302,(vi),WLS,a,-0.04198259821975205
200303,(vi),WLS,a,0.05753758973466154
200304,(vi),WLS,a,0.16925674125098256
200305,(vi),WLS,a,0.009297050775790449
200306,(vi),WLS,a,-0.01696691583660628
200307,(vi),WLS,a,0.16282422168295715
200308,(vi),WLS,a,-0.08709279723632722
200309,(vi),WLS,a,0.17562029675244542
200310,(vi),WLS,a,0.08373028532349652
200311,(vi),WLS,a,0.03410966078591681
200312,(vi),WLS,a,0.03087287211581745
200401,(vi),WLS,a,0.0488748275990998
200402,(vi),WLS,a,0.01000668251865847
200403,(vi),WLS,a,-0.10123557165761203
200404,(vi),WLS,a,-0.007302090035774901
200405,(vi),WLS,a,0.07115720307940222
200406,(vi),WLS,a,-0.03886819913195813
200407,(vi),WLS,a,0.018159363823693528
200408,(vi),WLS,a,0.08880067805764123
200409,(vi),WLS,a,0.02527171039648406
200410,(vi),WLS,a,0.11772845704762032
200411,(vi),WLS,a,-0.003282369177675881
200412,(vi),WLS,a,0.01678599869893715
200501,(vi),WLS,a,0.1286945315401475
200502,(vi),WLS,a,-0.007399957371769765
200503,(vi),WLS,a,-0.09102718869273549
200504,(vi),WLS,a,0.010765880366109256
200505,(vi),WLS,a,0.07643399993720615
200506,(vi),WLS,a,0.052595600760787765
200507,(vi),WLS,a,0.03519991115693122
200508,(vi),WLS,a,0.056600986567827055
200509,(vi),WLS,a,-0.09167583086522182
200510,(vi),WLS,a,0.02297131634121514
200511,(vi),WLS,a,0.014469911206341795
200512,(vi),WLS,a,0.12851955244543528
200601,(vi),WLS,a,-0.03356912723975493
200602,(vi),WLS,a,0.04850525862511811
200603,(vi),WLS,a,0.05998946701959009
200604,(vi),WLS,a,-0.014285670370205679
200605,(vi),WLS,a,0.02120089882359011
200606,(vi),WLS,a,0.018734472308219674
200607,(vi),WLS,a,-0.04909510070969454
200608,(vi),WLS,a,-0.008833872274175036
200609,(vi),WLS,a,0.04563183093942206
200610,(vi),WLS,a,0.052807697311695365
200611,(vi),WLS,a,0.025951618458315902
200612,(vi),WLS,a,-0.004930013839437784
200701,(vi),WLS,a,-0.005302069216518198
200702,(vi),WLS,a,0.03542377693584466
200703,(vi),WLS,a,0.005419439528091819
200704,(vi),WLS,a,0.07811355012774572
200705,(vi),WLS,a,0.00401239455885944
200706,(vi),WLS,a,-0.05240047853481843
200707,(vi),WLS,a,-0.033219785112656275
200708,(vi),WLS,a,-0.0027150660279420817
200709,(vi),WLS,a,-0.057006658873214086
200710,(vi),WLS,a,-0.055437592998655305
200711,(vi),WLS,a,0.019587210247899275
200712,(vi),WLS,a,-0.03567343719763916
200801,(vi),WLS,a,0.05749844486762862
200802,(vi),WLS,a,-0.04311043318032928
200803,(vi),WLS,a,0.09939789425507933
200804,(vi),WLS,a,0.055712598305270124
200805,(vi),WLS,a,-0.046484839901336596
200806,(vi),WLS,a,-0.09120501051365486
200807,(vi),WLS,a,0.03681550284422692
200808,(vi),WLS,a,-0.08474101265831892
200809,(vi),WLS,a,-0.23141962827902218
200810,(vi),WLS,a,-0.05713233985615437
200811,(vi),WLS,a,0.06728822329402326
200812,(vi),WLS,a,-0.1460870569069966
200901,(vi),WLS,a,-0.20254797725626053
200902,(vi),WLS,a,0.0528862578193052
200903,(vi),WLS,a,0.21147012864985082
200904,(vi),WLS,a,0.009788457560940832
200905,(vi),WLS,a,-0.08600719809912008
200906,(vi),WLS,a,0.1564766785591648
200907,(vi),WLS,a,0.0489936200284203
200908,(vi),WLS,a,0.08693177889624759
200909,(vi),WLS,a,-0.09178921802054449
200910,(vi),WLS,a,0.010646494561849563
200911,(vi),WLS,a,0.0930971657207947
200912,(vi),WLS,a,-0.056256602002533414
201001,(vi),WLS,a,0.09715615101352305
201002,(vi),WLS,a,0.09341292597251788
201003,(vi),WLS,a,0.0651923530857301
201004,(vi),WLS,a,-0.11604520162175351
201005,(vi),WLS,a,-0.15358455454313927
201006,(vi),WLS,a,0.07347842490762141
201007,(vi),WLS,a,-0.062138418179292505
201008,(vi),WLS,a,0.061467239850572716
201009,(vi),WLS,a,0.01868781676092448
201010,(vi),WLS,a,0.03582786520517104
201011,(vi),WLS,a,0.10391820568465136
201012,(vi),WLS,a,0.03241728250573792
201101,(vi),WLS,a,0.0842060090784559
201102,(vi),WLS,a,0.02236214864585566
201103,(vi),WLS,a,0.0317173026675025
201104,(vi),WLS,a,-0.03575963549818655
201105,(vi),WLS,a,-0.0281367753863159
201106,(vi),WLS,a,-0.09324850742722703
201107,(vi),WLS,a,-0.08468214661414394
201108,(vi),WLS,a,-0.10627202995905274
201109,(vi),WLS,a,0.1566192712432737
201110,(vi),WLS,a,0.06196600898888237
201111,(vi),WLS,a,0.07081499335743159
201112,(vi),WLS,a,-0.03940600234173702
201201,(vi),WLS,a,-0.013067521300621653
201202,(vi),WLS,a,-0.06533414367945413
201203,(vi),WLS,a,-0.010236331352925553
201204,(vi),WLS,a,-0.044824574265278506
201205,(vi),WLS,a,0.08470504893646327
201206,(vi),WLS,a,0.03536616486494587
201207,(vi),WLS,a,0.006477840461323508
201208,(vi),WLS,a,0.02522274348258153
201209,(vi),WLS,a,0.04978863922517976
201210,(vi),WLS,a,-0.011668311367595963
201211,(vi),WLS,a,0.047933504247730255
201212,(vi),WLS,a,0.1240657319523674
201301,(vi),WLS,a,0.03495581428370865
201302,(vi),WLS,a,0.04756981226038345
201303,(vi),WLS,a,0.03335103110865948
201304,(vi),WLS,a,0.04596749185333014
201305,(vi),WLS,a,0.01944802296043341
201306,(vi),WLS,a,0.03151527278589289
201307,(vi),WLS,a,-0.038982207173479035
201308,(vi),WLS,a,0.015449793347232378
201309,(vi),WLS,a,0.04658459547465763
201310,(vi),WLS,a,0.00998894646973125
201311,(vi),WLS,a,0.0551648920071719
201312,(vi),WLS,a,-0.05907311686564249
201401,(vi),WLS,a,0.063083268472968
201402,(vi),WLS,a,0.07949167926790981
201403,(vi),WLS,a,0.06205780318387527
201404,(vi),WLS,a,0.017027070821587328
201405,(vi),WLS,a,0.03965311342412246
201406,(vi),WLS,a,-0.018306194951193983
201407,(vi),WLS,a,-9.62058901032242e-05
201408,(vi),WLS,a,-0.05836898135992642
201409,(vi),WLS,a,-0.018377494322765715
201410,(vi),WLS,a,-0.0059468496679715484
201411,(vi),WLS,a,0.03074015200256726
201412,(vi),WLS,a,-0.10572210569760586
201501,(vi),WLS,a,0.04255188014664483
201502,(vi),WLS,a,-0.0327102972134412
201503,(vi),WLS,a,0.002816853218676263
201504,(vi),WLS,a,-0.019924654081942075
201505,(vi),WLS,a,-0.05649748925404658
201506,(vi),WLS,a,-0.08202912522948537
201507,(vi),WLS,a,-0.04617758193545318
201508,(vi),WLS,a,-0.060902885381655544
201509,(vi),WLS,a,0.054568632635227605
201510,(vi),WLS,a,-0.01987893614058058
201511,(vi),WLS,a,-0.10587686645927945
201512,(vi),WLS,a,0.03271481050665633
201601,(vi),WLS,a,0.040872328421876415
201602,(vi),WLS,a,0.07661693206125071
201603,(vi),WLS,a,0.04740124887309981
201604,(vi),WLS,a,-0.043022940263477465
201605,(vi),WLS,a,0.05041444214561603
201606,(vi),WLS,a,-0.040915852241253645
201607,(vi),WLS,a,0.026862839711297184
201608,(vi),WLS,a,0.0034306256483093494
201609,(vi),WLS,a,-0.02168076688626841
201610,(vi),WLS,a,0.15540014648354983
201611,(vi),WLS,a,0.03501159472312716
201612,(vi),WLS,a,-0.07191146801150067
201701,(vi),WLS,a,0.0037639667954692405
201702,(vi),WLS,a,-0.010411932189281136
201703,(vi),WLS,a,-0.03155820813907177
201704,(vi),WLS,a,-0.061628946465286584
201705,(vi),WLS,a,0.004298328686734311
201706,(vi),WLS,a,-0.018790487220402604
201707,(vi),WLS,a,-0.015410560616610003
201708,(vi),WLS,a,0.07169856521763152
201709,(vi),WLS,a,-0.07825415121806335
201710,(vi),WLS,a,0.0654328781789557
201711,(vi),WLS,a,0.040890950676007
201712,(vi),WLS,a,-0.13406059245780824
201801,(vi),WLS,a,-0.13387645389125113
201802,(vi),WLS,a,0.0012134491053836529
201803,(vi),WLS,a,-0.03545371753691147
201804,(vi),WLS,a,-0.009512751609753291
201805,(vi),WLS,a,-0.017212230327306236
201806,(vi),WLS,a,0.07333608186339564
201807,(vi),WLS,a,-0.07305792931460281
201808,(vi),WLS,a,0.010356111313372983
201809,(vi),WLS,a,0.09212388375188683
201810,(vi),WLS,a,-0.03498990290859249
201811,(vi),WLS,a,-0.11758382372968214
201812,(vi),WLS,a,0.01296876252053436
201901,(vi),WLS,a,0.032594486719810994
201902,(vi),WLS,a,-0.029579095382690598
201903,(vi),WLS,a,-0.025609529072729467
201904,(vi),WLS,a,-0.06780519774782569
201905,(vi),WLS,a,0.08818899697651794
201906,(vi),WLS,a,0.029548397288477718
201907,(vi),WLS,a,-0.04221663533460185
201908,(vi),WLS,a,0.09906829463369093
201909,(vi),WLS,a,-0.016763570597276754
201910,(vi),WLS,a,-0.013309494255736127
201911,(vi),WLS,a,0.028050786791691124
201912,(vi),WLS,a,-0.22463126517505191
202001,(vi),WLS,a,-0.16336214721545872
202002,(vi),WLS,a,-0.3840633130401458
202003,(vi),WLS,a,0.12246817393416161
202004,(vi),WLS,a,0.036259616703379245
202005,(vi),WLS,a,-0.1412395588855268
202006,(vi),WLS,a,-0.035627092287425915
202007,(vi),WLS,a,-0.12285602197655733
202008,(vi),WLS,a,0.046558802207111574
202009,(vi),WLS,a,0.019722095439784485
202010,(vi),WLS,a,0.20422826732423763
202011,(vi),WLS,a,-0.016911556339201703
202012,(vi),WLS,a,0.0035218547090298583
202101,(vi),WLS,a,0.22038746519783498
202102,(vi),WLS,a,0.15677635663545933
202103,(vi),WLS,a,-0.05361698274254743
202104,(vi),WLS,a,0.10740184161826744
202105,(vi),WLS,a,-0.16708175357257216
202106,(vi),WLS,a,-0.08932654968261988
202107,(vi),WLS,a,-0.08096614104004113
202108,(vi),WLS,a,-0.010345948498709406
202109,(vi),WLS,a,-0.07799228465034712
202110,(vi),WLS,a,-0.1703228362910901
202111,(vi),WLS,a,0.1737926813361083
202112,(vi),WLS,a,0.06453862057955528
202201,(vi),WLS,a,0.00765405636658322
202202,(vi),WLS,a,-0.005378234400512258
202203,(vi),WLS,a,0.10420619654171447
202204,(vi),WLS,a,0.11648219969317501
202205,(vi),WLS,a,-0.10082784500578083
202206,(vi),WLS,a,-0.0998649196280491
202207,(vi),WLS,a,0.012328589555668014
202208,(vi),WLS,a,-0.0628709870258125
202209,(vi),WLS,a,0.2573063711148092
202210,(vi),WLS,a,0.07667827045250267
202211,(vi),WLS,a,0.05925302804721817
202212,(vi),WLS,a,-0.04777263101988992
202301,(vi),WLS,a,-0.1274817217479508
202302,(vi),WLS,a,-0.13458730283657597
202303,(vi),WLS,a,0.010011369734643564
202304,(vi),WLS,a,-0.27713838654695655
202305,(vi),WLS,a,0.03780282225560715
202306,(vi),WLS,a,0.03287419577911265
202307,(vi),WLS,a,-0.068951650582531
202308,(vi),WLS,a,-0.004370522432253983
202309,(vi),WLS,a,-0.10200684866696356
202310,(vi),WLS,a,-0.03942255163947219
202311,(vi),WLS,a,0.11500188160520189
202312,(vi),WLS,a,-0.08520765365709293
202401,(vi),WLS,a,-0.028824672948944377
202402,(vi),WLS,a,0.10247933769918291
202403,(vi),WLS,a,-0.05889656912059065
202404,(vi),WLS,a,-0.06058730555863164
202405,(vi),WLS,a,-0.1723386052022177
202406,(vi),WLS,a,0.1318068154364024
202407,(vi),WLS,a,-0.025062329754921803
202408,(vi),WLS,a,0.010600866858782509
202409,(vi),WLS,a,-0.09088915201353683
202410,(vi),WLS,a,0.05553910840117714
202411,(vi),WLS,a,-0.12510064833964782
197307,(vi),WLS,b_Dur,0.003192626667142765
197308,(vi),WLS,b_Dur,-0.08413890472646604
197309,(vi),WLS,b_Dur,0.03561215852117311
197310,(vi),WLS,b_Dur,0.06653026736108289
197311,(vi),WLS,b_Dur,-0.009134194921993494
197312,(vi),WLS,b_Dur,-0.18357510311772196
197401,(vi),WLS,b_Dur,-0.03215365438299201
197402,(vi),WLS,b_Dur,-0.010967693383733951
197403,(vi),WLS,b_Dur,-0.028672671067203507
197404,(vi),WLS,b_Dur,0.03592214128476874
197405,(vi),WLS,b_Dur,0.009562633322458661
197406,(vi),WLS,b_Dur,-0.13259667352462504
197407,(vi),WLS,b_Dur,-0.03195469917848535
197408,(vi),WLS,b_Dur,-0.09687739707219373
197409,(vi),WLS,b_Dur,0.2711873257919124
197410,(vi),WLS,b_Dur,0.002778106018327064
197411,(vi),WLS,b_Dur,-0.01243943727845816
197412,(vi),WLS,b_Dur,-0.3279432131770923
197501,(vi),WLS,b_Dur,0.12040830624048585
197502,(vi),WLS,b_Dur,-0.08885919101732968
197503,(vi),WLS,b_Dur,0.02896465252653679
197504,(vi),WLS,b_Dur,0.030557939037173805
197505,(vi),WLS,b_Dur,-0.0439677889536746
197506,(vi),WLS,b_Dur,-0.07420018876218486
197507,(vi),WLS,b_Dur,0.008520664262472485
197508,(vi),WLS,b_Dur,-0.028166017611663013
197509,(vi),WLS,b_Dur,0.012576423320714722
197510,(vi),WLS,b_Dur,-0.032280629641378046
197511,(vi),WLS,b_Dur,-0.02499711479083811
197512,(vi),WLS,b_Dur,-0.16899439564324625
197601,(vi),WLS,b_Dur,-0.1539309144104165
197602,(vi),WLS,b_Dur,0.02666952400547795
197603,(vi),WLS,b_Dur,-0.002609920360024165
197604,(vi),WLS,b_Dur,0.012092682039659788
197605,(vi),WLS,b_Dur,-0.04261374184345518
197606,(vi),WLS,b_Dur,-0.018245766697937198
197607,(vi),WLS,b_Dur,0.013924060913403532
197608,(vi),WLS,b_Dur,-0.01981404489407985
197609,(vi),WLS,b_Dur,0.038966025549935876
197610,(vi),WLS,b_Dur,-0.06817806990545333
197611,(vi),WLS,b_Dur,-0.07869031472729787
197612,(vi),WLS,b_Dur,-0.1531002261938904
197701,(vi),WLS,b_Dur,-0.0062029456427055065
197702,(vi),WLS,b_Dur,-0.035958717364663245
197703,(vi),WLS,b_Dur,-0.058575694125727745
197704,(vi),WLS,b_Dur,-0.024460600282184157
197705,(vi),WLS,b_Dur,-0.004402576284026408
197706,(vi),WLS,b_Dur,-0.013923361737499371
197707,(vi),WLS,b_Dur,0.06366796219529718
197708,(vi),WLS,b_Dur,-0.01215048775992084
197709,(vi),WLS,b_Dur,-0.04953525325782317
197710,(vi),WLS,b_Dur,-0.04644966675518936
197711,(vi),WLS,b_Dur,-0.01225426044436137
197712,(vi),WLS,b_Dur,-0.05762301638564272
197801,(vi),WLS,b_Dur,-0.0561370886109023
197802,(vi),WLS,b_Dur,-0.07183582079632547
197803,(vi),WLS,b_Dur,0.05636219285229724
197804,(vi),WLS,b_Dur,-0.05235184304128347
197805,(vi),WLS,b_Dur,-0.00322281748013838
197806,(vi),WLS,b_Dur,-0.0002599178535032075
197807,(vi),WLS,b_Dur,-0.015151961622639848
197808,(vi),WLS,b_Dur,-0.026836178360571145
197809,(vi),WLS,b_Dur,0.07891151210557426
197810,(vi),WLS,b_Dur,-0.014203173453782199
197811,(vi),WLS,b_Dur,0.03849256562896573
197812,(vi),WLS,b_Dur,-0.06435724732649735
197901,(vi),WLS,b_Dur,0.022252539954146697
197902,(vi),WLS,b_Dur,-0.03382338921742439
197903,(vi),WLS,b_Dur,-0.038563832151300034
197904,(vi),WLS,b_Dur,0.02190677429212324
197905,(vi),WLS,b_Dur,-0.009520491790704591
197906,(vi),WLS,b_Dur,-0.04904396556802231
197907,(vi),WLS,b_Dur,0.001269415245648992
197908,(vi),WLS,b_Dur,-0.01467536219744224
197909,(vi),WLS,b_Dur,0.04820240340509778
197910,(vi),WLS,b_Dur,0.08870551271199564
197911,(vi),WLS,b_Dur,0.024480895714402498
197912,(vi),WLS,b_Dur,-0.03402083219982381
198001,(vi),WLS,b_Dur,-0.02676333093165481
198002,(vi),WLS,b_Dur,0.031437082812099074
198003,(vi),WLS,b_Dur,0.02419280351197585
198004,(vi),WLS,b_Dur,-0.019209911393763417
198005,(vi),WLS,b_Dur,0.05431840406702111
198006,(vi),WLS,b_Dur,0.008230107559631904
198007,(vi),WLS,b_Dur,0.04384853352455207
198008,(vi),WLS,b_Dur,0.09847036437083756
198009,(vi),WLS,b_Dur,0.03804179919274489
198010,(vi),WLS,b_Dur,0.1321814954665128
198011,(vi),WLS,b_Dur,-0.009880920831633028
198012,(vi),WLS,b_Dur,-0.1245875951770933
198101,(vi),WLS,b_Dur,-0.015251474143990088
198102,(vi),WLS,b_Dur,-0.028318197987825942
198103,(vi),WLS,b_Dur,-0.07773508623735863
198104,(vi),WLS,b_Dur,-0.008516942636018078
198105,(vi),WLS,b_Dur,-0.05062653996475357
198106,(vi),WLS,b_Dur,0.05251965588060212
198107,(vi),WLS,b_Dur,-0.03736189709856247
198108,(vi),WLS,b_Dur,-0.07297728641480902
198109,(vi),WLS,b_Dur,0.15666205598637054
198110,(vi),WLS,b_Dur,-0.0006583038837847943
198111,(vi),WLS,b_Dur,-0.05536398395573189
198112,(vi),WLS,b_Dur,-0.05658861617778618
198201,(vi),WLS,b_Dur,-0.15946812110821607
198202,(vi),WLS,b_Dur,-0.09051442580912566
198203,(vi),WLS,b_Dur,0.03453092852090553
198204,(vi),WLS,b_Dur,-0.05082495537204704
198205,(vi),WLS,b_Dur,-0.0719451880106815
198206,(vi),WLS,b_Dur,-0.03933668247525576
198207,(vi),WLS,b_Dur,-0.012742519645929786
198208,(vi),WLS,b_Dur,-0.006419669565559675
198209,(vi),WLS,b_Dur,0.029393887276529897
198210,(vi),WLS,b_Dur,-0.011354884410583813
198211,(vi),WLS,b_Dur,-0.022370328976672575
198212,(vi),WLS,b_Dur,0.007182023988711494
198301,(vi),WLS,b_Dur,-0.036467427034319905
198302,(vi),WLS,b_Dur,-0.05414240317041037
198303,(vi),WLS,b_Dur,-0.046344881106564914
198304,(vi),WLS,b_Dur,0.03282176227743895
198305,(vi),WLS,b_Dur,0.010156472699827505
198306,(vi),WLS,b_Dur,-0.05655047611235301
198307,(vi),WLS,b_Dur,-0.09013717243819111
198308,(vi),WLS,b_Dur,0.01716685756334231
198309,(vi),WLS,b_Dur,-0.07421899167672676
198310,(vi),WLS,b_Dur,0.03424486930617884
198311,(vi),WLS,b_Dur,-0.03315913148123484
198312,(vi),WLS,b_Dur,-0.13521410693464989
198401,(vi),WLS,b_Dur,-0.07663800833940707
198402,(vi),WLS,b_Dur,0.0030610334145096175
198403,(vi),WLS,b_Dur,-0.040173236116842294
198404,(vi),WLS,b_Dur,-0.014831286255083814
198405,(vi),WLS,b_Dur,0.04890600603698362
198406,(vi),WLS,b_Dur,0.016397267513709415
198407,(vi),WLS,b_Dur,0.03280477374301975
198408,(vi),WLS,b_Dur,-0.08930928987604522
198409,(vi),WLS,b_Dur,-0.017533592657465596
198410,(vi),WLS,b_Dur,-0.03958754471020444
198411,(vi),WLS,b_Dur,0.012480943932873658
198412,(vi),WLS,b_Dur,0.09129761523539659
198501,(vi),WLS,b_Dur,-0.03717614368945193
198502,(vi),WLS,b_Dur,-0.036874215215722844
198503,(vi),WLS,b_Dur,-0.048786190341484036
198504,(vi),WLS,b_Dur,0.016367103118504242
198505,(vi),WLS,b_Dur,0.0024035750593650452
198506,(vi),WLS,b_Dur,0.018325981625398273
198507,(vi),WLS,b_Dur,-0.03268718761550228
198508,(vi),WLS,b_Dur,-0.07675508463962855
198509,(vi),WLS,b_Dur,-0.033031658047920666
198510,(vi),WLS,b_Dur,0.06088606897681212
198511,(vi),WLS,b_Dur,0.04643678277514582
198512,(vi),WLS,b_Dur,0.010613814216461067
198601,(vi),WLS,b_Dur,-0.0030005572913572656
198602,(vi),WLS,b_Dur,0.021319587735336362
198603,(vi),WLS,b_Dur,0.03774577577386656
198604,(vi),WLS,b_Dur,-0.025505794754976496
198605,(vi),WLS,b_Dur,0.0053326843467054325
198606,(vi),WLS,b_Dur,-0.04068038998062414
198607,(vi),WLS,b_Dur,-0.09356213195232435
198608,(vi),WLS,b_Dur,-0.09371494983711474
198609,(vi),WLS,b_Dur,0.026395333861710658
198610,(vi),WLS,b_Dur,-0.005660928543414464
198611,(vi),WLS,b_Dur,-0.00418023138825588
198612,(vi),WLS,b_Dur,0.013734523121999107
198701,(vi),WLS,b_Dur,0.08359268120318737
198702,(vi),WLS,b_Dur,-0.09045814318088387
198703,(vi),WLS,b_Dur,-0.019374299183358177
198704,(vi),WLS,b_Dur,0.005048702788948079
198705,(vi),WLS,b_Dur,-0.023587251710850847
198706,(vi),WLS,b_Dur,0.004555531958106311
198707,(vi),WLS,b_Dur,0.005736942582089753
198708,(vi),WLS,b_Dur,0.024349954285110092
198709,(vi),WLS,b_Dur,-0.03557438138459555
198710,(vi),WLS,b_Dur,-0.018684555365629747
198711,(vi),WLS,b_Dur,-0.01705658677551175
198712,(vi),WLS,b_Dur,-0.07677981175245158
198801,(vi),WLS,b_Dur,-0.010645621354973154
198802,(vi),WLS,b_Dur,-0.045139533945427086
198803,(vi),WLS,b_Dur,-0.06865763524439233
198804,(vi),WLS,b_Dur,-0.02416721929829282
198805,(vi),WLS,b_Dur,0.016015456627426792
198806,(vi),WLS,b_Dur,-0.01431681651613283
198807,(vi),WLS,b_Dur,0.012658763628671873
198808,(vi),WLS,b_Dur,0.03138057307076024
198809,(vi),WLS,b_Dur,-0.041767060154305403
198810,(vi),WLS,b_Dur,-0.018876423983649554
198811,(vi),WLS,b_Dur,0.035968031966011414
198812,(vi),WLS,b_Dur,-0.010788145248381523
198901,(vi),WLS,b_Dur,0.005839542872847988
198902,(vi),WLS,b_Dur,0.022523836155581612
198903,(vi),WLS,b_Dur,0.04926324715627655
198904,(vi),WLS,b_Dur,0.06775122157162
198905,(vi),WLS,b_Dur,-0.006412368675160343
198906,(vi),WLS,b_Dur,0.07801086814583003
198907,(vi),WLS,b_Dur,-0.08944600591114177
198908,(vi),WLS,b_Dur,0.028866024215700517
198909,(vi),WLS,b_Dur,0.04026246693556326
198910,(vi),WLS,b_Dur,0.037889023216037654
198911,(vi),WLS,b_Dur,-0.03517357223058829
198912,(vi),WLS,b_Dur,-0.015366195436123463
199001,(vi),WLS,b_Dur,-0.020189773846110384
199002,(vi),WLS,b_Dur,0.014079584555311567
199003,(vi),WLS,b_Dur,0.0335794554143939
199004,(vi),WLS,b_Dur,0.028294160578651778
199005,(vi),WLS,b_Dur,0.0719704194071669
199006,(vi),WLS,b_Dur,-0.03282076411924888
199007,(vi),WLS,b_Dur,0.04068641274547559
199008,(vi),WLS,b_Dur,0.004501922065673479
199009,(vi),WLS,b_Dur,0.05676364250240938
199010,(vi),WLS,b_Dur,-0.032598042164208044
199011,(vi),WLS,b_Dur,-0.0259419814545013
199012,(vi),WLS,b_Dur,-0.025110109090078048
199101,(vi),WLS,b_Dur,0.04432670665899682
199102,(vi),WLS,b_Dur,0.03233873005244953
199103,(vi),WLS,b_Dur,-0.015975045735214584
199104,(vi),WLS,b_Dur,-0.007562696896243705
199105,(vi),WLS,b_Dur,-0.013831414431282177
199106,(vi),WLS,b_Dur,0.04304059123882342
199107,(vi),WLS,b_Dur,0.05730943204341141
199108,(vi),WLS,b_Dur,0.0036278462688436597
199109,(vi),WLS,b_Dur,-0.034057880684697006
199110,(vi),WLS,b_Dur,0.07938463879283153
199111,(vi),WLS,b_Dur,0.12100481870986413
199112,(vi),WLS,b_Dur,-0.1256442327179731
199201,(vi),WLS,b_Dur,-0.09051573666206145
199202,(vi),WLS,b_Dur,-0.05531413858290976
199203,(vi),WLS,b_Dur,-0.058871274471268664
199204,(vi),WLS,b_Dur,0.04713718315585108
199205,(vi),WLS,b_Dur,0.030746295576725858
199206,(vi),WLS,b_Dur,0.004346643944947218
199207,(vi),WLS,b_Dur,0.002421417535951948
199208,(vi),WLS,b_Dur,-0.016743504018362755
199209,(vi),WLS,b_Dur,0.013100731098506228
199210,(vi),WLS,b_Dur,0.03328541779059371
199211,(vi),WLS,b_Dur,-0.03768322115853849
199212,(vi),WLS,b_Dur,-0.05488242467387308
199301,(vi),WLS,b_Dur,-0.09324081223869146
199302,(vi),WLS,b_Dur,-0.012078109275241476
199303,(vi),WLS,b_Dur,-0.08206995482267597
199304,(vi),WLS,b_Dur,0.011016034741967252
199305,(vi),WLS,b_Dur,-0.01057865116501136
199306,(vi),WLS,b_Dur,-0.023555075877131987
199307,(vi),WLS,b_Dur,-0.027947000151230913
199308,(vi),WLS,b_Dur,-0.047705079354525885
199309,(vi),WLS,b_Dur,0.08342782878015574
199310,(vi),WLS,b_Dur,0.05881043199686385
199311,(vi),WLS,b_Dur,-0.019132704138024384
199312,(vi),WLS,b_Dur,-0.013066503369560417
199401,(vi),WLS,b_Dur,-0.026404694521238614
199402,(vi),WLS,b_Dur,-0.05232045825427142
199403,(vi),WLS,b_Dur,-0.02040892150938075
199404,(vi),WLS,b_Dur,-0.028185161433895024
199405,(vi),WLS,b_Dur,-0.02139708270656901
199406,(vi),WLS,b_Dur,0.015346842782982265
199407,(vi),WLS,b_Dur,-0.0034412457897355433
199408,(vi),WLS,b_Dur,0.016623410415638695
199409,(vi),WLS,b_Dur,-0.04368566771998847
199410,(vi),WLS,b_Dur,-0.04213315922572712
199411,(vi),WLS,b_Dur,0.019451605240885995
199412,(vi),WLS,b_Dur,-0.009017809332682317
199501,(vi),WLS,b_Dur,0.004653911817876423
199502,(vi),WLS,b_Dur,-0.042517323047593744
199503,(vi),WLS,b_Dur,-0.06048323990708444
199504,(vi),WLS,b_Dur,-0.01357174682575537
199505,(vi),WLS,b_Dur,0.012226502146237515
199506,(vi),WLS,b_Dur,-0.037567471390468773
199507,(vi),WLS,b_Dur,0.01639714686185006
199508,(vi),WLS,b_Dur,0.06191635333436399
199509,(vi),WLS,b_Dur,-0.0053756559833498425
199510,(vi),WLS,b_Dur,0.09341165853741823
199511,(vi),WLS,b_Dur,-0.0340999290945547
199512,(vi),WLS,b_Dur,0.06852745896265747
199601,(vi),WLS,b_Dur,-0.02707802970557833
199602,(vi),WLS,b_Dur,0.002404314839038073
199603,(vi),WLS,b_Dur,-0.05511441962476265
199604,(vi),WLS,b_Dur,0.00021735336917333425
199605,(vi),WLS,b_Dur,0.051381564096184724
199606,(vi),WLS,b_Dur,-0.019554147085849273
199607,(vi),WLS,b_Dur,-0.01915145219539819
199608,(vi),WLS,b_Dur,0.04463459016341084
199609,(vi),WLS,b_Dur,-0.04375245770335371
199610,(vi),WLS,b_Dur,-0.017054733902807345
199611,(vi),WLS,b_Dur,-0.03232716398364455
199612,(vi),WLS,b_Dur,0.022600524096797428
199701,(vi),WLS,b_Dur,-0.01570808897785333
199702,(vi),WLS,b_Dur,-0.13310566351075084
199703,(vi),WLS,b_Dur,0.0819578779220202
199704,(vi),WLS,b_Dur,0.04332017160537346
199705,(vi),WLS,b_Dur,0.029522585709449295
199706,(vi),WLS,b_Dur,-0.08839149277317719
199707,(vi),WLS,b_Dur,-0.15589311349227775
199708,(vi),WLS,b_Dur,-0.013957328709065152
199709,(vi),WLS,b_Dur,0.0035638613729273468
199710,(vi),WLS,b_Dur,0.016701182785867477
199711,(vi),WLS,b_Dur,0.04560098861368026
199712,(vi),WLS,b_Dur,0.054733829420151967
199801,(vi),WLS,b_Dur,0.06653289014886787
199802,(vi),WLS,b_Dur,0.06397309201167642
199803,(vi),WLS,b_Dur,0.01539313260808012
199804,(vi),WLS,b_Dur,0.0220705662838206
199805,(vi),WLS,b_Dur,0.14620803503543223
199806,(vi),WLS,b_Dur,0.002573033717932601
199807,(vi),WLS,b_Dur,0.007461236760954629
199808,(vi),WLS,b_Dur,-0.008533708141294668
199809,(vi),WLS,b_Dur,-0.03724920625664017
199810,(vi),WLS,b_Dur,-0.06474327650015105
199811,(vi),WLS,b_Dur,0.03294052817703089
199812,(vi),WLS,b_Dur,0.07862837205029063
199901,(vi),WLS,b_Dur,-0.002799325400398428
199902,(vi),WLS,b_Dur,0.07082722401349677
199903,(vi),WLS,b_Dur,-0.13872910185958323
199904,(vi),WLS,b_Dur,-0.12992867649635625
199905,(vi),WLS,b_Dur,-0.01542811660927761
199906,(vi),WLS,b_Dur,-0.07100069274658947
199907,(vi),WLS,b_Dur,0.1244801818231103
199908,(vi),WLS,b_Dur,0.0018277477812987213
199909,(vi),WLS,b_Dur,0.1495170939318528
199910,(vi),WLS,b_Dur,0.010926354022083057
199911,(vi),WLS,b_Dur,0.0875328886338332
199912,(vi),WLS,b_Dur,-0.07359501684447584
200001,(vi),WLS,b_Dur,-0.08592440246002817
200002,(vi),WLS,b_Dur,0.11793743177153254
200003,(vi),WLS,b_Dur,-0.12945191217448465
200004,(vi),WLS,b_Dur,-0.06556991336857042
200005,(vi),WLS,b_Dur,0.16638098448838118
200006,(vi),WLS,b_Dur,-0.07013835119995991
200007,(vi),WLS,b_Dur,0.09992206617276177
200008,(vi),WLS,b_Dur,-0.2707087771100679
200009,(vi),WLS,b_Dur,-0.18098222700180036
200010,(vi),WLS,b_Dur,-0.3733445327116377
200011,(vi),WLS,b_Dur,-0.43099340806445197
200012,(vi),WLS,b_Dur,0.12151819253654743
200101,(vi),WLS,b_Dur,-0.5288426035211663
200102,(vi),WLS,b_Dur,-0.21349402393013375
200103,(vi),WLS,b_Dur,0.12492389582983719
200104,(vi),WLS,b_Dur,-0.1078630048683952
200105,(vi),WLS,b_Dur,-0.027008931636201775
200106,(vi),WLS,b_Dur,-0.036761465376007364
200107,(vi),WLS,b_Dur,-0.1783048534658138
200108,(vi),WLS,b_Dur,0.16474370086371504
200109,(vi),WLS,b_Dur,-0.02560020659696202
200110,(vi),WLS,b_Dur,-0.027280198334516007
200111,(vi),WLS,b_Dur,-0.16082025957342233
200112,(vi),WLS,b_Dur,-0.019718999225550562
200201,(vi),WLS,b_Dur,-0.06137478017025436
200202,(vi),WLS,b_Dur,-0.1038905777892748
200203,(vi),WLS,b_Dur,-0.1843208203190019
200204,(vi),WLS,b_Dur,-0.01955026017994097
200205,(vi),WLS,b_Dur,-0.04403863705637527
200206,(vi),WLS,b_Dur,0.09226732363391671
200207,(vi),WLS,b_Dur,-0.004294673622966526
200208,(vi),WLS,b_Dur,-0.02762911502157817
200209,(vi),WLS,b_Dur,0.16472939940298145
200210,(vi),WLS,b_Dur,0.059532579037499096
200211,(vi),WLS,b_Dur,-0.12496257099421383
200212,(vi),WLS,b_Dur,0.04283854664781962
200301,(vi),WLS,b_Dur,0.050297927330952785
200302,(vi),WLS,b_Dur,0.033014809853350584
200303,(vi),WLS,b_Dur,0.048099086697935764
200304,(vi),WLS,b_Dur,-0.08859874328490072
200305,(vi),WLS,b_Dur,-0.0005671681718018478
200306,(vi),WLS,b_Dur,0.046402053783966966
200307,(vi),WLS,b_Dur,-0.12880954282592202
200308,(vi),WLS,b_Dur,0.052906210193433945
200309,(vi),WLS,b_Dur,-0.13003935713504283
200310,(vi),WLS,b_Dur,-0.07557057511784039
200311,(vi),WLS,b_Dur,0.06485661618114322
200312,(vi),WLS,b_Dur,-0.029685635487827024
200401,(vi),WLS,b_Dur,-0.06171617199975341
200402,(vi),WLS,b_Dur,-0.028603305727170732
200403,(vi),WLS,b_Dur,0.09093578337697138
200404,(vi),WLS,b_Dur,0.012197191929572367
200405,(vi),WLS,b_Dur,-0.0333656872092621
200406,(vi),WLS,b_Dur,0.00993230685432454
200407,(vi),WLS,b_Dur,-0.042322060127556356
200408,(vi),WLS,b_Dur,-0.050533406731260194
200409,(vi),WLS,b_Dur,-0.02246094327934222
200410,(vi),WLS,b_Dur,-0.051723953096519906
200411,(vi),WLS,b_Dur,0.026806251049060266
200412,(vi),WLS,b_Dur,-0.06852182903769743
200501,(vi),WLS,b_Dur,-0.0888155204034585
200502,(vi),WLS,b_Dur,-0.024653711924571758
200503,(vi),WLS,b_Dur,0.06149850692301714
200504,(vi),WLS,b_Dur,0.022146685142798765
200505,(vi),WLS,b_Dur,-0.08871353521117409
200506,(vi),WLS,b_Dur,0.011703794977364462
200507,(vi),WLS,b_Dur,-0.031231490059087222
200508,(vi),WLS,b_Dur,-0.04149811378647003
200509,(vi),WLS,b_Dur,0.060161012508754275
200510,(vi),WLS,b_Dur,0.0229230547415548
200511,(vi),WLS,b_Dur,-0.015717765259348954
200512,(vi),WLS,b_Dur,-0.09057242180724306
200601,(vi),WLS,b_Dur,0.02157752437868457
200602,(vi),WLS,b_Dur,-0.01937224107266751
200603,(vi),WLS,b_Dur,-0.050632412965004245
200604,(vi),WLS,b_Dur,-0.023803615982389333
200605,(vi),WLS,b_Dur,-0.03333397248625012
200606,(vi),WLS,b_Dur,-0.0461850998247363
200607,(vi),WLS,b_Dur,0.06772753308036647
200608,(vi),WLS,b_Dur,0.013227033402835327
200609,(vi),WLS,b_Dur,-0.017027241819839084
200610,(vi),WLS,b_Dur,-0.019025027152991265
200611,(vi),WLS,b_Dur,-0.016650973886331407
200612,(vi),WLS,b_Dur,0.017062372423518813
200701,(vi),WLS,b_Dur,8.941495794389555e-05
200702,(vi),WLS,b_Dur,-0.01998618372241663
200703,(vi),WLS,b_Dur,0.03514733992751173
200704,(vi),WLS,b_Dur,-0.03099135396888849
200705,(vi),WLS,b_Dur,-0.013681027502973581
200706,(vi),WLS,b_Dur,0.046409557856591684
200707,(vi),WLS,b_Dur,0.0389578599291839
200708,(vi),WLS,b_Dur,0.07002531596116682
200709,(vi),WLS,b_Dur,0.09551873489051552
200710,(vi),WLS,b_Dur,-0.015882897771088682
200711,(vi),WLS,b_Dur,-0.007034786037959807
200712,(vi),WLS,b_Dur,-0.05541533455901991
200801,(vi),WLS,b_Dur,-0.0759359353985142
200802,(vi),WLS,b_Dur,0.05340168125450051
200803,(vi),WLS,b_Dur,-0.06748748504107761
200804,(vi),WLS,b_Dur,-0.01934891989915618
200805,(vi),WLS,b_Dur,-0.04670856273406472
200806,(vi),WLS,b_Dur,0.05001826701916087
200807,(vi),WLS,b_Dur,-0.05183454826175391
200808,(vi),WLS,b_Dur,-0.10399891978397635
200809,(vi),WLS,b_Dur,-0.004200306092521033
200810,(vi),WLS,b_Dur,-0.034651728551505584
200811,(vi),WLS,b_Dur,-0.06539927914892092
200812,(vi),WLS,b_Dur,0.07996149555462491
200901,(vi),WLS,b_Dur,0.05620793488452086
200902,(vi),WLS,b_Dur,0.024738451214411532
200903,(vi),WLS,b_Dur,-0.05597729928255485
200904,(vi),WLS,b_Dur,0.08176672533319171
200905,(vi),WLS,b_Dur,0.05639796886068264
200906,(vi),WLS,b_Dur,-0.059957847942658765
200907,(vi),WLS,b_Dur,-0.017505856663543123
200908,(vi),WLS,b_Dur,-0.012274873248379038
200909,(vi),WLS,b_Dur,0.03662776081230254
200910,(vi),WLS,b_Dur,0.0670097676130355
200911,(vi),WLS,b_Dur,-0.05272197274888084
200912,(vi),WLS,b_Dur,0.010014359337490192
201001,(vi),WLS,b_Dur,-0.06443306186373123
201002,(vi),WLS,b_Dur,-0.012099752306899518
201003,(vi),WLS,b_Dur,-0.02256876238375087
201004,(vi),WLS,b_Dur,0.028699935683312285
201005,(vi),WLS,b_Dur,0.09899896111245043
201006,(vi),WLS,b_Dur,0.01864798168105572
201007,(vi),WLS,b_Dur,0.018927933791333063
201008,(vi),WLS,b_Dur,0.04871854105396379
201009,(vi),WLS,b_Dur,0.04487104446668033
201010,(vi),WLS,b_Dur,-0.012311727950912454
201011,(vi),WLS,b_Dur,-0.012073294540408695
201012,(vi),WLS,b_Dur,0.0181324289721542
201101,(vi),WLS,b_Dur,-0.029817737221927376
201102,(vi),WLS,b_Dur,-0.0026018351108599534
201103,(vi),WLS,b_Dur,-0.020353199185277504
201104,(vi),WLS,b_Dur,0.0015853866041540265
201105,(vi),WLS,b_Dur,0.004498937056486449
201106,(vi),WLS,b_Dur,0.07186299413698885
201107,(vi),WLS,b_Dur,-0.00858282601947586
201108,(vi),WLS,b_Dur,-0.028537054645545453
201109,(vi),WLS,b_Dur,0.004694419074638301
201110,(vi),WLS,b_Dur,-0.06178529032662146
201111,(vi),WLS,b_Dur,-0.08521923374243147
201112,(vi),WLS,b_Dur,0.10844460589355012
201201,(vi),WLS,b_Dur,0.06881421637122234
201202,(vi),WLS,b_Dur,0.06327345927352097
201203,(vi),WLS,b_Dur,0.0030660054043057028
201204,(vi),WLS,b_Dur,-0.05694317366087101
201205,(vi),WLS,b_Dur,-0.04171609972885261
201206,(vi),WLS,b_Dur,-0.025251657639366334
201207,(vi),WLS,b_Dur,0.0188030774246055
201208,(vi),WLS,b_Dur,0.012860549917425891
201209,(vi),WLS,b_Dur,-0.07259711946778116
201210,(vi),WLS,b_Dur,0.02906008621625163
201211,(vi),WLS,b_Dur,-0.01992922942994276
201212,(vi),WLS,b_Dur,-0.06625587368419367
201301,(vi),WLS,b_Dur,-0.02509793523172018
201302,(vi),WLS,b_Dur,-0.008672423841452071
201303,(vi),WLS,b_Dur,-0.04164633217488365
201304,(vi),WLS,b_Dur,-0.02522776210289067
201305,(vi),WLS,b_Dur,-0.035067115988787256
201306,(vi),WLS,b_Dur,0.030783191857780234
201307,(vi),WLS,b_Dur,0.021451623036412088
201308,(vi),WLS,b_Dur,0.0363023405183303
201309,(vi),WLS,b_Dur,0.0017598778504436235
201310,(vi),WLS,b_Dur,0.005670561734955264
201311,(vi),WLS,b_Dur,-0.00945188118638391
201312,(vi),WLS,b_Dur,0.03904905186180513
201401,(vi),WLS,b_Dur,-0.02252072506790172
201402,(vi),WLS,b_Dur,-0.08160179409491185
201403,(vi),WLS,b_Dur,-0.0512294121833337
201404,(vi),WLS,b_Dur,0.01455184430544634
201405,(vi),WLS,b_Dur,-0.01075226956507453
201406,(vi),WLS,b_Dur,-0.010949959220705078
201407,(vi),WLS,b_Dur,0.0382659876573464
201408,(vi),WLS,b_Dur,0.011351553858144528
201409,(vi),WLS,b_Dur,0.02780833567071018
201410,(vi),WLS,b_Dur,-0.003297113159591608
201411,(vi),WLS,b_Dur,-0.05075185703888541
201412,(vi),WLS,b_Dur,0.0774727967066678
201501,(vi),WLS,b_Dur,0.04453099766793332
201502,(vi),WLS,b_Dur,0.008949669568503429
201503,(vi),WLS,b_Dur,0.03375846715905078
201504,(vi),WLS,b_Dur,0.025621694011508274
201505,(vi),WLS,b_Dur,0.03049246361176617
201506,(vi),WLS,b_Dur,0.0755714806491839
201507,(vi),WLS,b_Dur,-0.01711810045211848
201508,(vi),WLS,b_Dur,0.018521353386746847
201509,(vi),WLS,b_Dur,0.06265066792220114
201510,(vi),WLS,b_Dur,0.03239194914244245
201511,(vi),WLS,b_Dur,0.06932357655029396
201512,(vi),WLS,b_Dur,-0.1261768656909879
201601,(vi),WLS,b_Dur,-0.029646832621673988
201602,(vi),WLS,b_Dur,0.006246056906968791
201603,(vi),WLS,b_Dur,-0.010719616468540194
201604,(vi),WLS,b_Dur,0.051790097721643155
201605,(vi),WLS,b_Dur,-0.04507653590211886
201606,(vi),WLS,b_Dur,0.07322498617963605
201607,(vi),WLS,b_Dur,-0.030199581536053247
201608,(vi),WLS,b_Dur,0.011716801603814381
201609,(vi),WLS,b_Dur,-0.003994492848708494
201610,(vi),WLS,b_Dur,-0.08891724231815265
201611,(vi),WLS,b_Dur,-0.02636464201878803
201612,(vi),WLS,b_Dur,0.11675620348456073
201701,(vi),WLS,b_Dur,0.004580371095977011
201702,(vi),WLS,b_Dur,0.0054986369772060915
201703,(vi),WLS,b_Dur,0.0369691420859402
201704,(vi),WLS,b_Dur,0.06943649217074334
201705,(vi),WLS,b_Dur,0.0021306523766622077
201706,(vi),WLS,b_Dur,0.04890278644441754
201707,(vi),WLS,b_Dur,0.014017101087470046
201708,(vi),WLS,b_Dur,-0.031230894102665885
201709,(vi),WLS,b_Dur,0.08617575484352719
201710,(vi),WLS,b_Dur,-0.062257700061652585
201711,(vi),WLS,b_Dur,-0.012288053153941672
201712,(vi),WLS,b_Dur,0.20638842779315103
201801,(vi),WLS,b_Dur,0.09930582863134788
201802,(vi),WLS,b_Dur,-0.029408532917190762
201803,(vi),WLS,b_Dur,0.04776842025970577
201804,(vi),WLS,b_Dur,0.05605511550900286
201805,(vi),WLS,b_Dur,0.003167437928762413
201806,(vi),WLS,b_Dur,-0.05115677474971913
201807,(vi),WLS,b_Dur,0.09077175266545456
201808,(vi),WLS,b_Dur,0.007199294437589739
201809,(vi),WLS,b_Dur,-0.1979269352703696
201810,(vi),WLS,b_Dur,0.03148281551318471
201811,(vi),WLS,b_Dur,0.004609000843588673
201812,(vi),WLS,b_Dur,0.09352913345554799
201901,(vi),WLS,b_Dur,0.011580798387615998
201902,(vi),WLS,b_Dur,0.051515882608895294
201903,(vi),WLS,b_Dur,0.06892212180757289
201904,(vi),WLS,b_Dur,-0.007845525944577467
201905,(vi),WLS,b_Dur,-0.002446608877801036
201906,(vi),WLS,b_Dur,-0.03558370321041976
201907,(vi),WLS,b_Dur,-0.004545974096370021
201908,(vi),WLS,b_Dur,-0.09055289742022246
201909,(vi),WLS,b_Dur,0.03400267900232451
201910,(vi),WLS,b_Dur,0.06817116008733404
201911,(vi),WLS,b_Dur,-0.002791331135516598
201912,(vi),WLS,b_Dur,0.24530079778611724
202001,(vi),WLS,b_Dur,0.06681917234469154
202002,(vi),WLS,b_Dur,0.2019553375097678
202003,(vi),WLS,b_Dur,0.014569671535856945
202004,(vi),WLS,b_Dur,0.015160084227036266
202005,(vi),WLS,b_Dur,0.18710135489117447
202006,(vi),WLS,b_Dur,0.09807448297418384
202007,(vi),WLS,b_Dur,0.24553850385550718
202008,(vi),WLS,b_Dur,-0.09820704945422624
202009,(vi),WLS,b_Dur,-0.04768740910478127
202010,(vi),WLS,b_Dur,-0.014913667122997881
202011,(vi),WLS,b_Dur,0.10804414612033704
202012,(vi),WLS,b_Dur,0.008693297661973898
202101,(vi),WLS,b_Dur,-0.1805043306483889
202102,(vi),WLS,b_Dur,-0.16463358285521082
202103,(vi),WLS,b_Dur,0.09234002899999949
202104,(vi),WLS,b_Dur,-0.11151073488693342
202105,(vi),WLS,b_Dur,0.1958932676204329
202106,(vi),WLS,b_Dur,0.08114741741516285
202107,(vi),WLS,b_Dur,0.09947653730660366
202108,(vi),WLS,b_Dur,0.01322754116826029
202109,(vi),WLS,b_Dur,0.1669061055890037
202110,(vi),WLS,b_Dur,0.12724069132629784
202111,(vi),WLS,b_Dur,-0.16146416133771543
202112,(vi),WLS,b_Dur,-0.0946793332255268
202201,(vi),WLS,b_Dur,0.016221846599249135
202202,(vi),WLS,b_Dur,0.0803025661744339
202203,(vi),WLS,b_Dur,-0.23015054169234117
202204,(vi),WLS,b_Dur,-0.08367478649160678
202205,(vi),WLS,b_Dur,-0.01795028718642112
202206,(vi),WLS,b_Dur,0.22059380249866029
202207,(vi),WLS,b_Dur,-0.03020873814017648
202208,(vi),WLS,b_Dur,-0.04748096632301226
202209,(vi),WLS,b_Dur,-0.15076549484976726
202210,(vi),WLS,b_Dur,-0.05852340562720128
202211,(vi),WLS,b_Dur,-0.1594734568767026
202212,(vi),WLS,b_Dur,0.1396147568855317
202301,(vi),WLS,b_Dur,0.12156320770761714
202302,(vi),WLS,b_Dur,0.12265261622411291
202303,(vi),WLS,b_Dur,-0.06605685866488543
202304,(vi),WLS,b_Dur,0.2850675583863659
202305,(vi),WLS,b_Dur,0.06136499958544188
202306,(vi),WLS,b_Dur,-0.011383929704554542
202307,(vi),WLS,b_Dur,0.028295750879611586
202308,(vi),WLS,b_Dur,-0.0635756633392692
202309,(vi),WLS,b_Dur,0.00965801095013602
202310,(vi),WLS,b_Dur,0.16112737968379204
202311,(vi),WLS,b_Dur,-0.05283471744954682
202312,(vi),WLS,b_Dur,0.06692823259092384
202401,(vi),WLS,b_Dur,0.0336542799642328
202402,(vi),WLS,b_Dur,-0.07578914302831814
202403,(vi),WLS,b_Dur,0.01319176747536537
202404,(vi),WLS,b_Dur,0.0698092103474077
202405,(vi),WLS,b_Dur,0.1594522803681091
202406,(vi),WLS,b_Dur,-0.06956010394176454
202407,(vi),WLS,b_Dur,0.012280459056787658
202408,(vi),WLS,b_Dur,0.025079465594675956
202409,(vi),WLS,b_Dur,0.06413378340225342
202410,(vi),WLS,b_Dur,0.030817031654470684
202411,(vi),WLS,b_Dur,0.0707297238230572
197307,(vi),WLS,b_GP,-0.03629207057139629
197308,(vi),WLS,b_GP,-0.11969981291042266
197309,(vi),WLS,b_GP,-0.03353246312759831
197310,(vi),WLS,b_GP,-0.038667958175932556
197311,(vi),WLS,b_GP,-0.16336619510007722
197312,(vi),WLS,b_GP,0.11174454419521748
197401,(vi),WLS,b_GP,-0.03449843620992431
197402,(vi),WLS,b_GP,0.042009085605126985
197403,(vi),WLS,b_GP,0.03616856168129154
197404,(vi),WLS,b_GP,0.05296239144834304
197405,(vi),WLS,b_GP,-0.022149345188862916
197406,(vi),WLS,b_GP,-0.04492566230961159
197407,(vi),WLS,b_GP,-0.03636210227501027
197408,(vi),WLS,b_GP,-0.08602518530963374
197409,(vi),WLS,b_GP,-0.021592826884732963
197410,(vi),WLS,b_GP,-0.015470944863727465
197411,(vi),WLS,b_GP,-0.03640918335773137
197412,(vi),WLS,b_GP,0.09349103901123337
197501,(vi),WLS,b_GP,0.07060977550419943
197502,(vi),WLS,b_GP,0.014003699826957101
197503,(vi),WLS,b_GP,-0.039171739426363164
197504,(vi),WLS,b_GP,-0.010211745860742217
197505,(vi),WLS,b_GP,-0.04203881967519018
197506,(vi),WLS,b_GP,-0.06302990459480749
197507,(vi),WLS,b_GP,-0.012279436403330388
197508,(vi),WLS,b_GP,0.010111504329230312
197509,(vi),WLS,b_GP,0.08702944466925502
197510,(vi),WLS,b_GP,0.044674583445646954
197511,(vi),WLS,b_GP,-0.05285521604745887
197512,(vi),WLS,b_GP,0.007581157004283259
197601,(vi),WLS,b_GP,-0.023643353789607913
197602,(vi),WLS,b_GP,-0.00414999583483504
197603,(vi),WLS,b_GP,-0.0718523785057098
197604,(vi),WLS,b_GP,-0.01774726369783813
197605,(vi),WLS,b_GP,0.02392314962192375
197606,(vi),WLS,b_GP,0.014568102592207066
197607,(vi),WLS,b_GP,0.018227998120757767
197608,(vi),WLS,b_GP,-0.013864624583054971
197609,(vi),WLS,b_GP,-0.045006483170954195
197610,(vi),WLS,b_GP,-0.008317238225293198
197611,(vi),WLS,b_GP,-0.016306453640547187
197612,(vi),WLS,b_GP,-0.004308262046754968
197701,(vi),WLS,b_GP,0.013551719360645913
197702,(vi),WLS,b_GP,0.011538263282495506
197703,(vi),WLS,b_GP,-0.06559772868739704
197704,(vi),WLS,b_GP,-0.008040695447802084
197705,(vi),WLS,b_GP,0.05766458481827824
197706,(vi),WLS,b_GP,0.04767838754765971
197707,(vi),WLS,b_GP,0.06530290648814317
197708,(vi),WLS,b_GP,-0.020877229364490088
197709,(vi),WLS,b_GP,0.03235144588819518
197710,(vi),WLS,b_GP,0.030462515361729406
197711,(vi),WLS,b_GP,-0.0023587476032584046
197712,(vi),WLS,b_GP,0.031226320763499994
197801,(vi),WLS,b_GP,-0.005599168908846191
197802,(vi),WLS,b_GP,-0.013619109391531829
197803,(vi),WLS,b_GP,0.036415217515593304
197804,(vi),WLS,b_GP,0.031146581177558714
197805,(vi),WLS,b_GP,0.03191573875934534
197806,(vi),WLS,b_GP,0.03162385161914773
197807,(vi),WLS,b_GP,-0.0058943407107887235
197808,(vi),WLS,b_GP,-0.05443327511703279
197809,(vi),WLS,b_GP,-0.010050130159273078
197810,(vi),WLS,b_GP,-0.0014267332454090814
197811,(vi),WLS,b_GP,0.02977732113417487
197812,(vi),WLS,b_GP,-0.010606031195016668
197901,(vi),WLS,b_GP,-0.04037139725370565
197902,(vi),WLS,b_GP,-0.01917841788447136
197903,(vi),WLS,b_GP,0.009373709596453866
197904,(vi),WLS,b_GP,-0.008142465920129256
197905,(vi),WLS,b_GP,-0.05708471330536322
197906,(vi),WLS,b_GP,-0.024625849818678026
197907,(vi),WLS,b_GP,-0.013001779114314806
197908,(vi),WLS,b_GP,-0.04967804411828401
197909,(vi),WLS,b_GP,-0.024328729768832855
197910,(vi),WLS,b_GP,-0.056218777058703547
197911,(vi),WLS,b_GP,-0.0675190987192485
197912,(vi),WLS,b_GP,-0.13178411316824318
198001,(vi),WLS,b_GP,-0.1074596400550743
198002,(vi),WLS,b_GP,0.10867143321938459
198003,(vi),WLS,b_GP,-0.043445792984353956
198004,(vi),WLS,b_GP,0.028221394401211786
198005,(vi),WLS,b_GP,-0.05690767786671834
198006,(vi),WLS,b_GP,0.05503609930516992
198007,(vi),WLS,b_GP,-0.036038481586785194
198008,(vi),WLS,b_GP,-0.07788252626460497
198009,(vi),WLS,b_GP,-0.06734059902363883
198010,(vi),WLS,b_GP,-0.1683698844746013
198011,(vi),WLS,b_GP,0.10309642866460829
198012,(vi),WLS,b_GP,0.07402948653726818
198101,(vi),WLS,b_GP,0.006007718633143108
198102,(vi),WLS,b_GP,0.01616248509110295
198103,(vi),WLS,b_GP,0.10125075384252855
198104,(vi),WLS,b_GP,0.06038934788409985
198105,(vi),WLS,b_GP,-0.036027264264014994
198106,(vi),WLS,b_GP,-0.06756508033008315
198107,(vi),WLS,b_GP,0.03213991872394656
198108,(vi),WLS,b_GP,0.0978581293977501
198109,(vi),WLS,b_GP,-0.039295658676859205
198110,(vi),WLS,b_GP,-0.019726104471408212
198111,(vi),WLS,b_GP,0.04843642233579238
198112,(vi),WLS,b_GP,0.12218087854048598
198201,(vi),WLS,b_GP,0.08923711697987954
198202,(vi),WLS,b_GP,0.020772065241218392
198203,(vi),WLS,b_GP,0.021706868324500084
198204,(vi),WLS,b_GP,0.008869482440554022
198205,(vi),WLS,b_GP,0.04750697035974647
198206,(vi),WLS,b_GP,0.09592113548935352
198207,(vi),WLS,b_GP,-0.03127203539674093
198208,(vi),WLS,b_GP,0.04039457925880764
198209,(vi),WLS,b_GP,-0.019124217165587584
198210,(vi),WLS,b_GP,0.08565148166360857
198211,(vi),WLS,b_GP,-0.0038825233763750914
198212,(vi),WLS,b_GP,-0.04254573873060542
198301,(vi),WLS,b_GP,0.021392214225615457
198302,(vi),WLS,b_GP,0.019633173525679455
198303,(vi),WLS,b_GP,-0.006196085977384566
198304,(vi),WLS,b_GP,-0.04515090263735146
198305,(vi),WLS,b_GP,0.012642945429609928
198306,(vi),WLS,b_GP,0.005219075943162975
198307,(vi),WLS,b_GP,-0.0064686124791898045
198308,(vi),WLS,b_GP,0.0567519013529985
198309,(vi),WLS,b_GP,0.030717147111538126
198310,(vi),WLS,b_GP,-0.050283578330407676
198311,(vi),WLS,b_GP,0.0009948147713364185
198312,(vi),WLS,b_GP,-0.04374027560121889
198401,(vi),WLS,b_GP,0.005403340630403909
198402,(vi),WLS,b_GP,-0.0004604562982235957
198403,(vi),WLS,b_GP,0.030609542563900794
198404,(vi),WLS,b_GP,0.03727155683921765
198405,(vi),WLS,b_GP,0.03243134896547311
198406,(vi),WLS,b_GP,0.044893025375001054
198407,(vi),WLS,b_GP,-0.027286099863373964
198408,(vi),WLS,b_GP,0.01298080136403093
198409,(vi),WLS,b_GP,0.041891238085584814
198410,(vi),WLS,b_GP,0.007519052478869873
198411,(vi),WLS,b_GP,0.010946181618599955
198412,(vi),WLS,b_GP,-0.0163943797046969
198501,(vi),WLS,b_GP,0.014461195852282924
198502,(vi),WLS,b_GP,0.02122717573951412
198503,(vi),WLS,b_GP,-0.011304363397733913
198504,(vi),WLS,b_GP,0.037681637610901215
198505,(vi),WLS,b_GP,-0.004870132189061751
198506,(vi),WLS,b_GP,-0.017532409392451986
198507,(vi),WLS,b_GP,0.003953487796921926
198508,(vi),WLS,b_GP,0.05147864486415798
198509,(vi),WLS,b_GP,0.0313085774828502
198510,(vi),WLS,b_GP,0.03799488457156332
198511,(vi),WLS,b_GP,0.04484415685324581
198512,(vi),WLS,b_GP,0.016388765195008294
198601,(vi),WLS,b_GP,-0.018947004955985135
198602,(vi),WLS,b_GP,0.025169688550313103
198603,(vi),WLS,b_GP,0.047502638709551515
198604,(vi),WLS,b_GP,0.034101234771249156
198605,(vi),WLS,b_GP,0.03881542558743752
198606,(vi),WLS,b_GP,0.032951561538217336
198607,(vi),WLS,b_GP,-0.07130497678980285
198608,(vi),WLS,b_GP,-0.06639786965758127
198609,(vi),WLS,b_GP,-0.018129832394467565
198610,(vi),WLS,b_GP,0.01549264439754684
198611,(vi),WLS,b_GP,0.00015875780039810092
198612,(vi),WLS,b_GP,-0.014775660664433327
198701,(vi),WLS,b_GP,0.04407196397593005
198702,(vi),WLS,b_GP,-0.03902376102304362
198703,(vi),WLS,b_GP,-0.00426315039686008
198704,(vi),WLS,b_GP,0.01167382118633074
198705,(vi),WLS,b_GP,0.018203176037379615
198706,(vi),WLS,b_GP,-0.0402666301848045
198707,(vi),WLS,b_GP,0.030691841485683477
198708,(vi),WLS,b_GP,-0.04574013603731471
198709,(vi),WLS,b_GP,0.04533696329993362
198710,(vi),WLS,b_GP,-0.03088200482425836
198711,(vi),WLS,b_GP,-0.0017559839661644167
198712,(vi),WLS,b_GP,-0.01375132227727844
198801,(vi),WLS,b_GP,-0.0031527657570792015
198802,(vi),WLS,b_GP,-0.04274966932325937
198803,(vi),WLS,b_GP,-0.029429796328783307
198804,(vi),WLS,b_GP,-0.012806710697628378
198805,(vi),WLS,b_GP,0.012890929534370973
198806,(vi),WLS,b_GP,-0.005888155496904547
198807,(vi),WLS,b_GP,0.008343460855787412
198808,(vi),WLS,b_GP,0.025725745129001647
198809,(vi),WLS,b_GP,0.004025218654577722
198810,(vi),WLS,b_GP,-0.012322399765574869
198811,(vi),WLS,b_GP,0.012077494390302885
198812,(vi),WLS,b_GP,-0.016286783786039122
198901,(vi),WLS,b_GP,-0.012040437274546492
198902,(vi),WLS,b_GP,-0.01923446301577738
198903,(vi),WLS,b_GP,-0.005383554115230359
198904,(vi),WLS,b_GP,-0.004874031115654466
198905,(vi),WLS,b_GP,0.0022091089483807147
198906,(vi),WLS,b_GP,0.04761317378771121
198907,(vi),WLS,b_GP,-0.04958038785241183
198908,(vi),WLS,b_GP,0.027852261787401106
198909,(vi),WLS,b_GP,0.054618023278538264
198910,(vi),WLS,b_GP,-0.007413125042952232
198911,(vi),WLS,b_GP,-0.01672191915168645
198912,(vi),WLS,b_GP,-0.015536948072185334
199001,(vi),WLS,b_GP,-0.04249677119544981
199002,(vi),WLS,b_GP,0.0371671204644811
199003,(vi),WLS,b_GP,0.06056265913617443
199004,(vi),WLS,b_GP,0.05619762609043167
199005,(vi),WLS,b_GP,0.05975347212995428
199006,(vi),WLS,b_GP,-0.013690499528340803
199007,(vi),WLS,b_GP,-0.002640278715999006
199008,(vi),WLS,b_GP,0.009158716390476603
199009,(vi),WLS,b_GP,0.08099746149447665
199010,(vi),WLS,b_GP,0.05127031813068403
199011,(vi),WLS,b_GP,0.02252853096362313
199012,(vi),WLS,b_GP,0.010835315921353552
199101,(vi),WLS,b_GP,0.029613593525729176
199102,(vi),WLS,b_GP,0.06446096328657172
199103,(vi),WLS,b_GP,-0.010587884284310066
199104,(vi),WLS,b_GP,-0.00441132208692821
199105,(vi),WLS,b_GP,0.010824387401866486
199106,(vi),WLS,b_GP,0.05332975229655692
199107,(vi),WLS,b_GP,0.051424783902468435
199108,(vi),WLS,b_GP,-0.004728141782443755
199109,(vi),WLS,b_GP,0.013107497921589922
199110,(vi),WLS,b_GP,0.09603316031860148
199111,(vi),WLS,b_GP,0.09101892071245522
199112,(vi),WLS,b_GP,-0.07712414174098213
199201,(vi),WLS,b_GP,-0.023421766729826203
199202,(vi),WLS,b_GP,-0.0037188162187944893
199203,(vi),WLS,b_GP,-0.08328515553538232
199204,(vi),WLS,b_GP,0.023242736905677075
199205,(vi),WLS,b_GP,-0.03776317749101814
199206,(vi),WLS,b_GP,0.034487351807895694
199207,(vi),WLS,b_GP,0.027037831224772595
199208,(vi),WLS,b_GP,-0.029952036231713663
199209,(vi),WLS,b_GP,0.04843225031635568
199210,(vi),WLS,b_GP,0.011396274145797563
199211,(vi),WLS,b_GP,-0.04688834067106544
199212,(vi),WLS,b_GP,-0.08170236058404587
199301,(vi),WLS,b_GP,-0.06503659507032311
199302,(vi),WLS,b_GP,-0.03130536565990967
199303,(vi),WLS,b_GP,-0.08972777016574701
199304,(vi),WLS,b_GP,0.02131704568566562
199305,(vi),WLS,b_GP,-0.04019183933133853
199306,(vi),WLS,b_GP,-0.09038274924771314
199307,(vi),WLS,b_GP,0.002905863587305397
199308,(vi),WLS,b_GP,-0.01893645215385068
199309,(vi),WLS,b_GP,0.03711563360048954
199310,(vi),WLS,b_GP,0.046653038649181175
199311,(vi),WLS,b_GP,-0.04339876865136124
199312,(vi),WLS,b_GP,-0.07258577566071905
199401,(vi),WLS,b_GP,0.02472502735290843
199402,(vi),WLS,b_GP,-0.005889525554114972
199403,(vi),WLS,b_GP,-0.007324968153797913
199404,(vi),WLS,b_GP,-0.010853505559264986
199405,(vi),WLS,b_GP,0.0006566138044361743
199406,(vi),WLS,b_GP,-0.007350800813896541
199407,(vi),WLS,b_GP,0.07775165084988747
199408,(vi),WLS,b_GP,0.036974258651423855
199409,(vi),WLS,b_GP,0.012275995146924856
199410,(vi),WLS,b_GP,0.03526952747082564
199411,(vi),WLS,b_GP,-0.010472769979003406
199412,(vi),WLS,b_GP,0.015638498095072714
199501,(vi),WLS,b_GP,-0.016172624682572054
199502,(vi),WLS,b_GP,-0.012937108176182155
199503,(vi),WLS,b_GP,-0.006872485164636746
199504,(vi),WLS,b_GP,0.006314290689252319
199505,(vi),WLS,b_GP,0.046604151199592686
199506,(vi),WLS,b_GP,-0.03598313238201421
199507,(vi),WLS,b_GP,0.007538399407684208
199508,(vi),WLS,b_GP,0.06288306633891393
199509,(vi),WLS,b_GP,0.052918611379016954
199510,(vi),WLS,b_GP,-0.00971929558873471
199511,(vi),WLS,b_GP,-0.07191827561734908
199512,(vi),WLS,b_GP,0.012612121506533132
199601,(vi),WLS,b_GP,0.03122184789372963
199602,(vi),WLS,b_GP,-0.052968376293950785
199603,(vi),WLS,b_GP,0.010347991311982087
199604,(vi),WLS,b_GP,0.053023461207196296
199605,(vi),WLS,b_GP,0.03412435307470529
199606,(vi),WLS,b_GP,0.008236162091282213
199607,(vi),WLS,b_GP,-0.016079600355209986
199608,(vi),WLS,b_GP,0.08900322302736563
199609,(vi),WLS,b_GP,-0.03745878230263357
199610,(vi),WLS,b_GP,0.02660931272667495
199611,(vi),WLS,b_GP,-0.03186580977266718
199612,(vi),WLS,b_GP,0.08315788577492779
199701,(vi),WLS,b_GP,-0.0015344944613431988
199702,(vi),WLS,b_GP,-0.09911955925644955
199703,(vi),WLS,b_GP,0.12176603122195226
199704,(vi),WLS,b_GP,0.02148561079147913
199705,(vi),WLS,b_GP,0.025262322565962746
199706,(vi),WLS,b_GP,-0.022296802750732203
199707,(vi),WLS,b_GP,-0.11157149009397907
199708,(vi),WLS,b_GP,-0.03380225840182436
199709,(vi),WLS,b_GP,0.040107695696354674
199710,(vi),WLS,b_GP,0.07632916182763752
199711,(vi),WLS,b_GP,-0.0054664591550410355
199712,(vi),WLS,b_GP,0.09168434559393399
199801,(vi),WLS,b_GP,0.03803909863241331
199802,(vi),WLS,b_GP,-0.0006840481021157668
199803,(vi),WLS,b_GP,-0.012473989887861709
199804,(vi),WLS,b_GP,0.01904445488745512
199805,(vi),WLS,b_GP,0.16693076838086338
199806,(vi),WLS,b_GP,0.04102505089694131
199807,(vi),WLS,b_GP,0.02935574359222532
199808,(vi),WLS,b_GP,0.01251645559415715
199809,(vi),WLS,b_GP,-0.02486675334409202
199810,(vi),WLS,b_GP,0.044787044164917474
199811,(vi),WLS,b_GP,0.0535504259685462
199812,(vi),WLS,b_GP,0.10319239460942427
199901,(vi),WLS,b_GP,-0.05095612982453136
199902,(vi),WLS,b_GP,0.011708585662923904
199903,(vi),WLS,b_GP,-0.21247370270981247
199904,(vi),WLS,b_GP,-0.04221946683678865
199905,(vi),WLS,b_GP,0.05167358490444764
199906,(vi),WLS,b_GP,-0.04071885600382648
199907,(vi),WLS,b_GP,0.12858366500286872
199908,(vi),WLS,b_GP,-0.014293307367461271
199909,(vi),WLS,b_GP,0.10388410054837213
199910,(vi),WLS,b_GP,0.06256338841292705
199911,(vi),WLS,b_GP,0.04336288378710189
199912,(vi),WLS,b_GP,-0.014271833903163937
200001,(vi),WLS,b_GP,0.032247185091309916
200002,(vi),WLS,b_GP,0.04555252685647744
200003,(vi),WLS,b_GP,-0.03017877089831713
200004,(vi),WLS,b_GP,0.008203207209660071
200005,(vi),WLS,b_GP,0.12892064175579687
200006,(vi),WLS,b_GP,-0.04810843862294454
200007,(vi),WLS,b_GP,0.01234875262841037
200008,(vi),WLS,b_GP,-0.07773098481289162
200009,(vi),WLS,b_GP,-0.05554237046889439
200010,(vi),WLS,b_GP,-0.017674648942208354
200011,(vi),WLS,b_GP,-0.17252479922770764
200012,(vi),WLS,b_GP,-0.056692356087994514
200101,(vi),WLS,b_GP,-0.17373137157421498
200102,(vi),WLS,b_GP,-0.11481436603368446
200103,(vi),WLS,b_GP,-0.02119092268879813
200104,(vi),WLS,b_GP,-0.049617686668288696
200105,(vi),WLS,b_GP,0.020890401139333707
200106,(vi),WLS,b_GP,0.039099831730879844
200107,(vi),WLS,b_GP,-0.013040696810455887
200108,(vi),WLS,b_GP,0.08501132991154461
200109,(vi),WLS,b_GP,0.04914985049015344
200110,(vi),WLS,b_GP,0.003343575600308419
200111,(vi),WLS,b_GP,-0.07206638649271666
200112,(vi),WLS,b_GP,0.06229668175808044
200201,(vi),WLS,b_GP,-0.01551823731163942
200202,(vi),WLS,b_GP,-0.07353141107620306
200203,(vi),WLS,b_GP,0.0010444203396667018
200204,(vi),WLS,b_GP,-0.04805531382023838
200205,(vi),WLS,b_GP,0.014272953751707784
200206,(vi),WLS,b_GP,0.0959688230767804
200207,(vi),WLS,b_GP,0.02789309645110227
200208,(vi),WLS,b_GP,0.0330121195011678
200209,(vi),WLS,b_GP,0.06525503725912439
200210,(vi),WLS,b_GP,-0.07649127538715836
200211,(vi),WLS,b_GP,-0.007294138140463535
200212,(vi),WLS,b_GP,0.027857814808929397
200301,(vi),WLS,b_GP,0.050043338957122284
200302,(vi),WLS,b_GP,0.05443118893186043
200303,(vi),WLS,b_GP,-0.04110036121082153
200304,(vi),WLS,b_GP,-0.09439348426113324
200305,(vi),WLS,b_GP,0.01336666990876711
200306,(vi),WLS,b_GP,0.014731887455791404
200307,(vi),WLS,b_GP,-0.08435031777625193
200308,(vi),WLS,b_GP,0.05679643545452541
200309,(vi),WLS,b_GP,-0.049948132056608724
200310,(vi),WLS,b_GP,-0.03192808062861982
200311,(vi),WLS,b_GP,-0.06626105650782543
200312,(vi),WLS,b_GP,0.001331742501033812
200401,(vi),WLS,b_GP,0.004087659922642331
200402,(vi),WLS,b_GP,-0.0074454260366321676
200403,(vi),WLS,b_GP,0.05961467820279523
200404,(vi),WLS,b_GP,0.017860856876880132
200405,(vi),WLS,b_GP,-0.0517900040546501
200406,(vi),WLS,b_GP,-0.02718169984451197
200407,(vi),WLS,b_GP,-0.007504773391126044
200408,(vi),WLS,b_GP,-0.07826150714605501
200409,(vi),WLS,b_GP,0.010390265109011686
200410,(vi),WLS,b_GP,-0.08415045154923011
200411,(vi),WLS,b_GP,0.042436003683178486
200412,(vi),WLS,b_GP,-0.0074578106357335375
200501,(vi),WLS,b_GP,-0.0947723395738713
200502,(vi),WLS,b_GP,0.009931004723223122
200503,(vi),WLS,b_GP,0.05296576051674068
200504,(vi),WLS,b_GP,0.029167330660956184
200505,(vi),WLS,b_GP,-0.05112006529190416
200506,(vi),WLS,b_GP,-0.017591815085176703
200507,(vi),WLS,b_GP,-0.059859593464129925
200508,(vi),WLS,b_GP,-0.06350887689880659
200509,(vi),WLS,b_GP,0.06473614120390722
200510,(vi),WLS,b_GP,0.00023220761218305068
200511,(vi),WLS,b_GP,-0.0238286470493234
200512,(vi),WLS,b_GP,-0.08610737868571916
200601,(vi),WLS,b_GP,0.02992736779018622
200602,(vi),WLS,b_GP,-0.03547758369901806
200603,(vi),WLS,b_GP,-0.05948807654908192
200604,(vi),WLS,b_GP,-0.016567403488992487
200605,(vi),WLS,b_GP,-0.010999094632345607
200606,(vi),WLS,b_GP,-0.009983882776623914
200607,(vi),WLS,b_GP,0.06097749857902454
200608,(vi),WLS,b_GP,0.041000524247465406
200609,(vi),WLS,b_GP,-0.00934448419436912
200610,(vi),WLS,b_GP,-0.04861659081216481
200611,(vi),WLS,b_GP,-0.02527614875434437
200612,(vi),WLS,b_GP,0.02440952322435047
200701,(vi),WLS,b_GP,-0.023377630812034925
200702,(vi),WLS,b_GP,-0.033468386631346915
200703,(vi),WLS,b_GP,0.025425936493688604
200704,(vi),WLS,b_GP,-0.05001651645935791
200705,(vi),WLS,b_GP,-0.017822776144379868
200706,(vi),WLS,b_GP,0.004008859356896689
200707,(vi),WLS,b_GP,0.037272868105249976
200708,(vi),WLS,b_GP,-0.0013007527002406871
200709,(vi),WLS,b_GP,0.05191500169577393
200710,(vi),WLS,b_GP,0.034056582475242334
200711,(vi),WLS,b_GP,-0.030759235799243185
200712,(vi),WLS,b_GP,-0.008575690373580021
200801,(vi),WLS,b_GP,-0.057363055036691334
200802,(vi),WLS,b_GP,0.03100410356552786
200803,(vi),WLS,b_GP,-0.04181401220806797
200804,(vi),WLS,b_GP,-0.029837458007956806
200805,(vi),WLS,b_GP,0.007739026478189671
200806,(vi),WLS,b_GP,0.08923547548114774
200807,(vi),WLS,b_GP,0.02638173059917974
200808,(vi),WLS,b_GP,0.07934753143745943
200809,(vi),WLS,b_GP,0.11536232417432064
200810,(vi),WLS,b_GP,0.016950604868212902
200811,(vi),WLS,b_GP,-0.01441511397289734
200812,(vi),WLS,b_GP,0.06947735286080291
200901,(vi),WLS,b_GP,0.1489682052697408
200902,(vi),WLS,b_GP,0.036003145691225286
200903,(vi),WLS,b_GP,-0.1546535396726858
200904,(vi),WLS,b_GP,-0.032883189325829336
200905,(vi),WLS,b_GP,0.11456055754075019
200906,(vi),WLS,b_GP,-0.08531151560987535
200907,(vi),WLS,b_GP,-0.028728714232805805
200908,(vi),WLS,b_GP,-0.06278988720469213
200909,(vi),WLS,b_GP,0.09262002869863928
200910,(vi),WLS,b_GP,0.018220286409836826
200911,(vi),WLS,b_GP,-0.0605660413432587
200912,(vi),WLS,b_GP,0.01568873036278741
201001,(vi),WLS,b_GP,-0.04096522073520731
201002,(vi),WLS,b_GP,-0.047034786107624196
201003,(vi),WLS,b_GP,-0.05269815557725621
201004,(vi),WLS,b_GP,0.040686781955914644
201005,(vi),WLS,b_GP,0.07057386082223921
201006,(vi),WLS,b_GP,-0.02605632050429757
201007,(vi),WLS,b_GP,0.016435990343161254
201008,(vi),WLS,b_GP,0.029584177327740845
201009,(vi),WLS,b_GP,-0.0003249155321083663
201010,(vi),WLS,b_GP,-0.032509769633792346
201011,(vi),WLS,b_GP,-0.07085729853221377
201012,(vi),WLS,b_GP,-0.04547946472950354
201101,(vi),WLS,b_GP,-0.06461175857013243
201102,(vi),WLS,b_GP,-0.020652376508348246
201103,(vi),WLS,b_GP,0.030506426450577707
201104,(vi),WLS,b_GP,0.048460183748916925
201105,(vi),WLS,b_GP,0.024477352044855946
201106,(vi),WLS,b_GP,0.0619185124425846
201107,(vi),WLS,b_GP,0.06508832039410643
201108,(vi),WLS,b_GP,0.09936473801715694
201109,(vi),WLS,b_GP,-0.09040995006181833
201110,(vi),WLS,b_GP,-0.046424249368568
201111,(vi),WLS,b_GP,-0.041700967049305426
201112,(vi),WLS,b_GP,0.06299232260843798
201201,(vi),WLS,b_GP,0.03116309720093435
201202,(vi),WLS,b_GP,0.1125526648111677
201203,(vi),WLS,b_GP,0.00747143675081156
201204,(vi),WLS,b_GP,0.029080852793767212
201205,(vi),WLS,b_GP,-0.04791617542433019
201206,(vi),WLS,b_GP,-0.01941201307512305
201207,(vi),WLS,b_GP,0.017144253017750667
201208,(vi),WLS,b_GP,-0.02223077136331485
201209,(vi),WLS,b_GP,-0.06233712302524044
201210,(vi),WLS,b_GP,0.0134630046912218
201211,(vi),WLS,b_GP,-0.058581282410950467
201212,(vi),WLS,b_GP,-0.06631628839338441
201301,(vi),WLS,b_GP,-0.01976054934841923
201302,(vi),WLS,b_GP,-0.007389518725587115
201303,(vi),WLS,b_GP,0.007219670047962288
201304,(vi),WLS,b_GP,-0.016145823816165104
201305,(vi),WLS,b_GP,-0.028700066268792113
201306,(vi),WLS,b_GP,0.010215573256832403
201307,(vi),WLS,b_GP,0.007062541402865993
201308,(vi),WLS,b_GP,0.006847886127543973
201309,(vi),WLS,b_GP,-0.007533721716734695
201310,(vi),WLS,b_GP,0.03133114756529762
201311,(vi),WLS,b_GP,-0.04743362312641801
201312,(vi),WLS,b_GP,-0.0002867398648875759
201401,(vi),WLS,b_GP,0.0007513691184103163
201402,(vi),WLS,b_GP,-0.05757942970264229
201403,(vi),WLS,b_GP,-0.05453809718846875
201404,(vi),WLS,b_GP,-0.006312042492332932
201405,(vi),WLS,b_GP,-0.02259465267324859
201406,(vi),WLS,b_GP,0.016805468387528995
201407,(vi),WLS,b_GP,0.043488639875350246
201408,(vi),WLS,b_GP,0.06198685766921869
201409,(vi),WLS,b_GP,0.05163657422268669
201410,(vi),WLS,b_GP,0.07645043460586919
201411,(vi),WLS,b_GP,-0.0199770901492748
201412,(vi),WLS,b_GP,0.08335058082213465
201501,(vi),WLS,b_GP,-0.0017318643330794976
201502,(vi),WLS,b_GP,0.021723319093321838
201503,(vi),WLS,b_GP,-0.02436819547992882
201504,(vi),WLS,b_GP,0.036687933412657796
201505,(vi),WLS,b_GP,0.03882163634929455
201506,(vi),WLS,b_GP,0.10383062544153374
201507,(vi),WLS,b_GP,-0.007602182768186903
201508,(vi),WLS,b_GP,0.04451595950672272
201509,(vi),WLS,b_GP,-0.011011100138089293
201510,(vi),WLS,b_GP,0.012583843557343962
201511,(vi),WLS,b_GP,0.08757508776015818
201512,(vi),WLS,b_GP,-0.03481239992620548
201601,(vi),WLS,b_GP,-0.033957448614927235
201602,(vi),WLS,b_GP,-0.019944914644339465
201603,(vi),WLS,b_GP,-0.07394932995100652
201604,(vi),WLS,b_GP,0.06105126120969186
201605,(vi),WLS,b_GP,-0.03368532106047652
201606,(vi),WLS,b_GP,0.07877365559928204
201607,(vi),WLS,b_GP,-0.02534098277792466
201608,(vi),WLS,b_GP,-0.008872019869480406
201609,(vi),WLS,b_GP,-0.006019721504789223
201610,(vi),WLS,b_GP,-0.1330218750337525
201611,(vi),WLS,b_GP,-0.015060954706640074
201612,(vi),WLS,b_GP,0.060949149392040367
201701,(vi),WLS,b_GP,0.051605497981692054
201702,(vi),WLS,b_GP,0.030506990200374222
201703,(vi),WLS,b_GP,0.04944918484360054
201704,(vi),WLS,b_GP,0.07574792753026238
201705,(vi),WLS,b_GP,-0.013322532943823828
201706,(vi),WLS,b_GP,0.02084477580310432
201707,(vi),WLS,b_GP,0.02349568259724283
201708,(vi),WLS,b_GP,-0.061570064534886684
201709,(vi),WLS,b_GP,0.10829264344352467
201710,(vi),WLS,b_GP,0.0021113126599116086
201711,(vi),WLS,b_GP,-0.03998214308580717
201712,(vi),WLS,b_GP,0.16031691676171836
201801,(vi),WLS,b_GP,0.0866935327195978
201802,(vi),WLS,b_GP,-0.014940761740644293
201803,(vi),WLS,b_GP,0.02483931820673161
201804,(vi),WLS,b_GP,0.024283601726988794
201805,(vi),WLS,b_GP,0.04093403319309851
201806,(vi),WLS,b_GP,-0.029307991515755256
201807,(vi),WLS,b_GP,0.12664301068720346
201808,(vi),WLS,b_GP,-0.013985549451911309
201809,(vi),WLS,b_GP,-0.13051035017516227
201810,(vi),WLS,b_GP,0.05367314779495713
201811,(vi),WLS,b_GP,0.03943703454661984
201812,(vi),WLS,b_GP,0.03486553435640849
201901,(vi),WLS,b_GP,-0.006049053907092738
201902,(vi),WLS,b_GP,0.03978003286045894
201903,(vi),WLS,b_GP,0.048090105253945
201904,(vi),WLS,b_GP,-0.0063538201556450555
201905,(vi),WLS,b_GP,-0.015196381958409888
201906,(vi),WLS,b_GP,-0.005187470063288624
201907,(vi),WLS,b_GP,0.03607825904980408
201908,(vi),WLS,b_GP,-0.06782824717072974
201909,(vi),WLS,b_GP,0.040046855047269
201910,(vi),WLS,b_GP,0.029648847913983402
201911,(vi),WLS,b_GP,0.007681556178371442
201912,(vi),WLS,b_GP,0.16427354604436709
202001,(vi),WLS,b_GP,0.09184571928506677
202002,(vi),WLS,b_GP,0.2911933533300203
202003,(vi),WLS,b_GP,0.026164583868261964
202004,(vi),WLS,b_GP,0.02084200776886655
202005,(vi),WLS,b_GP,0.129074696011433
202006,(vi),WLS,b_GP,0.08165121965208418
202007,(vi),WLS,b_GP,0.1372522930664337
202008,(vi),WLS,b_GP,-0.059645791547922024
202009,(vi),WLS,b_GP,-0.042218718683023904
202010,(vi),WLS,b_GP,-0.13552593039454985
202011,(vi),WLS,b_GP,0.014452315658653264
202012,(vi),WLS,b_GP,-0.014621943747905857
202101,(vi),WLS,b_GP,-0.1819765071814997
202102,(vi),WLS,b_GP,-0.06929528335245079
202103,(vi),WLS,b_GP,0.08643256381697295
202104,(vi),WLS,b_GP,-0.08404083056155212
202105,(vi),WLS,b_GP,0.1717825201633074
202106,(vi),WLS,b_GP,0.10104612786450194
202107,(vi),WLS,b_GP,0.10080258773327075
202108,(vi),WLS,b_GP,-0.07415044994704578
202109,(vi),WLS,b_GP,0.10250983714243735
202110,(vi),WLS,b_GP,0.17623802363512456
202111,(vi),WLS,b_GP,-0.09901281890635212
202112,(vi),WLS,b_GP,-0.13465001380061156
202201,(vi),WLS,b_GP,-0.07200418972911235
202202,(vi),WLS,b_GP,0.00890692100356405
202203,(vi),WLS,b_GP,-0.13019865815886167
202204,(vi),WLS,b_GP,-0.12929746205381126
202205,(vi),WLS,b_GP,0.03704546546327754
202206,(vi),WLS,b_GP,0.1520826133890324
202207,(vi),WLS,b_GP,-0.06327192778423477
202208,(vi),WLS,b_GP,-0.01271331505632772
202209,(vi),WLS,b_GP,-0.17169488269848168
202210,(vi),WLS,b_GP,-0.0017020972478406227
202211,(vi),WLS,b_GP,-0.07643630107352581
202212,(vi),WLS,b_GP,0.07880971697848366
202301,(vi),WLS,b_GP,0.07710800904146656
202302,(vi),WLS,b_GP,0.19516219955838043
202303,(vi),WLS,b_GP,0.04020954326518712
202304,(vi),WLS,b_GP,0.22959676860601552
202305,(vi),WLS,b_GP,0.0046622033650021155
202306,(vi),WLS,b_GP,-0.005391698661444314
202307,(vi),WLS,b_GP,0.061024021370590084
202308,(vi),WLS,b_GP,-0.024187408694711733
202309,(vi),WLS,b_GP,0.10084575653257077
202310,(vi),WLS,b_GP,0.0751843838806892
202311,(vi),WLS,b_GP,-0.0586241476171768
202312,(vi),WLS,b_GP,0.1123616124473884
202401,(vi),WLS,b_GP,0.12744745196880025
202402,(vi),WLS,b_GP,-0.05417996422516343
202403,(vi),WLS,b_GP,-0.0045153415801223
202404,(vi),WLS,b_GP,0.10791638163395585
202405,(vi),WLS,b_GP,0.1992236608281415
202406,(vi),WLS,b_GP,-0.16345071401661965
202407,(vi),WLS,b_GP,0.04333679746102169
202408,(vi),WLS,b_GP,8.033393689871327e-05
202409,(vi),WLS,b_GP,0.06725409356612731
202410,(vi),WLS,b_GP,-0.014213379058490096
202411,(vi),WLS,b_GP,0.09339640507249325
197307,(vii),OLS,a,-0.02803688376701788
197308,(vii),OLS,a,0.01459209712400807
197309,(vii),OLS,a,-0.012193494571797662
197310,(vii),OLS,a,-0.09654608397998023
197311,(vii),OLS,a,0.06819367800797017
197312,(vii),OLS,a,0.1489875822780001
197401,(vii),OLS,a,-0.05761755512486527
197402,(vii),OLS,a,-0.0056589876594063965
197403,(vii),OLS,a,-0.0429287312240122
197404,(vii),OLS,a,-0.05193236180149276
197405,(vii),OLS,a,-0.024443985097215667
197406,(vii),OLS,a,0.002556261546171945
197407,(vii),OLS,a,-0.046197084729638856
197408,(vii),OLS,a,-0.012054124954818468
197409,(vii),OLS,a,0.1801374607479004
197410,(vii),OLS,a,0.003942007241016244
197411,(vii),OLS,a,0.018371053574316582
197412,(vii),OLS,a,0.24086843102075267
197501,(vii),OLS,a,0.04345851427690621
197502,(vii),OLS,a,0.09442298206114275
197503,(vii),OLS,a,0.05754359763446327
197504,(vii),OLS,a,0.09125100819786841
197505,(vii),OLS,a,0.1269597339177588
197506,(vii),OLS,a,0.0493248575368268
197507,(vii),OLS,a,-0.04226935602678866
197508,(vii),OLS,a,-0.006839153020789895
197509,(vii),OLS,a,-0.02850943795927566
197510,(vii),OLS,a,-0.0033599170319707577
197511,(vii),OLS,a,-0.03127275638160432
197512,(vii),OLS,a,0.365374158895797
197601,(vii),OLS,a,0.06267624311295751
197602,(vii),OLS,a,0.005948368832226247
197603,(vii),OLS,a,0.02225735120307468
197604,(vii),OLS,a,-0.027515336943280365
197605,(vii),OLS,a,0.03034539414228711
197606,(vii),OLS,a,-0.08395421283569139
197607,(vii),OLS,a,0.036312192271853005
197608,(vii),OLS,a,0.059452572911226895
197609,(vii),OLS,a,0.027769848413474768
197610,(vii),OLS,a,0.08053502338587039
197611,(vii),OLS,a,0.0833755136636155
197612,(vii),OLS,a,-0.02367890056237501
197701,(vii),OLS,a,0.049577010689018396
197702,(vii),OLS,a,0.029241881732960672
197703,(vii),OLS,a,0.0280858126414522
197704,(vii),OLS,a,0.06073819715184496
197705,(vii),OLS,a,-0.01716430601991375
197706,(vii),OLS,a,-0.021212134248133514
197707,(vii),OLS,a,-0.021375679604671908
197708,(vii),OLS,a,-0.013475097480149186
197709,(vii),OLS,a,0.006774991236262802
197710,(vii),OLS,a,0.04773096563753676
197711,(vii),OLS,a,-0.02360598657936058
197712,(vii),OLS,a,-0.03317177571464791
197801,(vii),OLS,a,0.003680670606435625
197802,(vii),OLS,a,0.050500594858276224
197803,(vii),OLS,a,0.016398587437326067
197804,(vii),OLS,a,0.017704689911274024
197805,(vii),OLS,a,-0.016594010108916254
197806,(vii),OLS,a,0.07133413537792258
197807,(vii),OLS,a,-0.004640874470185045
197808,(vii),OLS,a,-0.030337129651163135
197809,(vii),OLS,a,-0.0591932754551516
197810,(vii),OLS,a,0.02023061441919983
197811,(vii),OLS,a,0.017216334121095946
197812,(vii),OLS,a,0.07276327160427426
197901,(vii),OLS,a,-0.058477240164772404
197902,(vii),OLS,a,0.021457377860503942
197903,(vii),OLS,a,-0.0004968981156850058
197904,(vii),OLS,a,-0.03958868862432367
197905,(vii),OLS,a,0.039949450261874415
197906,(vii),OLS,a,0.019864918329197127
197907,(vii),OLS,a,0.053102943982670965
197908,(vii),OLS,a,-0.015044490967619738
197909,(vii),OLS,a,-0.02425161538327628
197910,(vii),OLS,a,-0.0027232920583820136
197911,(vii),OLS,a,0.021990247231505253
197912,(vii),OLS,a,0.07094724742618251
198001,(vii),OLS,a,-0.016162070587728755
198002,(vii),OLS,a,-0.11687090987456857
198003,(vii),OLS,a,0.014842752020723594
198004,(vii),OLS,a,0.08784366621971125
198005,(vii),OLS,a,0.04111023849412744
198006,(vii),OLS,a,0.09695291754450008
198007,(vii),OLS,a,0.052946552756817415
198008,(vii),OLS,a,0.012595889024684061
198009,(vii),OLS,a,0.06529280878607785
198010,(vii),OLS,a,0.08898866353815485
198011,(vii),OLS,a,-0.06304400863385731
198012,(vii),OLS,a,-0.0003696762086450723
198101,(vii),OLS,a,0.03791458497602558
198102,(vii),OLS,a,0.057116675209405075
198103,(vii),OLS,a,-0.04647191891419879
198104,(vii),OLS,a,0.012966317670915717
198105,(vii),OLS,a,0.018768468014285715
198106,(vii),OLS,a,0.00592577553228386
198107,(vii),OLS,a,-0.011603486130018022
198108,(vii),OLS,a,-0.08880731030395075
198109,(vii),OLS,a,0.12952409900042458
198110,(vii),OLS,a,0.05577200459251679
198111,(vii),OLS,a,-0.028750577251949423
198112,(vii),OLS,a,-0.030672518098205228
198201,(vii),OLS,a,-0.05365360869703312
198202,(vii),OLS,a,-0.09359319739248284
198203,(vii),OLS,a,-0.022584539994347192
198204,(vii),OLS,a,0.002076356667673861
198205,(vii),OLS,a,-0.10740541472663026
198206,(vii),OLS,a,-0.011289752617686765
198207,(vii),OLS,a,0.11605925195010218
198208,(vii),OLS,a,-0.023876955936866236
198209,(vii),OLS,a,0.08013834414848353
198210,(vii),OLS,a,-0.1330154585318837
198211,(vii),OLS,a,-0.016202335727976133
198212,(vii),OLS,a,0.10486019754223674
198301,(vii),OLS,a,-0.030359167927039063
198302,(vii),OLS,a,-0.009329335703752962
198303,(vii),OLS,a,0.04921232404195492
198304,(vii),OLS,a,0.010162190835578068
198305,(vii),OLS,a,0.019642158910868658
198306,(vii),OLS,a,-0.06092454283370909
198307,(vii),OLS,a,-0.015390187935729127
198308,(vii),OLS,a,0.015842900957734798
198309,(vii),OLS,a,-0.06730472821487708
198310,(vii),OLS,a,0.03554181492835568
198311,(vii),OLS,a,-0.013244661832168615
198312,(vii),OLS,a,-0.034736489819053036
198401,(vii),OLS,a,-0.06083918801723352
198402,(vii),OLS,a,0.015495660002242645
198403,(vii),OLS,a,0.013196326015164177
198404,(vii),OLS,a,-0.05035143068738587
198405,(vii),OLS,a,0.02422037251968846
198406,(vii),OLS,a,-0.061599406613354286
198407,(vii),OLS,a,0.10069372920066642
198408,(vii),OLS,a,0.02010232424844968
198409,(vii),OLS,a,0.028010795721977375
198410,(vii),OLS,a,0.007944815838112431
198411,(vii),OLS,a,0.03084408624067219
198412,(vii),OLS,a,0.0717142267669068
198501,(vii),OLS,a,0.04468304028780402
198502,(vii),OLS,a,0.0019087043476560621
198503,(vii),OLS,a,0.005359413412713753
198504,(vii),OLS,a,0.015567779651646385
198505,(vii),OLS,a,0.0030862290115708886
198506,(vii),OLS,a,0.01090380654369939
198507,(vii),OLS,a,0.013870268076694912
198508,(vii),OLS,a,-0.020741578851267817
198509,(vii),OLS,a,0.05361997625395653
198510,(vii),OLS,a,0.022709813134375197
198511,(vii),OLS,a,0.08388102169004187
198512,(vii),OLS,a,0.02855509423411633
198601,(vii),OLS,a,0.10393071266769745
198602,(vii),OLS,a,0.03558927640480702
198603,(vii),OLS,a,-0.001136299572663304
198604,(vii),OLS,a,-0.0038617764947077703
198605,(vii),OLS,a,-0.05143411723432628
198606,(vii),OLS,a,-0.06635855823952269
198607,(vii),OLS,a,0.0815766496804128
198608,(vii),OLS,a,-0.07106587435393856
198609,(vii),OLS,a,0.08578925152168092
198610,(vii),OLS,a,-0.011828503446984138
198611,(vii),OLS,a,-0.06600285473200183
198612,(vii),OLS,a,0.16105158355404547
198701,(vii),OLS,a,0.04708271422720831
198702,(vii),OLS,a,0.03137211431729457
198703,(vii),OLS,a,-0.028364263083732223
198704,(vii),OLS,a,0.01439945224964696
198705,(vii),OLS,a,0.021061956590619383
198706,(vii),OLS,a,0.08429112342755937
198707,(vii),OLS,a,0.02121741606595432
198708,(vii),OLS,a,-0.03839109995145592
198709,(vii),OLS,a,-0.2775933518533321
198710,(vii),OLS,a,-0.013756660863577805
198711,(vii),OLS,a,0.06908245839165279
198712,(vii),OLS,a,0.010779276088474109
198801,(vii),OLS,a,0.07367305316050714
198802,(vii),OLS,a,0.040432891567168415
198803,(vii),OLS,a,0.014716729789264246
198804,(vii),OLS,a,-0.04211516495670066
198805,(vii),OLS,a,0.028542170273927137
198806,(vii),OLS,a,-0.02089780973869562
198807,(vii),OLS,a,-0.04185673542325362
198808,(vii),OLS,a,0.022246426402460384
198809,(vii),OLS,a,-0.013379962560212361
198810,(vii),OLS,a,-0.012103180471303312
198811,(vii),OLS,a,0.06611598331001947
198812,(vii),OLS,a,0.00524779745747295
198901,(vii),OLS,a,-0.013376405188891488
198902,(vii),OLS,a,0.0071266088645153556
198903,(vii),OLS,a,0.040158459655766685
198904,(vii),OLS,a,-0.0008876794911119314
198905,(vii),OLS,a,-0.05530946742282073
198906,(vii),OLS,a,0.050039826858187
198907,(vii),OLS,a,0.04274529716628651
198908,(vii),OLS,a,0.014292721809864772
198909,(vii),OLS,a,0.0022871061174187255
198910,(vii),OLS,a,0.04118310143582966
198911,(vii),OLS,a,0.008988331670211538
198912,(vii),OLS,a,-0.048967018501376317
199001,(vii),OLS,a,-0.020749204794694463
199002,(vii),OLS,a,0.02760631646674175
199003,(vii),OLS,a,-0.03500412652196842
199004,(vii),OLS,a,0.06413270379374482
199005,(vii),OLS,a,-0.001981034135333318
199006,(vii),OLS,a,-0.030562554200484787
199007,(vii),OLS,a,-0.09859325488521736
199008,(vii),OLS,a,-0.07113774911910856
199009,(vii),OLS,a,-0.05338934878690448
199010,(vii),OLS,a,0.0999249809479629
199011,(vii),OLS,a,0.08781299733182932
199012,(vii),OLS,a,0.014819679113990685
199101,(vii),OLS,a,0.1583214769919304
199102,(vii),OLS,a,-0.005956579446281272
199103,(vii),OLS,a,-0.02332262116722455
199104,(vii),OLS,a,0.004323341492879638
199105,(vii),OLS,a,-0.023500468751316436
199106,(vii),OLS,a,0.0762681548501494
199107,(vii),OLS,a,-0.05171523466805978
199108,(vii),OLS,a,-0.043604807633518324
199109,(vii),OLS,a,0.013500100367748256
199110,(vii),OLS,a,-0.06350802396022479
199111,(vii),OLS,a,0.15191583084104218
199112,(vii),OLS,a,-0.07633102892937159
199201,(vii),OLS,a,-0.05486771441197698
199202,(vii),OLS,a,-0.08383520767378323
199203,(vii),OLS,a,0.004950366553195369
199204,(vii),OLS,a,0.011075915606845234
199205,(vii),OLS,a,-0.05768955271523464
199206,(vii),OLS,a,0.03652906093569834
199207,(vii),OLS,a,0.011544145835235192
199208,(vii),OLS,a,0.023873724838893894
199209,(vii),OLS,a,0.04184065081122189
199210,(vii),OLS,a,0.049263897812954066
199211,(vii),OLS,a,-0.007871324538530483
199212,(vii),OLS,a,-0.05809971989011987
199301,(vii),OLS,a,-0.09160843268318333
199302,(vii),OLS,a,-0.016523523071579352
199303,(vii),OLS,a,-0.02257455003220275
199304,(vii),OLS,a,0.04149490522943295
199305,(vii),OLS,a,-0.06876166273028528
199306,(vii),OLS,a,-0.020488945684180172
199307,(vii),OLS,a,0.11015624919575054
199308,(vii),OLS,a,0.002201661066967788
199309,(vii),OLS,a,-0.01208582149229283
199310,(vii),OLS,a,-0.07865652507770457
199311,(vii),OLS,a,0.033441783683198764
199312,(vii),OLS,a,-0.03276156501287514
199401,(vii),OLS,a,-0.040733428546745866
199402,(vii),OLS,a,-0.048195275319834335
199403,(vii),OLS,a,-0.0317565033867261
199404,(vii),OLS,a,0.024799666323809498
199405,(vii),OLS,a,-0.03750682207716763
199406,(vii),OLS,a,0.006344711042769281
199407,(vii),OLS,a,0.042005498868878624
199408,(vii),OLS,a,-0.022473839663015846
199409,(vii),OLS,a,-0.00678597544003942
199410,(vii),OLS,a,-0.04317562737877873
199411,(vii),OLS,a,-0.022303385004557672
199412,(vii),OLS,a,0.05042949711842264
199501,(vii),OLS,a,0.04604364555658295
199502,(vii),OLS,a,0.04859674413767925
199503,(vii),OLS,a,-0.020542952904250414
199504,(vii),OLS,a,0.06609256900201979
199505,(vii),OLS,a,0.030288050550589255
199506,(vii),OLS,a,0.03249313433136621
199507,(vii),OLS,a,-0.003954659987275136
199508,(vii),OLS,a,0.027415428032085
199509,(vii),OLS,a,0.001544913081203927
199510,(vii),OLS,a,0.06279181975733253
199511,(vii),OLS,a,0.07717996834314315
199512,(vii),OLS,a,0.01707700927735354
199601,(vii),OLS,a,-0.028881911533215752
199602,(vii),OLS,a,-0.0036264795249908205
199603,(vii),OLS,a,-0.003115571089207016
199604,(vii),OLS,a,-0.011753829960258467
199605,(vii),OLS,a,-0.0242186281214184
199606,(vii),OLS,a,-0.11041861289210916
199607,(vii),OLS,a,0.09808027574001589
199608,(vii),OLS,a,0.031680333630308095
199609,(vii),OLS,a,0.016647479381652272
199610,(vii),OLS,a,0.08071392739568939
199611,(vii),OLS,a,0.06424589156512389
199612,(vii),OLS,a,0.024494040891291178
199701,(vii),OLS,a,-0.029921774592130104
199702,(vii),OLS,a,-0.053469472602015025
199703,(vii),OLS,a,-0.027807198459722283
199704,(vii),OLS,a,0.1265722932621056
199705,(vii),OLS,a,0.004869665985072601
199706,(vii),OLS,a,0.0749664924538242
199707,(vii),OLS,a,0.03561696723382722
199708,(vii),OLS,a,0.12712685230796283
199709,(vii),OLS,a,-0.048524539513799606
199710,(vii),OLS,a,-0.03373774345767803
199711,(vii),OLS,a,0.0009834179866152154
199712,(vii),OLS,a,-0.02791446217425853
199801,(vii),OLS,a,0.023372550094445204
199802,(vii),OLS,a,-0.001307043238895497
199803,(vii),OLS,a,-0.03740120274549506
199804,(vii),OLS,a,-0.08092131659061082
199805,(vii),OLS,a,-0.07978128806510675
199806,(vii),OLS,a,-0.06785906174813486
199807,(vii),OLS,a,-0.13591063047318894
199808,(vii),OLS,a,0.10473899293972584
199809,(vii),OLS,a,0.1863085136617138
199810,(vii),OLS,a,-0.041780575848348926
199811,(vii),OLS,a,0.030545779413952145
199812,(vii),OLS,a,-0.07491535385028418
199901,(vii),OLS,a,-0.07773408590013414
199902,(vii),OLS,a,0.0385311262269989
199903,(vii),OLS,a,0.05110022637041458
199904,(vii),OLS,a,0.04936308714377183
199905,(vii),OLS,a,0.04102515650348928
199906,(vii),OLS,a,-0.02219844140177306
199907,(vii),OLS,a,-0.017079534678888737
199908,(vii),OLS,a,0.015315836982458123
199909,(vii),OLS,a,0.019860896797999256
199910,(vii),OLS,a,0.10754440173083764
199911,(vii),OLS,a,0.17688474058403764
199912,(vii),OLS,a,-0.06390612856950648
200001,(vii),OLS,a,0.070505720302897
200002,(vii),OLS,a,0.0656104395377234
200003,(vii),OLS,a,-0.017316593532795712
200004,(vii),OLS,a,-0.04448106471186927
200005,(vii),OLS,a,0.10714383430388914
200006,(vii),OLS,a,-0.10605216281950719
200007,(vii),OLS,a,0.05716857140509059
200008,(vii),OLS,a,-0.004662641768403763
200009,(vii),OLS,a,0.02794720112704449
200010,(vii),OLS,a,-0.054514324529764006
200011,(vii),OLS,a,0.15037049763185756
200012,(vii),OLS,a,-0.06222690190534903
200101,(vii),OLS,a,-0.08673043020271584
200102,(vii),OLS,a,-0.08702040520686152
200103,(vii),OLS,a,0.09355941274918311
200104,(vii),OLS,a,0.028128614014333912
200105,(vii),OLS,a,0.0335547358844427
200106,(vii),OLS,a,-0.016176055667469706
200107,(vii),OLS,a,0.017409204349837264
200108,(vii),OLS,a,-0.10588090533420479
200109,(vii),OLS,a,0.09055361525155461
200110,(vii),OLS,a,0.020851805633543358
200111,(vii),OLS,a,0.055803415281025066
200112,(vii),OLS,a,-0.11026591300343036
200201,(vii),OLS,a,0.014847459997796514
200202,(vii),OLS,a,0.08592682804591673
200203,(vii),OLS,a,-0.0374519837896251
200204,(vii),OLS,a,-0.0452928267994049
200205,(vii),OLS,a,-0.02518625749433353
200206,(vii),OLS,a,-0.1096236717060554
200207,(vii),OLS,a,-0.053752664542550926
200208,(vii),OLS,a,-0.047625951586364616
200209,(vii),OLS,a,0.08102966895428797
200210,(vii),OLS,a,-0.1292791746805109
200211,(vii),OLS,a,0.0104124590599438
200212,(vii),OLS,a,-0.049900181207757445
200301,(vii),OLS,a,-0.09855870034342842
200302,(vii),OLS,a,-0.05386987105095729
200303,(vii),OLS,a,0.07741147513531178
200304,(vii),OLS,a,0.15368616039563932
200305,(vii),OLS,a,-0.06070999728917514
200306,(vii),OLS,a,-0.07016006356442682
200307,(vii),OLS,a,0.06041042777510363
200308,(vii),OLS,a,-0.09438240123423214
200309,(vii),OLS,a,-0.05125922295257295
200310,(vii),OLS,a,0.02078851334592673
200311,(vii),OLS,a,0.05467360265490193
200312,(vii),OLS,a,-0.10674066056693958
200401,(vii),OLS,a,-0.017940077014367197
200402,(vii),OLS,a,0.00045036766498020785
200403,(vii),OLS,a,-0.0033189347734313324
200404,(vii),OLS,a,0.05541036582106453
200405,(vii),OLS,a,0.06293869927911956
200406,(vii),OLS,a,-0.104198115298759
200407,(vii),OLS,a,0.019544494897401926
200408,(vii),OLS,a,0.047790950924427845
200409,(vii),OLS,a,0.004575425649381952
200410,(vii),OLS,a,0.019136930017243838
200411,(vii),OLS,a,0.033376815429614376
200412,(vii),OLS,a,-0.009436968962213377
200501,(vii),OLS,a,0.027595152893063205
200502,(vii),OLS,a,-0.04272357745345977
200503,(vii),OLS,a,0.015173919459983648
200504,(vii),OLS,a,0.05572894836705687
200505,(vii),OLS,a,-0.01566353261963118
200506,(vii),OLS,a,0.026704264266947737
200507,(vii),OLS,a,0.016867687926296872
200508,(vii),OLS,a,-0.02414458032422269
200509,(vii),OLS,a,0.0004054032280909637
200510,(vii),OLS,a,0.04645375528171531
200511,(vii),OLS,a,-0.04829696761628888
200512,(vii),OLS,a,0.056887894668536984
200601,(vii),OLS,a,-0.02101297598961851
200602,(vii),OLS,a,-0.04816720879578943
200603,(vii),OLS,a,-0.043906752622379884
200604,(vii),OLS,a,-0.026668855532930934
200605,(vii),OLS,a,-0.021168267602794475
200606,(vii),OLS,a,-0.03296326279056618
200607,(vii),OLS,a,0.036703123533442794
200608,(vii),OLS,a,-0.04252573702656202
200609,(vii),OLS,a,0.05185151921179315
200610,(vii),OLS,a,0.04360697227914594
200611,(vii),OLS,a,-0.0770414120339098
200612,(vii),OLS,a,-0.026950931506375453
200701,(vii),OLS,a,-0.05926867582837844
200702,(vii),OLS,a,0.014176714613854516
200703,(vii),OLS,a,0.0740808513227577
200704,(vii),OLS,a,0.027049615566556075
200705,(vii),OLS,a,-0.030399148456658056
200706,(vii),OLS,a,-0.0445896301938585
200707,(vii),OLS,a,0.009264791190753668
200708,(vii),OLS,a,0.023230583432024915
200709,(vii),OLS,a,0.09853353025865877
200710,(vii),OLS,a,-0.03182517350981635
200711,(vii),OLS,a,0.05765533651397428
200712,(vii),OLS,a,-0.042253923019046374
200801,(vii),OLS,a,0.05687587918856394
200802,(vii),OLS,a,0.010084573806219905
200803,(vii),OLS,a,0.060075926828181525
200804,(vii),OLS,a,0.023325200431029713
200805,(vii),OLS,a,-0.11194453897767426
200806,(vii),OLS,a,0.04327145085410227
200807,(vii),OLS,a,-0.03648260398011187
200808,(vii),OLS,a,-0.09305427860043598
200809,(vii),OLS,a,-0.13339433512956037
200810,(vii),OLS,a,0.022588087636340192
200811,(vii),OLS,a,0.21397244404019405
200812,(vii),OLS,a,-0.1089251903273364
200901,(vii),OLS,a,-0.05022390229545277
200902,(vii),OLS,a,0.06843606541971613
200903,(vii),OLS,a,0.11635518544306347
200904,(vii),OLS,a,0.01809274904625589
200905,(vii),OLS,a,-0.026467953138618355
200906,(vii),OLS,a,0.07228893405928333
200907,(vii),OLS,a,-0.19618571651895386
200908,(vii),OLS,a,0.010220532415229504
200909,(vii),OLS,a,-0.038770690796850756
200910,(vii),OLS,a,0.11105027702833205
200911,(vii),OLS,a,0.05401249258100287
200912,(vii),OLS,a,-0.0758893975228145
201001,(vii),OLS,a,0.03984036252969386
201002,(vii),OLS,a,-0.034249318695604616
201003,(vii),OLS,a,-0.036651985618228286
201004,(vii),OLS,a,-0.022882686378892108
201005,(vii),OLS,a,-0.006521502659221002
201006,(vii),OLS,a,0.09529219461577366
201007,(vii),OLS,a,-0.04184775457931958
201008,(vii),OLS,a,0.041943564812021765
201009,(vii),OLS,a,0.024890759266497992
201010,(vii),OLS,a,0.039374128015261245
201011,(vii),OLS,a,0.08474631906465943
201012,(vii),OLS,a,-0.03627066912191463
201101,(vii),OLS,a,0.025239030787157266
201102,(vii),OLS,a,0.02142976774795965
201103,(vii),OLS,a,0.04899405824617739
201104,(vii),OLS,a,-0.00826838169342752
201105,(vii),OLS,a,-0.010042261377484056
201106,(vii),OLS,a,-0.02022730737909197
201107,(vii),OLS,a,0.02247474606702131
201108,(vii),OLS,a,-0.06479508761067675
201109,(vii),OLS,a,0.15200662289161657
201110,(vii),OLS,a,0.038885056375734764
201111,(vii),OLS,a,-0.03830002056999397
201112,(vii),OLS,a,0.11035628424166663
201201,(vii),OLS,a,0.022721909246095583
201202,(vii),OLS,a,-0.018317111646012574
201203,(vii),OLS,a,-0.0024203964481073364
201204,(vii),OLS,a,-0.04457622549738819
201205,(vii),OLS,a,0.06816941788919016
201206,(vii),OLS,a,0.03015601180951385
201207,(vii),OLS,a,-0.03020736088688885
201208,(vii),OLS,a,0.015620210879502933
201209,(vii),OLS,a,-0.03621074345063933
201210,(vii),OLS,a,0.01851914825034156
201211,(vii),OLS,a,-7.751640463444274e-05
201212,(vii),OLS,a,0.06922717111607636
201301,(vii),OLS,a,0.009546475416757114
201302,(vii),OLS,a,0.02583094670889511
201303,(vii),OLS,a,-0.01437856597525506
201304,(vii),OLS,a,-0.0023986007852781982
201305,(vii),OLS,a,-0.031897056999290734
201306,(vii),OLS,a,0.06734918257680582
201307,(vii),OLS,a,0.0005342850572507746
201308,(vii),OLS,a,0.054454348798563215
201309,(vii),OLS,a,-0.04368712299680683
201310,(vii),OLS,a,0.07883545656935184
201311,(vii),OLS,a,0.00511243028632985
201312,(vii),OLS,a,-0.07468976971246993
201401,(vii),OLS,a,0.08940099002927944
201402,(vii),OLS,a,-0.04857046048533565
201403,(vii),OLS,a,-0.026297768422979734
201404,(vii),OLS,a,-0.005137147713746418
201405,(vii),OLS,a,0.05665545723567111
201406,(vii),OLS,a,-0.09408919819106892
201407,(vii),OLS,a,0.030822186853372433
201408,(vii),OLS,a,-0.009720694525633691
201409,(vii),OLS,a,0.12240084969326104
201410,(vii),OLS,a,0.07110013672479669
201411,(vii),OLS,a,0.0062845119891036
201412,(vii),OLS,a,0.036591615429203785
201501,(vii),OLS,a,0.13684722554360804
201502,(vii),OLS,a,0.08513592831762758
201503,(vii),OLS,a,-0.05535063856408818
201504,(vii),OLS,a,0.07124324098260498
201505,(vii),OLS,a,0.043610539806334586
201506,(vii),OLS,a,0.09735339585144191
201507,(vii),OLS,a,-0.17910288302723068
201508,(vii),OLS,a,-0.022362334533019678
201509,(vii),OLS,a,0.09483289155226318
201510,(vii),OLS,a,0.08851753392304984
201511,(vii),OLS,a,0.03473116784140346
201512,(vii),OLS,a,-0.058955799996001354
201601,(vii),OLS,a,0.06437373807857935
201602,(vii),OLS,a,-0.07740670441989207
201603,(vii),OLS,a,-0.05373812308774278
201604,(vii),OLS,a,0.0024800484540680005
201605,(vii),OLS,a,-0.08138629118633134
201606,(vii),OLS,a,-0.03283158522273674
201607,(vii),OLS,a,-0.024252009959211177
201608,(vii),OLS,a,0.04770064840802101
201609,(vii),OLS,a,0.0082301002418922
201610,(vii),OLS,a,0.09611676268347973
201611,(vii),OLS,a,0.01839432270846137
201612,(vii),OLS,a,-0.011222493326815445
201701,(vii),OLS,a,0.015336357454243445
201702,(vii),OLS,a,0.008865199170628528
201703,(vii),OLS,a,0.031968996505622585
201704,(vii),OLS,a,0.035231686011106204
201705,(vii),OLS,a,0.11288842660476425
201706,(vii),OLS,a,0.02989275476412949
201707,(vii),OLS,a,0.0068556442385877105
201708,(vii),OLS,a,0.02439124783227931
201709,(vii),OLS,a,0.0036278922736615064
201710,(vii),OLS,a,-0.01670052799091215
201711,(vii),OLS,a,-0.006834339167673369
201712,(vii),OLS,a,0.044022078629905224
201801,(vii),OLS,a,-0.08304719318584283
201802,(vii),OLS,a,-0.02177764927085232
201803,(vii),OLS,a,-0.012838748558735345
201804,(vii),OLS,a,0.05223467764487745
201805,(vii),OLS,a,-0.017784159146559855
201806,(vii),OLS,a,0.04214878387530439
201807,(vii),OLS,a,0.014409243235198968
201808,(vii),OLS,a,0.015916230767892503
201809,(vii),OLS,a,-0.06415785103610647
201810,(vii),OLS,a,0.11901273649625682
201811,(vii),OLS,a,-0.02215335533388607
201812,(vii),OLS,a,-0.028932984660336974
201901,(vii),OLS,a,0.003916679119818054
201902,(vii),OLS,a,0.037435321646603695
201903,(vii),OLS,a,0.09716294615948366
201904,(vii),OLS,a,0.053783745893709135
201905,(vii),OLS,a,0.14001488030096307
201906,(vii),OLS,a,0.06492442586318915
201907,(vii),OLS,a,0.008443220329899206
201908,(vii),OLS,a,-0.028536616751808692
201909,(vii),OLS,a,0.12038709937426324
201910,(vii),OLS,a,0.1130645853094337
201911,(vii),OLS,a,-0.031531067390699566
201912,(vii),OLS,a,-0.021442229283809906
202001,(vii),OLS,a,-0.04156236693492601
202002,(vii),OLS,a,-0.008989998071275675
202003,(vii),OLS,a,-0.06268764590498328
202004,(vii),OLS,a,-0.0572117681290831
202005,(vii),OLS,a,-0.20173562839831283
202006,(vii),OLS,a,-0.10794194407520039
202007,(vii),OLS,a,0.02110920398577063
202008,(vii),OLS,a,0.01726850665239149
202009,(vii),OLS,a,-0.004441784379124736
202010,(vii),OLS,a,-0.01991089051164438
202011,(vii),OLS,a,0.011626992192931508
202012,(vii),OLS,a,-0.24098629636711028
202101,(vii),OLS,a,0.013936373347912251
202102,(vii),OLS,a,0.056298221243001656
202103,(vii),OLS,a,0.07636693248266767
202104,(vii),OLS,a,-0.0515327547772353
202105,(vii),OLS,a,-0.12321900060077806
202106,(vii),OLS,a,-0.019552521335422166
202107,(vii),OLS,a,0.030001240749049165
202108,(vii),OLS,a,-0.10221820818295198
202109,(vii),OLS,a,0.09705551420765063
202110,(vii),OLS,a,0.01970492939203328
202111,(vii),OLS,a,0.062324565691051555
202112,(vii),OLS,a,-0.12098276468729897
202201,(vii),OLS,a,-0.011012404394999129
202202,(vii),OLS,a,-0.04182974949992663
202203,(vii),OLS,a,-0.04007086083381416
202204,(vii),OLS,a,0.008100705808654459
202205,(vii),OLS,a,0.02768691725773944
202206,(vii),OLS,a,0.11608626841615409
202207,(vii),OLS,a,-0.05715822492734794
202208,(vii),OLS,a,0.011973208992213257
202209,(vii),OLS,a,0.161317474505673
202210,(vii),OLS,a,0.1340302061307066
202211,(vii),OLS,a,0.006543627053259762
202212,(vii),OLS,a,-0.03193363165360739
202301,(vii),OLS,a,0.04029915499561304
202302,(vii),OLS,a,0.07349971647599852
202303,(vii),OLS,a,0.02137494037463867
202304,(vii),OLS,a,-0.005177812346983248
202305,(vii),OLS,a,0.10050158639304298
202306,(vii),OLS,a,-0.042469777536976415
202307,(vii),OLS,a,0.059107188412797586
202308,(vii),OLS,a,0.006943885280226859
202309,(vii),OLS,a,0.051620465015758586
202310,(vii),OLS,a,-0.058013222372552006
202311,(vii),OLS,a,-0.024339180402635687
202312,(vii),OLS,a,0.04063620761183228
202401,(vii),OLS,a,0.10437037194558081
202402,(vii),OLS,a,0.028218126279643006
202403,(vii),OLS,a,-0.014609219099968986
202404,(vii),OLS,a,-0.1611898474874924
202405,(vii),OLS,a,-0.05639648243142644
202406,(vii),OLS,a,0.061395011861454005
202407,(vii),OLS,a,0.061235912030722414
202408,(vii),OLS,a,0.06506971233664326
202409,(vii),OLS,a,-0.04406866209514674
202410,(vii),OLS,a,0.0746459993978484
202411,(vii),OLS,a,-0.23677128362923217
197307,(vii),OLS,b_Dur,-0.012021911542031732
197308,(vii),OLS,b_Dur,0.12180522286392698
197309,(vii),OLS,b_Dur,0.025283473445522356
197310,(vii),OLS,b_Dur,-0.08497582062915746
197311,(vii),OLS,b_Dur,-0.0385638913026517
197312,(vii),OLS,b_Dur,-0.08849431044798461
197401,(vii),OLS,b_Dur,0.03846219342439336
197402,(vii),OLS,b_Dur,-0.03508961687189253
197403,(vii),OLS,b_Dur,-0.0366328189892283
197404,(vii),OLS,b_Dur,-0.03523557850843585
197405,(vii),OLS,b_Dur,-0.0003803632450325141
197406,(vii),OLS,b_Dur,-0.0864259630512753
197407,(vii),OLS,b_Dur,-0.045361502979812285
197408,(vii),OLS,b_Dur,-0.11656656345519273
197409,(vii),OLS,b_Dur,0.02305545683032654
197410,(vii),OLS,b_Dur,-0.022369770644154963
197411,(vii),OLS,b_Dur,-0.06379800587280089
197412,(vii),OLS,b_Dur,-0.08809892767670038
197501,(vii),OLS,b_Dur,0.03718780860576067
197502,(vii),OLS,b_Dur,-0.04869397748700312
197503,(vii),OLS,b_Dur,0.013774366132916025
197504,(vii),OLS,b_Dur,-0.013749189368496395
197505,(vii),OLS,b_Dur,-0.05932362383300235
197506,(vii),OLS,b_Dur,-0.11480352752810487
197507,(vii),OLS,b_Dur,0.007585468170615549
197508,(vii),OLS,b_Dur,-0.04991232782165896
197509,(vii),OLS,b_Dur,0.04002120525217967
197510,(vii),OLS,b_Dur,-0.015241947566556373
197511,(vii),OLS,b_Dur,0.027372598191376527
197512,(vii),OLS,b_Dur,-0.2402477665838325
197601,(vii),OLS,b_Dur,-0.0531797137337189
197602,(vii),OLS,b_Dur,-0.006685790603359595
197603,(vii),OLS,b_Dur,-0.02023790807878565
197604,(vii),OLS,b_Dur,0.03943750407224884
197605,(vii),OLS,b_Dur,0.022782350709968133
197606,(vii),OLS,b_Dur,0.05614429060228203
197607,(vii),OLS,b_Dur,-0.07010643757323692
197608,(vii),OLS,b_Dur,-0.02826818258273473
197609,(vii),OLS,b_Dur,-0.04620648915474586
197610,(vii),OLS,b_Dur,-0.049785703531468384
197611,(vii),OLS,b_Dur,-0.008233831567645953
197612,(vii),OLS,b_Dur,-0.008950438437278857
197701,(vii),OLS,b_Dur,-0.07495077088383882
197702,(vii),OLS,b_Dur,-0.024841831556780297
197703,(vii),OLS,b_Dur,-0.01711333346544776
197704,(vii),OLS,b_Dur,-0.07800128806374348
197705,(vii),OLS,b_Dur,0.06767176309020098
197706,(vii),OLS,b_Dur,-0.005116927765068176
197707,(vii),OLS,b_Dur,-0.007167185657417079
197708,(vii),OLS,b_Dur,0.010234858010358075
197709,(vii),OLS,b_Dur,-0.05909306620985849
197710,(vii),OLS,b_Dur,0.011610426101876785
197711,(vii),OLS,b_Dur,0.033295908672898986
197712,(vii),OLS,b_Dur,-0.01997268453213931
197801,(vii),OLS,b_Dur,-0.014056007754398775
197802,(vii),OLS,b_Dur,0.006103687115479681
197803,(vii),OLS,b_Dur,0.05981524443332216
197804,(vii),OLS,b_Dur,0.027032194266017523
197805,(vii),OLS,b_Dur,-0.0033167691015056344
197806,(vii),OLS,b_Dur,0.006469031818425921
197807,(vii),OLS,b_Dur,0.05718752446398194
197808,(vii),OLS,b_Dur,0.013479869323450838
197809,(vii),OLS,b_Dur,-0.1308961173924006
197810,(vii),OLS,b_Dur,0.03945616825167852
197811,(vii),OLS,b_Dur,0.007409521832465059
197812,(vii),OLS,b_Dur,0.0018331947644015523
197901,(vii),OLS,b_Dur,0.019951114772832946
197902,(vii),OLS,b_Dur,0.08162014701845817
197903,(vii),OLS,b_Dur,0.019612596133328507
197904,(vii),OLS,b_Dur,0.010080857501363037
197905,(vii),OLS,b_Dur,0.04388704345322706
197906,(vii),OLS,b_Dur,-0.0020028710345407173
197907,(vii),OLS,b_Dur,0.03427792178340429
197908,(vii),OLS,b_Dur,0.02248077316410109
197909,(vii),OLS,b_Dur,-0.07613312225268982
197910,(vii),OLS,b_Dur,0.10540682889677525
197911,(vii),OLS,b_Dur,0.06497881415456938
197912,(vii),OLS,b_Dur,0.05391237377818839
198001,(vii),OLS,b_Dur,0.008533630270836513
198002,(vii),OLS,b_Dur,-0.08129793387158121
198003,(vii),OLS,b_Dur,0.03181238138918374
198004,(vii),OLS,b_Dur,-0.024128119359958115
198005,(vii),OLS,b_Dur,0.008735301310987069
198006,(vii),OLS,b_Dur,0.017481040075566348
198007,(vii),OLS,b_Dur,0.030134859999419648
198008,(vii),OLS,b_Dur,0.0361165661992838
198009,(vii),OLS,b_Dur,-0.026473360329611326
198010,(vii),OLS,b_Dur,0.061227341041109634
198011,(vii),OLS,b_Dur,-0.016956928618375063
198012,(vii),OLS,b_Dur,-0.05733027815346548
198101,(vii),OLS,b_Dur,-0.04491563090405312
198102,(vii),OLS,b_Dur,0.004953597387258816
198103,(vii),OLS,b_Dur,0.01404468814589542
198104,(vii),OLS,b_Dur,-0.008195142726271549
198105,(vii),OLS,b_Dur,-0.08541887637663327
198106,(vii),OLS,b_Dur,-0.026304873413381377
198107,(vii),OLS,b_Dur,-0.11193400445147512
198108,(vii),OLS,b_Dur,-0.04564162608804966
198109,(vii),OLS,b_Dur,-0.01981374759083035
198110,(vii),OLS,b_Dur,-0.054092520396943254
198111,(vii),OLS,b_Dur,-0.036671624983768594
198112,(vii),OLS,b_Dur,-0.02849932006784129
198201,(vii),OLS,b_Dur,-0.04961636118703286
198202,(vii),OLS,b_Dur,0.025701120386245585
198203,(vii),OLS,b_Dur,0.0586995478725276
198204,(vii),OLS,b_Dur,-0.06353371437370148
198205,(vii),OLS,b_Dur,0.026400005147156347
198206,(vii),OLS,b_Dur,-0.042509327947647946
198207,(vii),OLS,b_Dur,-0.01668578618676457
198208,(vii),OLS,b_Dur,-0.0033926162642482285
198209,(vii),OLS,b_Dur,0.05599607515300106
198210,(vii),OLS,b_Dur,0.1434346205262057
198211,(vii),OLS,b_Dur,0.016537157367760652
198212,(vii),OLS,b_Dur,0.028526203838549553
198301,(vii),OLS,b_Dur,0.010965415136808182
198302,(vii),OLS,b_Dur,0.01764616530423266
198303,(vii),OLS,b_Dur,-0.0026842390145496685
198304,(vii),OLS,b_Dur,0.09345032473319997
198305,(vii),OLS,b_Dur,0.014691384706236162
198306,(vii),OLS,b_Dur,0.007902566342360452
198307,(vii),OLS,b_Dur,-0.03920287664089826
198308,(vii),OLS,b_Dur,-0.05336982877017142
198309,(vii),OLS,b_Dur,-0.032746920465929065
198310,(vii),OLS,b_Dur,-0.014998007504970786
198311,(vii),OLS,b_Dur,-0.032495280732246584
198312,(vii),OLS,b_Dur,0.013347126696166021
198401,(vii),OLS,b_Dur,-0.013075115516608353
198402,(vii),OLS,b_Dur,-0.033587691120685416
198403,(vii),OLS,b_Dur,-0.06265084140648902
198404,(vii),OLS,b_Dur,-0.041811145251529125
198405,(vii),OLS,b_Dur,-0.02655832339472908
198406,(vii),OLS,b_Dur,-0.03586068285133796
198407,(vii),OLS,b_Dur,0.0038965204977031457
198408,(vii),OLS,b_Dur,-0.06066096958209699
198409,(vii),OLS,b_Dur,-0.09438573166638156
198410,(vii),OLS,b_Dur,-0.087441534196285
198411,(vii),OLS,b_Dur,-0.0476657481296451
198412,(vii),OLS,b_Dur,0.06697666481175643
198501,(vii),OLS,b_Dur,-0.005866194120719639
198502,(vii),OLS,b_Dur,-0.043675649319132606
198503,(vii),OLS,b_Dur,-0.05292559758756959
198504,(vii),OLS,b_Dur,-0.018372549206485688
198505,(vii),OLS,b_Dur,-0.031239444948304496
198506,(vii),OLS,b_Dur,0.0049001513094243925
198507,(vii),OLS,b_Dur,-0.030945861584076875
198508,(vii),OLS,b_Dur,-0.0692489353690556
198509,(vii),OLS,b_Dur,-0.057743728247312394
198510,(vii),OLS,b_Dur,0.003796058614730865
198511,(vii),OLS,b_Dur,-0.08706346528216656
198512,(vii),OLS,b_Dur,0.009128042702443355
198601,(vii),OLS,b_Dur,-0.05508081870109824
198602,(vii),OLS,b_Dur,-0.024201244745471397
198603,(vii),OLS,b_Dur,-0.00853074881650302
198604,(vii),OLS,b_Dur,0.008626278738355794
198605,(vii),OLS,b_Dur,0.03154876183950774
198606,(vii),OLS,b_Dur,-0.05113999863434958
198607,(vii),OLS,b_Dur,-0.05360623854482156
198608,(vii),OLS,b_Dur,-0.009787330372117868
198609,(vii),OLS,b_Dur,-0.042201724402468416
198610,(vii),OLS,b_Dur,-0.025151762488005908
198611,(vii),OLS,b_Dur,-0.014164935248315146
198612,(vii),OLS,b_Dur,-0.003797069318360831
198701,(vii),OLS,b_Dur,0.04784277303051202
198702,(vii),OLS,b_Dur,0.01850245879661672
198703,(vii),OLS,b_Dur,0.006665239186796634
198704,(vii),OLS,b_Dur,-0.008467666617015781
198705,(vii),OLS,b_Dur,-0.013358212818443502
198706,(vii),OLS,b_Dur,-0.040348333420862914
198707,(vii),OLS,b_Dur,-0.040404991671935966
198708,(vii),OLS,b_Dur,0.00693519196853579
198709,(vii),OLS,b_Dur,-0.0488537274659535
198710,(vii),OLS,b_Dur,-0.060384806261230106
198711,(vii),OLS,b_Dur,-0.04082808782610771
198712,(vii),OLS,b_Dur,0.060080019545798564
198801,(vii),OLS,b_Dur,-0.01799076793791816
198802,(vii),OLS,b_Dur,-0.02341064447278305
198803,(vii),OLS,b_Dur,-0.009492002842812632
198804,(vii),OLS,b_Dur,-0.017294912677346747
198805,(vii),OLS,b_Dur,0.013318584855805424
198806,(vii),OLS,b_Dur,-0.00524188925249307
198807,(vii),OLS,b_Dur,-0.014381412029926082
198808,(vii),OLS,b_Dur,-0.004792034405262481
198809,(vii),OLS,b_Dur,-0.028150047971054866
198810,(vii),OLS,b_Dur,-0.05172717224290514
198811,(vii),OLS,b_Dur,-0.044097361004322086
198812,(vii),OLS,b_Dur,0.04434892263916275
198901,(vii),OLS,b_Dur,-0.009407442819348555
198902,(vii),OLS,b_Dur,0.011167784418890329
198903,(vii),OLS,b_Dur,-0.004900437548854266
198904,(vii),OLS,b_Dur,0.01309573242212761
198905,(vii),OLS,b_Dur,0.007310142687860378
198906,(vii),OLS,b_Dur,-0.009181688688035119
198907,(vii),OLS,b_Dur,-0.034367970951150226
198908,(vii),OLS,b_Dur,-0.011055293174675601
198909,(vii),OLS,b_Dur,-0.05781449179578224
198910,(vii),OLS,b_Dur,-0.03595628394352118
198911,(vii),OLS,b_Dur,-0.018541022796701695
198912,(vii),OLS,b_Dur,-0.021305632645815222
199001,(vii),OLS,b_Dur,0.03542918071200213
199002,(vii),OLS,b_Dur,-0.016201517365326618
199003,(vii),OLS,b_Dur,-0.0004249053815044996
199004,(vii),OLS,b_Dur,0.018050043702497028
199005,(vii),OLS,b_Dur,0.016949069855030585
199006,(vii),OLS,b_Dur,-0.0001733443339173883
199007,(vii),OLS,b_Dur,-0.04177796160649235
199008,(vii),OLS,b_Dur,-0.021916259416557973
199009,(vii),OLS,b_Dur,-0.019396488372438837
199010,(vii),OLS,b_Dur,-0.03690403164142288
199011,(vii),OLS,b_Dur,-0.09172329609997155
199012,(vii),OLS,b_Dur,0.06349526647095527
199101,(vii),OLS,b_Dur,0.006038270830601662
199102,(vii),OLS,b_Dur,0.06438381465943135
199103,(vii),OLS,b_Dur,0.02294307578988633
199104,(vii),OLS,b_Dur,0.03344082973112625
199105,(vii),OLS,b_Dur,-0.02977272973989465
199106,(vii),OLS,b_Dur,-0.02693037485660374
199107,(vii),OLS,b_Dur,0.05175978589115829
199108,(vii),OLS,b_Dur,0.04804889428318539
199109,(vii),OLS,b_Dur,0.03146417370577098
199110,(vii),OLS,b_Dur,0.0199702135090516
199111,(vii),OLS,b_Dur,-0.08739434525206181
199112,(vii),OLS,b_Dur,0.14758533647082084
199201,(vii),OLS,b_Dur,0.0453660641140128
199202,(vii),OLS,b_Dur,0.015741159697763976
199203,(vii),OLS,b_Dur,-0.05368256283509267
199204,(vii),OLS,b_Dur,-0.023241429473919398
199205,(vii),OLS,b_Dur,-0.004407148050628582
199206,(vii),OLS,b_Dur,-0.005392225505401083
199207,(vii),OLS,b_Dur,-0.05105511081467312
199208,(vii),OLS,b_Dur,0.004215060121989074
199209,(vii),OLS,b_Dur,-0.045099003954552866
199210,(vii),OLS,b_Dur,0.005357760778392423
199211,(vii),OLS,b_Dur,-0.0020678870107298936
199212,(vii),OLS,b_Dur,0.06454331137669123
199301,(vii),OLS,b_Dur,0.039973756880416655
199302,(vii),OLS,b_Dur,0.02591693084687085
199303,(vii),OLS,b_Dur,-0.007739680594502893
199304,(vii),OLS,b_Dur,0.011522525232219376
199305,(vii),OLS,b_Dur,0.0655363645370542
199306,(vii),OLS,b_Dur,0.006854492614437057
199307,(vii),OLS,b_Dur,-0.023044946094800955
199308,(vii),OLS,b_Dur,0.0003859274729768776
199309,(vii),OLS,b_Dur,0.04650120069111047
199310,(vii),OLS,b_Dur,0.019425315814715224
199311,(vii),OLS,b_Dur,-0.021329811561878888
199312,(vii),OLS,b_Dur,0.06399860618701568
199401,(vii),OLS,b_Dur,0.006015585076945065
199402,(vii),OLS,b_Dur,-0.025873596908741837
199403,(vii),OLS,b_Dur,-0.0011850650478444427
199404,(vii),OLS,b_Dur,-0.02283764332604076
199405,(vii),OLS,b_Dur,-0.020287263757043622
199406,(vii),OLS,b_Dur,0.011135156719566164
199407,(vii),OLS,b_Dur,-0.012427789783321347
199408,(vii),OLS,b_Dur,0.004007480164458968
199409,(vii),OLS,b_Dur,-0.017609803752411796
199410,(vii),OLS,b_Dur,-0.03146293613017069
199411,(vii),OLS,b_Dur,-0.014952604592088104
199412,(vii),OLS,b_Dur,-0.004504910038945525
199501,(vii),OLS,b_Dur,-0.015810618121270582
199502,(vii),OLS,b_Dur,-0.023901092402545773
199503,(vii),OLS,b_Dur,0.01928477194735375
199504,(vii),OLS,b_Dur,-0.03771062716972852
199505,(vii),OLS,b_Dur,0.03792251345694482
199506,(vii),OLS,b_Dur,0.005441722190282806
199507,(vii),OLS,b_Dur,0.03868750767061802
199508,(vii),OLS,b_Dur,-0.002242289051311914
199509,(vii),OLS,b_Dur,-0.07298784807903236
199510,(vii),OLS,b_Dur,-0.030475917344422905
199511,(vii),OLS,b_Dur,-0.03503608849548576
199512,(vii),OLS,b_Dur,0.022601155468252296
199601,(vii),OLS,b_Dur,0.04602546770016923
199602,(vii),OLS,b_Dur,0.026711834082844478
199603,(vii),OLS,b_Dur,0.04867971323527956
199604,(vii),OLS,b_Dur,0.05301254033762243
199605,(vii),OLS,b_Dur,-0.03298855944770242
199606,(vii),OLS,b_Dur,-0.022225557217275274
199607,(vii),OLS,b_Dur,-0.03971029474683446
199608,(vii),OLS,b_Dur,0.005266348782458026
199609,(vii),OLS,b_Dur,-0.07114385924340569
199610,(vii),OLS,b_Dur,-0.05891637528073437
199611,(vii),OLS,b_Dur,-0.07304386784442649
199612,(vii),OLS,b_Dur,0.056204738019743655
199701,(vii),OLS,b_Dur,-0.03077775052244291
199702,(vii),OLS,b_Dur,-0.03809878429662285
199703,(vii),OLS,b_Dur,-0.02006685629011884
199704,(vii),OLS,b_Dur,0.0018237242333451198
199705,(vii),OLS,b_Dur,0.00875540271665419
199706,(vii),OLS,b_Dur,-0.03435737160439169
199707,(vii),OLS,b_Dur,0.0007462640955341454
199708,(vii),OLS,b_Dur,-0.029866811314758684
199709,(vii),OLS,b_Dur,-0.004485543562394008
199710,(vii),OLS,b_Dur,-0.03049594544593586
199711,(vii),OLS,b_Dur,-0.04883504513006629
199712,(vii),OLS,b_Dur,0.031282207447234034
199801,(vii),OLS,b_Dur,0.030685742142382434
199802,(vii),OLS,b_Dur,0.026981545763282176
199803,(vii),OLS,b_Dur,0.02289639533311727
199804,(vii),OLS,b_Dur,-0.005640702828718612
199805,(vii),OLS,b_Dur,0.014314000380494338
199806,(vii),OLS,b_Dur,-0.022087832186765452
199807,(vii),OLS,b_Dur,-0.10603378214009337
199808,(vii),OLS,b_Dur,-0.004222519059957144
199809,(vii),OLS,b_Dur,-0.08697551333302891
199810,(vii),OLS,b_Dur,0.04955729684880314
199811,(vii),OLS,b_Dur,-0.035556487108621464
199812,(vii),OLS,b_Dur,0.08382654705304587
199901,(vii),OLS,b_Dur,0.0042860790511456415
199902,(vii),OLS,b_Dur,-0.0015130117106063184
199903,(vii),OLS,b_Dur,0.055462632844312736
199904,(vii),OLS,b_Dur,-0.028279771835924318
199905,(vii),OLS,b_Dur,-0.006458307205174157
199906,(vii),OLS,b_Dur,0.02080945877172056
199907,(vii),OLS,b_Dur,-0.02032677036660319
199908,(vii),OLS,b_Dur,-0.02118567993733094
199909,(vii),OLS,b_Dur,-0.034313645399362935
199910,(vii),OLS,b_Dur,-0.009121324696963844
199911,(vii),OLS,b_Dur,-0.012976099779974576
199912,(vii),OLS,b_Dur,0.06607667929921654
200001,(vii),OLS,b_Dur,0.05631009396637861
200002,(vii),OLS,b_Dur,-0.03089087777283054
200003,(vii),OLS,b_Dur,-0.0627394143615953
200004,(vii),OLS,b_Dur,-0.013123827626145317
200005,(vii),OLS,b_Dur,-0.005059732931267852
200006,(vii),OLS,b_Dur,0.030766208335023054
200007,(vii),OLS,b_Dur,0.051703608126314055
200008,(vii),OLS,b_Dur,-0.07378821475904682
200009,(vii),OLS,b_Dur,-0.09833636685133591
200010,(vii),OLS,b_Dur,-0.13467711292619147
200011,(vii),OLS,b_Dur,-0.12371234036384562
200012,(vii),OLS,b_Dur,0.28996004775376577
200101,(vii),OLS,b_Dur,-0.07507003262480363
200102,(vii),OLS,b_Dur,-0.022922346061505533
200103,(vii),OLS,b_Dur,0.03303155983271129
200104,(vii),OLS,b_Dur,0.005326553236165293
200105,(vii),OLS,b_Dur,-0.041373681751905575
200106,(vii),OLS,b_Dur,-0.05866461788143665
200107,(vii),OLS,b_Dur,-0.08816668289176405
200108,(vii),OLS,b_Dur,-0.07426518754082137
200109,(vii),OLS,b_Dur,0.029234998388367794
200110,(vii),OLS,b_Dur,0.03582939026989487
200111,(vii),OLS,b_Dur,-0.008544592783755947
200112,(vii),OLS,b_Dur,0.02934247827936609
200201,(vii),OLS,b_Dur,-0.06714660935833891
200202,(vii),OLS,b_Dur,-0.005567382833350292
200203,(vii),OLS,b_Dur,-0.053767596066216866
200204,(vii),OLS,b_Dur,-0.013508225444212534
200205,(vii),OLS,b_Dur,-0.10146700330220251
200206,(vii),OLS,b_Dur,-0.016487421137311133
200207,(vii),OLS,b_Dur,0.029091671659107622
200208,(vii),OLS,b_Dur,-0.06578333576411972
200209,(vii),OLS,b_Dur,0.014324741994587862
200210,(vii),OLS,b_Dur,0.2846766695810705
200211,(vii),OLS,b_Dur,-0.10836493531369217
200212,(vii),OLS,b_Dur,0.013468958490410847
200301,(vii),OLS,b_Dur,0.04169678555341043
200302,(vii),OLS,b_Dur,0.055831980182518254
200303,(vii),OLS,b_Dur,0.06352603193021192
200304,(vii),OLS,b_Dur,0.05516318830539119
200305,(vii),OLS,b_Dur,0.06685539129579629
200306,(vii),OLS,b_Dur,0.07779157555641017
200307,(vii),OLS,b_Dur,-0.009625889795836477
200308,(vii),OLS,b_Dur,0.06566706021269
200309,(vii),OLS,b_Dur,0.0793964491246272
200310,(vii),OLS,b_Dur,-0.014443097118025447
200311,(vii),OLS,b_Dur,-0.001455224138298003
200312,(vii),OLS,b_Dur,0.12688998683421127
200401,(vii),OLS,b_Dur,-0.0011304597398154662
200402,(vii),OLS,b_Dur,-0.01816123315727077
200403,(vii),OLS,b_Dur,-0.02332885198331388
200404,(vii),OLS,b_Dur,-0.04539026858405471
200405,(vii),OLS,b_Dur,-0.03685432458260409
200406,(vii),OLS,b_Dur,-0.02024088630223054
200407,(vii),OLS,b_Dur,-0.041406512836198735
200408,(vii),OLS,b_Dur,-0.0028416479788939816
200409,(vii),OLS,b_Dur,0.013051060682009553
200410,(vii),OLS,b_Dur,0.04870253776044972
200411,(vii),OLS,b_Dur,0.03115665777889013
200412,(vii),OLS,b_Dur,-0.052794376468773364
200501,(vii),OLS,b_Dur,-0.013717333066393871
200502,(vii),OLS,b_Dur,-0.03646527752230834
200503,(vii),OLS,b_Dur,-0.07579439310278688
200504,(vii),OLS,b_Dur,0.008297410684318364
200505,(vii),OLS,b_Dur,0.014606281121119474
200506,(vii),OLS,b_Dur,0.04582707519574519
200507,(vii),OLS,b_Dur,-0.03463905845273425
200508,(vii),OLS,b_Dur,0.03234741833368495
200509,(vii),OLS,b_Dur,-0.03700823620719969
200510,(vii),OLS,b_Dur,-0.014009739213490536
200511,(vii),OLS,b_Dur,0.03787564001911367
200512,(vii),OLS,b_Dur,0.04413699602379706
200601,(vii),OLS,b_Dur,0.00956305999972959
200602,(vii),OLS,b_Dur,0.06354350839085386
200603,(vii),OLS,b_Dur,0.02318967338813884
200604,(vii),OLS,b_Dur,-0.046899655245355075
200605,(vii),OLS,b_Dur,-0.006216768158931718
200606,(vii),OLS,b_Dur,-0.03817611407008271
200607,(vii),OLS,b_Dur,0.011766018728830582
200608,(vii),OLS,b_Dur,-0.0015585510839817088
200609,(vii),OLS,b_Dur,0.007570337614049237
200610,(vii),OLS,b_Dur,-0.0021967084669717654
200611,(vii),OLS,b_Dur,0.042143647683538635
200612,(vii),OLS,b_Dur,0.03485676384837692
200701,(vii),OLS,b_Dur,0.04312746992942772
200702,(vii),OLS,b_Dur,-0.009336559536476956
200703,(vii),OLS,b_Dur,-0.018785641284500817
200704,(vii),OLS,b_Dur,-0.0042719211441415925
200705,(vii),OLS,b_Dur,0.011752650988579368
200706,(vii),OLS,b_Dur,-0.001405299352136129
200707,(vii),OLS,b_Dur,0.006580529308376767
200708,(vii),OLS,b_Dur,0.015619886563991768
200709,(vii),OLS,b_Dur,-0.03044813228513571
200710,(vii),OLS,b_Dur,-0.049790433832444816
200711,(vii),OLS,b_Dur,-0.05480519836413321
200712,(vii),OLS,b_Dur,-0.023386106792968896
200801,(vii),OLS,b_Dur,-0.04557407145791943
200802,(vii),OLS,b_Dur,-0.030263262853028047
200803,(vii),OLS,b_Dur,-0.01606351013123196
200804,(vii),OLS,b_Dur,0.03116617936284169
200805,(vii),OLS,b_Dur,0.014102284952934772
200806,(vii),OLS,b_Dur,-0.026512559926156656
200807,(vii),OLS,b_Dur,0.015521021816960343
200808,(vii),OLS,b_Dur,-0.06428610058429018
200809,(vii),OLS,b_Dur,-0.10012364682624192
200810,(vii),OLS,b_Dur,-0.0917487585766984
200811,(vii),OLS,b_Dur,-0.13346143994932805
200812,(vii),OLS,b_Dur,0.09750083223016498
200901,(vii),OLS,b_Dur,-0.05859473186363033
200902,(vii),OLS,b_Dur,0.02129953039290805
200903,(vii),OLS,b_Dur,0.05879866315512694
200904,(vii),OLS,b_Dur,0.06422028972407542
200905,(vii),OLS,b_Dur,0.04922509852272483
200906,(vii),OLS,b_Dur,-0.002979397402105073
200907,(vii),OLS,b_Dur,0.16850712416566965
200908,(vii),OLS,b_Dur,0.06448689555668934
200909,(vii),OLS,b_Dur,-0.05608264776957007
200910,(vii),OLS,b_Dur,-0.07489944766681893
200911,(vii),OLS,b_Dur,0.025105389176429405
200912,(vii),OLS,b_Dur,0.036806822418402496
201001,(vii),OLS,b_Dur,-0.021839225810335434
201002,(vii),OLS,b_Dur,0.05976183745105487
201003,(vii),OLS,b_Dur,0.06419788596328307
201004,(vii),OLS,b_Dur,-0.05441163270377507
201005,(vii),OLS,b_Dur,-0.04295250990834788
201006,(vii),OLS,b_Dur,0.006216788327539472
201007,(vii),OLS,b_Dur,-0.021610969781572547
201008,(vii),OLS,b_Dur,0.05977578728292823
201009,(vii),OLS,b_Dur,0.025490863040594308
201010,(vii),OLS,b_Dur,-0.014250372107536654
201011,(vii),OLS,b_Dur,0.02017507308887451
201012,(vii),OLS,b_Dur,0.04920062301277056
201101,(vii),OLS,b_Dur,0.020157938197569412
201102,(vii),OLS,b_Dur,0.008370259502418462
201103,(vii),OLS,b_Dur,-0.02281406203926318
201104,(vii),OLS,b_Dur,-0.010551048448654411
201105,(vii),OLS,b_Dur,-0.034618701372211236
201106,(vii),OLS,b_Dur,-0.03953951438677709
201107,(vii),OLS,b_Dur,-0.10196815076470267
201108,(vii),OLS,b_Dur,-0.08025215390823233
201109,(vii),OLS,b_Dur,0.03490207944295144
201110,(vii),OLS,b_Dur,-0.042432754243201136
201111,(vii),OLS,b_Dur,0.010669688697909366
201112,(vii),OLS,b_Dur,0.01955479244219672
201201,(vii),OLS,b_Dur,0.012188637827330453
201202,(vii),OLS,b_Dur,0.007606003358341967
201203,(vii),OLS,b_Dur,-0.016883312936073695
201204,(vii),OLS,b_Dur,-0.056171611586299235
201205,(vii),OLS,b_Dur,-0.009341796891458969
201206,(vii),OLS,b_Dur,-0.03474585982044517
201207,(vii),OLS,b_Dur,0.059414366840579436
201208,(vii),OLS,b_Dur,0.02150841036375746
201209,(vii),OLS,b_Dur,-0.004341709990769962
201210,(vii),OLS,b_Dur,-0.015697572200437195
201211,(vii),OLS,b_Dur,0.013612049276233093
201212,(vii),OLS,b_Dur,-0.0018302221400183466
201301,(vii),OLS,b_Dur,-0.0158573625182217
201302,(vii),OLS,b_Dur,0.01706847590592576
201303,(vii),OLS,b_Dur,0.015362830040944893
201304,(vii),OLS,b_Dur,0.03383488201043039
201305,(vii),OLS,b_Dur,-0.0023848174197832195
201306,(vii),OLS,b_Dur,0.016233365259239272
201307,(vii),OLS,b_Dur,-0.02341632094294592
201308,(vii),OLS,b_Dur,0.014574659421211649
201309,(vii),OLS,b_Dur,0.027216583100470218
201310,(vii),OLS,b_Dur,-0.026237019568022192
201311,(vii),OLS,b_Dur,0.027318543591640324
201312,(vii),OLS,b_Dur,0.07147839561523982
201401,(vii),OLS,b_Dur,-0.017741805507050346
201402,(vii),OLS,b_Dur,0.020754143822687025
201403,(vii),OLS,b_Dur,-0.007130953048541937
201404,(vii),OLS,b_Dur,0.009267951098846552
201405,(vii),OLS,b_Dur,0.029747804521021395
201406,(vii),OLS,b_Dur,0.022429268787394832
201407,(vii),OLS,b_Dur,0.007606563740088005
201408,(vii),OLS,b_Dur,-0.060964601201486994
201409,(vii),OLS,b_Dur,-0.07839810294444804
201410,(vii),OLS,b_Dur,-0.06694876888189837
201411,(vii),OLS,b_Dur,-0.032256381581390894
201412,(vii),OLS,b_Dur,-0.04863130719693
201501,(vii),OLS,b_Dur,0.005584528867101798
201502,(vii),OLS,b_Dur,-0.08121231435678475
201503,(vii),OLS,b_Dur,0.03969019305001906
201504,(vii),OLS,b_Dur,-0.04955618105090692
201505,(vii),OLS,b_Dur,-0.05277027908223269
201506,(vii),OLS,b_Dur,-0.08335889351358253
201507,(vii),OLS,b_Dur,0.07563359840313669
201508,(vii),OLS,b_Dur,-0.06922201122168214
201509,(vii),OLS,b_Dur,-0.009573298005942268
201510,(vii),OLS,b_Dur,-0.03449003276983567
201511,(vii),OLS,b_Dur,-0.08907149478531183
201512,(vii),OLS,b_Dur,-0.06420473438248812
201601,(vii),OLS,b_Dur,-0.05173676262039285
201602,(vii),OLS,b_Dur,0.128201296397034
201603,(vii),OLS,b_Dur,0.08098617145720259
201604,(vii),OLS,b_Dur,0.024518242407309744
201605,(vii),OLS,b_Dur,0.01651801406256291
201606,(vii),OLS,b_Dur,0.06940125208780086
201607,(vii),OLS,b_Dur,0.019575468402625626
201608,(vii),OLS,b_Dur,-0.007898978852458396
201609,(vii),OLS,b_Dur,-0.08883430520200648
201610,(vii),OLS,b_Dur,-0.037558841231642
201611,(vii),OLS,b_Dur,-0.036888303002651626
201612,(vii),OLS,b_Dur,0.06574641122581407
201701,(vii),OLS,b_Dur,0.026099895835430945
201702,(vii),OLS,b_Dur,0.002595079006224198
201703,(vii),OLS,b_Dur,-0.027098520071683663
201704,(vii),OLS,b_Dur,-0.04158669332575224
201705,(vii),OLS,b_Dur,-0.05640545419883988
201706,(vii),OLS,b_Dur,-0.015443672323706387
201707,(vii),OLS,b_Dur,-0.007967002256229164
201708,(vii),OLS,b_Dur,0.04389951927313655
201709,(vii),OLS,b_Dur,0.002247023911128183
201710,(vii),OLS,b_Dur,0.007475925075636804
201711,(vii),OLS,b_Dur,0.009074661531803967
201712,(vii),OLS,b_Dur,0.0082008166910797
201801,(vii),OLS,b_Dur,0.019766791878166094
201802,(vii),OLS,b_Dur,-0.0006754776105973477
201803,(vii),OLS,b_Dur,0.011826510065458883
201804,(vii),OLS,b_Dur,-0.009784474417076548
201805,(vii),OLS,b_Dur,-0.004626469095949253
201806,(vii),OLS,b_Dur,-0.03873728732309033
201807,(vii),OLS,b_Dur,0.013633159689542988
201808,(vii),OLS,b_Dur,-0.016363877261625553
201809,(vii),OLS,b_Dur,-0.07823586081082429
201810,(vii),OLS,b_Dur,-0.08820765534808289
201811,(vii),OLS,b_Dur,-0.11715189861981981
201812,(vii),OLS,b_Dur,0.16531576628745484
201901,(vii),OLS,b_Dur,0.056306162931006716
201902,(vii),OLS,b_Dur,-0.009813832633715713
201903,(vii),OLS,b_Dur,-0.06352128474744272
201904,(vii),OLS,b_Dur,-0.10609866442827134
201905,(vii),OLS,b_Dur,-0.025487341563724356
201906,(vii),OLS,b_Dur,-0.059118727101917984
201907,(vii),OLS,b_Dur,-0.04333691750692055
201908,(vii),OLS,b_Dur,-0.04009329667083958
201909,(vii),OLS,b_Dur,-0.0886316456814712
201910,(vii),OLS,b_Dur,0.001475414546891693
201911,(vii),OLS,b_Dur,0.05162542048151965
201912,(vii),OLS,b_Dur,0.05751418450883789
202001,(vii),OLS,b_Dur,-0.011344813053271202
202002,(vii),OLS,b_Dur,-0.1185829111455598
202003,(vii),OLS,b_Dur,0.2108292078550501
202004,(vii),OLS,b_Dur,0.13328829163058145
202005,(vii),OLS,b_Dur,0.19897079231468834
202006,(vii),OLS,b_Dur,0.1093585221011732
202007,(vii),OLS,b_Dur,0.010278566164920497
202008,(vii),OLS,b_Dur,-0.035989747632803354
202009,(vii),OLS,b_Dur,-0.005928575744237705
202010,(vii),OLS,b_Dur,0.18426161785766132
202011,(vii),OLS,b_Dur,0.06387280394253633
202012,(vii),OLS,b_Dur,0.19816910738842353
202101,(vii),OLS,b_Dur,0.04902491101520248
202102,(vii),OLS,b_Dur,-0.07467648270171148
202103,(vii),OLS,b_Dur,-0.062366359818443004
202104,(vii),OLS,b_Dur,0.020341344665445904
202105,(vii),OLS,b_Dur,0.13177373858364355
202106,(vii),OLS,b_Dur,-0.048128011117092924
202107,(vii),OLS,b_Dur,0.000241350352998276
202108,(vii),OLS,b_Dur,0.049543361864635455
202109,(vii),OLS,b_Dur,-0.06431198520311965
202110,(vii),OLS,b_Dur,-0.11842226610284107
202111,(vii),OLS,b_Dur,-0.09073061172028003
202112,(vii),OLS,b_Dur,-0.012816743439070445
202201,(vii),OLS,b_Dur,0.0174353852838474
202202,(vii),OLS,b_Dur,0.08770804297095404
202203,(vii),OLS,b_Dur,-0.14367776148155764
202204,(vii),OLS,b_Dur,-0.06310762347601642
202205,(vii),OLS,b_Dur,-0.05028380031283425
202206,(vii),OLS,b_Dur,-0.012229529155675916
202207,(vii),OLS,b_Dur,0.05867930947729629
202208,(vii),OLS,b_Dur,-0.10261966730387051
202209,(vii),OLS,b_Dur,-0.11697596444683568
202210,(vii),OLS,b_Dur,-0.11824506370332273
202211,(vii),OLS,b_Dur,-0.052151234964841434
202212,(vii),OLS,b_Dur,0.1782177186186621
202301,(vii),OLS,b_Dur,-0.09653217498031004
202302,(vii),OLS,b_Dur,-0.09893624234321396
202303,(vii),OLS,b_Dur,-0.036509862002074574
202304,(vii),OLS,b_Dur,0.037890344386188414
202305,(vii),OLS,b_Dur,-0.06416023116016129
202306,(vii),OLS,b_Dur,0.0448354276113037
202307,(vii),OLS,b_Dur,-0.1220001338660531
202308,(vii),OLS,b_Dur,-0.09875201488617183
202309,(vii),OLS,b_Dur,-0.14468268781762197
202310,(vii),OLS,b_Dur,0.12314033133676436
202311,(vii),OLS,b_Dur,0.12636353969577352
202312,(vii),OLS,b_Dur,-0.04482637480294453
202401,(vii),OLS,b_Dur,-0.009879257655432447
202402,(vii),OLS,b_Dur,-0.016431108269386874
202403,(vii),OLS,b_Dur,-0.06762998614808094
202404,(vii),OLS,b_Dur,0.11409201010273781
202405,(vii),OLS,b_Dur,0.03378722519725752
202406,(vii),OLS,b_Dur,0.009107695821616624
202407,(vii),OLS,b_Dur,-0.06966683088609411
202408,(vii),OLS,b_Dur,-0.04571778778606829
202409,(vii),OLS,b_Dur,0.055197254150450584
202410,(vii),OLS,b_Dur,0.004160020391776462
202411,(vii),OLS,b_Dur,0.13977917343433688
197307,(vii),OLS,b_BM,-0.014544135102339765
197308,(vii),OLS,b_BM,0.0647265545290407
197309,(vii),OLS,b_BM,0.05488781190557934
197310,(vii),OLS,b_BM,-0.07264262747586533
197311,(vii),OLS,b_BM,-0.08705943068708219
197312,(vii),OLS,b_BM,0.07239529832216841
197401,(vii),OLS,b_BM,0.08026895677647278
197402,(vii),OLS,b_BM,0.006971899707155581
197403,(vii),OLS,b_BM,0.010288299352510605
197404,(vii),OLS,b_BM,-0.03684671146309833
197405,(vii),OLS,b_BM,0.0183803379141734
197406,(vii),OLS,b_BM,0.006478433347859296
197407,(vii),OLS,b_BM,-0.009089896119109524
197408,(vii),OLS,b_BM,-0.058284811867940656
197409,(vii),OLS,b_BM,-0.1170523413722591
197410,(vii),OLS,b_BM,-0.08000020157972555
197411,(vii),OLS,b_BM,-0.12473346841673229
197412,(vii),OLS,b_BM,0.1562121909382307
197501,(vii),OLS,b_BM,-0.013062793040453059
197502,(vii),OLS,b_BM,0.011794636340422795
197503,(vii),OLS,b_BM,-0.037065870058283525
197504,(vii),OLS,b_BM,-0.02505840733724086
197505,(vii),OLS,b_BM,-0.033068871920093765
197506,(vii),OLS,b_BM,-0.023053752451392483
197507,(vii),OLS,b_BM,-0.03284138960459104
197508,(vii),OLS,b_BM,-0.03848370650527344
197509,(vii),OLS,b_BM,0.009287917227565536
197510,(vii),OLS,b_BM,0.019077561511361092
197511,(vii),OLS,b_BM,0.026716242064064883
197512,(vii),OLS,b_BM,-0.03082318181478115
197601,(vii),OLS,b_BM,0.13739813236683168
197602,(vii),OLS,b_BM,-0.004101697183219407
197603,(vii),OLS,b_BM,-0.037369399853928884
197604,(vii),OLS,b_BM,-0.012418015754092829
197605,(vii),OLS,b_BM,0.01197908248526218
197606,(vii),OLS,b_BM,0.07400153347845068
197607,(vii),OLS,b_BM,-0.06149596380886113
197608,(vii),OLS,b_BM,-0.04742565653496954
197609,(vii),OLS,b_BM,-0.05335629231723893
197610,(vii),OLS,b_BM,-0.050700397944236086
197611,(vii),OLS,b_BM,0.032247303827922846
197612,(vii),OLS,b_BM,0.1112298647442725
197701,(vii),OLS,b_BM,-0.04729745385546223
197702,(vii),OLS,b_BM,-0.008892134861920618
197703,(vii),OLS,b_BM,0.00048645226103598803
197704,(vii),OLS,b_BM,-0.053252650908350234
197705,(vii),OLS,b_BM,0.07087456473296064
197706,(vii),OLS,b_BM,0.021281860243996458
197707,(vii),OLS,b_BM,-0.019183560658929934
197708,(vii),OLS,b_BM,0.0149370886578903
197709,(vii),OLS,b_BM,-0.029669944519144932
197710,(vii),OLS,b_BM,0.030346621910600766
197711,(vii),OLS,b_BM,0.03546076623425784
197712,(vii),OLS,b_BM,0.04274017492949793
197801,(vii),OLS,b_BM,0.024223543378540675
197802,(vii),OLS,b_BM,0.031969823813538883
197803,(vii),OLS,b_BM,0.05792371462870562
197804,(vii),OLS,b_BM,0.04443774112584261
197805,(vii),OLS,b_BM,0.01582826973502677
197806,(vii),OLS,b_BM,-0.02833695878888199
197807,(vii),OLS,b_BM,0.08393799533948489
197808,(vii),OLS,b_BM,0.049585574129672176
197809,(vii),OLS,b_BM,-0.1308810392520981
197810,(vii),OLS,b_BM,0.005475220004957024
197811,(vii),OLS,b_BM,-0.037956298496686365
197812,(vii),OLS,b_BM,0.061798277617164735
197901,(vii),OLS,b_BM,0.035380045995696836
197902,(vii),OLS,b_BM,0.05933914499614073
197903,(vii),OLS,b_BM,0.032883356639366396
197904,(vii),OLS,b_BM,0.026566449469578805
197905,(vii),OLS,b_BM,0.01309721908993811
197906,(vii),OLS,b_BM,-0.005273603317324595
197907,(vii),OLS,b_BM,0.005359878420557712
197908,(vii),OLS,b_BM,0.0036412092344081434
197909,(vii),OLS,b_BM,-0.08230128719094579
197910,(vii),OLS,b_BM,0.03488067992433948
197911,(vii),OLS,b_BM,0.03310409987505478
197912,(vii),OLS,b_BM,0.06535875536506432
198001,(vii),OLS,b_BM,-0.0013559294211017362
198002,(vii),OLS,b_BM,-0.07230722630243763
198003,(vii),OLS,b_BM,0.005133480321669551
198004,(vii),OLS,b_BM,-0.03524395187865223
198005,(vii),OLS,b_BM,-0.0121346772450853
198006,(vii),OLS,b_BM,-0.030153357866367553
198007,(vii),OLS,b_BM,-0.009365562638990677
198008,(vii),OLS,b_BM,0.0076614738434913655
198009,(vii),OLS,b_BM,-0.04798250905314836
198010,(vii),OLS,b_BM,-0.08551308178646107
198011,(vii),OLS,b_BM,-0.0012796924746354874
198012,(vii),OLS,b_BM,0.04448617319044817
198101,(vii),OLS,b_BM,-0.009150976776189024
198102,(vii),OLS,b_BM,0.013610967631196326
198103,(vii),OLS,b_BM,0.057343782431158355
198104,(vii),OLS,b_BM,0.008746250713556093
198105,(vii),OLS,b_BM,-0.0009577217225199275
198106,(vii),OLS,b_BM,-0.032815725699575506
198107,(vii),OLS,b_BM,-0.04039292645779934
198108,(vii),OLS,b_BM,0.0032168251392363616
198109,(vii),OLS,b_BM,-0.10681693341529544
198110,(vii),OLS,b_BM,-0.04316785120260749
198111,(vii),OLS,b_BM,-0.001406886430607962
198112,(vii),OLS,b_BM,0.015484435207538335
198201,(vii),OLS,b_BM,0.03255898010582484
198202,(vii),OLS,b_BM,0.07205645989353092
198203,(vii),OLS,b_BM,0.042068182996861575
198204,(vii),OLS,b_BM,-0.030006917083341238
198205,(vii),OLS,b_BM,0.09078511101787431
198206,(vii),OLS,b_BM,-0.007491638518985294
198207,(vii),OLS,b_BM,-0.07213995522468829
198208,(vii),OLS,b_BM,0.03797957447916541
198209,(vii),OLS,b_BM,0.014467892587348118
198210,(vii),OLS,b_BM,0.21139507989357748
198211,(vii),OLS,b_BM,0.03058495004788465
198212,(vii),OLS,b_BM,0.0010902985515605112
198301,(vii),OLS,b_BM,0.09632246987152435
198302,(vii),OLS,b_BM,0.06392053546655846
198303,(vii),OLS,b_BM,0.026003024389089108
198304,(vii),OLS,b_BM,0.06488004406350806
198305,(vii),OLS,b_BM,0.02290947337475987
198306,(vii),OLS,b_BM,0.06328819881204664
198307,(vii),OLS,b_BM,-0.0031416183186108483
198308,(vii),OLS,b_BM,-0.010746800915034008
198309,(vii),OLS,b_BM,0.03860442817762678
198310,(vii),OLS,b_BM,-0.0036200830336862357
198311,(vii),OLS,b_BM,0.018643162600253914
198312,(vii),OLS,b_BM,0.07464960324004542
198401,(vii),OLS,b_BM,0.018585122515838083
198402,(vii),OLS,b_BM,0.011026654086145431
198403,(vii),OLS,b_BM,-0.025129663257688964
198404,(vii),OLS,b_BM,0.0053777633826916325
198405,(vii),OLS,b_BM,-0.03846284738228716
198406,(vii),OLS,b_BM,0.006343539286822394
198407,(vii),OLS,b_BM,-0.04717579671421979
198408,(vii),OLS,b_BM,-0.0008533889210054005
198409,(vii),OLS,b_BM,-0.05401838084006203
198410,(vii),OLS,b_BM,-0.026736751009900424
198411,(vii),OLS,b_BM,-0.044564488094211055
198412,(vii),OLS,b_BM,0.000746139956293787
198501,(vii),OLS,b_BM,-0.012701041786056484
198502,(vii),OLS,b_BM,-0.0032885583359858785
198503,(vii),OLS,b_BM,-0.008746743727464805
198504,(vii),OLS,b_BM,-0.007216279809918064
198505,(vii),OLS,b_BM,-0.014888010633042664
198506,(vii),OLS,b_BM,0.004617586507594508
198507,(vii),OLS,b_BM,-0.01363781380574708
198508,(vii),OLS,b_BM,-0.021225364524615306
198509,(vii),OLS,b_BM,-0.04690954038936432
198510,(vii),OLS,b_BM,-0.007330282393803636
198511,(vii),OLS,b_BM,-0.0774854507158099
198512,(vii),OLS,b_BM,-0.014330711838101064
198601,(vii),OLS,b_BM,-0.06516410407490203
198602,(vii),OLS,b_BM,0.0172836455897309
198603,(vii),OLS,b_BM,-0.00788843015106358
198604,(vii),OLS,b_BM,0.014445438446468999
198605,(vii),OLS,b_BM,0.03280778719820523
198606,(vii),OLS,b_BM,-0.00472534044716226
198607,(vii),OLS,b_BM,-0.024299206565917813
198608,(vii),OLS,b_BM,0.05774276930004217
198609,(vii),OLS,b_BM,-0.07827730256900448
198610,(vii),OLS,b_BM,-0.0011574007102227698
198611,(vii),OLS,b_BM,0.03438428246255944
198612,(vii),OLS,b_BM,-0.03424485819632982
198701,(vii),OLS,b_BM,-0.005162469805829826
198702,(vii),OLS,b_BM,0.03624512210171001
198703,(vii),OLS,b_BM,0.02414318148175397
198704,(vii),OLS,b_BM,0.009003618176557364
198705,(vii),OLS,b_BM,0.007345052750098791
198706,(vii),OLS,b_BM,0.028524990019948213
198707,(vii),OLS,b_BM,-0.0189712276713525
198708,(vii),OLS,b_BM,0.027855807953528294
198709,(vii),OLS,b_BM,0.00838121916217532
198710,(vii),OLS,b_BM,-0.010729065922201957
198711,(vii),OLS,b_BM,-0.04966416736230943
198712,(vii),OLS,b_BM,0.048378484601805244
198801,(vii),OLS,b_BM,-0.004397532787081919
198802,(vii),OLS,b_BM,0.022072243682429986
198803,(vii),OLS,b_BM,0.012904531921845198
198804,(vii),OLS,b_BM,0.03237634107623907
198805,(vii),OLS,b_BM,0.0032712019649572977
198806,(vii),OLS,b_BM,0.016615534991588445
198807,(vii),OLS,b_BM,0.021184027828899263
198808,(vii),OLS,b_BM,-0.02255446775143253
198809,(vii),OLS,b_BM,-0.001367414997833485
198810,(vii),OLS,b_BM,-0.019139328201865757
198811,(vii),OLS,b_BM,-0.0362751754121533
198812,(vii),OLS,b_BM,0.0448022621342723
198901,(vii),OLS,b_BM,0.014122002406191112
198902,(vii),OLS,b_BM,0.01807066577081793
198903,(vii),OLS,b_BM,-0.011661981836534507
198904,(vii),OLS,b_BM,0.015463903247941856
198905,(vii),OLS,b_BM,0.049659094783419705
198906,(vii),OLS,b_BM,-0.04089356418651659
198907,(vii),OLS,b_BM,-0.010767923996736446
198908,(vii),OLS,b_BM,-0.029522325920771177
198909,(vii),OLS,b_BM,-0.05705926882408414
198910,(vii),OLS,b_BM,-0.04796292288018573
198911,(vii),OLS,b_BM,-0.020262184301366854
198912,(vii),OLS,b_BM,0.018030452195673563
199001,(vii),OLS,b_BM,0.044096534685048455
199002,(vii),OLS,b_BM,-0.0032378717443822154
199003,(vii),OLS,b_BM,-0.012369534556957947
199004,(vii),OLS,b_BM,-0.044848105312928814
199005,(vii),OLS,b_BM,-0.016114621809942806
199006,(vii),OLS,b_BM,0.01906844686555695
199007,(vii),OLS,b_BM,0.025774470203576268
199008,(vii),OLS,b_BM,0.019086816503090034
199009,(vii),OLS,b_BM,-0.014347374194698784
199010,(vii),OLS,b_BM,-0.08924068850280442
199011,(vii),OLS,b_BM,-0.09274466706734662
199012,(vii),OLS,b_BM,0.07354859814009342
199101,(vii),OLS,b_BM,-0.04858561615045416
199102,(vii),OLS,b_BM,0.05716643743757828
199103,(vii),OLS,b_BM,0.009316428083348583
199104,(vii),OLS,b_BM,-0.0037254823664576234
199105,(vii),OLS,b_BM,-0.005791677434134116
199106,(vii),OLS,b_BM,-0.05193668016731802
199107,(vii),OLS,b_BM,0.043727298619003645
199108,(vii),OLS,b_BM,0.02519737074179241
199109,(vii),OLS,b_BM,-0.00354487763222908
199110,(vii),OLS,b_BM,0.015978184059866455
199111,(vii),OLS,b_BM,-0.12268437467864836
199112,(vii),OLS,b_BM,0.22858977105515121
199201,(vii),OLS,b_BM,0.10293493523813858
199202,(vii),OLS,b_BM,0.09139991495526611
199203,(vii),OLS,b_BM,-0.007669825566937891
199204,(vii),OLS,b_BM,0.005677364452862668
199205,(vii),OLS,b_BM,0.02861066299808021
199206,(vii),OLS,b_BM,-0.0129068920597088
199207,(vii),OLS,b_BM,-0.029743427636032885
199208,(vii),OLS,b_BM,-0.002025781866391191
199209,(vii),OLS,b_BM,-0.022705976172810612
199210,(vii),OLS,b_BM,-0.005865586472285453
199211,(vii),OLS,b_BM,0.04995686909685053
199212,(vii),OLS,b_BM,0.12923945740581563
199301,(vii),OLS,b_BM,0.11463781255414066
199302,(vii),OLS,b_BM,0.049896892495865666
199303,(vii),OLS,b_BM,0.029534832013239774
199304,(vii),OLS,b_BM,0.00868298165190204
199305,(vii),OLS,b_BM,0.07189556594833504
199306,(vii),OLS,b_BM,0.04638887945047104
199307,(vii),OLS,b_BM,-0.0626847332687641
199308,(vii),OLS,b_BM,0.019663477217947416
199309,(vii),OLS,b_BM,0.05254816580498491
199310,(vii),OLS,b_BM,0.05015081228443283
199311,(vii),OLS,b_BM,-0.014314671484305404
199312,(vii),OLS,b_BM,0.10575616824163679
199401,(vii),OLS,b_BM,0.04990731410135186
199402,(vii),OLS,b_BM,0.027522470826883885
199403,(vii),OLS,b_BM,0.031264424458065904
199404,(vii),OLS,b_BM,-0.004655174314124461
199405,(vii),OLS,b_BM,0.026489719797018956
199406,(vii),OLS,b_BM,0.012343052499375146
199407,(vii),OLS,b_BM,-0.014530843361708737
199408,(vii),OLS,b_BM,0.03691995951912787
199409,(vii),OLS,b_BM,0.016322985574893988
199410,(vii),OLS,b_BM,0.009687481476726613
199411,(vii),OLS,b_BM,0.004307534439642245
199412,(vii),OLS,b_BM,-0.019218492521600836
199501,(vii),OLS,b_BM,-0.012320944515942277
199502,(vii),OLS,b_BM,-0.02845071738229499
199503,(vii),OLS,b_BM,0.04229993777290189
199504,(vii),OLS,b_BM,-0.01679505205718182
199505,(vii),OLS,b_BM,-0.0351914457450129
199506,(vii),OLS,b_BM,-0.012346869972551959
199507,(vii),OLS,b_BM,0.02452218179953193
199508,(vii),OLS,b_BM,0.0007765276429806398
199509,(vii),OLS,b_BM,-0.03359579180202582
199510,(vii),OLS,b_BM,-0.04831427557321517
199511,(vii),OLS,b_BM,-0.0364554073785753
199512,(vii),OLS,b_BM,0.02261066190378972
199601,(vii),OLS,b_BM,0.033584774098962863
199602,(vii),OLS,b_BM,0.020759226227060362
199603,(vii),OLS,b_BM,0.041125574816212096
199604,(vii),OLS,b_BM,0.06398947546835114
199605,(vii),OLS,b_BM,0.016654782588476927
199606,(vii),OLS,b_BM,0.047307935157246524
199607,(vii),OLS,b_BM,-0.039797388816099094
199608,(vii),OLS,b_BM,-0.020045245709179167
199609,(vii),OLS,b_BM,0.0134425418233887
199610,(vii),OLS,b_BM,-0.02967355295729055
199611,(vii),OLS,b_BM,-0.027363640120555432
199612,(vii),OLS,b_BM,0.007276387627775653
199701,(vii),OLS,b_BM,0.04114707004053514
199702,(vii),OLS,b_BM,0.060090978496059475
199703,(vii),OLS,b_BM,0.0056603136807984004
199704,(vii),OLS,b_BM,-0.060074522975373315
199705,(vii),OLS,b_BM,0.04038862449737904
199706,(vii),OLS,b_BM,-0.017179986078057926
199707,(vii),OLS,b_BM,-0.003486503606271661
199708,(vii),OLS,b_BM,-0.0038274882750417467
199709,(vii),OLS,b_BM,0.04133983150243922
199710,(vii),OLS,b_BM,0.010454762350893178
199711,(vii),OLS,b_BM,-0.021144027150228385
199712,(vii),OLS,b_BM,0.02808090115982648
199801,(vii),OLS,b_BM,0.009243983629530241
199802,(vii),OLS,b_BM,0.04129214581540683
199803,(vii),OLS,b_BM,0.04820835099743243
199804,(vii),OLS,b_BM,0.05012076645828115
199805,(vii),OLS,b_BM,0.009373044130785546
199806,(vii),OLS,b_BM,0.014737546904618367
199807,(vii),OLS,b_BM,1.3570580232727392e-05
199808,(vii),OLS,b_BM,-0.09208171992649306
199809,(vii),OLS,b_BM,-0.12534866678651835
199810,(vii),OLS,b_BM,0.04778336563766901
199811,(vii),OLS,b_BM,-0.03809566779212911
199812,(vii),OLS,b_BM,0.09600845927782475
199901,(vii),OLS,b_BM,0.01762953018592799
199902,(vii),OLS,b_BM,-0.05630651061640962
199903,(vii),OLS,b_BM,0.03153124649093219
199904,(vii),OLS,b_BM,0.005304178687794613
199905,(vii),OLS,b_BM,-0.009286448171693976
199906,(vii),OLS,b_BM,0.03838692100677041
199907,(vii),OLS,b_BM,-0.007740740733518315
199908,(vii),OLS,b_BM,-0.060143241723902785
199909,(vii),OLS,b_BM,-0.06515641037401432
199910,(vii),OLS,b_BM,-0.03039298824483064
199911,(vii),OLS,b_BM,-0.1098812888655551
199912,(vii),OLS,b_BM,0.15340383359602466
200001,(vii),OLS,b_BM,0.04196228649432865
200002,(vii),OLS,b_BM,-0.030993214013204307
200003,(vii),OLS,b_BM,-0.012781384971252502
200004,(vii),OLS,b_BM,-0.0007613295458202569
200005,(vii),OLS,b_BM,-0.044488443344395584
200006,(vii),OLS,b_BM,0.11799691610914942
200007,(vii),OLS,b_BM,-0.04400101438659311
200008,(vii),OLS,b_BM,0.014320253127587806
200009,(vii),OLS,b_BM,-0.061629497134430326
200010,(vii),OLS,b_BM,0.039736412580184885
200011,(vii),OLS,b_BM,-0.06953874766890358
200012,(vii),OLS,b_BM,0.10101794984369586
200101,(vii),OLS,b_BM,0.11918765637125195
200102,(vii),OLS,b_BM,0.07563089389489565
200103,(vii),OLS,b_BM,-0.07779781261139158
200104,(vii),OLS,b_BM,0.0766121331375693
200105,(vii),OLS,b_BM,-0.030326512054287217
200106,(vii),OLS,b_BM,0.0329657939673611
200107,(vii),OLS,b_BM,-0.010323115415411581
200108,(vii),OLS,b_BM,-0.019788584961941205
200109,(vii),OLS,b_BM,-0.06977620966237517
200110,(vii),OLS,b_BM,0.007214620844271068
200111,(vii),OLS,b_BM,0.00456808188689042
200112,(vii),OLS,b_BM,0.1536806195301001
200201,(vii),OLS,b_BM,-0.004178363644817523
200202,(vii),OLS,b_BM,0.03134855665084187
200203,(vii),OLS,b_BM,0.10468040897853838
200204,(vii),OLS,b_BM,0.05791016021890044
200205,(vii),OLS,b_BM,0.01005935868968099
200206,(vii),OLS,b_BM,-0.010781301888122444
200207,(vii),OLS,b_BM,0.019052026372329216
200208,(vii),OLS,b_BM,-0.023105557259580384
200209,(vii),OLS,b_BM,-0.08407306007764855
200210,(vii),OLS,b_BM,0.15252449073470595
200211,(vii),OLS,b_BM,-0.008210933437081333
200212,(vii),OLS,b_BM,0.03803083542967055
200301,(vii),OLS,b_BM,0.050376180575628975
200302,(vii),OLS,b_BM,0.017258529052346542
200303,(vii),OLS,b_BM,-0.003995750971821463
200304,(vii),OLS,b_BM,-0.025667475040233804
200305,(vii),OLS,b_BM,0.09350715517797462
200306,(vii),OLS,b_BM,0.10591649803280309
200307,(vii),OLS,b_BM,0.01282198238888789
200308,(vii),OLS,b_BM,0.12480671422094075
200309,(vii),OLS,b_BM,0.12737669357669046
200310,(vii),OLS,b_BM,0.036021370963455784
200311,(vii),OLS,b_BM,0.035571814456518816
200312,(vii),OLS,b_BM,0.16308820735888022
200401,(vii),OLS,b_BM,0.026643191413456845
200402,(vii),OLS,b_BM,0.015068892471158772
200403,(vii),OLS,b_BM,-0.01724865224981857
200404,(vii),OLS,b_BM,-0.034814515170944374
200405,(vii),OLS,b_BM,-0.0014836888620725075
200406,(vii),OLS,b_BM,0.07253400293468272
200407,(vii),OLS,b_BM,-0.01284281441712938
200408,(vii),OLS,b_BM,-0.001561308597055706
200409,(vii),OLS,b_BM,-0.004139529041509653
200410,(vii),OLS,b_BM,0.05673878301322279
200411,(vii),OLS,b_BM,0.015384597398534086
200412,(vii),OLS,b_BM,0.005397210302993619
200501,(vii),OLS,b_BM,0.01083904980844005
200502,(vii),OLS,b_BM,0.03547156812978461
200503,(vii),OLS,b_BM,-0.04908338692128669
200504,(vii),OLS,b_BM,-0.02647356369721286
200505,(vii),OLS,b_BM,0.0535524075832209
200506,(vii),OLS,b_BM,0.0339724756366241
200507,(vii),OLS,b_BM,0.0023189489290065396
200508,(vii),OLS,b_BM,0.018447276363866092
200509,(vii),OLS,b_BM,-0.026854986408909
200510,(vii),OLS,b_BM,-0.007719520927741414
200511,(vii),OLS,b_BM,0.03304952188347744
200512,(vii),OLS,b_BM,0.02659512266884503
200601,(vii),OLS,b_BM,0.004566018270215599
200602,(vii),OLS,b_BM,0.07139232425725471
200603,(vii),OLS,b_BM,0.05599957777837533
200604,(vii),OLS,b_BM,0.00490374988797326
200605,(vii),OLS,b_BM,0.011193670102442457
200606,(vii),OLS,b_BM,0.007524685700801396
200607,(vii),OLS,b_BM,-0.023479299198210124
200608,(vii),OLS,b_BM,0.030129993353026907
200609,(vii),OLS,b_BM,-0.006238985291842666
200610,(vii),OLS,b_BM,-0.007053793431563527
200611,(vii),OLS,b_BM,0.0760235285356509
200612,(vii),OLS,b_BM,0.03278642001566924
200701,(vii),OLS,b_BM,0.04557056967976373
200702,(vii),OLS,b_BM,-0.016435834147661275
200703,(vii),OLS,b_BM,-0.03475211775270951
200704,(vii),OLS,b_BM,0.0010277137068068912
200705,(vii),OLS,b_BM,0.020109248064922015
200706,(vii),OLS,b_BM,-0.00740552441479157
200707,(vii),OLS,b_BM,-0.052380007429746585
200708,(vii),OLS,b_BM,-0.03617448053862034
200709,(vii),OLS,b_BM,-0.0661328675284055
200710,(vii),OLS,b_BM,-0.05003239892105306
200711,(vii),OLS,b_BM,-0.04309267812295364
200712,(vii),OLS,b_BM,0.008655861965161948
200801,(vii),OLS,b_BM,-0.041177727232687096
200802,(vii),OLS,b_BM,-0.007576669040765163
200803,(vii),OLS,b_BM,-0.027202717114899147
200804,(vii),OLS,b_BM,0.01112895879909429
200805,(vii),OLS,b_BM,0.03069207626088378
200806,(vii),OLS,b_BM,-0.03475017067890467
200807,(vii),OLS,b_BM,0.04368190024051842
200808,(vii),OLS,b_BM,-0.029746540493244666
200809,(vii),OLS,b_BM,-0.08275498124859854
200810,(vii),OLS,b_BM,-0.14906710015203936
200811,(vii),OLS,b_BM,-0.10435762421725198
200812,(vii),OLS,b_BM,0.016928327421485492
200901,(vii),OLS,b_BM,-0.08887740819399682
200902,(vii),OLS,b_BM,0.04773703082073373
200903,(vii),OLS,b_BM,0.17433606400802984
200904,(vii),OLS,b_BM,0.0963831667296107
200905,(vii),OLS,b_BM,0.03572225565657306
200906,(vii),OLS,b_BM,0.08063264406406527
200907,(vii),OLS,b_BM,0.2476223624192794
200908,(vii),OLS,b_BM,0.0741997165472357
200909,(vii),OLS,b_BM,-0.013769498517537903
200910,(vii),OLS,b_BM,-0.009557082346479895
200911,(vii),OLS,b_BM,0.019809838830166897
200912,(vii),OLS,b_BM,0.05615198321099171
201001,(vii),OLS,b_BM,0.021283020402034964
201002,(vii),OLS,b_BM,0.09575402478218716
201003,(vii),OLS,b_BM,0.11579234758923897
201004,(vii),OLS,b_BM,-0.0515367503662115
201005,(vii),OLS,b_BM,-0.0742467469415426
201006,(vii),OLS,b_BM,-0.01248037911384368
201007,(vii),OLS,b_BM,-0.02769715124511673
201008,(vii),OLS,b_BM,0.028429812828889695
201009,(vii),OLS,b_BM,0.014568063644836435
201010,(vii),OLS,b_BM,0.008510736951091589
201011,(vii),OLS,b_BM,0.011776164763025444
201012,(vii),OLS,b_BM,0.05263612804374146
201101,(vii),OLS,b_BM,0.02919317206266695
201102,(vii),OLS,b_BM,-0.020468547188120648
201103,(vii),OLS,b_BM,-0.03940005002101697
201104,(vii),OLS,b_BM,-0.026072271035074767
201105,(vii),OLS,b_BM,0.006411983495438926
201106,(vii),OLS,b_BM,0.025617071924341258
201107,(vii),OLS,b_BM,-0.08224578236010767
201108,(vii),OLS,b_BM,-0.03272868438686384
201109,(vii),OLS,b_BM,-0.040280169673606814
201110,(vii),OLS,b_BM,-0.019985526075844844
201111,(vii),OLS,b_BM,0.036470442278290584
201112,(vii),OLS,b_BM,-0.02024428354276982
201201,(vii),OLS,b_BM,0.01540496193604977
201202,(vii),OLS,b_BM,0.02963449197886796
201203,(vii),OLS,b_BM,0.0029032942309671836
201204,(vii),OLS,b_BM,-0.01110662391754718
201205,(vii),OLS,b_BM,-0.00994926697047171
201206,(vii),OLS,b_BM,-0.01684067334644161
201207,(vii),OLS,b_BM,0.01564314022671707
201208,(vii),OLS,b_BM,0.017704852516998555
201209,(vii),OLS,b_BM,0.021701800901088548
201210,(vii),OLS,b_BM,0.0018328560279024311
201211,(vii),OLS,b_BM,0.03144239780461943
201212,(vii),OLS,b_BM,0.022353762838071774
201301,(vii),OLS,b_BM,0.011762423601239934
201302,(vii),OLS,b_BM,0.007602420299980547
201303,(vii),OLS,b_BM,-0.016986272414489252
201304,(vii),OLS,b_BM,0.052771546852093655
201305,(vii),OLS,b_BM,0.0241907965828021
201306,(vii),OLS,b_BM,-0.003328716548818226
201307,(vii),OLS,b_BM,0.004006568375786387
201308,(vii),OLS,b_BM,0.01984961670178048
201309,(vii),OLS,b_BM,0.07270277150859732
201310,(vii),OLS,b_BM,-0.03337924710328516
201311,(vii),OLS,b_BM,0.020941013652869496
201312,(vii),OLS,b_BM,0.03796009733541194
201401,(vii),OLS,b_BM,-0.012076124357007476
201402,(vii),OLS,b_BM,0.06521462390872496
201403,(vii),OLS,b_BM,-0.0028443459147376718
201404,(vii),OLS,b_BM,0.0008971250436126997
201405,(vii),OLS,b_BM,-0.020816169982518628
201406,(vii),OLS,b_BM,0.028450128729124547
201407,(vii),OLS,b_BM,0.001557302676691569
201408,(vii),OLS,b_BM,-0.03917067937244237
201409,(vii),OLS,b_BM,-0.09675112077790797
201410,(vii),OLS,b_BM,-0.06371918353230346
201411,(vii),OLS,b_BM,0.001387089927331461
201412,(vii),OLS,b_BM,-0.05185507191035288
201501,(vii),OLS,b_BM,-0.04327322426603546
201502,(vii),OLS,b_BM,-0.057892700060579935
201503,(vii),OLS,b_BM,0.06423962059985808
201504,(vii),OLS,b_BM,-0.056048570074386156
201505,(vii),OLS,b_BM,-0.045684819344437494
201506,(vii),OLS,b_BM,-0.15665538069249302
201507,(vii),OLS,b_BM,0.11742343709599908
201508,(vii),OLS,b_BM,-0.039468554399372954
201509,(vii),OLS,b_BM,-0.023191634246074476
201510,(vii),OLS,b_BM,-0.049830668780610515
201511,(vii),OLS,b_BM,-0.08105248000508233
201512,(vii),OLS,b_BM,-0.009447700694348877
201601,(vii),OLS,b_BM,-0.020026970797802458
201602,(vii),OLS,b_BM,0.1290866916562053
201603,(vii),OLS,b_BM,0.09823661140490544
201604,(vii),OLS,b_BM,-0.03740536671732192
201605,(vii),OLS,b_BM,0.09268195370208644
201606,(vii),OLS,b_BM,0.05399407803516246
201607,(vii),OLS,b_BM,0.04347971834596143
201608,(vii),OLS,b_BM,-0.0011429976202505417
201609,(vii),OLS,b_BM,-0.02460577955367587
201610,(vii),OLS,b_BM,0.07411218572050464
201611,(vii),OLS,b_BM,0.02763792746993931
201612,(vii),OLS,b_BM,-0.011686211244360957
201701,(vii),OLS,b_BM,-0.059005523765359336
201702,(vii),OLS,b_BM,-0.012730846176357849
201703,(vii),OLS,b_BM,-0.028692278692724567
201704,(vii),OLS,b_BM,-0.05124782085937033
201705,(vii),OLS,b_BM,-0.04345628964407419
201706,(vii),OLS,b_BM,-0.026276595814071484
201707,(vii),OLS,b_BM,-0.03558126979410632
201708,(vii),OLS,b_BM,0.049532777725648965
201709,(vii),OLS,b_BM,-0.002817248405288612
201710,(vii),OLS,b_BM,0.05059548715130682
201711,(vii),OLS,b_BM,0.025879073056791647
201712,(vii),OLS,b_BM,-0.01686024647196748
201801,(vii),OLS,b_BM,0.002081216424827878
201802,(vii),OLS,b_BM,0.015807378980805045
201803,(vii),OLS,b_BM,0.012787991320737076
201804,(vii),OLS,b_BM,-0.006683424934896014
201805,(vii),OLS,b_BM,0.005877639731513439
201806,(vii),OLS,b_BM,-0.017808648225873247
201807,(vii),OLS,b_BM,-0.04019224277314589
201808,(vii),OLS,b_BM,-0.03208705890291201
201809,(vii),OLS,b_BM,-0.002848875488465616
201810,(vii),OLS,b_BM,-0.10021552750209312
201811,(vii),OLS,b_BM,-0.0777870363557109
201812,(vii),OLS,b_BM,0.08511754704994812
201901,(vii),OLS,b_BM,-0.007712910334350093
201902,(vii),OLS,b_BM,-0.060151814771461296
201903,(vii),OLS,b_BM,-0.039416587821546736
201904,(vii),OLS,b_BM,-0.10139900521896612
201905,(vii),OLS,b_BM,-0.08815712861228248
201906,(vii),OLS,b_BM,-0.05726654300829451
201907,(vii),OLS,b_BM,-0.07123809300437801
201908,(vii),OLS,b_BM,0.10970357080879532
201909,(vii),OLS,b_BM,-0.09972339361167518
201910,(vii),OLS,b_BM,-0.09736397760833641
201911,(vii),OLS,b_BM,0.09424030080674978
201912,(vii),OLS,b_BM,-0.06633256978007801
202001,(vii),OLS,b_BM,-0.04849091823726456
202002,(vii),OLS,b_BM,-0.23787622309714512
202003,(vii),OLS,b_BM,0.20964832145405068
202004,(vii),OLS,b_BM,0.0333479392219759
202005,(vii),OLS,b_BM,0.16559301782453978
202006,(vii),OLS,b_BM,0.09453361490928541
202007,(vii),OLS,b_BM,0.03168696144508558
202008,(vii),OLS,b_BM,-0.0374900096426291
202009,(vii),OLS,b_BM,0.015124404153626491
202010,(vii),OLS,b_BM,0.20237962853525732
202011,(vii),OLS,b_BM,0.06060651840452673
202012,(vii),OLS,b_BM,0.34849026275416717
202101,(vii),OLS,b_BM,0.11236367512483161
202102,(vii),OLS,b_BM,0.055030451963977114
202103,(vii),OLS,b_BM,-0.040989936621391734
202104,(vii),OLS,b_BM,0.10583707899248708
202105,(vii),OLS,b_BM,0.06149805855633298
202106,(vii),OLS,b_BM,-0.023836176485618046
202107,(vii),OLS,b_BM,-0.002437896887865362
202108,(vii),OLS,b_BM,0.088032987499056
202109,(vii),OLS,b_BM,-0.03805496412457443
202110,(vii),OLS,b_BM,-0.02062127332700424
202111,(vii),OLS,b_BM,0.014578632362385748
202112,(vii),OLS,b_BM,0.1151985228703862
202201,(vii),OLS,b_BM,0.05068376242438808
202202,(vii),OLS,b_BM,0.049486629741922354
202203,(vii),OLS,b_BM,0.05195359397158765
202204,(vii),OLS,b_BM,0.05314961433904425
202205,(vii),OLS,b_BM,-0.09494829799857116
202206,(vii),OLS,b_BM,-0.06072539246664213
202207,(vii),OLS,b_BM,0.025470080430284762
202208,(vii),OLS,b_BM,-0.1019418585207082
202209,(vii),OLS,b_BM,0.021996950981815103
202210,(vii),OLS,b_BM,-0.0544012815338186
202211,(vii),OLS,b_BM,-0.03497268595124434
202212,(vii),OLS,b_BM,0.09574860088437842
202301,(vii),OLS,b_BM,-0.048074492176109644
202302,(vii),OLS,b_BM,-0.09644938079781709
202303,(vii),OLS,b_BM,-0.032073515844156596
202304,(vii),OLS,b_BM,-0.030295954806421367
202305,(vii),OLS,b_BM,0.010626674439199402
202306,(vii),OLS,b_BM,0.06623796825949882
202307,(vii),OLS,b_BM,-0.06807238795467457
202308,(vii),OLS,b_BM,-0.026219277442831097
202309,(vii),OLS,b_BM,-0.07036069083869725
202310,(vii),OLS,b_BM,0.026173647031020056
202311,(vii),OLS,b_BM,0.0784308668314499
202312,(vii),OLS,b_BM,-0.07097233256916227
202401,(vii),OLS,b_BM,-0.042985170399435446
202402,(vii),OLS,b_BM,0.02959734643921997
202403,(vii),OLS,b_BM,-0.033921105347515995
202404,(vii),OLS,b_BM,0.14861653081664095
202405,(vii),OLS,b_BM,-0.04833239515586349
202406,(vii),OLS,b_BM,0.03464822530675599
202407,(vii),OLS,b_BM,-0.06282518120896544
202408,(vii),OLS,b_BM,-0.043412996657943355
202409,(vii),OLS,b_BM,-0.008240953114715902
202410,(vii),OLS,b_BM,-0.010845336902841752
202411,(vii),OLS,b_BM,0.12289232506317925
197307,(vii),OLS,b_GP,-0.024344324260632228
197308,(vii),OLS,b_GP,-0.041017343647741816
197309,(vii),OLS,b_GP,-0.054749247031013
197310,(vii),OLS,b_GP,-0.044589926353851644
197311,(vii),OLS,b_GP,-0.08648152754697112
197312,(vii),OLS,b_GP,-0.008747146772141216
197401,(vii),OLS,b_GP,-0.0020538087776979866
197402,(vii),OLS,b_GP,0.032297400834022785
197403,(vii),OLS,b_GP,0.0073597741247087255
197404,(vii),OLS,b_GP,0.024497161786053472
197405,(vii),OLS,b_GP,-0.02612626332661938
197406,(vii),OLS,b_GP,-0.02967313508593903
197407,(vii),OLS,b_GP,-0.01635831616581286
197408,(vii),OLS,b_GP,-0.0005497009729597963
197409,(vii),OLS,b_GP,-0.053252753585297574
197410,(vii),OLS,b_GP,-0.017469988125109345
197411,(vii),OLS,b_GP,-0.00763114342831428
197412,(vii),OLS,b_GP,0.047162490438304144
197501,(vii),OLS,b_GP,-0.018919962270825076
197502,(vii),OLS,b_GP,0.034043703663495864
197503,(vii),OLS,b_GP,-0.01634151615281679
197504,(vii),OLS,b_GP,-0.009434954908877434
197505,(vii),OLS,b_GP,-0.007188180976310375
197506,(vii),OLS,b_GP,-0.014958768396239157
197507,(vii),OLS,b_GP,-0.0020031356746230042
197508,(vii),OLS,b_GP,0.013385820518874582
197509,(vii),OLS,b_GP,0.0427307432720959
197510,(vii),OLS,b_GP,0.055821652429078536
197511,(vii),OLS,b_GP,-0.021506140575701126
197512,(vii),OLS,b_GP,-0.019105674810371814
197601,(vii),OLS,b_GP,0.001468862397812517
197602,(vii),OLS,b_GP,0.019658437746428024
197603,(vii),OLS,b_GP,-0.024440975597301164
197604,(vii),OLS,b_GP,-0.026028342415894867
197605,(vii),OLS,b_GP,-0.025497062511575998
197606,(vii),OLS,b_GP,0.020240779938511796
197607,(vii),OLS,b_GP,0.007269243387282652
197608,(vii),OLS,b_GP,-0.012700590502335095
197609,(vii),OLS,b_GP,-0.015257581006821064
197610,(vii),OLS,b_GP,-0.014226670125455233
197611,(vii),OLS,b_GP,-0.0027969817875389442
197612,(vii),OLS,b_GP,-0.001316003850560958
197701,(vii),OLS,b_GP,0.007955073011910833
197702,(vii),OLS,b_GP,-0.01860480366892145
197703,(vii),OLS,b_GP,-0.01995566798904476
197704,(vii),OLS,b_GP,0.007426752388589836
197705,(vii),OLS,b_GP,0.007001708749629798
197706,(vii),OLS,b_GP,0.02231053360405709
197707,(vii),OLS,b_GP,0.03607337040081213
197708,(vii),OLS,b_GP,0.014148410893743791
197709,(vii),OLS,b_GP,0.012711295253720035
197710,(vii),OLS,b_GP,0.012507734787533814
197711,(vii),OLS,b_GP,0.006476612038486578
197712,(vii),OLS,b_GP,-0.005456266531953587
197801,(vii),OLS,b_GP,0.0227161284847691
197802,(vii),OLS,b_GP,-0.0026190932041351995
197803,(vii),OLS,b_GP,0.018087734113374387
197804,(vii),OLS,b_GP,0.02529309222961764
197805,(vii),OLS,b_GP,0.008233498336427387
197806,(vii),OLS,b_GP,-0.021438403922404748
197807,(vii),OLS,b_GP,0.03904332825866056
197808,(vii),OLS,b_GP,-0.01721840217805869
197809,(vii),OLS,b_GP,-0.034050041499353687
197810,(vii),OLS,b_GP,0.015771329826209313
197811,(vii),OLS,b_GP,0.0037990731217872977
197812,(vii),OLS,b_GP,-0.020474824459112674
197901,(vii),OLS,b_GP,-0.0066930721486083665
197902,(vii),OLS,b_GP,-0.024908903404316965
197903,(vii),OLS,b_GP,-0.014261739561872143
197904,(vii),OLS,b_GP,0.0020801534800020983
197905,(vii),OLS,b_GP,-0.056733938100296366
197906,(vii),OLS,b_GP,-0.0019416213211697615
197907,(vii),OLS,b_GP,0.0029168865848367316
197908,(vii),OLS,b_GP,-0.018495638219403226
197909,(vii),OLS,b_GP,-0.006909110111735443
197910,(vii),OLS,b_GP,-0.01848216015267809
197911,(vii),OLS,b_GP,-0.03167277510247772
197912,(vii),OLS,b_GP,-0.06985154633021806
198001,(vii),OLS,b_GP,-0.030404803596559154
198002,(vii),OLS,b_GP,0.03500613069039354
198003,(vii),OLS,b_GP,-0.0013983338404358128
198004,(vii),OLS,b_GP,0.016393830657454807
198005,(vii),OLS,b_GP,-0.01845816590095484
198006,(vii),OLS,b_GP,0.022372290808659778
198007,(vii),OLS,b_GP,0.002359375493556519
198008,(vii),OLS,b_GP,-0.0032490652819153025
198009,(vii),OLS,b_GP,-0.013372894680611255
198010,(vii),OLS,b_GP,-0.04918324158903193
198011,(vii),OLS,b_GP,0.04647571339812672
198012,(vii),OLS,b_GP,0.005699457673729664
198101,(vii),OLS,b_GP,-0.015046851000527512
198102,(vii),OLS,b_GP,0.013426920676606557
198103,(vii),OLS,b_GP,0.06485739795304762
198104,(vii),OLS,b_GP,0.01110746254778721
198105,(vii),OLS,b_GP,0.011989295218258644
198106,(vii),OLS,b_GP,-0.019472629550182176
198107,(vii),OLS,b_GP,-0.0021398810196831264
198108,(vii),OLS,b_GP,0.03818623836997368
198109,(vii),OLS,b_GP,-0.011254533446220558
198110,(vii),OLS,b_GP,0.003186030572048422
198111,(vii),OLS,b_GP,0.045044944074859594
198112,(vii),OLS,b_GP,0.022767953878937236
198201,(vii),OLS,b_GP,0.02790743246736775
198202,(vii),OLS,b_GP,0.058806951749905204
198203,(vii),OLS,b_GP,0.03360258364465605
198204,(vii),OLS,b_GP,0.02284039534597186
198205,(vii),OLS,b_GP,0.03672063877566422
198206,(vii),OLS,b_GP,0.03353711976922174
198207,(vii),OLS,b_GP,-0.015238324151580104
198208,(vii),OLS,b_GP,0.06324564753918231
198209,(vii),OLS,b_GP,0.020768721497919897
198210,(vii),OLS,b_GP,0.0986848150158352
198211,(vii),OLS,b_GP,0.021605183587516865
198212,(vii),OLS,b_GP,-0.0682749470767682
198301,(vii),OLS,b_GP,0.06490129863829754
198302,(vii),OLS,b_GP,0.03593676387216918
198303,(vii),OLS,b_GP,0.008202703894158257
198304,(vii),OLS,b_GP,-0.020637328837410873
198305,(vii),OLS,b_GP,0.017439231699732178
198306,(vii),OLS,b_GP,-0.006360867197339394
198307,(vii),OLS,b_GP,-0.003237808141859644
198308,(vii),OLS,b_GP,0.03476640421612841
198309,(vii),OLS,b_GP,0.0048780130254336695
198310,(vii),OLS,b_GP,0.023484954741841507
198311,(vii),OLS,b_GP,-0.00313487777532288
198312,(vii),OLS,b_GP,-0.03255885141773998
198401,(vii),OLS,b_GP,-0.01534825190997734
198402,(vii),OLS,b_GP,0.0035074756398235027
198403,(vii),OLS,b_GP,0.02131286710726732
198404,(vii),OLS,b_GP,0.029370143127235654
198405,(vii),OLS,b_GP,0.04939861654852855
198406,(vii),OLS,b_GP,0.047299752618567246
198407,(vii),OLS,b_GP,0.03328815375166183
198408,(vii),OLS,b_GP,-0.009255640421585089
198409,(vii),OLS,b_GP,0.020615910808878306
198410,(vii),OLS,b_GP,0.016635732401154728
198411,(vii),OLS,b_GP,0.02887559420565972
198412,(vii),OLS,b_GP,0.018416602392898284
198501,(vii),OLS,b_GP,0.00029304684476521865
198502,(vii),OLS,b_GP,-0.007633420959863586
198503,(vii),OLS,b_GP,-0.0005419485712294878
198504,(vii),OLS,b_GP,0.03970651919965836
198505,(vii),OLS,b_GP,0.02982776061750054
198506,(vii),OLS,b_GP,0.0004940868917626979
198507,(vii),OLS,b_GP,-0.012728280677242642
198508,(vii),OLS,b_GP,0.01499630269941446
198509,(vii),OLS,b_GP,0.0217150726805259
198510,(vii),OLS,b_GP,0.05332028470471769
198511,(vii),OLS,b_GP,0.03575853710941395
198512,(vii),OLS,b_GP,-0.006031833824103051
198601,(vii),OLS,b_GP,0.02320764547281514
198602,(vii),OLS,b_GP,0.0189813354111179
198603,(vii),OLS,b_GP,0.02698696191308602
198604,(vii),OLS,b_GP,0.04780205025060469
198605,(vii),OLS,b_GP,0.04230123121531337
198606,(vii),OLS,b_GP,0.012642881143899672
198607,(vii),OLS,b_GP,-0.04576688943264607
198608,(vii),OLS,b_GP,-0.02773579863094013
198609,(vii),OLS,b_GP,0.00985194954099309
198610,(vii),OLS,b_GP,0.04609504259143996
198611,(vii),OLS,b_GP,0.039272656701669656
198612,(vii),OLS,b_GP,-0.04271261555422849
198701,(vii),OLS,b_GP,0.013191155594868904
198702,(vii),OLS,b_GP,-0.05089384866954587
198703,(vii),OLS,b_GP,-0.011160105913020302
198704,(vii),OLS,b_GP,-0.014947805001192194
198705,(vii),OLS,b_GP,0.015100808552289497
198706,(vii),OLS,b_GP,-0.05969477270781175
198707,(vii),OLS,b_GP,0.04100996929955454
198708,(vii),OLS,b_GP,0.015579549040327495
198709,(vii),OLS,b_GP,-0.0002285884846988176
198710,(vii),OLS,b_GP,-0.011920977038251828
198711,(vii),OLS,b_GP,0.04962678767631254
198712,(vii),OLS,b_GP,-0.000893255249902622
198801,(vii),OLS,b_GP,0.023133727884049243
198802,(vii),OLS,b_GP,-0.0010725591335501612
198803,(vii),OLS,b_GP,-0.0026905416737296396
198804,(vii),OLS,b_GP,0.02501198377221759
198805,(vii),OLS,b_GP,0.029902113488399683
198806,(vii),OLS,b_GP,0.0027906062960765523
198807,(vii),OLS,b_GP,0.01712746206064847
198808,(vii),OLS,b_GP,0.02048821131938687
198809,(vii),OLS,b_GP,0.020426868973988488
198810,(vii),OLS,b_GP,0.0024375208495345455
198811,(vii),OLS,b_GP,0.0031136409468353887
198812,(vii),OLS,b_GP,0.007948185689333809
198901,(vii),OLS,b_GP,0.016860878280304286
198902,(vii),OLS,b_GP,-0.001601654730006747
198903,(vii),OLS,b_GP,-0.0037757047949692323
198904,(vii),OLS,b_GP,0.027379707305735294
198905,(vii),OLS,b_GP,0.00789161551350976
198906,(vii),OLS,b_GP,-0.0008488348646436029
198907,(vii),OLS,b_GP,-0.0171415328763598
198908,(vii),OLS,b_GP,0.0013249919366219408
198909,(vii),OLS,b_GP,-0.015005424975163426
198910,(vii),OLS,b_GP,-0.03779408840374596
198911,(vii),OLS,b_GP,0.0011443572291996388
198912,(vii),OLS,b_GP,-0.026030155367441667
199001,(vii),OLS,b_GP,-0.0037564565707265962
199002,(vii),OLS,b_GP,0.025117392538444826
199003,(vii),OLS,b_GP,0.021747591090814807
199004,(vii),OLS,b_GP,0.0024933463724140523
199005,(vii),OLS,b_GP,0.004915939858445387
199006,(vii),OLS,b_GP,-0.029449087299572546
199007,(vii),OLS,b_GP,-0.04219527215119054
199008,(vii),OLS,b_GP,-0.023850420458142015
199009,(vii),OLS,b_GP,0.014951024083081474
199010,(vii),OLS,b_GP,0.006924896997131107
199011,(vii),OLS,b_GP,0.012205593217330488
199012,(vii),OLS,b_GP,0.029898885478335392
199101,(vii),OLS,b_GP,-0.027071809603699398
199102,(vii),OLS,b_GP,0.056564087182379645
199103,(vii),OLS,b_GP,0.0464614919675067
199104,(vii),OLS,b_GP,0.030340469134308285
199105,(vii),OLS,b_GP,-0.0010521156598779086
199106,(vii),OLS,b_GP,-0.016354919376100147
199107,(vii),OLS,b_GP,0.06090243336841364
199108,(vii),OLS,b_GP,0.015717969326597497
199109,(vii),OLS,b_GP,-0.0056171391625858096
199110,(vii),OLS,b_GP,0.027710558327428657
199111,(vii),OLS,b_GP,-0.00630893504864842
199112,(vii),OLS,b_GP,0.06129054633205991
199201,(vii),OLS,b_GP,0.06625014463552753
199202,(vii),OLS,b_GP,0.03474053266392385
199203,(vii),OLS,b_GP,-0.02835514364501666
199204,(vii),OLS,b_GP,-0.014122802572480022
199205,(vii),OLS,b_GP,-0.009223393704628257
199206,(vii),OLS,b_GP,-0.012571741226145884
199207,(vii),OLS,b_GP,-0.0022748789621183027
199208,(vii),OLS,b_GP,-0.020506836168578565
199209,(vii),OLS,b_GP,0.02530208130247623
199210,(vii),OLS,b_GP,0.055281621073221626
199211,(vii),OLS,b_GP,0.03335371379037073
199212,(vii),OLS,b_GP,0.034808852610221534
199301,(vii),OLS,b_GP,0.0019733228533957495
199302,(vii),OLS,b_GP,0.001626209871571204
199303,(vii),OLS,b_GP,-0.03478781880811514
199304,(vii),OLS,b_GP,-0.00022319958479876528
199305,(vii),OLS,b_GP,0.011237845421604387
199306,(vii),OLS,b_GP,-0.002197372070347571
199307,(vii),OLS,b_GP,-0.05026111393815685
199308,(vii),OLS,b_GP,0.019100099847526954
199309,(vii),OLS,b_GP,0.014310669054148805
199310,(vii),OLS,b_GP,0.05849799807185727
199311,(vii),OLS,b_GP,0.0017593237726071746
199312,(vii),OLS,b_GP,0.00270374732785722
199401,(vii),OLS,b_GP,0.030489280022763854
199402,(vii),OLS,b_GP,0.0020847739509344317
199403,(vii),OLS,b_GP,0.012824751166854931
199404,(vii),OLS,b_GP,-0.027865221421450048
199405,(vii),OLS,b_GP,0.001423987786405615
199406,(vii),OLS,b_GP,-0.006155985339438849
199407,(vii),OLS,b_GP,0.022317153964638167
199408,(vii),OLS,b_GP,0.022317686275852573
199409,(vii),OLS,b_GP,0.02687444102916116
199410,(vii),OLS,b_GP,0.03279573069550975
199411,(vii),OLS,b_GP,0.018727387725473166
199412,(vii),OLS,b_GP,-0.018373095346791664
199501,(vii),OLS,b_GP,-0.0026152796222977514
199502,(vii),OLS,b_GP,-0.00988421900026309
199503,(vii),OLS,b_GP,0.031175038425386964
199504,(vii),OLS,b_GP,-0.04377228427147586
199505,(vii),OLS,b_GP,0.037770618507518394
199506,(vii),OLS,b_GP,0.04116843613082817
199507,(vii),OLS,b_GP,0.001527651474632987
199508,(vii),OLS,b_GP,-0.0017954178380632793
199509,(vii),OLS,b_GP,-0.018542936086238776
199510,(vii),OLS,b_GP,-0.023094351287035603
199511,(vii),OLS,b_GP,-0.07343216832448601
199512,(vii),OLS,b_GP,-0.034014994360109574
199601,(vii),OLS,b_GP,0.05084620559018215
199602,(vii),OLS,b_GP,0.01644599137934635
199603,(vii),OLS,b_GP,0.04713247608818176
199604,(vii),OLS,b_GP,0.05731361022863467
199605,(vii),OLS,b_GP,-0.020636426612004887
199606,(vii),OLS,b_GP,0.0064131324035793585
199607,(vii),OLS,b_GP,-0.04066778553867932
199608,(vii),OLS,b_GP,0.003698778561525367
199609,(vii),OLS,b_GP,-0.028364912315948294
199610,(vii),OLS,b_GP,-0.025675870937617723
199611,(vii),OLS,b_GP,-0.04042953581004132
199612,(vii),OLS,b_GP,0.009881366815270277
199701,(vii),OLS,b_GP,0.0010046538377517771
199702,(vii),OLS,b_GP,-0.01142934306777508
199703,(vii),OLS,b_GP,0.019787934748911287
199704,(vii),OLS,b_GP,-0.004110210573187117
199705,(vii),OLS,b_GP,0.016259301641956967
199706,(vii),OLS,b_GP,0.00016352692926892287
199707,(vii),OLS,b_GP,-0.0001849694626974916
199708,(vii),OLS,b_GP,-0.06195843309760724
199709,(vii),OLS,b_GP,0.00378200446353764
199710,(vii),OLS,b_GP,0.041786093177518406
199711,(vii),OLS,b_GP,-0.017604934832659822
199712,(vii),OLS,b_GP,0.02039501046516449
199801,(vii),OLS,b_GP,0.04284725155327179
199802,(vii),OLS,b_GP,0.018806153962672947
199803,(vii),OLS,b_GP,0.04184181727306977
199804,(vii),OLS,b_GP,0.02758386197852193
199805,(vii),OLS,b_GP,0.0726844382617214
199806,(vii),OLS,b_GP,0.015866027320893768
199807,(vii),OLS,b_GP,-0.022717859946653235
199808,(vii),OLS,b_GP,-0.03444519510607001
199809,(vii),OLS,b_GP,-0.07183098107914547
199810,(vii),OLS,b_GP,0.13672742171383295
199811,(vii),OLS,b_GP,0.052325136537567485
199812,(vii),OLS,b_GP,0.07931996244387464
199901,(vii),OLS,b_GP,0.02023559674797483
199902,(vii),OLS,b_GP,-0.05486426299779042
199903,(vii),OLS,b_GP,-0.006030081473760468
199904,(vii),OLS,b_GP,0.009366331391592668
199905,(vii),OLS,b_GP,0.020437471096078238
199906,(vii),OLS,b_GP,-0.0024979627205736
199907,(vii),OLS,b_GP,-0.0027190229960854188
199908,(vii),OLS,b_GP,0.007798187301155241
199909,(vii),OLS,b_GP,0.023606933622717822
199910,(vii),OLS,b_GP,0.003919416492350631
199911,(vii),OLS,b_GP,-0.05249250574225767
199912,(vii),OLS,b_GP,0.01037779205179816
200001,(vii),OLS,b_GP,0.03242951599354922
200002,(vii),OLS,b_GP,-0.03588903182278878
200003,(vii),OLS,b_GP,-0.041278662536166896
200004,(vii),OLS,b_GP,-0.02043496656986587
200005,(vii),OLS,b_GP,-0.03424891390358198
200006,(vii),OLS,b_GP,0.018949054947790263
200007,(vii),OLS,b_GP,0.0069244094272025054
200008,(vii),OLS,b_GP,-0.025315970907807246
200009,(vii),OLS,b_GP,-0.011008218158861549
200010,(vii),OLS,b_GP,-0.027144969688494072
200011,(vii),OLS,b_GP,-0.12803959983554947
200012,(vii),OLS,b_GP,0.19273090614106603
200101,(vii),OLS,b_GP,0.003765656501639323
200102,(vii),OLS,b_GP,-0.00702499980609796
200103,(vii),OLS,b_GP,0.0024230525820313443
200104,(vii),OLS,b_GP,0.0008589989833066372
200105,(vii),OLS,b_GP,0.026673340103089152
200106,(vii),OLS,b_GP,0.019893491348737996
200107,(vii),OLS,b_GP,-0.007050004011739407
200108,(vii),OLS,b_GP,0.021598290222767165
200109,(vii),OLS,b_GP,0.014779719622529768
200110,(vii),OLS,b_GP,0.07137639649631397
200111,(vii),OLS,b_GP,0.016723561172043305
200112,(vii),OLS,b_GP,0.10471681910357232
200201,(vii),OLS,b_GP,-0.009470587248077332
200202,(vii),OLS,b_GP,-0.012473226101641647
200203,(vii),OLS,b_GP,0.042416722887188965
200204,(vii),OLS,b_GP,0.02277071549453403
200205,(vii),OLS,b_GP,-2.585227234788018e-05
200206,(vii),OLS,b_GP,-0.010338278510953532
200207,(vii),OLS,b_GP,0.0492189597707321
200208,(vii),OLS,b_GP,0.0007138284663294817
200209,(vii),OLS,b_GP,0.009262476038845132
200210,(vii),OLS,b_GP,0.09173465752455777
200211,(vii),OLS,b_GP,-0.017933906704159404
200212,(vii),OLS,b_GP,0.029231605676539565
200301,(vii),OLS,b_GP,0.05302228058747348
200302,(vii),OLS,b_GP,0.04891442177843201
200303,(vii),OLS,b_GP,-0.006110467761355418
200304,(vii),OLS,b_GP,-0.06786989186196454
200305,(vii),OLS,b_GP,0.06703891472040685
200306,(vii),OLS,b_GP,0.10996638895712285
200307,(vii),OLS,b_GP,-0.005426064569268138
200308,(vii),OLS,b_GP,0.0345600310653444
200309,(vii),OLS,b_GP,0.09061447509312395
200310,(vii),OLS,b_GP,0.0224762058349811
200311,(vii),OLS,b_GP,-0.06595595951595906
200312,(vii),OLS,b_GP,0.06912816178642267
200401,(vii),OLS,b_GP,0.030725691306553185
200402,(vii),OLS,b_GP,0.012893212095325264
200403,(vii),OLS,b_GP,-0.004055914095216556
200404,(vii),OLS,b_GP,-0.021637642544078673
200405,(vii),OLS,b_GP,-0.024879738706590295
200406,(vii),OLS,b_GP,0.007073759162770541
200407,(vii),OLS,b_GP,-0.0316188024001709
200408,(vii),OLS,b_GP,-0.003392737727195984
200409,(vii),OLS,b_GP,0.01830160120992677
200410,(vii),OLS,b_GP,0.04491824914920093
200411,(vii),OLS,b_GP,0.016415807569151425
200412,(vii),OLS,b_GP,-0.005426170973911751
200501,(vii),OLS,b_GP,-0.02141136786185395
200502,(vii),OLS,b_GP,0.03355105079311596
200503,(vii),OLS,b_GP,-0.034126197526682646
200504,(vii),OLS,b_GP,0.014093473172625163
200505,(vii),OLS,b_GP,0.02118554398616314
200506,(vii),OLS,b_GP,0.010352846639694338
200507,(vii),OLS,b_GP,-0.03180178036168556
200508,(vii),OLS,b_GP,0.006174314358993731
200509,(vii),OLS,b_GP,-0.004698609050265239
200510,(vii),OLS,b_GP,0.0070310462786836395
200511,(vii),OLS,b_GP,0.04044139784303816
200512,(vii),OLS,b_GP,-0.02075478576122287
200601,(vii),OLS,b_GP,0.02607841520492367
200602,(vii),OLS,b_GP,0.04881053355069463
200603,(vii),OLS,b_GP,0.021869841802731157
200604,(vii),OLS,b_GP,-0.01938522103894423
200605,(vii),OLS,b_GP,0.0064149629385111305
200606,(vii),OLS,b_GP,0.011692457389145348
200607,(vii),OLS,b_GP,-0.017231577950177282
200608,(vii),OLS,b_GP,0.07465334131863238
200609,(vii),OLS,b_GP,-0.009290709878699201
200610,(vii),OLS,b_GP,-0.02835352496682702
200611,(vii),OLS,b_GP,0.055647694937123
200612,(vii),OLS,b_GP,0.0384199070067001
200701,(vii),OLS,b_GP,0.03696879636522861
200702,(vii),OLS,b_GP,0.005160017251745579
200703,(vii),OLS,b_GP,-0.04211073092614373
200704,(vii),OLS,b_GP,0.0026780609197681795
200705,(vii),OLS,b_GP,0.016150695580336535
200706,(vii),OLS,b_GP,0.007625333925256953
200707,(vii),OLS,b_GP,-0.009877077549774075
200708,(vii),OLS,b_GP,-0.004672291957436689
200709,(vii),OLS,b_GP,-0.06077229057751919
200710,(vii),OLS,b_GP,-0.01168862530025221
200711,(vii),OLS,b_GP,-0.0419423448869177
200712,(vii),OLS,b_GP,-0.02443556011403694
200801,(vii),OLS,b_GP,-0.06188652776261945
200802,(vii),OLS,b_GP,-0.010714766036038192
200803,(vii),OLS,b_GP,-0.016241175862368368
200804,(vii),OLS,b_GP,-0.0006919645868174243
200805,(vii),OLS,b_GP,0.009925108310738898
200806,(vii),OLS,b_GP,-0.011544993721950381
200807,(vii),OLS,b_GP,0.07301761264398467
200808,(vii),OLS,b_GP,0.02879748674015966
200809,(vii),OLS,b_GP,-0.02076341668593279
200810,(vii),OLS,b_GP,-0.09419093620960323
200811,(vii),OLS,b_GP,-0.10842009725839999
200812,(vii),OLS,b_GP,0.02840262863843975
200901,(vii),OLS,b_GP,0.03017844654176792
200902,(vii),OLS,b_GP,0.032225771853628696
200903,(vii),OLS,b_GP,0.02715014467005892
200904,(vii),OLS,b_GP,-0.02768039481460556
200905,(vii),OLS,b_GP,0.05122294582761511
200906,(vii),OLS,b_GP,-0.013037331360966384
200907,(vii),OLS,b_GP,0.11926615408343458
200908,(vii),OLS,b_GP,0.009063032529827104
200909,(vii),OLS,b_GP,0.03474377582506437
200910,(vii),OLS,b_GP,-0.07773823606573113
200911,(vii),OLS,b_GP,0.0015313048265202384
200912,(vii),OLS,b_GP,0.019473951935453516
201001,(vii),OLS,b_GP,0.015380421802614046
201002,(vii),OLS,b_GP,0.08328669593016017
201003,(vii),OLS,b_GP,0.04101235109213943
201004,(vii),OLS,b_GP,-0.004669100230040982
201005,(vii),OLS,b_GP,-0.017974886068339677
201006,(vii),OLS,b_GP,-0.046736851683653824
201007,(vii),OLS,b_GP,-0.0029047956380367744
201008,(vii),OLS,b_GP,0.07473972292529747
201009,(vii),OLS,b_GP,0.00761425828607044
201010,(vii),OLS,b_GP,-0.0067801831453114265
201011,(vii),OLS,b_GP,-0.03615068245078051
201012,(vii),OLS,b_GP,0.010952877547241877
201101,(vii),OLS,b_GP,0.00020174115691876798
201102,(vii),OLS,b_GP,0.012317707767026159
201103,(vii),OLS,b_GP,0.006917686488999066
201104,(vii),OLS,b_GP,0.018120483265027
201105,(vii),OLS,b_GP,0.006567741337880503
201106,(vii),OLS,b_GP,0.0024050914417327596
201107,(vii),OLS,b_GP,-0.05038824738825445
201108,(vii),OLS,b_GP,0.021547828804537143
201109,(vii),OLS,b_GP,-0.02940830670913607
201110,(vii),OLS,b_GP,-0.037258502838895105
201111,(vii),OLS,b_GP,0.03210135618043558
201112,(vii),OLS,b_GP,-0.03526318848766505
201201,(vii),OLS,b_GP,0.0025364996501170585
201202,(vii),OLS,b_GP,0.05453256424557404
201203,(vii),OLS,b_GP,-0.007088843117712963
201204,(vii),OLS,b_GP,0.004005786962457257
201205,(vii),OLS,b_GP,-0.038111557360566345
201206,(vii),OLS,b_GP,-0.03420310270554393
201207,(vii),OLS,b_GP,0.04676734050244955
201208,(vii),OLS,b_GP,0.0008198939007405381
201209,(vii),OLS,b_GP,0.00814364563202134
201210,(vii),OLS,b_GP,-0.0035464256952397145
201211,(vii),OLS,b_GP,0.013668428936720406
201212,(vii),OLS,b_GP,-0.0188257496917592
201301,(vii),OLS,b_GP,-0.0014205864303174429
201302,(vii),OLS,b_GP,0.007926600017833171
201303,(vii),OLS,b_GP,0.027133812568423222
201304,(vii),OLS,b_GP,0.034384903480356444
201305,(vii),OLS,b_GP,0.03246193223301879
201306,(vii),OLS,b_GP,0.0019028807362510211
201307,(vii),OLS,b_GP,-0.017465493393665647
201308,(vii),OLS,b_GP,-0.015441200404346074
201309,(vii),OLS,b_GP,0.05558980999406372
201310,(vii),OLS,b_GP,-0.009243313343950475
201311,(vii),OLS,b_GP,-0.0018036818108611158
201312,(vii),OLS,b_GP,0.020532129071849974
201401,(vii),OLS,b_GP,-0.04606921432291144
201402,(vii),OLS,b_GP,0.018871174240808017
201403,(vii),OLS,b_GP,-0.003802517799399885
201404,(vii),OLS,b_GP,-0.00042330224790174467
201405,(vii),OLS,b_GP,-0.03609921210314137
201406,(vii),OLS,b_GP,0.05030880407041445
201407,(vii),OLS,b_GP,0.01910649759622704
201408,(vii),OLS,b_GP,0.018990328174715757
201409,(vii),OLS,b_GP,-0.011434007861833198
201410,(vii),OLS,b_GP,-0.006391793075488823
201411,(vii),OLS,b_GP,0.045261985124046174
201412,(vii),OLS,b_GP,-0.03488333843976492
201501,(vii),OLS,b_GP,-0.08969711757637447
201502,(vii),OLS,b_GP,-0.03912761716206031
201503,(vii),OLS,b_GP,0.00597722881034108
201504,(vii),OLS,b_GP,-0.032572513103231775
201505,(vii),OLS,b_GP,-0.005008201895574008
201506,(vii),OLS,b_GP,-0.030054897361991642
201507,(vii),OLS,b_GP,0.08212037785690121
201508,(vii),OLS,b_GP,0.027207950555563284
201509,(vii),OLS,b_GP,-0.02993067048361954
201510,(vii),OLS,b_GP,-0.05796009759541898
201511,(vii),OLS,b_GP,0.0005601877236183217
201512,(vii),OLS,b_GP,0.027567870400749844
201601,(vii),OLS,b_GP,-0.02548738703445579
201602,(vii),OLS,b_GP,0.06749185254327139
201603,(vii),OLS,b_GP,-0.00513152752652174
201604,(vii),OLS,b_GP,0.005407265603038303
201605,(vii),OLS,b_GP,0.06940597938232199
201606,(vii),OLS,b_GP,0.06633864346927075
201607,(vii),OLS,b_GP,0.015880223207332157
201608,(vii),OLS,b_GP,-0.051079439320790745
201609,(vii),OLS,b_GP,-0.010392999340604066
201610,(vii),OLS,b_GP,-0.05099070871876277
201611,(vii),OLS,b_GP,0.0060611543465765045
201612,(vii),OLS,b_GP,0.000812368727985284
201701,(vii),OLS,b_GP,0.02488115053662624
201702,(vii),OLS,b_GP,0.00876050744402238
201703,(vii),OLS,b_GP,0.010147339757104124
201704,(vii),OLS,b_GP,-0.007213695296353337
201705,(vii),OLS,b_GP,-0.0771570450994109
201706,(vii),OLS,b_GP,-0.019847624794398812
201707,(vii),OLS,b_GP,-0.00044185499831932845
201708,(vii),OLS,b_GP,-0.005531033003211103
201709,(vii),OLS,b_GP,0.004462235345715119
201710,(vii),OLS,b_GP,0.04974538656546341
201711,(vii),OLS,b_GP,0.004757349360541615
201712,(vii),OLS,b_GP,-0.018433327725026094
201801,(vii),OLS,b_GP,0.056486881208304945
201802,(vii),OLS,b_GP,0.035511116666698234
201803,(vii),OLS,b_GP,0.00856169877858582
201804,(vii),OLS,b_GP,0.01056625120806164
201805,(vii),OLS,b_GP,0.053681380431252576
201806,(vii),OLS,b_GP,-0.004865024448644891
201807,(vii),OLS,b_GP,0.06813842627004059
201808,(vii),OLS,b_GP,-0.023660449718228296
201809,(vii),OLS,b_GP,-0.004697079468980216
201810,(vii),OLS,b_GP,-0.05583649690964081
201811,(vii),OLS,b_GP,-0.01646498917709538
201812,(vii),OLS,b_GP,0.07425299366293166
201901,(vii),OLS,b_GP,0.041342766425626495
201902,(vii),OLS,b_GP,-0.04237569191816577
201903,(vii),OLS,b_GP,-0.0394128864785303
201904,(vii),OLS,b_GP,-0.08777462589131198
201905,(vii),OLS,b_GP,-0.03833716563667586
201906,(vii),OLS,b_GP,-0.0251983267435134
201907,(vii),OLS,b_GP,-0.012627795449074157
201908,(vii),OLS,b_GP,0.04461305090260401
201909,(vii),OLS,b_GP,-0.0493416596235831
201910,(vii),OLS,b_GP,-0.05166629678741215
201911,(vii),OLS,b_GP,-0.0008114754721660275
201912,(vii),OLS,b_GP,0.007178656291432189
202001,(vii),OLS,b_GP,-0.013886651800311347
202002,(vii),OLS,b_GP,-0.08806768649788312
202003,(vii),OLS,b_GP,0.1256490156287689
202004,(vii),OLS,b_GP,0.10595644968195787
202005,(vii),OLS,b_GP,0.1738854215809933
202006,(vii),OLS,b_GP,0.11790442952680079
202007,(vii),OLS,b_GP,0.028689234968183673
202008,(vii),OLS,b_GP,-0.02388756323718322
202009,(vii),OLS,b_GP,0.02543756032121996
202010,(vii),OLS,b_GP,0.08553463589115255
202011,(vii),OLS,b_GP,0.027522521927488556
202012,(vii),OLS,b_GP,0.16373048401945128
202101,(vii),OLS,b_GP,0.00845664455279116
202102,(vii),OLS,b_GP,-0.039050012185380276
202103,(vii),OLS,b_GP,-0.016732896510985786
202104,(vii),OLS,b_GP,0.025594905424494215
202105,(vii),OLS,b_GP,0.12174815370958794
202106,(vii),OLS,b_GP,0.05515698937681159
202107,(vii),OLS,b_GP,-0.023370598732787774
202108,(vii),OLS,b_GP,0.004250681020105132
202109,(vii),OLS,b_GP,-0.025843716727871495
202110,(vii),OLS,b_GP,0.005871921570269889
202111,(vii),OLS,b_GP,-0.010525138737946915
202112,(vii),OLS,b_GP,-0.010270696533041655
202201,(vii),OLS,b_GP,-0.033691831594977004
202202,(vii),OLS,b_GP,-0.008902988860440345
202203,(vii),OLS,b_GP,-0.02381559697363512
202204,(vii),OLS,b_GP,-0.026353229522715377
202205,(vii),OLS,b_GP,-0.06669687949367721
202206,(vii),OLS,b_GP,0.019514283392512707
202207,(vii),OLS,b_GP,-0.0046225423103292
202208,(vii),OLS,b_GP,-0.057384068199028485
202209,(vii),OLS,b_GP,-0.0472941184675347
202210,(vii),OLS,b_GP,-0.03877785109414148
202211,(vii),OLS,b_GP,-0.04418414699978908
202212,(vii),OLS,b_GP,0.06169619379660912
202301,(vii),OLS,b_GP,-0.008958835339099566
202302,(vii),OLS,b_GP,-0.03624898410074015
202303,(vii),OLS,b_GP,-0.03091523245174602
202304,(vii),OLS,b_GP,-0.016782231566807505
202305,(vii),OLS,b_GP,-0.007109814798193625
202306,(vii),OLS,b_GP,0.05565887567180222
202307,(vii),OLS,b_GP,-0.040708323093308976
202308,(vii),OLS,b_GP,-0.02728215647991729
202309,(vii),OLS,b_GP,-0.058519106542487515
202310,(vii),OLS,b_GP,0.13251614034488177
202311,(vii),OLS,b_GP,0.06929646934700667
202312,(vii),OLS,b_GP,-0.03737151809948228
202401,(vii),OLS,b_GP,-0.05732717384195067
202402,(vii),OLS,b_GP,-0.008640058488625684
202403,(vii),OLS,b_GP,-0.023737077775232433
202404,(vii),OLS,b_GP,0.1587328985470973
202405,(vii),OLS,b_GP,0.0549325607992387
202406,(vii),OLS,b_GP,-0.025610624126253076
202407,(vii),OLS,b_GP,-0.04379052166778526
202408,(vii),OLS,b_GP,-0.028993656430058145
202409,(vii),OLS,b_GP,0.0012462410748738488
202410,(vii),OLS,b_GP,0.03993361932680663
202411,(vii),OLS,b_GP,0.13329887076552013
197307,(vii),WLS,a,0.03789261623698819
197308,(vii),WLS,a,0.10985936462484254
197309,(vii),WLS,a,-0.07479990197439067
197310,(vii),WLS,a,-0.427638734744681
197311,(vii),WLS,a,0.07174217867934805
197312,(vii),WLS,a,0.07234443126380669
197401,(vii),WLS,a,-0.06328486346718862
197402,(vii),WLS,a,0.06327971116195437
197403,(vii),WLS,a,0.028996605320694396
197404,(vii),WLS,a,-0.011760039595919631
197405,(vii),WLS,a,-0.11717292988836692
197406,(vii),WLS,a,0.09671917275055898
197407,(vii),WLS,a,-0.231894940138119
197408,(vii),WLS,a,-0.16991246864730034
197409,(vii),WLS,a,-0.00847852898078131
197410,(vii),WLS,a,-0.09488465429483353
197411,(vii),WLS,a,-0.047510149487761555
197412,(vii),WLS,a,0.31832677136489995
197501,(vii),WLS,a,-0.060790100031678763
197502,(vii),WLS,a,0.31238542459701746
197503,(vii),WLS,a,0.3314809019025145
197504,(vii),WLS,a,-0.04875659849341251
197505,(vii),WLS,a,0.21995045113067518
197506,(vii),WLS,a,0.10212300262079851
197507,(vii),WLS,a,0.12138781691443008
197508,(vii),WLS,a,-0.008500573398487034
197509,(vii),WLS,a,0.028113140398570942
197510,(vii),WLS,a,-0.0411268067871541
197511,(vii),WLS,a,0.030749735548894656
197512,(vii),WLS,a,0.2569071048837971
197601,(vii),WLS,a,0.02707027125016259
197602,(vii),WLS,a,-0.0022970069375191377
197603,(vii),WLS,a,0.03802231711122765
197604,(vii),WLS,a,-0.06670864657177428
197605,(vii),WLS,a,0.0005921429717747288
197606,(vii),WLS,a,-0.11406751138232349
197607,(vii),WLS,a,-0.18562080694049152
197608,(vii),WLS,a,0.09414783342590342
197609,(vii),WLS,a,-0.0690562014102456
197610,(vii),WLS,a,-0.07117194091178569
197611,(vii),WLS,a,0.23466370060205027
197612,(vii),WLS,a,0.04501204556437401
197701,(vii),WLS,a,-0.09410821321254609
197702,(vii),WLS,a,-0.038155377165713295
197703,(vii),WLS,a,0.12830646045989455
197704,(vii),WLS,a,-0.06437682647309836
197705,(vii),WLS,a,0.04203026269436287
197706,(vii),WLS,a,-0.07654820769751244
197707,(vii),WLS,a,-0.1107818324993896
197708,(vii),WLS,a,-7.168725323231369e-05
197709,(vii),WLS,a,-0.004353669210081048
197710,(vii),WLS,a,0.02459993560621964
197711,(vii),WLS,a,-0.00955413834758839
197712,(vii),WLS,a,-0.1105103759521597
197801,(vii),WLS,a,-0.055859735316532905
197802,(vii),WLS,a,0.07012844748063089
197803,(vii),WLS,a,0.13567976990987574
197804,(vii),WLS,a,0.018813667109076077
197805,(vii),WLS,a,-0.07587698794450522
197806,(vii),WLS,a,0.09660189890204268
197807,(vii),WLS,a,0.0487529438583657
197808,(vii),WLS,a,-0.038150133904039714
197809,(vii),WLS,a,-0.17285869554081082
197810,(vii),WLS,a,0.007020771614101065
197811,(vii),WLS,a,0.0019948040177121982
197812,(vii),WLS,a,0.06218133279976961
197901,(vii),WLS,a,-0.12493933765529365
197902,(vii),WLS,a,0.1228191939120441
197903,(vii),WLS,a,0.05248782880703165
197904,(vii),WLS,a,-0.09127126342277084
197905,(vii),WLS,a,0.09289123073256572
197906,(vii),WLS,a,0.09581175514950749
197907,(vii),WLS,a,0.004857447503562999
197908,(vii),WLS,a,0.05924207387137105
197909,(vii),WLS,a,-0.058070998767186195
197910,(vii),WLS,a,-0.1255351811692969
197911,(vii),WLS,a,-0.020208538781153508
197912,(vii),WLS,a,0.21700518426871923
198001,(vii),WLS,a,0.10132189022148261
198002,(vii),WLS,a,-0.053687258296419724
198003,(vii),WLS,a,-0.06698609299776256
198004,(vii),WLS,a,-0.038773279728438526
198005,(vii),WLS,a,-0.005292554112874352
198006,(vii),WLS,a,0.004164310127281527
198007,(vii),WLS,a,0.015511763800049327
198008,(vii),WLS,a,-0.04031804904831577
198009,(vii),WLS,a,0.03803657320314987
198010,(vii),WLS,a,0.24613617508294264
198011,(vii),WLS,a,-0.03193399349185502
198012,(vii),WLS,a,-0.1033677457601954
198101,(vii),WLS,a,0.05628444812300483
198102,(vii),WLS,a,-0.17117950760104322
198103,(vii),WLS,a,-0.09919714095828178
198104,(vii),WLS,a,-0.13245038212887575
198105,(vii),WLS,a,0.05251104079224296
198106,(vii),WLS,a,0.15951507118714398
198107,(vii),WLS,a,0.07410774707010225
198108,(vii),WLS,a,-0.10479635732408575
198109,(vii),WLS,a,0.0432866814153645
198110,(vii),WLS,a,-0.050192283162671714
198111,(vii),WLS,a,-0.07170069172302451
198112,(vii),WLS,a,-0.0441575265323544
198201,(vii),WLS,a,-0.11598630065359965
198202,(vii),WLS,a,-0.0063647956290990865
198203,(vii),WLS,a,-0.09587302121915224
198204,(vii),WLS,a,0.27503284280256635
198205,(vii),WLS,a,-0.06675837247460178
198206,(vii),WLS,a,0.04390827133632015
198207,(vii),WLS,a,-0.0033987132008632508
198208,(vii),WLS,a,0.0023205004157110915
198209,(vii),WLS,a,-0.06023673751973205
198210,(vii),WLS,a,-0.05027847785784893
198211,(vii),WLS,a,0.13842768967017374
198212,(vii),WLS,a,-0.01948640620648324
198301,(vii),WLS,a,0.07229489396829497
198302,(vii),WLS,a,-0.03449045954799111
198303,(vii),WLS,a,0.024334486994296245
198304,(vii),WLS,a,-0.20433267156406326
198305,(vii),WLS,a,0.07125723517585919
198306,(vii),WLS,a,-0.0525638470832865
198307,(vii),WLS,a,-0.021037804051074204
198308,(vii),WLS,a,0.0001223802051709356
198309,(vii),WLS,a,0.0048613091740388106
198310,(vii),WLS,a,-0.06470093956702619
198311,(vii),WLS,a,0.0888269236464909
198312,(vii),WLS,a,0.04192916272312915
198401,(vii),WLS,a,0.06353538081354454
198402,(vii),WLS,a,-0.09362653020448168
198403,(vii),WLS,a,0.05901929607402469
198404,(vii),WLS,a,0.03004636006061424
198405,(vii),WLS,a,0.009710232021269414
198406,(vii),WLS,a,-0.05569497376526357
198407,(vii),WLS,a,0.06039429550237688
198408,(vii),WLS,a,-0.0060242864366961725
198409,(vii),WLS,a,0.06071895353779522
198410,(vii),WLS,a,-0.01705163494016168
198411,(vii),WLS,a,0.026214707708079103
198412,(vii),WLS,a,0.08337982389651215
198501,(vii),WLS,a,0.025006110922508155
198502,(vii),WLS,a,-0.06717227896507548
198503,(vii),WLS,a,0.010527862654272923
198504,(vii),WLS,a,-0.007246505387229982
198505,(vii),WLS,a,0.0007132261949261071
198506,(vii),WLS,a,-0.039542271366441735
198507,(vii),WLS,a,-0.01053244923946974
198508,(vii),WLS,a,-0.039634812522139226
198509,(vii),WLS,a,0.01978806469942856
198510,(vii),WLS,a,0.07507405790395674
198511,(vii),WLS,a,0.05338554525190675
198512,(vii),WLS,a,-0.0819722757188568
198601,(vii),WLS,a,0.17788405318583472
198602,(vii),WLS,a,0.05980116082323917
198603,(vii),WLS,a,-0.0337805561122579
198604,(vii),WLS,a,-0.021904387552848514
198605,(vii),WLS,a,0.010363809571818977
198606,(vii),WLS,a,-0.07499993923988851
198607,(vii),WLS,a,0.13185718409934713
198608,(vii),WLS,a,-0.10820713093391848
198609,(vii),WLS,a,0.024614049078999934
198610,(vii),WLS,a,0.029415374674115362
198611,(vii),WLS,a,0.03566403275038418
198612,(vii),WLS,a,0.0693200894953466
198701,(vii),WLS,a,-0.011772091398559083
198702,(vii),WLS,a,0.0414309395543115
198703,(vii),WLS,a,-0.08057274885942856
198704,(vii),WLS,a,-0.021554958218116496
198705,(vii),WLS,a,0.04036115651906399
198706,(vii),WLS,a,0.06718194123117695
198707,(vii),WLS,a,0.0522419257415935
198708,(vii),WLS,a,-0.018380411587109867
198709,(vii),WLS,a,-0.20501940836040755
198710,(vii),WLS,a,-0.08681268050856762
198711,(vii),WLS,a,0.13422502487074006
198712,(vii),WLS,a,0.019462433154604476
198801,(vii),WLS,a,-0.00905272258623174
198802,(vii),WLS,a,-0.025482354054163405
198803,(vii),WLS,a,0.005130389673837305
198804,(vii),WLS,a,0.054705109814960955
198805,(vii),WLS,a,0.03234847988365634
198806,(vii),WLS,a,-0.03295258642354259
198807,(vii),WLS,a,-0.11417275075245568
198808,(vii),WLS,a,0.024764955868165184
198809,(vii),WLS,a,-0.0006701646905203189
198810,(vii),WLS,a,-0.02172304023477841
198811,(vii),WLS,a,-0.03920856795897651
198812,(vii),WLS,a,0.07035582648338469
198901,(vii),WLS,a,-0.09812044390838039
198902,(vii),WLS,a,-0.06180165085014593
198903,(vii),WLS,a,0.05322441170637843
198904,(vii),WLS,a,0.02782519361366154
198905,(vii),WLS,a,-0.03669909186378229
198906,(vii),WLS,a,0.08571985841176004
198907,(vii),WLS,a,0.09843370275546601
198908,(vii),WLS,a,0.016233149010062457
198909,(vii),WLS,a,-0.057392494068055376
198910,(vii),WLS,a,0.029126435579283325
198911,(vii),WLS,a,0.03651178220976508
198912,(vii),WLS,a,-0.0666701606897774
199001,(vii),WLS,a,-0.0030819855573884065
199002,(vii),WLS,a,0.009382375917733582
199003,(vii),WLS,a,-0.031776152081282566
199004,(vii),WLS,a,0.11478069925777802
199005,(vii),WLS,a,0.011972724525715834
199006,(vii),WLS,a,0.07379269463347211
199007,(vii),WLS,a,-0.10526656290301997
199008,(vii),WLS,a,0.026858262413693903
199009,(vii),WLS,a,-0.11780735356982287
199010,(vii),WLS,a,0.019793048557250097
199011,(vii),WLS,a,0.12848003721995094
199012,(vii),WLS,a,0.020368914460087387
199101,(vii),WLS,a,0.015551342211251233
199102,(vii),WLS,a,-0.09299645338844625
199103,(vii),WLS,a,-0.014682256507919371
199104,(vii),WLS,a,-0.03012133226405045
199105,(vii),WLS,a,-0.026143898583305413
199106,(vii),WLS,a,0.02177393238778904
199107,(vii),WLS,a,-0.008660993370506073
199108,(vii),WLS,a,0.04662932756075948
199109,(vii),WLS,a,0.037005984407769726
199110,(vii),WLS,a,-0.08282854962094512
199111,(vii),WLS,a,0.06246444250619176
199112,(vii),WLS,a,-0.013976070321559442
199201,(vii),WLS,a,-0.08831326167888694
199202,(vii),WLS,a,-0.06607508317550705
199203,(vii),WLS,a,0.08718537890469982
199204,(vii),WLS,a,0.00022271148788148578
199205,(vii),WLS,a,-0.06672694553151497
199206,(vii),WLS,a,0.046220744587301736
199207,(vii),WLS,a,0.06855595492126813
199208,(vii),WLS,a,0.10087202709540137
199209,(vii),WLS,a,0.02341514147591546
199210,(vii),WLS,a,-0.02073768327859487
199211,(vii),WLS,a,0.09122493133847878
199212,(vii),WLS,a,-0.12393316299635479
199301,(vii),WLS,a,-0.033320452638883724
199302,(vii),WLS,a,0.035645557432969426
199303,(vii),WLS,a,0.010321441332063905
199304,(vii),WLS,a,-0.013894074857741412
199305,(vii),WLS,a,-0.07712493867862336
199306,(vii),WLS,a,0.02311942115223675
199307,(vii),WLS,a,0.05132878551963656
199308,(vii),WLS,a,-0.013481667717016824
199309,(vii),WLS,a,-0.0887242159648518
199310,(vii),WLS,a,-0.037386229819836844
199311,(vii),WLS,a,0.08873618706509866
199312,(vii),WLS,a,0.08097013981111494
199401,(vii),WLS,a,-0.0438533619448196
199402,(vii),WLS,a,-0.021713702025142
199403,(vii),WLS,a,0.05004872860189099
199404,(vii),WLS,a,0.05307818231554804
199405,(vii),WLS,a,-0.06635821594068711
199406,(vii),WLS,a,-0.00413095239053091
199407,(vii),WLS,a,0.008547013674017988
199408,(vii),WLS,a,-0.06018489551307946
199409,(vii),WLS,a,0.0511574613190151
199410,(vii),WLS,a,0.01099927155937266
199411,(vii),WLS,a,0.052565800583731746
199412,(vii),WLS,a,0.06999095040228942
199501,(vii),WLS,a,0.06068740338767589
199502,(vii),WLS,a,0.05493733054560456
199503,(vii),WLS,a,0.10280415391702287
199504,(vii),WLS,a,0.05001294212145011
199505,(vii),WLS,a,-0.025747419120285865
199506,(vii),WLS,a,0.10893636332013579
199507,(vii),WLS,a,-0.050611715118549165
199508,(vii),WLS,a,0.018147486277758938
199509,(vii),WLS,a,0.08881686406769508
199510,(vii),WLS,a,-0.03170786529066633
199511,(vii),WLS,a,0.13704823989276327
199512,(vii),WLS,a,0.01956213296137091
199601,(vii),WLS,a,-0.045652688872642816
199602,(vii),WLS,a,-0.04018283118426938
199603,(vii),WLS,a,-0.04109097293889637
199604,(vii),WLS,a,0.010875206702393087
199605,(vii),WLS,a,0.07655305218709701
199606,(vii),WLS,a,-0.05370393578023961
199607,(vii),WLS,a,-0.04250896124279663
199608,(vii),WLS,a,0.0694361064043446
199609,(vii),WLS,a,0.07881521025491295
199610,(vii),WLS,a,0.08551368257217405
199611,(vii),WLS,a,0.026705759276784015
199612,(vii),WLS,a,0.11748561875548717
199701,(vii),WLS,a,0.01141138372743236
199702,(vii),WLS,a,0.04762746547941033
199703,(vii),WLS,a,-0.07860632583017214
199704,(vii),WLS,a,-0.06669375499999755
199705,(vii),WLS,a,0.04743933108761693
199706,(vii),WLS,a,0.17883270281745922
199707,(vii),WLS,a,0.10215063411483752
199708,(vii),WLS,a,-0.0026804723663258583
199709,(vii),WLS,a,-0.15902290938167377
199710,(vii),WLS,a,-0.010909255458236516
199711,(vii),WLS,a,-0.04318095068241149
199712,(vii),WLS,a,-0.12773465982933752
199801,(vii),WLS,a,-0.030398755118882795
199802,(vii),WLS,a,-0.09890513624659815
199803,(vii),WLS,a,-0.031109735481525017
199804,(vii),WLS,a,-0.1499792690599774
199805,(vii),WLS,a,-0.2207892571190165
199806,(vii),WLS,a,-0.020038998623016804
199807,(vii),WLS,a,0.014159134566120137
199808,(vii),WLS,a,0.14345641690872948
199809,(vii),WLS,a,0.13646001130744498
199810,(vii),WLS,a,0.10666771409595323
199811,(vii),WLS,a,0.021580555336617256
199812,(vii),WLS,a,-0.09791033901305622
199901,(vii),WLS,a,0.0019414375777724831
199902,(vii),WLS,a,0.0028411768005165393
199903,(vii),WLS,a,0.21721513240715976
199904,(vii),WLS,a,0.06927690804635608
199905,(vii),WLS,a,0.13065286066056678
199906,(vii),WLS,a,0.11252069630470211
199907,(vii),WLS,a,-0.261443188973225
199908,(vii),WLS,a,0.06871210118495932
199909,(vii),WLS,a,-0.010486949928228125
199910,(vii),WLS,a,0.02626877305829457
199911,(vii),WLS,a,-0.018960320649867694
199912,(vii),WLS,a,0.09192238026778826
200001,(vii),WLS,a,0.016513916250297068
200002,(vii),WLS,a,-0.08309697472089858
200003,(vii),WLS,a,0.043038616592322054
200004,(vii),WLS,a,0.08623066304224818
200005,(vii),WLS,a,-0.0856355734876791
200006,(vii),WLS,a,-0.07161564431771372
200007,(vii),WLS,a,-0.0033030950155446053
200008,(vii),WLS,a,0.151134761468668
200009,(vii),WLS,a,0.26385760527375585
200010,(vii),WLS,a,0.11925722064328523
200011,(vii),WLS,a,0.2671633821364485
200012,(vii),WLS,a,-0.10897805943677552
200101,(vii),WLS,a,0.4246406117190552
200102,(vii),WLS,a,0.05913899554529518
200103,(vii),WLS,a,0.022459965381120744
200104,(vii),WLS,a,0.18325741717725516
200105,(vii),WLS,a,-0.0785031016273926
200106,(vii),WLS,a,0.0003285109587543071
200107,(vii),WLS,a,0.13823935304971938
200108,(vii),WLS,a,-0.23677569259257353
200109,(vii),WLS,a,0.2074830635579909
200110,(vii),WLS,a,-0.03382926834331379
200111,(vii),WLS,a,0.19725906212935806
200112,(vii),WLS,a,-0.018057135849132096
200201,(vii),WLS,a,-0.010308260016928153
200202,(vii),WLS,a,0.20229333368369778
200203,(vii),WLS,a,0.03194460242911419
200204,(vii),WLS,a,0.08423330180558015
200205,(vii),WLS,a,-0.11561065064788446
200206,(vii),WLS,a,-0.13148423535046067
200207,(vii),WLS,a,-0.18073814951279563
200208,(vii),WLS,a,-0.12740026952338024
200209,(vii),WLS,a,0.15487331083278702
200210,(vii),WLS,a,-0.03761475690147054
200211,(vii),WLS,a,0.044425441711914995
200212,(vii),WLS,a,-0.1623969460972546
200301,(vii),WLS,a,-0.05903442040991981
200302,(vii),WLS,a,-0.011327921670931596
200303,(vii),WLS,a,0.047326713954195895
200304,(vii),WLS,a,0.19739732041618938
200305,(vii),WLS,a,-0.06322324503207036
200306,(vii),WLS,a,-0.09498655194506699
200307,(vii),WLS,a,0.10213873897372341
200308,(vii),WLS,a,-0.08983251346897142
200309,(vii),WLS,a,0.07270134626763748
200310,(vii),WLS,a,0.04559546296185791
200311,(vii),WLS,a,0.028187545359492236
200312,(vii),WLS,a,-0.027952143068062252
200401,(vii),WLS,a,0.07650954589150578
200402,(vii),WLS,a,-0.02435618438030957
200403,(vii),WLS,a,-0.027562005575247756
200404,(vii),WLS,a,-0.046479151966831424
200405,(vii),WLS,a,0.054729807359556085
200406,(vii),WLS,a,-0.1886596830896955
200407,(vii),WLS,a,0.07541143962331616
200408,(vii),WLS,a,0.07918996575519642
200409,(vii),WLS,a,0.0005640532683278029
200410,(vii),WLS,a,0.03763266384787347
200411,(vii),WLS,a,-0.014339219512351856
200412,(vii),WLS,a,0.08612633572163428
200501,(vii),WLS,a,0.24859295836250192
200502,(vii),WLS,a,-0.032171409859911744
200503,(vii),WLS,a,0.013323020526345592
200504,(vii),WLS,a,-0.12870329852434317
200505,(vii),WLS,a,0.02557223031684704
200506,(vii),WLS,a,0.0393550095784083
200507,(vii),WLS,a,0.04128952810326059
200508,(vii),WLS,a,0.12099462282971375
200509,(vii),WLS,a,-0.056703327806366895
200510,(vii),WLS,a,0.040736432690322615
200511,(vii),WLS,a,0.008779374966272723
200512,(vii),WLS,a,-0.018120731164590818
200601,(vii),WLS,a,-0.030354651789376227
200602,(vii),WLS,a,0.026140962336159174
200603,(vii),WLS,a,0.053576068826091616
200604,(vii),WLS,a,0.05959087848799448
200605,(vii),WLS,a,-0.022080981659010384
200606,(vii),WLS,a,0.0392742945809068
200607,(vii),WLS,a,-0.095963004012578
200608,(vii),WLS,a,-0.120193407488346
200609,(vii),WLS,a,0.002571808183299571
200610,(vii),WLS,a,0.11152296175718242
200611,(vii),WLS,a,-0.013350614941130365
200612,(vii),WLS,a,-0.078379707024276
200701,(vii),WLS,a,-0.0012089288000675844
200702,(vii),WLS,a,0.06792196360760316
200703,(vii),WLS,a,0.048641622776335894
200704,(vii),WLS,a,0.04143197276444896
200705,(vii),WLS,a,0.00013813346881083648
200706,(vii),WLS,a,0.03105529649172873
200707,(vii),WLS,a,0.015260656514140906
200708,(vii),WLS,a,0.09220716647650197
200709,(vii),WLS,a,-0.11923649585454602
200710,(vii),WLS,a,0.03777621762948969
200711,(vii),WLS,a,-0.04315079406938576
200712,(vii),WLS,a,-0.05356198731374444
200801,(vii),WLS,a,0.17957142906815665
200802,(vii),WLS,a,-0.12662103235677483
200803,(vii),WLS,a,0.09951990961669771
200804,(vii),WLS,a,-0.033498800545778286
200805,(vii),WLS,a,-0.011541357957564254
200806,(vii),WLS,a,-0.13517986364946094
200807,(vii),WLS,a,-0.10067713335389399
200808,(vii),WLS,a,-0.0745078254720659
200809,(vii),WLS,a,-0.08404396687718603
200810,(vii),WLS,a,0.09948369186936809
200811,(vii),WLS,a,0.10233628565666415
200812,(vii),WLS,a,-0.07735022192455114
200901,(vii),WLS,a,-0.2952621864027579
200902,(vii),WLS,a,0.022343283863901744
200903,(vii),WLS,a,0.027136099514990245
200904,(vii),WLS,a,0.08826131486310816
200905,(vii),WLS,a,-0.20030632587195235
200906,(vii),WLS,a,0.10084591981629287
200907,(vii),WLS,a,-0.045451936705779766
200908,(vii),WLS,a,-0.005173211698466532
200909,(vii),WLS,a,-0.009525131949794385
200910,(vii),WLS,a,0.08881122817569556
200911,(vii),WLS,a,-0.02541838616732719
200912,(vii),WLS,a,-0.06796610749888081
201001,(vii),WLS,a,0.04915933679680583
201002,(vii),WLS,a,0.06063604498374778
201003,(vii),WLS,a,-0.029233722940756848
201004,(vii),WLS,a,-0.11577897440182976
201005,(vii),WLS,a,-0.052293277241924424
201006,(vii),WLS,a,0.06911967703260992
201007,(vii),WLS,a,-0.05159706066159693
201008,(vii),WLS,a,-0.01604762933386232
201009,(vii),WLS,a,0.01192824021699538
201010,(vii),WLS,a,0.05444069514133409
201011,(vii),WLS,a,0.05949559406722639
201012,(vii),WLS,a,0.0982292237505969
201101,(vii),WLS,a,0.018847276947315403
201102,(vii),WLS,a,-0.021789286158123432
201103,(vii),WLS,a,0.0571058843112259
201104,(vii),WLS,a,-0.06979090920569683
201105,(vii),WLS,a,-0.017282871684151144
201106,(vii),WLS,a,-0.045174156929475656
201107,(vii),WLS,a,0.025129488221013678
201108,(vii),WLS,a,-0.10176082440380477
201109,(vii),WLS,a,0.12070410246662601
201110,(vii),WLS,a,0.11421478409812102
201111,(vii),WLS,a,0.06387466582767048
201112,(vii),WLS,a,-0.04861291071590758
201201,(vii),WLS,a,-0.057007875749686035
201202,(vii),WLS,a,-0.08020751583862083
201203,(vii),WLS,a,-0.011231065672911439
201204,(vii),WLS,a,-0.10732356658114824
201205,(vii),WLS,a,0.07136481194865696
201206,(vii),WLS,a,0.04337290324967912
201207,(vii),WLS,a,-0.017754137507363276
201208,(vii),WLS,a,-0.0289055081426603
201209,(vii),WLS,a,0.07441132098446358
201210,(vii),WLS,a,-0.0060850483189882855
201211,(vii),WLS,a,-0.014079079227230593
201212,(vii),WLS,a,0.08129294288060422
201301,(vii),WLS,a,0.0486629098370376
201302,(vii),WLS,a,0.008660074458519256
201303,(vii),WLS,a,0.07566251593913427
201304,(vii),WLS,a,0.04103624518350379
201305,(vii),WLS,a,0.022494457440980813
201306,(vii),WLS,a,0.015104403301755923
201307,(vii),WLS,a,-0.0007803128593389745
201308,(vii),WLS,a,-0.012647663828860584
201309,(vii),WLS,a,-0.0580292602512887
201310,(vii),WLS,a,0.02594968992403043
201311,(vii),WLS,a,0.07372934036973132
201312,(vii),WLS,a,-0.05911514476857283
201401,(vii),WLS,a,0.11012608657638415
201402,(vii),WLS,a,0.012480478077859423
201403,(vii),WLS,a,0.1179715294959536
201404,(vii),WLS,a,0.0014450934337453853
201405,(vii),WLS,a,-0.00581073224121867
201406,(vii),WLS,a,-0.04263514803367117
201407,(vii),WLS,a,0.074745033983952
201408,(vii),WLS,a,0.012397786653451247
201409,(vii),WLS,a,0.08631858470703843
201410,(vii),WLS,a,0.017699297691148128
201411,(vii),WLS,a,0.028377025425434483
201412,(vii),WLS,a,-0.06684279771455806
201501,(vii),WLS,a,0.0440258719710373
201502,(vii),WLS,a,-0.023873584473708895
201503,(vii),WLS,a,-0.08099801955912221
201504,(vii),WLS,a,0.013608740283899733
201505,(vii),WLS,a,-0.030730162141693017
201506,(vii),WLS,a,0.046320813060032905
201507,(vii),WLS,a,-0.10394714565821381
201508,(vii),WLS,a,-0.02744404742289341
201509,(vii),WLS,a,0.05024717837050175
201510,(vii),WLS,a,-0.03707582271122626
201511,(vii),WLS,a,-0.08096705935824103
201512,(vii),WLS,a,0.03435050755467114
201601,(vii),WLS,a,0.04698311254645912
201602,(vii),WLS,a,0.027646456649773114
201603,(vii),WLS,a,-0.02565914344035298
201604,(vii),WLS,a,-0.08472879566795126
201605,(vii),WLS,a,0.007335427996857232
201606,(vii),WLS,a,-0.10341967660336863
201607,(vii),WLS,a,0.035547668276243075
201608,(vii),WLS,a,-0.044407245605590055
201609,(vii),WLS,a,0.026887080417826545
201610,(vii),WLS,a,0.09331949179628861
201611,(vii),WLS,a,0.029929294202110695
201612,(vii),WLS,a,-0.05879330512015973
201701,(vii),WLS,a,0.09124893407243952
201702,(vii),WLS,a,0.018329752769415383
201703,(vii),WLS,a,-0.012415360584476324
201704,(vii),WLS,a,-0.01270750241426555
201705,(vii),WLS,a,0.04909481266817017
201706,(vii),WLS,a,-0.013276155223052645
201707,(vii),WLS,a,0.08625803994560952
201708,(vii),WLS,a,0.018025097222510767
201709,(vii),WLS,a,-0.028789346621026196
201710,(vii),WLS,a,0.04438575142120941
201711,(vii),WLS,a,0.019696898558782695
201712,(vii),WLS,a,-0.13198300080100447
201801,(vii),WLS,a,-0.08096011583131695
201802,(vii),WLS,a,-0.07165125828374028
201803,(vii),WLS,a,-0.06328842540307021
201804,(vii),WLS,a,0.0008915467382069284
201805,(vii),WLS,a,-0.024025274870421057
201806,(vii),WLS,a,0.13131144047484478
201807,(vii),WLS,a,-0.034788122042912234
201808,(vii),WLS,a,0.04629556636947945
201809,(vii),WLS,a,0.17524060559938287
201810,(vii),WLS,a,-0.06027177730206432
201811,(vii),WLS,a,-0.010434975477418302
201812,(vii),WLS,a,-0.14657617798390757
201901,(vii),WLS,a,0.09805523239014638
201902,(vii),WLS,a,0.053334532072625965
201903,(vii),WLS,a,-0.006183465273859196
201904,(vii),WLS,a,0.0032623936675523026
201905,(vii),WLS,a,0.08604034224187093
201906,(vii),WLS,a,0.07632232533928869
201907,(vii),WLS,a,0.07113551853145303
201908,(vii),WLS,a,0.022501857369074337
201909,(vii),WLS,a,0.007197283416959812
201910,(vii),WLS,a,0.057738968600686696
201911,(vii),WLS,a,0.023753377494983612
201912,(vii),WLS,a,-0.12047668883810134
202001,(vii),WLS,a,-0.19700664903915877
202002,(vii),WLS,a,-0.19288219093326825
202003,(vii),WLS,a,0.05931979173510609
202004,(vii),WLS,a,0.04862068891759085
202005,(vii),WLS,a,-0.06770673933627762
202006,(vii),WLS,a,0.06603483668670498
202007,(vii),WLS,a,0.05123338863628683
202008,(vii),WLS,a,0.07849309263533852
202009,(vii),WLS,a,-0.010986256915791567
202010,(vii),WLS,a,0.1192599228486807
202011,(vii),WLS,a,0.06725730822983093
202012,(vii),WLS,a,-0.09825852615367348
202101,(vii),WLS,a,0.08127618376199731
202102,(vii),WLS,a,0.11567815558752692
202103,(vii),WLS,a,-0.03127197048523067
202104,(vii),WLS,a,-0.008311014933021178
202105,(vii),WLS,a,-0.1633867376460659
202106,(vii),WLS,a,-0.06963889510997455
202107,(vii),WLS,a,-0.04714623790106604
202108,(vii),WLS,a,-0.07512286306260534
202109,(vii),WLS,a,0.06469919500226541
202110,(vii),WLS,a,-0.20416227024038758
202111,(vii),WLS,a,0.10525288862237697
202112,(vii),WLS,a,-0.15328834671118416
202201,(vii),WLS,a,-0.11052963943347863
202202,(vii),WLS,a,0.06035149767214846
202203,(vii),WLS,a,-0.00906025077937003
202204,(vii),WLS,a,-0.07532069804686566
202205,(vii),WLS,a,-0.03673327247294305
202206,(vii),WLS,a,-0.0012627397150193512
202207,(vii),WLS,a,-0.019649990455769987
202208,(vii),WLS,a,0.026100454499428053
202209,(vii),WLS,a,0.10385391017930941
202210,(vii),WLS,a,0.10042583747743417
202211,(vii),WLS,a,0.11380902068369596
202212,(vii),WLS,a,-0.1481513764966483
202301,(vii),WLS,a,-0.09873997881498678
202302,(vii),WLS,a,-0.14629369028076913
202303,(vii),WLS,a,-0.010012302981005309
202304,(vii),WLS,a,-0.2249167009814515
202305,(vii),WLS,a,0.061374768350079704
202306,(vii),WLS,a,-0.042374846124694415
202307,(vii),WLS,a,-0.025115061972350246
202308,(vii),WLS,a,-0.060338622839526616
202309,(vii),WLS,a,-0.08915689433157942
202310,(vii),WLS,a,-0.17002714210909656
202311,(vii),WLS,a,0.10180303971877921
202312,(vii),WLS,a,-0.1334530054844862
202401,(vii),WLS,a,-0.05890200137559897
202402,(vii),WLS,a,0.14893309156970422
202403,(vii),WLS,a,0.08215157031600222
202404,(vii),WLS,a,-0.06425706404885011
202405,(vii),WLS,a,-0.1779237515157613
202406,(vii),WLS,a,0.1299803863558695
202407,(vii),WLS,a,0.0007665529028678583
202408,(vii),WLS,a,0.0748218803197094
202409,(vii),WLS,a,-0.21525597570299548
202410,(vii),WLS,a,0.08555108547717775
202411,(vii),WLS,a,0.045370044681125835
197307,(vii),WLS,b_Dur,-0.04860937103009795
197308,(vii),WLS,b_Dur,-0.02829055540999348
197309,(vii),WLS,b_Dur,0.09225259485105365
197310,(vii),WLS,b_Dur,0.3108082603522533
197311,(vii),WLS,b_Dur,0.01912233443025628
197312,(vii),WLS,b_Dur,-0.1884130580692795
197401,(vii),WLS,b_Dur,0.058300646934777496
197402,(vii),WLS,b_Dur,-0.10119690957154615
197403,(vii),WLS,b_Dur,-0.0886927027005761
197404,(vii),WLS,b_Dur,-0.03152088915690478
197405,(vii),WLS,b_Dur,0.10490387597659451
197406,(vii),WLS,b_Dur,-0.20020364010371958
197407,(vii),WLS,b_Dur,0.14140339615108724
197408,(vii),WLS,b_Dur,0.05374122700795088
197409,(vii),WLS,b_Dur,0.24015295797527506
197410,(vii),WLS,b_Dur,0.04835811742293898
197411,(vii),WLS,b_Dur,0.026823318539700703
197412,(vii),WLS,b_Dur,-0.30993808352919905
197501,(vii),WLS,b_Dur,0.11659715168831997
197502,(vii),WLS,b_Dur,-0.28778379247912117
197503,(vii),WLS,b_Dur,-0.23489668006633574
197504,(vii),WLS,b_Dur,0.1015914540845283
197505,(vii),WLS,b_Dur,-0.15546279674041158
197506,(vii),WLS,b_Dur,-0.14445833799906796
197507,(vii),WLS,b_Dur,-0.12802064909718963
197508,(vii),WLS,b_Dur,-0.043756373610966556
197509,(vii),WLS,b_Dur,-0.010617497933988449
197510,(vii),WLS,b_Dur,0.033700389782934756
197511,(vii),WLS,b_Dur,-0.02801462045577373
197512,(vii),WLS,b_Dur,-0.1645704401630342
197601,(vii),WLS,b_Dur,-0.048954799869017906
197602,(vii),WLS,b_Dur,0.033687744741268136
197603,(vii),WLS,b_Dur,-0.017496290497826195
197604,(vii),WLS,b_Dur,0.060002044512928725
197605,(vii),WLS,b_Dur,0.015727552845768725
197606,(vii),WLS,b_Dur,0.06652319975211061
197607,(vii),WLS,b_Dur,0.15757182673867087
197608,(vii),WLS,b_Dur,-0.06541454044992814
197609,(vii),WLS,b_Dur,0.06959529520723784
197610,(vii),WLS,b_Dur,0.04762075986356906
197611,(vii),WLS,b_Dur,-0.18477922005818448
197612,(vii),WLS,b_Dur,-0.1281563502856225
197701,(vii),WLS,b_Dur,0.062385859178659075
197702,(vii),WLS,b_Dur,0.003172324670779811
197703,(vii),WLS,b_Dur,-0.10993915434918206
197704,(vii),WLS,b_Dur,0.037938673057154836
197705,(vii),WLS,b_Dur,-0.023688509722531503
197706,(vii),WLS,b_Dur,0.021980691258340603
197707,(vii),WLS,b_Dur,0.07857248068917776
197708,(vii),WLS,b_Dur,-0.000666952783318013
197709,(vii),WLS,b_Dur,-0.06429553633383099
197710,(vii),WLS,b_Dur,-0.017486063478901883
197711,(vii),WLS,b_Dur,0.008296270230507526
197712,(vii),WLS,b_Dur,0.009459701305911478
197801,(vii),WLS,b_Dur,0.016679560023987725
197802,(vii),WLS,b_Dur,-0.058864875471598445
197803,(vii),WLS,b_Dur,-0.03507821825287992
197804,(vii),WLS,b_Dur,-0.03223481469688959
197805,(vii),WLS,b_Dur,0.03267673955973828
197806,(vii),WLS,b_Dur,-0.04223488607871867
197807,(vii),WLS,b_Dur,-0.014088870068753413
197808,(vii),WLS,b_Dur,0.029725639917125807
197809,(vii),WLS,b_Dur,0.0840024113883873
197810,(vii),WLS,b_Dur,0.011878732839849065
197811,(vii),WLS,b_Dur,0.013338087347372308
197812,(vii),WLS,b_Dur,-0.0429368468360098
197901,(vii),WLS,b_Dur,0.09841292499280097
197902,(vii),WLS,b_Dur,-0.06178224432364385
197903,(vii),WLS,b_Dur,-0.06306826758757
197904,(vii),WLS,b_Dur,0.06520899483445552
197905,(vii),WLS,b_Dur,-0.03226687944420162
197906,(vii),WLS,b_Dur,-0.08318047104387612
197907,(vii),WLS,b_Dur,0.05976179890372804
197908,(vii),WLS,b_Dur,-0.04260296493433807
197909,(vii),WLS,b_Dur,0.011374014847799045
197910,(vii),WLS,b_Dur,0.21754190331368037
197911,(vii),WLS,b_Dur,0.0802070034720247
197912,(vii),WLS,b_Dur,-0.0933385597846077
198001,(vii),WLS,b_Dur,-0.06549094722977569
198002,(vii),WLS,b_Dur,-0.1029610702091159
198003,(vii),WLS,b_Dur,0.1109628074372766
198004,(vii),WLS,b_Dur,0.059970243176469526
198005,(vii),WLS,b_Dur,0.07533030928949626
198006,(vii),WLS,b_Dur,0.0492106153293215
198007,(vii),WLS,b_Dur,0.03661757649684069
198008,(vii),WLS,b_Dur,0.13769807003503293
198009,(vii),WLS,b_Dur,0.02257284049926809
198010,(vii),WLS,b_Dur,0.004091254841650904
198011,(vii),WLS,b_Dur,-0.06669916001649762
198012,(vii),WLS,b_Dur,-0.04196539922711507
198101,(vii),WLS,b_Dur,-0.04654174347061806
198102,(vii),WLS,b_Dur,0.17107942571965273
198103,(vii),WLS,b_Dur,-0.012675280384902912
198104,(vii),WLS,b_Dur,0.08418955714612342
198105,(vii),WLS,b_Dur,-0.07767566930704245
198106,(vii),WLS,b_Dur,-0.10655282518783057
198107,(vii),WLS,b_Dur,-0.17279669899923394
198108,(vii),WLS,b_Dur,-0.05147688589668139
198109,(vii),WLS,b_Dur,0.09239622316266394
198110,(vii),WLS,b_Dur,0.08594671969671015
198111,(vii),WLS,b_Dur,-0.011656777791400251
198112,(vii),WLS,b_Dur,-0.07127317570079467
198201,(vii),WLS,b_Dur,-0.062504108370815
198202,(vii),WLS,b_Dur,-0.06184728722273606
198203,(vii),WLS,b_Dur,0.13261354076678608
198204,(vii),WLS,b_Dur,-0.3192446726278199
198205,(vii),WLS,b_Dur,-0.016506181306321168
198206,(vii),WLS,b_Dur,-0.11978452023096872
198207,(vii),WLS,b_Dur,0.11348497693160345
198208,(vii),WLS,b_Dur,-0.015833591320188835
198209,(vii),WLS,b_Dur,0.1794852875375603
198210,(vii),WLS,b_Dur,0.04490343801304303
198211,(vii),WLS,b_Dur,-0.12474958221616936
198212,(vii),WLS,b_Dur,0.06890609527761184
198301,(vii),WLS,b_Dur,-0.06672887396588134
198302,(vii),WLS,b_Dur,0.019328277756185522
198303,(vii),WLS,b_Dur,0.013081637706358534
198304,(vii),WLS,b_Dur,0.2208601438311713
198305,(vii),WLS,b_Dur,-0.024285446631005663
198306,(vii),WLS,b_Dur,-0.030271230500579414
198307,(vii),WLS,b_Dur,-0.033832868989248796
198308,(vii),WLS,b_Dur,-0.007461687471928418
198309,(vii),WLS,b_Dur,-0.08661275390136278
198310,(vii),WLS,b_Dur,0.11659865031793346
198311,(vii),WLS,b_Dur,-0.10389580947432406
198312,(vii),WLS,b_Dur,-0.11392338430773627
198401,(vii),WLS,b_Dur,-0.14001262383288635
198402,(vii),WLS,b_Dur,0.09034191104051492
198403,(vii),WLS,b_Dur,-0.0864361223218488
198404,(vii),WLS,b_Dur,-0.10070709665973474
198405,(vii),WLS,b_Dur,0.019854421802032906
198406,(vii),WLS,b_Dur,0.01293877468533583
198407,(vii),WLS,b_Dur,0.0699252193274784
198408,(vii),WLS,b_Dur,-0.07546225926945137
198409,(vii),WLS,b_Dur,-0.0860076168333906
198410,(vii),WLS,b_Dur,-0.03412639589646131
198411,(vii),WLS,b_Dur,-0.007471893604832847
198412,(vii),WLS,b_Dur,0.06769149071845569
198501,(vii),WLS,b_Dur,-0.041483007802340884
198502,(vii),WLS,b_Dur,0.004846078708029319
198503,(vii),WLS,b_Dur,-0.049650449537990804
198504,(vii),WLS,b_Dur,0.04026155893489709
198505,(vii),WLS,b_Dur,0.008805634028834563
198506,(vii),WLS,b_Dur,0.049999092974816244
198507,(vii),WLS,b_Dur,-0.02433456970476517
198508,(vii),WLS,b_Dur,-0.06937065846125656
198509,(vii),WLS,b_Dur,-0.023675379438913943
198510,(vii),WLS,b_Dur,0.01434484581254324
198511,(vii),WLS,b_Dur,-0.004017849311321261
198512,(vii),WLS,b_Dur,0.06490388211879752
198601,(vii),WLS,b_Dur,-0.07694287596972658
198602,(vii),WLS,b_Dur,-0.008210085561817005
198603,(vii),WLS,b_Dur,0.02240844273123134
198604,(vii),WLS,b_Dur,0.025857860645826417
198605,(vii),WLS,b_Dur,-0.020632779088483252
198606,(vii),WLS,b_Dur,-0.042043586718599084
198607,(vii),WLS,b_Dur,-0.08240012566344222
198608,(vii),WLS,b_Dur,-0.005304572902199201
198609,(vii),WLS,b_Dur,0.04608295551559148
198610,(vii),WLS,b_Dur,-0.017026652826956565
198611,(vii),WLS,b_Dur,-0.05349785315076576
198612,(vii),WLS,b_Dur,0.0670397061313966
198701,(vii),WLS,b_Dur,0.08635098417271554
198702,(vii),WLS,b_Dur,-0.04709103217297577
198703,(vii),WLS,b_Dur,0.04228457385011561
198704,(vii),WLS,b_Dur,0.019527297281377337
198705,(vii),WLS,b_Dur,-0.02095782657015521
198706,(vii),WLS,b_Dur,0.008538369984204626
198707,(vii),WLS,b_Dur,-0.022303152510270912
198708,(vii),WLS,b_Dur,0.026730783899127693
198709,(vii),WLS,b_Dur,-0.06811713488930873
198710,(vii),WLS,b_Dur,0.0009330798376942957
198711,(vii),WLS,b_Dur,-0.045024636576763935
198712,(vii),WLS,b_Dur,-0.03749036021457431
198801,(vii),WLS,b_Dur,0.04218356835311417
198802,(vii),WLS,b_Dur,-0.01230850216212259
198803,(vii),WLS,b_Dur,-0.031498799466460566
198804,(vii),WLS,b_Dur,-0.054289211119636596
198805,(vii),WLS,b_Dur,0.01862752168633241
198806,(vii),WLS,b_Dur,0.003539008683910338
198807,(vii),WLS,b_Dur,0.05722332433523167
198808,(vii),WLS,b_Dur,0.01653353516179195
198809,(vii),WLS,b_Dur,-0.010417580515937335
198810,(vii),WLS,b_Dur,-0.00620789776345367
198811,(vii),WLS,b_Dur,0.059560611905943556
198812,(vii),WLS,b_Dur,-0.004060026010796354
198901,(vii),WLS,b_Dur,0.06158093489927502
198902,(vii),WLS,b_Dur,0.07730499217574188
198903,(vii),WLS,b_Dur,0.025439754198221025
198904,(vii),WLS,b_Dur,0.045264604989084786
198905,(vii),WLS,b_Dur,0.0066490343728717975
198906,(vii),WLS,b_Dur,0.0252093705451222
198907,(vii),WLS,b_Dur,-0.09263132345138272
198908,(vii),WLS,b_Dur,-0.009136439243072114
198909,(vii),WLS,b_Dur,0.020751880344733985
198910,(vii),WLS,b_Dur,0.013960382925331504
198911,(vii),WLS,b_Dur,-0.02893450482642473
198912,(vii),WLS,b_Dur,-0.010120170161314453
199001,(vii),WLS,b_Dur,0.010798252089272627
199002,(vii),WLS,b_Dur,0.010469388343272646
199003,(vii),WLS,b_Dur,0.003102328502881636
199004,(vii),WLS,b_Dur,-0.020806050670703367
199005,(vii),WLS,b_Dur,0.010011697300392879
199006,(vii),WLS,b_Dur,-0.06946922318576555
199007,(vii),WLS,b_Dur,0.025007537230142846
199008,(vii),WLS,b_Dur,-0.06886004457493881
199009,(vii),WLS,b_Dur,0.07463506391809357
199010,(vii),WLS,b_Dur,-0.00883801924793741
199011,(vii),WLS,b_Dur,-0.09957587372244783
199012,(vii),WLS,b_Dur,0.004128841607103764
199101,(vii),WLS,b_Dur,0.05525439483792008
199102,(vii),WLS,b_Dur,0.08402577240350137
199103,(vii),WLS,b_Dur,0.005310888900920782
199104,(vii),WLS,b_Dur,0.05284747876189566
199105,(vii),WLS,b_Dur,-0.027437564893608452
199106,(vii),WLS,b_Dur,0.017109937415857143
199107,(vii),WLS,b_Dur,0.03014939768531747
199108,(vii),WLS,b_Dur,-0.050360147488496695
199109,(vii),WLS,b_Dur,-0.041105596936933594
199110,(vii),WLS,b_Dur,0.0323379387111719
199111,(vii),WLS,b_Dur,0.06423716382049055
199112,(vii),WLS,b_Dur,-0.02531286407599517
199201,(vii),WLS,b_Dur,0.041323213609790854
199202,(vii),WLS,b_Dur,0.004440232318975397
199203,(vii),WLS,b_Dur,-0.05164736252777058
199204,(vii),WLS,b_Dur,0.014103391914528593
199205,(vii),WLS,b_Dur,0.056276715284089146
199206,(vii),WLS,b_Dur,-0.014584802863528543
199207,(vii),WLS,b_Dur,-0.06801620237396187
199208,(vii),WLS,b_Dur,-0.06153891306013183
199209,(vii),WLS,b_Dur,-0.02189235803854663
199210,(vii),WLS,b_Dur,0.05323621822830221
199211,(vii),WLS,b_Dur,-0.061218583441578656
199212,(vii),WLS,b_Dur,0.07962297137503449
199301,(vii),WLS,b_Dur,-0.009984983792742465
199302,(vii),WLS,b_Dur,-0.007969583603854333
199303,(vii),WLS,b_Dur,-0.04562658704345155
199304,(vii),WLS,b_Dur,0.03127061635749524
199305,(vii),WLS,b_Dur,0.05128657839920821
199306,(vii),WLS,b_Dur,-0.007184699503163645
199307,(vii),WLS,b_Dur,-0.02721126666072751
199308,(vii),WLS,b_Dur,-0.016457037561956336
199309,(vii),WLS,b_Dur,0.11494418550919405
199310,(vii),WLS,b_Dur,0.03781812833568263
199311,(vii),WLS,b_Dur,-0.04698380573495896
199312,(vii),WLS,b_Dur,-0.016062130614943958
199401,(vii),WLS,b_Dur,-0.00609371748214178
199402,(vii),WLS,b_Dur,-0.04454723903766589
199403,(vii),WLS,b_Dur,-0.03920919291934441
199404,(vii),WLS,b_Dur,-0.04553150064000539
199405,(vii),WLS,b_Dur,0.013158149797358729
199406,(vii),WLS,b_Dur,0.03281886716237922
199407,(vii),WLS,b_Dur,-0.0037347273785547364
199408,(vii),WLS,b_Dur,0.02607164615544738
199409,(vii),WLS,b_Dur,-0.05299473201759501
199410,(vii),WLS,b_Dur,-0.07033408849330187
199411,(vii),WLS,b_Dur,-0.016159980240207213
199412,(vii),WLS,b_Dur,-0.05044028679182756
199501,(vii),WLS,b_Dur,-0.007563366187316373
199502,(vii),WLS,b_Dur,-0.03830450981821239
199503,(vii),WLS,b_Dur,-0.08561166634416541
199504,(vii),WLS,b_Dur,-0.027261226212845668
199505,(vii),WLS,b_Dur,0.028079481680819793
199506,(vii),WLS,b_Dur,-0.05882630052982307
199507,(vii),WLS,b_Dur,0.04081215818090363
199508,(vii),WLS,b_Dur,0.020557989956857724
199509,(vii),WLS,b_Dur,-0.09751141437496956
199510,(vii),WLS,b_Dur,0.1034015900113977
199511,(vii),WLS,b_Dur,-0.08452179641057772
199512,(vii),WLS,b_Dur,0.03651773569876817
199601,(vii),WLS,b_Dur,0.01774130886958593
199602,(vii),WLS,b_Dur,0.054304742751830816
199603,(vii),WLS,b_Dur,0.015236945522342643
199604,(vii),WLS,b_Dur,-0.007705178083573421
199605,(vii),WLS,b_Dur,-0.04962280238678758
199606,(vii),WLS,b_Dur,-0.016527162573397043
199607,(vii),WLS,b_Dur,0.04309302396224221
199608,(vii),WLS,b_Dur,-0.02576121790370519
199609,(vii),WLS,b_Dur,-0.06329335256454573
199610,(vii),WLS,b_Dur,-0.03675307141194843
199611,(vii),WLS,b_Dur,-0.033690978388559896
199612,(vii),WLS,b_Dur,-0.06426573935764567
199701,(vii),WLS,b_Dur,-0.02285976649403517
199702,(vii),WLS,b_Dur,-0.10105711778449186
199703,(vii),WLS,b_Dur,0.08592814076421046
199704,(vii),WLS,b_Dur,0.1090093263645332
199705,(vii),WLS,b_Dur,-0.0020948734718989875
199706,(vii),WLS,b_Dur,-0.11538208936062347
199707,(vii),WLS,b_Dur,-0.14597164259281573
199708,(vii),WLS,b_Dur,0.036254556787770925
199709,(vii),WLS,b_Dur,0.06457679459451862
199710,(vii),WLS,b_Dur,0.007350483605500183
199711,(vii),WLS,b_Dur,0.057414936836759925
199712,(vii),WLS,b_Dur,0.09402926192512912
199801,(vii),WLS,b_Dur,0.09500992937751489
199802,(vii),WLS,b_Dur,0.1326183717938343
199803,(vii),WLS,b_Dur,0.0367565385151276
199804,(vii),WLS,b_Dur,0.08904545141084744
199805,(vii),WLS,b_Dur,0.19270978969146763
199806,(vii),WLS,b_Dur,-0.017498845266468888
199807,(vii),WLS,b_Dur,-0.1152369032885133
199808,(vii),WLS,b_Dur,-0.06066466908143836
199809,(vii),WLS,b_Dur,-0.0567620499682531
199810,(vii),WLS,b_Dur,-0.08741725034807948
199811,(vii),WLS,b_Dur,0.022045280399003712
199812,(vii),WLS,b_Dur,0.098666734221068
199901,(vii),WLS,b_Dur,-0.01569970706670125
199902,(vii),WLS,b_Dur,0.05579457353804007
199903,(vii),WLS,b_Dur,-0.1222967967175427
199904,(vii),WLS,b_Dur,-0.11858794168981039
199905,(vii),WLS,b_Dur,-0.08193247518424043
199906,(vii),WLS,b_Dur,-0.11455773293903401
199907,(vii),WLS,b_Dur,0.20013453143557836
199908,(vii),WLS,b_Dur,-0.07160086715012098
199909,(vii),WLS,b_Dur,0.06436444968335966
199910,(vii),WLS,b_Dur,-0.013886921727003334
199911,(vii),WLS,b_Dur,0.0882935783115882
199912,(vii),WLS,b_Dur,-0.134015012372234
200001,(vii),WLS,b_Dur,-0.04737917889578223
200002,(vii),WLS,b_Dur,0.14486250710656243
200003,(vii),WLS,b_Dur,-0.10831427818259709
200004,(vii),WLS,b_Dur,-0.13001698281395183
200005,(vii),WLS,b_Dur,0.12374327140655508
200006,(vii),WLS,b_Dur,0.0032649056521412284
200007,(vii),WLS,b_Dur,0.08034422858749564
200008,(vii),WLS,b_Dur,-0.2637579312824275
200009,(vii),WLS,b_Dur,-0.25945958342308295
200010,(vii),WLS,b_Dur,-0.31717366995715524
200011,(vii),WLS,b_Dur,-0.33616165375579143
200012,(vii),WLS,b_Dur,0.1917924974158649
200101,(vii),WLS,b_Dur,-0.5728205214793856
200102,(vii),WLS,b_Dur,-0.15333777568680682
200103,(vii),WLS,b_Dur,0.10634479186543494
200104,(vii),WLS,b_Dur,-0.1663471823983813
200105,(vii),WLS,b_Dur,0.019052824743988762
200106,(vii),WLS,b_Dur,-0.03625781348541099
200107,(vii),WLS,b_Dur,-0.2291413287125191
200108,(vii),WLS,b_Dur,0.15381316007708
200109,(vii),WLS,b_Dur,-0.16898394814600928
200110,(vii),WLS,b_Dur,0.07453145980631745
200111,(vii),WLS,b_Dur,-0.18826489794427026
200112,(vii),WLS,b_Dur,-0.019449120275354583
200201,(vii),WLS,b_Dur,-0.026504202387383595
200202,(vii),WLS,b_Dur,-0.14523301950452006
200203,(vii),WLS,b_Dur,-0.15245096939099617
200204,(vii),WLS,b_Dur,-0.05959055479936434
200205,(vii),WLS,b_Dur,0.005774902579367178
200206,(vii),WLS,b_Dur,0.04515866087392461
200207,(vii),WLS,b_Dur,0.12166308553537988
200208,(vii),WLS,b_Dur,-0.0066994500101123615
200209,(vii),WLS,b_Dur,0.005222606064087865
200210,(vii),WLS,b_Dur,0.13611242793479922
200211,(vii),WLS,b_Dur,-0.1381015361942841
200212,(vii),WLS,b_Dur,0.10970982323617451
200301,(vii),WLS,b_Dur,0.03789390223213426
200302,(vii),WLS,b_Dur,0.010423554341915005
200303,(vii),WLS,b_Dur,0.055632902058218414
200304,(vii),WLS,b_Dur,-0.10937774269815936
200305,(vii),WLS,b_Dur,0.05292275097797268
200306,(vii),WLS,b_Dur,0.09776569446551206
200307,(vii),WLS,b_Dur,-0.08392301498040411
200308,(vii),WLS,b_Dur,0.05493024705505278
200309,(vii),WLS,b_Dur,-0.05426320560800368
200310,(vii),WLS,b_Dur,-0.04763783698436109
200311,(vii),WLS,b_Dur,0.06917098158331324
200312,(vii),WLS,b_Dur,0.013128777782196156
200401,(vii),WLS,b_Dur,-0.08175851295359868
200402,(vii),WLS,b_Dur,-0.003508684339317456
200403,(vii),WLS,b_Dur,0.037139723576397984
200404,(vii),WLS,b_Dur,0.04080287803926075
200405,(vii),WLS,b_Dur,-0.021372951335282296
200406,(vii),WLS,b_Dur,0.10546388385549943
200407,(vii),WLS,b_Dur,-0.08360489972069945
200408,(vii),WLS,b_Dur,-0.04361816263099698
200409,(vii),WLS,b_Dur,-0.004633471129687535
200410,(vii),WLS,b_Dur,0.006032432421920345
200411,(vii),WLS,b_Dur,0.03477681741239153
200412,(vii),WLS,b_Dur,-0.11841496303473314
200501,(vii),WLS,b_Dur,-0.17475804412481194
200502,(vii),WLS,b_Dur,-0.006841324522289293
200503,(vii),WLS,b_Dur,-0.013414040229938397
200504,(vii),WLS,b_Dur,0.12167708354246784
200505,(vii),WLS,b_Dur,-0.05239163194709135
200506,(vii),WLS,b_Dur,0.020128622937491895
200507,(vii),WLS,b_Dur,-0.035565466883970984
200508,(vii),WLS,b_Dur,-0.08728428555411208
200509,(vii),WLS,b_Dur,0.035187889197652054
200510,(vii),WLS,b_Dur,0.010207540857765096
200511,(vii),WLS,b_Dur,-0.011620072173945006
200512,(vii),WLS,b_Dur,0.013755453126919705
200601,(vii),WLS,b_Dur,0.019293939467398335
200602,(vii),WLS,b_Dur,-0.003449807989935119
200603,(vii),WLS,b_Dur,-0.046116347583448764
200604,(vii),WLS,b_Dur,-0.075912311064946
200605,(vii),WLS,b_Dur,-0.0028436688339038355
200606,(vii),WLS,b_Dur,-0.05964951736271201
200607,(vii),WLS,b_Dur,0.10017027934338357
200608,(vii),WLS,b_Dur,0.0905389517483477
200609,(vii),WLS,b_Dur,0.012781615055835749
200610,(vii),WLS,b_Dur,-0.059497682807300875
200611,(vii),WLS,b_Dur,0.010473447113959304
200612,(vii),WLS,b_Dur,0.067645169145259
200701,(vii),WLS,b_Dur,-0.002722086310564
200702,(vii),WLS,b_Dur,-0.042289561575959825
200703,(vii),WLS,b_Dur,0.0056625615311644865
200704,(vii),WLS,b_Dur,-0.006074763519419167
200705,(vii),WLS,b_Dur,-0.011055792713912107
200706,(vii),WLS,b_Dur,-0.006473859885424288
200707,(vii),WLS,b_Dur,0.006889716615590134
200708,(vii),WLS,b_Dur,0.006996813540389446
200709,(vii),WLS,b_Dur,0.13680518995458463
200710,(vii),WLS,b_Dur,-0.07744190454418058
200711,(vii),WLS,b_Dur,0.034433834595974176
200712,(vii),WLS,b_Dur,-0.043753809542494276
200801,(vii),WLS,b_Dur,-0.15537783820239057
200802,(vii),WLS,b_Dur,0.10769590166140089
200803,(vii),WLS,b_Dur,-0.06756553578156295
200804,(vii),WLS,b_Dur,0.03747266360988891
200805,(vii),WLS,b_Dur,-0.06881109897631055
200806,(vii),WLS,b_Dur,0.07666940052317439
200807,(vii),WLS,b_Dur,0.04784871182423761
200808,(vii),WLS,b_Dur,-0.11136644244953145
200809,(vii),WLS,b_Dur,-0.10921186379681802
200810,(vii),WLS,b_Dur,-0.1456261002670427
200811,(vii),WLS,b_Dur,-0.09004648268790352
200812,(vii),WLS,b_Dur,0.031906412903975695
200901,(vii),WLS,b_Dur,0.12069907683099906
200902,(vii),WLS,b_Dur,0.04571766247552145
200903,(vii),WLS,b_Dur,0.07053992687330154
200904,(vii),WLS,b_Dur,0.02768573058962494
200905,(vii),WLS,b_Dur,0.1354005366465269
200906,(vii),WLS,b_Dur,-0.028298270536962395
200907,(vii),WLS,b_Dur,0.04733285297398883
200908,(vii),WLS,b_Dur,0.050535863184488744
200909,(vii),WLS,b_Dur,-0.01910575957786146
200910,(vii),WLS,b_Dur,0.01415497174705518
200911,(vii),WLS,b_Dur,0.02729118739053768
200912,(vii),WLS,b_Dur,0.017748265540925567
201001,(vii),WLS,b_Dur,-0.03281685944501002
201002,(vii),WLS,b_Dur,0.009454060523870055
201003,(vii),WLS,b_Dur,0.03727175024446888
201004,(vii),WLS,b_Dur,0.028533222983338463
201005,(vii),WLS,b_Dur,0.03555608955213738
201006,(vii),WLS,b_Dur,0.020853460185291287
201007,(vii),WLS,b_Dur,0.011762568639546637
201008,(vii),WLS,b_Dur,0.10122259537611983
201009,(vii),WLS,b_Dur,0.049426064745322754
201010,(vii),WLS,b_Dur,-0.02481578766713881
201011,(vii),WLS,b_Dur,0.01783947229823273
201012,(vii),WLS,b_Dur,-0.026044397851169562
201101,(vii),WLS,b_Dur,0.01412890671407701
201102,(vii),WLS,b_Dur,0.027009368385141876
201103,(vii),WLS,b_Dur,-0.03713857446077987
201104,(vii),WLS,b_Dur,0.023909967887164166
201105,(vii),WLS,b_Dur,-0.002618548907777536
201106,(vii),WLS,b_Dur,0.04195957642154839
201107,(vii),WLS,b_Dur,-0.08463633254743406
201108,(vii),WLS,b_Dur,-0.03166522939190071
201109,(vii),WLS,b_Dur,0.029493840020631747
201110,(vii),WLS,b_Dur,-0.09796900534011815
201111,(vii),WLS,b_Dur,-0.08043505883974988
201112,(vii),WLS,b_Dur,0.11474650710155639
201201,(vii),WLS,b_Dur,0.09894846661916107
201202,(vii),WLS,b_Dur,0.07347335798716956
201203,(vii),WLS,b_Dur,0.0037043545858562454
201204,(vii),WLS,b_Dur,-0.016869764228849615
201205,(vii),WLS,b_Dur,-0.03323034002715011
201206,(vii),WLS,b_Dur,-0.029909720381449477
201207,(vii),WLS,b_Dur,0.034860027524600365
201208,(vii),WLS,b_Dur,0.04864682094314832
201209,(vii),WLS,b_Dur,-0.08883090999958412
201210,(vii),WLS,b_Dur,0.025384730612531287
201211,(vii),WLS,b_Dur,0.02090517836053838
201212,(vii),WLS,b_Dur,-0.03818330221760423
201301,(vii),WLS,b_Dur,-0.03409376177627987
201302,(vii),WLS,b_Dur,0.01681198857659809
201303,(vii),WLS,b_Dur,-0.06858013113210877
201304,(vii),WLS,b_Dur,-0.02209204074844483
201305,(vii),WLS,b_Dur,-0.03700531754425821
201306,(vii),WLS,b_Dur,0.04112554002907186
201307,(vii),WLS,b_Dur,-0.0033097246096898264
201308,(vii),WLS,b_Dur,0.05460455870001968
201309,(vii),WLS,b_Dur,0.06955369831416067
201310,(vii),WLS,b_Dur,-0.004562130684734899
201311,(vii),WLS,b_Dur,-0.021328717571278223
201312,(vii),WLS,b_Dur,0.03907593890586652
201401,(vii),WLS,b_Dur,-0.052659370443421005
201402,(vii),WLS,b_Dur,-0.038536687145547886
201403,(vii),WLS,b_Dur,-0.08690706254243355
201404,(vii),WLS,b_Dur,0.024446793652355248
201405,(vii),WLS,b_Dur,0.018113683237881685
201406,(vii),WLS,b_Dur,0.0028915407690572083
201407,(vii),WLS,b_Dur,-0.01038782309764618
201408,(vii),WLS,b_Dur,-0.034554119774341585
201409,(vii),WLS,b_Dur,-0.04001555657399819
201410,(vii),WLS,b_Dur,-0.01862008778647535
201411,(vii),WLS,b_Dur,-0.04922724552607209
201412,(vii),WLS,b_Dur,0.05244742860697206
201501,(vii),WLS,b_Dur,0.043586022457966556
201502,(vii),WLS,b_Dur,0.0033160728035379096
201503,(vii),WLS,b_Dur,0.08603034834063245
201504,(vii),WLS,b_Dur,0.004800614017408386
201505,(vii),WLS,b_Dur,0.014493823913952658
201506,(vii),WLS,b_Dur,0.002676734155845281
201507,(vii),WLS,b_Dur,0.020808514010705534
201508,(vii),WLS,b_Dur,-0.003355867564838173
201509,(vii),WLS,b_Dur,0.06545232154356577
201510,(vii),WLS,b_Dur,0.04347579411949243
201511,(vii),WLS,b_Dur,0.05335011586478938
201512,(vii),WLS,b_Dur,-0.12722086749946537
201601,(vii),WLS,b_Dur,-0.033531179350765355
201602,(vii),WLS,b_Dur,0.037444556164663356
201603,(vii),WLS,b_Dur,0.035414689364646944
201604,(vii),WLS,b_Dur,0.07807505803041022
201605,(vii),WLS,b_Dur,-0.018113546231325165
201606,(vii),WLS,b_Dur,0.11136780718692202
201607,(vii),WLS,b_Dur,-0.03584962899815658
201608,(vii),WLS,b_Dur,0.042773706740365555
201609,(vii),WLS,b_Dur,-0.03522318934967769
201610,(vii),WLS,b_Dur,-0.04892581623364879
201611,(vii),WLS,b_Dur,-0.02308627652042422
201612,(vii),WLS,b_Dur,0.10834310897968787
201701,(vii),WLS,b_Dur,-0.05114515831166071
201702,(vii),WLS,b_Dur,-0.012785869309212668
201703,(vii),WLS,b_Dur,0.025236323637217083
201704,(vii),WLS,b_Dur,0.03947326596674111
201705,(vii),WLS,b_Dur,-0.025325371557646865
201706,(vii),WLS,b_Dur,0.04592723874115058
201707,(vii),WLS,b_Dur,-0.053049739694089326
201708,(vii),WLS,b_Dur,0.003982551238460223
201709,(vii),WLS,b_Dur,0.05367938696756053
201710,(vii),WLS,b_Dur,-0.04845326021596085
201711,(vii),WLS,b_Dur,0.0015903641123538037
201712,(vii),WLS,b_Dur,0.20502205573572815
201801,(vii),WLS,b_Dur,0.0645266418064584
201802,(vii),WLS,b_Dur,0.0179561622662602
201803,(vii),WLS,b_Dur,0.06554002497774016
201804,(vii),WLS,b_Dur,0.04947620657590674
201805,(vii),WLS,b_Dur,0.00742335929402816
201806,(vii),WLS,b_Dur,-0.08506719026825223
201807,(vii),WLS,b_Dur,0.06558182276315289
201808,(vii),WLS,b_Dur,-0.016450252959801813
201809,(vii),WLS,b_Dur,-0.25241074926604745
201810,(vii),WLS,b_Dur,0.048211252409368854
201811,(vii),WLS,b_Dur,-0.06652910682825645
201812,(vii),WLS,b_Dur,0.19720356081219742
201901,(vii),WLS,b_Dur,-0.030549347040361635
201902,(vii),WLS,b_Dur,-0.0023992581074166047
201903,(vii),WLS,b_Dur,0.05632464682377655
201904,(vii),WLS,b_Dur,-0.05360794742822711
201905,(vii),WLS,b_Dur,-0.0010638989676250241
201906,(vii),WLS,b_Dur,-0.06352915113807886
201907,(vii),WLS,b_Dur,-0.08104294056922964
201908,(vii),WLS,b_Dur,-0.038689703982681574
201909,(vii),WLS,b_Dur,0.01785442797770604
201910,(vii),WLS,b_Dur,0.020109339491422254
201911,(vii),WLS,b_Dur,0.00011927846316444474
201912,(vii),WLS,b_Dur,0.1757005773491804
202001,(vii),WLS,b_Dur,0.08936220910047118
202002,(vii),WLS,b_Dur,0.07426325547398961
202003,(vii),WLS,b_Dur,0.056925502235674566
202004,(vii),WLS,b_Dur,0.006885984155651479
202005,(vii),WLS,b_Dur,0.1380840978071865
202006,(vii),WLS,b_Dur,0.03451032117614754
202007,(vii),WLS,b_Dur,0.12491497226117038
202008,(vii),WLS,b_Dur,-0.12063055716938448
202009,(vii),WLS,b_Dur,-0.026281086371674516
202010,(vii),WLS,b_Dur,0.044239828186608376
202011,(vii),WLS,b_Dur,0.049907858163412075
202012,(vii),WLS,b_Dur,0.07791293366414907
202101,(vii),WLS,b_Dur,-0.08586888303406247
202102,(vii),WLS,b_Dur,-0.13724635863125345
202103,(vii),WLS,b_Dur,0.07753344335015001
202104,(vii),WLS,b_Dur,-0.03465385768145969
202105,(vii),WLS,b_Dur,0.19346326542284856
202106,(vii),WLS,b_Dur,0.06877823998019181
202107,(vii),WLS,b_Dur,0.07690058957606259
202108,(vii),WLS,b_Dur,0.05669336133077407
202109,(vii),WLS,b_Dur,0.07152737737038764
202110,(vii),WLS,b_Dur,0.14996799804784108
202111,(vii),WLS,b_Dur,-0.11551007368734527
202112,(vii),WLS,b_Dur,0.04949288765861749
202201,(vii),WLS,b_Dur,0.09304142282308944
202202,(vii),WLS,b_Dur,0.038075043137006166
202203,(vii),WLS,b_Dur,-0.16125441768686966
202204,(vii),WLS,b_Dur,0.03076037698375772
202205,(vii),WLS,b_Dur,-0.05524162911010388
202206,(vii),WLS,b_Dur,0.17194072367465638
202207,(vii),WLS,b_Dur,-0.008355355766107419
202208,(vii),WLS,b_Dur,-0.10847296282567911
202209,(vii),WLS,b_Dur,-0.04531002775376087
202210,(vii),WLS,b_Dur,-0.0747475467452505
202211,(vii),WLS,b_Dur,-0.1967129452628978
202212,(vii),WLS,b_Dur,0.20724792233054984
202301,(vii),WLS,b_Dur,0.10225210020727153
202302,(vii),WLS,b_Dur,0.13050229406435312
202303,(vii),WLS,b_Dur,-0.05275965980744643
202304,(vii),WLS,b_Dur,0.25066119698031125
202305,(vii),WLS,b_Dur,0.04581683222264252
202306,(vii),WLS,b_Dur,0.0351923100528906
202307,(vii),WLS,b_Dur,-0.003220539746310829
202308,(vii),WLS,b_Dur,-0.023363325744028406
202309,(vii),WLS,b_Dur,0.00045491468361423537
202310,(vii),WLS,b_Dur,0.25511501039137263
202311,(vii),WLS,b_Dur,-0.043404043668028684
202312,(vii),WLS,b_Dur,0.10128317521065303
202401,(vii),WLS,b_Dur,0.054971925638412356
202402,(vii),WLS,b_Dur,-0.1084165314410302
202403,(vii),WLS,b_Dur,-0.08493285030271203
202404,(vii),WLS,b_Dur,0.0723529081813914
202405,(vii),WLS,b_Dur,0.16331522710399465
202406,(vii),WLS,b_Dur,-0.0684460547992029
202407,(vii),WLS,b_Dur,-0.004062290885002399
202408,(vii),WLS,b_Dur,-0.015392134387201224
202409,(vii),WLS,b_Dur,0.14295697697693985
202410,(vii),WLS,b_Dur,0.011990907488055562
202411,(vii),WLS,b_Dur,-0.03709495062041809
197307,(vii),WLS,b_BM,-0.05758115097709489
197308,(vii),WLS,b_BM,0.062085142253062775
197309,(vii),WLS,b_BM,0.0628565582239328
197310,(vii),WLS,b_BM,0.2693252637690303
197311,(vii),WLS,b_BM,0.03105802249375411
197312,(vii),WLS,b_BM,-0.0053164617969221895
197401,(vii),WLS,b_BM,0.09982183098112121
197402,(vii),WLS,b_BM,-0.099617415222022
197403,(vii),WLS,b_BM,-0.06626942100480325
197404,(vii),WLS,b_BM,-0.07464682891829413
197405,(vii),WLS,b_BM,0.10590190696892168
197406,(vii),WLS,b_BM,-0.09065418453754949
197407,(vii),WLS,b_BM,0.1841436181840089
197408,(vii),WLS,b_BM,0.16042208919828083
197409,(vii),WLS,b_BM,-0.03318820068408947
197410,(vii),WLS,b_BM,0.048599261965283636
197411,(vii),WLS,b_BM,0.04179666704351849
197412,(vii),WLS,b_BM,0.019253485900780923
197501,(vii),WLS,b_BM,-0.0040705063083155794
197502,(vii),WLS,b_BM,-0.21169834563586737
197503,(vii),WLS,b_BM,-0.2806788394483996
197504,(vii),WLS,b_BM,0.07554336716814739
197505,(vii),WLS,b_BM,-0.1185152669868259
197506,(vii),WLS,b_BM,-0.08531967894287962
197507,(vii),WLS,b_BM,-0.14301114462113548
197508,(vii),WLS,b_BM,-0.01637330577548644
197509,(vii),WLS,b_BM,-0.024339372684365753
197510,(vii),WLS,b_BM,0.06923073675548677
197511,(vii),WLS,b_BM,-0.003163969620109579
197512,(vii),WLS,b_BM,0.004641842960701921
197601,(vii),WLS,b_BM,0.11005654772352247
197602,(vii),WLS,b_BM,0.007336669059247629
197603,(vii),WLS,b_BM,-0.015545006635554887
197604,(vii),WLS,b_BM,0.050108674653433806
197605,(vii),WLS,b_BM,0.06102743341295222
197606,(vii),WLS,b_BM,0.10792161612332837
197607,(vii),WLS,b_BM,0.15379011063683865
197608,(vii),WLS,b_BM,-0.04881965331322184
197609,(vii),WLS,b_BM,0.03257129559734251
197610,(vii),WLS,b_BM,0.12309016869721137
197611,(vii),WLS,b_BM,-0.11270295729923868
197612,(vii),WLS,b_BM,0.02647841806134154
197701,(vii),WLS,b_BM,0.07300072899566903
197702,(vii),WLS,b_BM,0.0416578018810903
197703,(vii),WLS,b_BM,-0.054718183197157724
197704,(vii),WLS,b_BM,0.0664193590030216
197705,(vii),WLS,b_BM,-0.02047353018056838
197706,(vii),WLS,b_BM,0.042712120222608806
197707,(vii),WLS,b_BM,0.01684159183691674
197708,(vii),WLS,b_BM,0.012965886497953608
197709,(vii),WLS,b_BM,-0.01668309043332496
197710,(vii),WLS,b_BM,0.032732711721352406
197711,(vii),WLS,b_BM,0.023118394253834496
197712,(vii),WLS,b_BM,0.07541971984669732
197801,(vii),WLS,b_BM,0.08204888217266199
197802,(vii),WLS,b_BM,0.014706274721147515
197803,(vii),WLS,b_BM,-0.10366626106436544
197804,(vii),WLS,b_BM,0.02275901919376825
197805,(vii),WLS,b_BM,0.04046694979439015
197806,(vii),WLS,b_BM,-0.0524358399892684
197807,(vii),WLS,b_BM,0.0012567374045649718
197808,(vii),WLS,b_BM,0.06671771538193241
197809,(vii),WLS,b_BM,0.0060005863171267056
197810,(vii),WLS,b_BM,0.030920418417957462
197811,(vii),WLS,b_BM,-0.029855254532341176
197812,(vii),WLS,b_BM,0.025414154651803907
197901,(vii),WLS,b_BM,0.090073150797747
197902,(vii),WLS,b_BM,-0.03308720499690925
197903,(vii),WLS,b_BM,-0.028972410047242252
197904,(vii),WLS,b_BM,0.051175173202347074
197905,(vii),WLS,b_BM,-0.026892717808581056
197906,(vii),WLS,b_BM,-0.044519915908023094
197907,(vii),WLS,b_BM,0.0648818773517062
197908,(vii),WLS,b_BM,-0.03095235318825859
197909,(vii),WLS,b_BM,-0.04075763547736347
197910,(vii),WLS,b_BM,0.14279921741998253
197911,(vii),WLS,b_BM,0.06167292326676377
197912,(vii),WLS,b_BM,-0.06551250532449594
198001,(vii),WLS,b_BM,-0.04284360071747132
198002,(vii),WLS,b_BM,-0.1498228326568244
198003,(vii),WLS,b_BM,0.09660700320976669
198004,(vii),WLS,b_BM,0.08804896127058356
198005,(vii),WLS,b_BM,0.023283408234327462
198006,(vii),WLS,b_BM,0.05003010560455169
198007,(vii),WLS,b_BM,-0.007845738814747993
198008,(vii),WLS,b_BM,0.042478959881680906
198009,(vii),WLS,b_BM,-0.016665648231506715
198010,(vii),WLS,b_BM,-0.13792542007882785
198011,(vii),WLS,b_BM,-0.061174415203560116
198012,(vii),WLS,b_BM,0.08908729898754619
198101,(vii),WLS,b_BM,-0.03371467517332376
198102,(vii),WLS,b_BM,0.21567397565388502
198103,(vii),WLS,b_BM,0.07049004019976797
198104,(vii),WLS,b_BM,0.10057278668322957
198105,(vii),WLS,b_BM,-0.029418118346893535
198106,(vii),WLS,b_BM,-0.18678779363086906
198107,(vii),WLS,b_BM,-0.13768735602479149
198108,(vii),WLS,b_BM,0.021891437059843005
198109,(vii),WLS,b_BM,-0.06518338447758015
198110,(vii),WLS,b_BM,0.08775256929191
198111,(vii),WLS,b_BM,0.04433187822952749
198112,(vii),WLS,b_BM,-0.014887761921527479
198201,(vii),WLS,b_BM,0.09784849236793254
198202,(vii),WLS,b_BM,0.028942589404758003
198203,(vii),WLS,b_BM,0.09893289106297996
198204,(vii),WLS,b_BM,-0.27206553423443924
198205,(vii),WLS,b_BM,0.05615079087265857
198206,(vii),WLS,b_BM,-0.09147457357857114
198207,(vii),WLS,b_BM,0.13259920554793267
198208,(vii),WLS,b_BM,-0.00992599357685694
198209,(vii),WLS,b_BM,0.15753518412535678
198210,(vii),WLS,b_BM,0.058877381369807025
198211,(vii),WLS,b_BM,-0.1069467063393729
198212,(vii),WLS,b_BM,0.06480512212349682
198301,(vii),WLS,b_BM,-0.03177912190111
198302,(vii),WLS,b_BM,0.07730770050378345
198303,(vii),WLS,b_BM,0.06265570968466275
198304,(vii),WLS,b_BM,0.19926348547160253
198305,(vii),WLS,b_BM,-0.036646159971148215
198306,(vii),WLS,b_BM,0.03596712208112708
198307,(vii),WLS,b_BM,0.06210799964418144
198308,(vii),WLS,b_BM,-0.027084416170192693
198309,(vii),WLS,b_BM,-0.013584432556502608
198310,(vii),WLS,b_BM,0.09041646683072163
198311,(vii),WLS,b_BM,-0.07787142643252759
198312,(vii),WLS,b_BM,0.023484711429887055
198401,(vii),WLS,b_BM,-0.07013045160348019
198402,(vii),WLS,b_BM,0.09689766451481371
198403,(vii),WLS,b_BM,-0.051405202592886654
198404,(vii),WLS,b_BM,-0.09541431021202623
198405,(vii),WLS,b_BM,-0.03247924271781815
198406,(vii),WLS,b_BM,-0.00401896119797265
198407,(vii),WLS,b_BM,0.042943780476316994
198408,(vii),WLS,b_BM,0.016017352750094686
198409,(vii),WLS,b_BM,-0.07895432083415126
198410,(vii),WLS,b_BM,0.0062958215424797955
198411,(vii),WLS,b_BM,-0.023161267700390176
198412,(vii),WLS,b_BM,-0.027316380225132025
198501,(vii),WLS,b_BM,-0.004994707848326299
198502,(vii),WLS,b_BM,0.04890315285366141
198503,(vii),WLS,b_BM,-0.0010146792759322398
198504,(vii),WLS,b_BM,0.028132006546460038
198505,(vii),WLS,b_BM,0.007519216511958337
198506,(vii),WLS,b_BM,0.044947097012770866
198507,(vii),WLS,b_BM,0.009542153359303257
198508,(vii),WLS,b_BM,0.0084155041778394
198509,(vii),WLS,b_BM,0.010620688950173002
198510,(vii),WLS,b_BM,-0.05273564152462742
198511,(vii),WLS,b_BM,-0.057605818144835494
198512,(vii),WLS,b_BM,0.06141959357121039
198601,(vii),WLS,b_BM,-0.08385008510449488
198602,(vii),WLS,b_BM,-0.0337296643652577
198603,(vii),WLS,b_BM,-0.01769360611299756
198604,(vii),WLS,b_BM,0.05927067844173335
198605,(vii),WLS,b_BM,-0.029802729391311046
198606,(vii),WLS,b_BM,-0.0017999831356173088
198607,(vii),WLS,b_BM,0.013057208761053811
198608,(vii),WLS,b_BM,0.10364640666522812
198609,(vii),WLS,b_BM,0.02295275449080754
198610,(vii),WLS,b_BM,-0.013253700999774963
198611,(vii),WLS,b_BM,-0.057926651515370804
198612,(vii),WLS,b_BM,0.06235732000839527
198701,(vii),WLS,b_BM,0.003222088333463345
198702,(vii),WLS,b_BM,0.05053470792807085
198703,(vii),WLS,b_BM,0.07209042019602264
198704,(vii),WLS,b_BM,0.01698908673735423
198705,(vii),WLS,b_BM,0.003122530486338369
198706,(vii),WLS,b_BM,0.0060172146004649025
198707,(vii),WLS,b_BM,-0.034861515787515236
198708,(vii),WLS,b_BM,0.002952148440477165
198709,(vii),WLS,b_BM,-0.04029981850644089
198710,(vii),WLS,b_BM,0.024106288575474644
198711,(vii),WLS,b_BM,-0.03471699897966884
198712,(vii),WLS,b_BM,0.04836913761436881
198801,(vii),WLS,b_BM,0.0656251381677147
198802,(vii),WLS,b_BM,0.041043807593305136
198803,(vii),WLS,b_BM,0.04686076720758871
198804,(vii),WLS,b_BM,-0.03850872049925144
198805,(vii),WLS,b_BM,0.0033361735182278786
198806,(vii),WLS,b_BM,0.026792330650931503
198807,(vii),WLS,b_BM,0.05306842611925268
198808,(vii),WLS,b_BM,-0.01761235644561975
198809,(vii),WLS,b_BM,0.03719759569934263
198810,(vii),WLS,b_BM,0.015033876655858864
198811,(vii),WLS,b_BM,0.02805378610289134
198812,(vii),WLS,b_BM,0.007911392755293263
198901,(vii),WLS,b_BM,0.065788501254407
198902,(vii),WLS,b_BM,0.06516499165255424
198903,(vii),WLS,b_BM,-0.028498477029148525
198904,(vii),WLS,b_BM,-0.027122958625495852
198905,(vii),WLS,b_BM,0.01578957150281671
198906,(vii),WLS,b_BM,-0.07095540710050148
198907,(vii),WLS,b_BM,-0.004189408730956912
198908,(vii),WLS,b_BM,-0.05069181660701768
198909,(vii),WLS,b_BM,-0.025813660896470924
198910,(vii),WLS,b_BM,-0.03127215569948432
198911,(vii),WLS,b_BM,0.008111426762580698
198912,(vii),WLS,b_BM,0.006785295340864689
199001,(vii),WLS,b_BM,0.040441623511458684
199002,(vii),WLS,b_BM,-0.00475491555508107
199003,(vii),WLS,b_BM,-0.04039889879687526
199004,(vii),WLS,b_BM,-0.06552507450274195
199005,(vii),WLS,b_BM,-0.08285535788235494
199006,(vii),WLS,b_BM,-0.06403826659091896
199007,(vii),WLS,b_BM,-0.01690615838790465
199008,(vii),WLS,b_BM,-0.07922055837659081
199009,(vii),WLS,b_BM,0.01938795838185456
199010,(vii),WLS,b_BM,0.025729521911146424
199011,(vii),WLS,b_BM,-0.080603095248111
199012,(vii),WLS,b_BM,0.032277640333420024
199101,(vii),WLS,b_BM,0.012119483035568309
199102,(vii),WLS,b_BM,0.05748215134557613
199103,(vii),WLS,b_BM,0.023842064182632267
199104,(vii),WLS,b_BM,0.06760139493876947
199105,(vii),WLS,b_BM,-0.015145171650675183
199106,(vii),WLS,b_BM,-0.03515728581777053
199107,(vii),WLS,b_BM,-0.03142718597720088
199108,(vii),WLS,b_BM,-0.062437700786438614
199109,(vii),WLS,b_BM,-0.008192233009698265
199110,(vii),WLS,b_BM,-0.05463310270156027
199111,(vii),WLS,b_BM,-0.06607939789764611
199112,(vii),WLS,b_BM,0.1165780156274961
199201,(vii),WLS,b_BM,0.15344695215345017
199202,(vii),WLS,b_BM,0.06988191015808673
199203,(vii),WLS,b_BM,0.008482275130882535
199204,(vii),WLS,b_BM,-0.038539800913141256
199205,(vii),WLS,b_BM,0.030017585719143102
199206,(vii),WLS,b_BM,-0.02690633981300814
199207,(vii),WLS,b_BM,-0.0916519564857298
199208,(vii),WLS,b_BM,-0.05796303843225088
199209,(vii),WLS,b_BM,-0.04496759650679129
199210,(vii),WLS,b_BM,0.025651206892065754
199211,(vii),WLS,b_BM,-0.030364444569608795
199212,(vii),WLS,b_BM,0.17751109795583117
199301,(vii),WLS,b_BM,0.1118860015110911
199302,(vii),WLS,b_BM,0.005597629699017353
199303,(vii),WLS,b_BM,0.05066539829212103
199304,(vii),WLS,b_BM,0.028547762327249357
199305,(vii),WLS,b_BM,0.08680981994283928
199306,(vii),WLS,b_BM,0.022693050410069023
199307,(vii),WLS,b_BM,0.0008550480832321631
199308,(vii),WLS,b_BM,0.03638632358135058
199309,(vii),WLS,b_BM,0.03719945304464307
199310,(vii),WLS,b_BM,-0.025015487045773454
199311,(vii),WLS,b_BM,-0.033072437755404006
199312,(vii),WLS,b_BM,-0.0035757209356528825
199401,(vii),WLS,b_BM,0.02422595393735486
199402,(vii),WLS,b_BM,0.009334358291582346
199403,(vii),WLS,b_BM,-0.02269384016318371
199404,(vii),WLS,b_BM,-0.0210149838335448
199405,(vii),WLS,b_BM,0.04205658008463348
199406,(vii),WLS,b_BM,0.023883486340601747
199407,(vii),WLS,b_BM,-0.0003271992718123177
199408,(vii),WLS,b_BM,0.010582214917828427
199409,(vii),WLS,b_BM,-0.010506573830036352
199410,(vii),WLS,b_BM,-0.03188013263437381
199411,(vii),WLS,b_BM,-0.040691742158478574
199412,(vii),WLS,b_BM,-0.048265683752860014
199501,(vii),WLS,b_BM,-0.014255108651142155
199502,(vii),WLS,b_BM,0.004925806383000778
199503,(vii),WLS,b_BM,-0.030370532674970325
199504,(vii),WLS,b_BM,-0.016798514201091262
199505,(vii),WLS,b_BM,0.01939745908115614
199506,(vii),WLS,b_BM,-0.03406127515782924
199507,(vii),WLS,b_BM,0.025004107046893813
199508,(vii),WLS,b_BM,-0.04250910601739341
199509,(vii),WLS,b_BM,-0.09568244575155581
199510,(vii),WLS,b_BM,0.010476888695297597
199511,(vii),WLS,b_BM,-0.05308360790072321
199512,(vii),WLS,b_BM,-0.0340446631381371
199601,(vii),WLS,b_BM,0.047466484504979124
199602,(vii),WLS,b_BM,0.0557294300173103
199603,(vii),WLS,b_BM,0.07482175966956293
199604,(vii),WLS,b_BM,-0.008505751514526727
199605,(vii),WLS,b_BM,-0.1080480386912735
199606,(vii),WLS,b_BM,0.004596723612549931
199607,(vii),WLS,b_BM,0.0642439867545859
199608,(vii),WLS,b_BM,-0.072669077449429
199609,(vii),WLS,b_BM,-0.020339335505494598
199610,(vii),WLS,b_BM,-0.02046395077194714
199611,(vii),WLS,b_BM,-0.0014190901548925775
199612,(vii),WLS,b_BM,-0.09220123298329304
199701,(vii),WLS,b_BM,-0.007674719476444629
199702,(vii),WLS,b_BM,0.03422821880468378
199703,(vii),WLS,b_BM,0.004355093054750396
199704,(vii),WLS,b_BM,0.07295370605376714
199705,(vii),WLS,b_BM,-0.03502743623362083
199706,(vii),WLS,b_BM,-0.04050817663154875
199707,(vii),WLS,b_BM,0.010590502591337446
199708,(vii),WLS,b_BM,0.05314767678900907
199709,(vii),WLS,b_BM,0.06536942736811538
199710,(vii),WLS,b_BM,-0.0100395070398742
199711,(vii),WLS,b_BM,0.012755987833142794
199712,(vii),WLS,b_BM,0.043407967256288475
199801,(vii),WLS,b_BM,0.032122464786798824
199802,(vii),WLS,b_BM,0.07809648578881384
199803,(vii),WLS,b_BM,0.024622888106120438
199804,(vii),WLS,b_BM,0.07808365545280156
199805,(vii),WLS,b_BM,0.05426226277462865
199806,(vii),WLS,b_BM,-0.028788969467936222
199807,(vii),WLS,b_BM,-0.14526857330478632
199808,(vii),WLS,b_BM,-0.062165456520064444
199809,(vii),WLS,b_BM,-0.024093915805497024
199810,(vii),WLS,b_BM,-0.027743151210612462
199811,(vii),WLS,b_BM,-0.01330848932569767
199812,(vii),WLS,b_BM,0.024801975276142984
199901,(vii),WLS,b_BM,-0.016432918967179383
199902,(vii),WLS,b_BM,-0.019122087173799332
199903,(vii),WLS,b_BM,0.020965845519585476
199904,(vii),WLS,b_BM,0.014444887617851336
199905,(vii),WLS,b_BM,-0.0833893257482454
199906,(vii),WLS,b_BM,-0.0762911692636992
199907,(vii),WLS,b_BM,0.08578789521972421
199908,(vii),WLS,b_BM,-0.08467147605736687
199909,(vii),WLS,b_BM,-0.09953901699524628
199910,(vii),WLS,b_BM,-0.029013146533712855
199911,(vii),WLS,b_BM,0.0008956354542089054
199912,(vii),WLS,b_BM,-0.07057999524024192
200001,(vii),WLS,b_BM,0.04514971507352346
200002,(vii),WLS,b_BM,0.031787244653952315
200003,(vii),WLS,b_BM,0.02497970507469369
200004,(vii),WLS,b_BM,-0.0781624612847618
200005,(vii),WLS,b_BM,-0.05067108055645757
200006,(vii),WLS,b_BM,0.12764505394913092
200007,(vii),WLS,b_BM,-0.02162512355273316
200008,(vii),WLS,b_BM,0.007682281292433535
200009,(vii),WLS,b_BM,-0.08674927207918591
200010,(vii),WLS,b_BM,0.06173660907068503
200011,(vii),WLS,b_BM,0.10385094049604236
200012,(vii),WLS,b_BM,0.07745882288920844
200101,(vii),WLS,b_BM,-0.04579109712450426
200102,(vii),WLS,b_BM,0.06254877978235743
200103,(vii),WLS,b_BM,-0.019201420440923437
200104,(vii),WLS,b_BM,-0.06096086869140834
200105,(vii),WLS,b_BM,0.047366620260915676
200106,(vii),WLS,b_BM,0.0008046662895527055
200107,(vii),WLS,b_BM,-0.054446320480874194
200108,(vii),WLS,b_BM,-0.011600271233351243
200109,(vii),WLS,b_BM,-0.15213266505986822
200110,(vii),WLS,b_BM,0.10837691514814088
200111,(vii),WLS,b_BM,-0.02966090445767115
200112,(vii),WLS,b_BM,0.00029132025864465633
200201,(vii),WLS,b_BM,0.037765177003191
200202,(vii),WLS,b_BM,-0.045507399037379256
200203,(vii),WLS,b_BM,0.03587743263713439
200204,(vii),WLS,b_BM,-0.04531393986949479
200205,(vii),WLS,b_BM,0.056974281820342185
200206,(vii),WLS,b_BM,-0.0664698366123593
200207,(vii),WLS,b_BM,0.1349185909757535
200208,(vii),WLS,b_BM,0.02252468392258628
200209,(vii),WLS,b_BM,-0.17217486647711036
200210,(vii),WLS,b_BM,0.08126533464194494
200211,(vii),WLS,b_BM,-0.014198928913735396
200212,(vii),WLS,b_BM,0.07138010247349613
200301,(vii),WLS,b_BM,-0.0133144793089412
200302,(vii),WLS,b_BM,-0.024450561071734208
200303,(vii),WLS,b_BM,0.008138895004727708
200304,(vii),WLS,b_BM,-0.0222320943821755
200305,(vii),WLS,b_BM,0.05733004014696251
200306,(vii),WLS,b_BM,0.07855142634615923
200307,(vii),WLS,b_BM,0.04684709710909202
200308,(vii),WLS,b_BM,0.0020999995666199367
200309,(vii),WLS,b_BM,0.07920817826057443
200310,(vii),WLS,b_BM,0.029363880341554342
200311,(vii),WLS,b_BM,0.004558195896511066
200312,(vii),WLS,b_BM,0.04531302939285977
200401,(vii),WLS,b_BM,-0.021309478100233648
200402,(vii),WLS,b_BM,0.02638459283901344
200403,(vii),WLS,b_BM,-0.05660777066041575
200404,(vii),WLS,b_BM,0.03022246936337075
200405,(vii),WLS,b_BM,0.012643855109988318
200406,(vii),WLS,b_BM,0.11319436094932576
200407,(vii),WLS,b_BM,-0.039639532085594356
200408,(vii),WLS,b_BM,0.006637618762906739
200409,(vii),WLS,b_BM,0.01714839672209668
200410,(vii),WLS,b_BM,0.05573683748266096
200411,(vii),WLS,b_BM,0.007708467602948459
200412,(vii),WLS,b_BM,-0.048667892343975006
200501,(vii),WLS,b_BM,-0.08483457201533548
200502,(vii),WLS,b_BM,0.017453764746051918
200503,(vii),WLS,b_BM,-0.07371021574971852
200504,(vii),WLS,b_BM,0.09909882163993687
200505,(vii),WLS,b_BM,0.03625607916975328
200506,(vii),WLS,b_BM,0.010310550840422164
200507,(vii),WLS,b_BM,-0.00427493670743773
200508,(vii),WLS,b_BM,-0.04526012525780317
200509,(vii),WLS,b_BM,-0.024652158043005603
200510,(vii),WLS,b_BM,-0.012474289674345765
200511,(vii),WLS,b_BM,0.003961935934310715
200512,(vii),WLS,b_BM,0.10431975059004195
200601,(vii),WLS,b_BM,-0.0022992188088905886
200602,(vii),WLS,b_BM,0.016001106530358973
200603,(vii),WLS,b_BM,0.004639458063061607
200604,(vii),WLS,b_BM,-0.05368063171771113
200605,(vii),WLS,b_BM,0.03132335326204195
200606,(vii),WLS,b_BM,-0.01620449939003879
200607,(vii),WLS,b_BM,0.03433190587619146
200608,(vii),WLS,b_BM,0.08152405961165488
200609,(vii),WLS,b_BM,0.03153259573529405
200610,(vii),WLS,b_BM,-0.04292420368173528
200611,(vii),WLS,b_BM,0.028970602821942994
200612,(vii),WLS,b_BM,0.05482338809859195
200701,(vii),WLS,b_BM,-0.003029102236127637
200702,(vii),WLS,b_BM,-0.024087124930153116
200703,(vii),WLS,b_BM,-0.03227404635957558
200704,(vii),WLS,b_BM,0.0275824630169311
200705,(vii),WLS,b_BM,0.0029113410557467063
200706,(vii),WLS,b_BM,-0.06567203648755238
200707,(vii),WLS,b_BM,-0.03545184828662452
200708,(vii),WLS,b_BM,-0.06966876464441515
200709,(vii),WLS,b_BM,0.045918710281118616
200710,(vii),WLS,b_BM,-0.0694245984120497
200711,(vii),WLS,b_BM,0.04684883075895832
200712,(vii),WLS,b_BM,0.01362740952002842
200801,(vii),WLS,b_BM,-0.09305036779061042
200802,(vii),WLS,b_BM,0.06347995024330894
200803,(vii),WLS,b_BM,-9.330089240173339e-05
200804,(vii),WLS,b_BM,0.06801694111941291
200805,(vii),WLS,b_BM,-0.02663750482990645
200806,(vii),WLS,b_BM,0.04429053663050182
200807,(vii),WLS,b_BM,0.1031594642943214
200808,(vii),WLS,b_BM,-0.00767360241831444
200809,(vii),WLS,b_BM,-0.11116213041423312
200810,(vii),WLS,b_BM,-0.11845766241945438
200811,(vii),WLS,b_BM,-0.026587343674605843
200812,(vii),WLS,b_BM,-0.05251251642283049
200901,(vii),WLS,b_BM,0.07149242829363978
200902,(vii),WLS,b_BM,0.023874096210833178
200903,(vii),WLS,b_BM,0.14434232729261426
200904,(vii),WLS,b_BM,-0.06109225769531374
200905,(vii),WLS,b_BM,0.08875944776852529
200906,(vii),WLS,b_BM,0.05865999398124684
200907,(vii),WLS,b_BM,0.07986491013448373
200908,(vii),WLS,b_BM,0.07735474789674035
200909,(vii),WLS,b_BM,-0.06904633883750352
200910,(vii),WLS,b_BM,-0.06566354447604812
200911,(vii),WLS,b_BM,0.0994355701950205
200912,(vii),WLS,b_BM,0.009950176559822497
201001,(vii),WLS,b_BM,0.041121339217504146
201002,(vii),WLS,b_BM,0.027965996359708003
201003,(vii),WLS,b_BM,0.08176998276602464
201004,(vii),WLS,b_BM,-0.00023389822253359546
201005,(vii),WLS,b_BM,-0.08927465141496219
201006,(vii),WLS,b_BM,0.004428969201425418
201007,(vii),WLS,b_BM,-0.007653339053110044
201008,(vii),WLS,b_BM,0.05657229745261817
201009,(vii),WLS,b_BM,0.004965312832187024
201010,(vii),WLS,b_BM,-0.013700678103798495
201011,(vii),WLS,b_BM,0.03291600691973909
201012,(vii),WLS,b_BM,-0.04902450245415038
201101,(vii),WLS,b_BM,0.04875453408264729
201102,(vii),WLS,b_BM,0.03301586049564442
201103,(vii),WLS,b_BM,-0.019447123657255528
201104,(vii),WLS,b_BM,0.026143674314060675
201105,(vii),WLS,b_BM,-0.008310501183031425
201106,(vii),WLS,b_BM,-0.038529689804616796
201107,(vii),WLS,b_BM,-0.0758359084330143
201108,(vii),WLS,b_BM,-0.003110934628883951
201109,(vii),WLS,b_BM,0.024967734519197177
201110,(vii),WLS,b_BM,-0.03624917216942117
201111,(vii),WLS,b_BM,0.004824351386941664
201112,(vii),WLS,b_BM,0.006426375256991364
201201,(vii),WLS,b_BM,0.030725640183930755
201202,(vii),WLS,b_BM,0.01039219011423373
201203,(vii),WLS,b_BM,0.0007448330663599595
201204,(vii),WLS,b_BM,0.04683020024501613
201205,(vii),WLS,b_BM,0.01000309816025953
201206,(vii),WLS,b_BM,-0.007117506704177615
201207,(vii),WLS,b_BM,0.01833841148934078
201208,(vii),WLS,b_BM,0.040998223929808175
201209,(vii),WLS,b_BM,-0.018682799382436832
201210,(vii),WLS,b_BM,-0.004224723342392246
201211,(vii),WLS,b_BM,0.04697103972982019
201212,(vii),WLS,b_BM,0.032505530438495744
201301,(vii),WLS,b_BM,-0.010391922707744418
201302,(vii),WLS,b_BM,0.029503818851374194
201303,(vii),WLS,b_BM,-0.033102622654656966
201304,(vii),WLS,b_BM,0.0038801365710209867
201305,(vii),WLS,b_BM,-0.0023966334653343947
201306,(vii),WLS,b_BM,0.013672686356429002
201307,(vii),WLS,b_BM,-0.029940109905182512
201308,(vii),WLS,b_BM,0.021879836422039632
201309,(vii),WLS,b_BM,0.08172253873037925
201310,(vii),WLS,b_BM,-0.012449802889905272
201311,(vii),WLS,b_BM,-0.014526219536246568
201312,(vii),WLS,b_BM,3.313532818560727e-05
201401,(vii),WLS,b_BM,-0.036933639350960334
201402,(vii),WLS,b_BM,0.05251797955132028
201403,(vii),WLS,b_BM,-0.04397489615156052
201404,(vii),WLS,b_BM,0.012232756312391572
201405,(vii),WLS,b_BM,0.03558990667810012
201406,(vii),WLS,b_BM,0.019855453717916922
201407,(vii),WLS,b_BM,-0.05444881828488942
201408,(vii),WLS,b_BM,-0.051616626072039734
201409,(vii),WLS,b_BM,-0.07647473858458527
201410,(vii),WLS,b_BM,-0.017328738973301658
201411,(vii),WLS,b_BM,0.0017455786115745976
201412,(vii),WLS,b_BM,-0.028599030273638054
201501,(vii),WLS,b_BM,-0.0010938294919501934
201502,(vii),WLS,b_BM,-0.006620881850264314
201503,(vii),WLS,b_BM,0.06410083393058187
201504,(vii),WLS,b_BM,-0.02576860995768793
201505,(vii),WLS,b_BM,-0.019841205809426502
201506,(vii),WLS,b_BM,-0.11622353267680904
201507,(vii),WLS,b_BM,0.04378324474841849
201508,(vii),WLS,b_BM,-0.025250360906395042
201509,(vii),WLS,b_BM,0.0032961860643557217
201510,(vii),WLS,b_BM,0.013188333005552852
201511,(vii),WLS,b_BM,-0.019333947827793147
201512,(vii),WLS,b_BM,-0.0012841297536051108
201601,(vii),WLS,b_BM,-0.004787869108038205
201602,(vii),WLS,b_BM,0.038156390589280526
201603,(vii),WLS,b_BM,0.0569524525521547
201604,(vii),WLS,b_BM,0.03260750117407334
201605,(vii),WLS,b_BM,0.03387608337908569
201606,(vii),WLS,b_BM,0.057847110122748124
201607,(vii),WLS,b_BM,-0.006816751860809591
201608,(vii),WLS,b_BM,0.03760820235297698
201609,(vii),WLS,b_BM,-0.038535180901709445
201610,(vii),WLS,b_BM,0.04927130724491628
201611,(vii),WLS,b_BM,0.003998053895540976
201612,(vii),WLS,b_BM,-0.010407005642628551
201701,(vii),WLS,b_BM,-0.0699694772345401
201702,(vii),WLS,b_BM,-0.02325441869889707
201703,(vii),WLS,b_BM,-0.016438975903867094
201704,(vii),WLS,b_BM,-0.04248295321123257
201705,(vii),WLS,b_BM,-0.03964255721665312
201706,(vii),WLS,b_BM,-0.005468448991414691
201707,(vii),WLS,b_BM,-0.07762602688923949
201708,(vii),WLS,b_BM,0.04137147321906274
201709,(vii),WLS,b_BM,-0.03780905604890634
201710,(vii),WLS,b_BM,0.01631301687176753
201711,(vii),WLS,b_BM,0.01651615479299048
201712,(vii),WLS,b_BM,-0.0016279373159867327
201801,(vii),WLS,b_BM,-0.04208233631534408
201802,(vii),WLS,b_BM,0.059517558549039326
201803,(vii),WLS,b_BM,0.023336721058497018
201804,(vii),WLS,b_BM,-0.008774434883548312
201805,(vii),WLS,b_BM,0.005834730120885413
201806,(vii),WLS,b_BM,-0.05408649384491027
201807,(vii),WLS,b_BM,-0.031329040176938855
201808,(vii),WLS,b_BM,-0.029734199145043244
201809,(vii),WLS,b_BM,-0.06915028564896612
201810,(vii),WLS,b_BM,0.020853359538819186
201811,(vii),WLS,b_BM,-0.08817071740218344
201812,(vii),WLS,b_BM,0.1325515624429477
201901,(vii),WLS,b_BM,-0.054776483763015305
201902,(vii),WLS,b_BM,-0.0697193726333401
201903,(vii),WLS,b_BM,-0.01626090380866289
201904,(vii),WLS,b_BM,-0.05943809512784164
201905,(vii),WLS,b_BM,0.001796463482636219
201906,(vii),WLS,b_BM,-0.045079970126859895
201907,(vii),WLS,b_BM,-0.09045516161226796
201908,(vii),WLS,b_BM,0.06093630881703581
201909,(vii),WLS,b_BM,-0.01909776392519749
201910,(vii),WLS,b_BM,-0.056522971248852444
201911,(vii),WLS,b_BM,0.0034199132449029535
201912,(vii),WLS,b_BM,-0.08378898900672165
202001,(vii),WLS,b_BM,0.027325050549566608
202002,(vii),WLS,b_BM,-0.15544001213278127
202003,(vii),WLS,b_BM,0.05249434608961548
202004,(vii),WLS,b_BM,-0.010361193645934403
202005,(vii),WLS,b_BM,-0.06203276412907948
202006,(vii),WLS,b_BM,-0.09336998757364075
202007,(vii),WLS,b_BM,-0.1404281244708694
202008,(vii),WLS,b_BM,-0.025733161761038976
202009,(vii),WLS,b_BM,0.025035709468844192
202010,(vii),WLS,b_BM,0.06921255086521182
202011,(vii),WLS,b_BM,-0.06886132373815358
202012,(vii),WLS,b_BM,0.08459412221987239
202101,(vii),WLS,b_BM,0.11527313307778897
202102,(vii),WLS,b_BM,0.034256663966085316
202103,(vii),WLS,b_BM,-0.018686562023736822
202104,(vii),WLS,b_BM,0.09675643029489883
202105,(vii),WLS,b_BM,-0.003076222760363456
202106,(vii),WLS,b_BM,-0.016813584385845747
202107,(vii),WLS,b_BM,-0.026389421987681773
202108,(vii),WLS,b_BM,0.050933402419870724
202109,(vii),WLS,b_BM,-0.11109394632938249
202110,(vii),WLS,b_BM,0.026550195850119744
202111,(vii),WLS,b_BM,0.054263936051329925
202112,(vii),WLS,b_BM,0.17433508993390115
202201,(vii),WLS,b_BM,0.09287684351102393
202202,(vii),WLS,b_BM,-0.05168410165170665
202203,(vii),WLS,b_BM,0.09619703875145677
202204,(vii),WLS,b_BM,0.16043880593020843
202205,(vii),WLS,b_BM,-0.053266071875031254
202206,(vii),WLS,b_BM,-0.09406350164013544
202207,(vii),WLS,b_BM,0.0255836002509821
202208,(vii),WLS,b_BM,-0.07092920052983344
202209,(vii),WLS,b_BM,0.12282264906097555
202210,(vii),WLS,b_BM,-0.018884295740529425
202211,(vii),WLS,b_BM,-0.04363497063733238
202212,(vii),WLS,b_BM,0.08168615800658557
202301,(vii),WLS,b_BM,-0.023310030454140207
202302,(vii),WLS,b_BM,0.009561028563078902
202303,(vii),WLS,b_BM,0.016663286707437244
202304,(vii),WLS,b_BM,-0.04345402349421425
202305,(vii),WLS,b_BM,-0.019846855245833305
202306,(vii),WLS,b_BM,0.07952819588542195
202307,(vii),WLS,b_BM,-0.038948549729896316
202308,(vii),WLS,b_BM,0.049707727346297394
202309,(vii),WLS,b_BM,-0.011392687246918809
202310,(vii),WLS,b_BM,0.11591311759125994
202311,(vii),WLS,b_BM,0.011624881179904761
202312,(vii),WLS,b_BM,0.04200108800941939
202401,(vii),WLS,b_BM,0.02624795172117588
202402,(vii),WLS,b_BM,-0.04140207844449656
202403,(vii),WLS,b_BM,-0.1262389314988408
202404,(vii),WLS,b_BM,0.0033014208775352175
202405,(vii),WLS,b_BM,0.005015107689636561
202406,(vii),WLS,b_BM,0.0018180806979642555
202407,(vii),WLS,b_BM,-0.02641325535059159
202408,(vii),WLS,b_BM,-0.06612873898036065
202409,(vii),WLS,b_BM,0.12810975926061263
202410,(vii),WLS,b_BM,-0.031120731920302347
202411,(vii),WLS,b_BM,-0.17597269045552422
197307,(vii),WLS,b_GP,-0.04553222995486665
197308,(vii),WLS,b_GP,-0.10983193616321046
197309,(vii),WLS,b_GP,-0.02354858924510321
197310,(vii),WLS,b_GP,0.0031563708700900195
197311,(vii),WLS,b_GP,-0.15848894653689244
197312,(vii),WLS,b_GP,0.11091272347701421
197401,(vii),WLS,b_GP,-0.018640389004925824
197402,(vii),WLS,b_GP,0.02620642516432682
197403,(vii),WLS,b_GP,0.025820424109191303
197404,(vii),WLS,b_GP,0.04134271820959133
197405,(vii),WLS,b_GP,-0.005711335977392637
197406,(vii),WLS,b_GP,-0.04451798391127201
197407,(vii),WLS,b_GP,-0.014261019958528506
197408,(vii),WLS,b_GP,-0.06627698589975331
197409,(vii),WLS,b_GP,-0.02573388776191532
197410,(vii),WLS,b_GP,-0.009594927467529876
197411,(vii),WLS,b_GP,-0.03142332050311623
197412,(vii),WLS,b_GP,0.09577940976555402
197501,(vii),WLS,b_GP,0.0701299779374745
197502,(vii),WLS,b_GP,-0.010983896821954553
197503,(vii),WLS,b_GP,-0.07131667774726164
197504,(vii),WLS,b_GP,-0.0016674005104536926
197505,(vii),WLS,b_GP,-0.05520655555098086
197506,(vii),WLS,b_GP,-0.07294655197639682
197507,(vii),WLS,b_GP,-0.025055896362051418
197508,(vii),WLS,b_GP,0.008662997519252005
197509,(vii),WLS,b_GP,0.08492310386903756
197510,(vii),WLS,b_GP,0.05068454175494219
197511,(vii),WLS,b_GP,-0.05312696131889466
197512,(vii),WLS,b_GP,0.007973521246128615
197601,(vii),WLS,b_GP,-0.014580518288609623
197602,(vii),WLS,b_GP,-0.0035495738097001545
197603,(vii),WLS,b_GP,-0.07305906235148128
197604,(vii),WLS,b_GP,-0.013919750155429435
197605,(vii),WLS,b_GP,0.028525921082556797
197606,(vii),WLS,b_GP,0.038576201831550784
197607,(vii),WLS,b_GP,0.040786027378759505
197608,(vii),WLS,b_GP,-0.0210626232804435
197609,(vii),WLS,b_GP,-0.04047829416146403
197610,(vii),WLS,b_GP,0.00880216974161005
197611,(vii),WLS,b_GP,-0.03194575709016355
197612,(vii),WLS,b_GP,-0.0006853697365550443
197701,(vii),WLS,b_GP,0.02377472330803518
197702,(vii),WLS,b_GP,0.017406764375016662
197703,(vii),WLS,b_GP,-0.07324326548708204
197704,(vii),WLS,b_GP,0.0009479469616019212
197705,(vii),WLS,b_GP,0.054919906851027364
197706,(vii),WLS,b_GP,0.05594565444404538
197707,(vii),WLS,b_GP,0.06889884067832637
197708,(vii),WLS,b_GP,-0.018143732558757817
197709,(vii),WLS,b_GP,0.028831299487407543
197710,(vii),WLS,b_GP,0.03733543619228262
197711,(vii),WLS,b_GP,0.0024260964452275796
197712,(vii),WLS,b_GP,0.046608236290554175
197801,(vii),WLS,b_GP,0.011184820824074508
197802,(vii),WLS,b_GP,-0.010560294155097225
197803,(vii),WLS,b_GP,0.01508375060507702
197804,(vii),WLS,b_GP,0.035626897305395054
197805,(vii),WLS,b_GP,0.03972029439357884
197806,(vii),WLS,b_GP,0.014560162703970626
197807,(vii),WLS,b_GP,-0.005574813255038044
197808,(vii),WLS,b_GP,-0.037724530365202694
197809,(vii),WLS,b_GP,-0.00854310817568369
197810,(vii),WLS,b_GP,0.006431424216761656
197811,(vii),WLS,b_GP,0.022230495137505142
197812,(vii),WLS,b_GP,-0.004342412698553903
197901,(vii),WLS,b_GP,-0.01815321412935742
197902,(vii),WLS,b_GP,-0.027461425260409733
197903,(vii),WLS,b_GP,0.002263766453802274
197904,(vii),WLS,b_GP,0.004247908603187564
197905,(vii),WLS,b_GP,-0.0635455781229113
197906,(vii),WLS,b_GP,-0.03848969688113159
197907,(vii),WLS,b_GP,-0.0010521377130145865
197908,(vii),WLS,b_GP,-0.05536320545138479
197909,(vii),WLS,b_GP,-0.03177750004983591
197910,(vii),WLS,b_GP,-0.030442790345143023
197911,(vii),WLS,b_GP,-0.05636761048978091
197912,(vii),WLS,b_GP,-0.14330320443773084
198001,(vii),WLS,b_GP,-0.11492431858906287
198002,(vii),WLS,b_GP,0.08198287146894255
198003,(vii),WLS,b_GP,-0.026692777051372157
198004,(vii),WLS,b_GP,0.04357860685059487
198005,(vii),WLS,b_GP,-0.052882036058422996
198006,(vii),WLS,b_GP,0.05896575984379144
198007,(vii),WLS,b_GP,-0.03728861296343565
198008,(vii),WLS,b_GP,-0.07116181352842683
198009,(vii),WLS,b_GP,-0.069967372603357
198010,(vii),WLS,b_GP,-0.19002017955442646
198011,(vii),WLS,b_GP,0.09389297127060625
198012,(vii),WLS,b_GP,0.08716405335914329
198101,(vii),WLS,b_GP,0.0010260944238070016
198102,(vii),WLS,b_GP,0.048420481406087984
198103,(vii),WLS,b_GP,0.11192873107236725
198104,(vii),WLS,b_GP,0.07556060633800182
198105,(vii),WLS,b_GP,-0.04049519538075387
198106,(vii),WLS,b_GP,-0.07823630135724877
198107,(vii),WLS,b_GP,0.00859777279848524
198108,(vii),WLS,b_GP,0.10156199413267203
198109,(vii),WLS,b_GP,-0.050372022181592105
198110,(vii),WLS,b_GP,-0.004880935003634471
198111,(vii),WLS,b_GP,0.05600488840315793
198112,(vii),WLS,b_GP,0.11964355070141555
198201,(vii),WLS,b_GP,0.10600644203888565
198202,(vii),WLS,b_GP,0.02581632162701494
198203,(vii),WLS,b_GP,0.03912319507529688
198204,(vii),WLS,b_GP,-0.03967876775913079
198205,(vii),WLS,b_GP,0.05734744406773387
198206,(vii),WLS,b_GP,0.06640581477461906
198207,(vii),WLS,b_GP,-0.0009681709379761316
198208,(vii),WLS,b_GP,0.03809613679262171
198209,(vii),WLS,b_GP,0.0173875488073659
198210,(vii),WLS,b_GP,0.09919396931169332
198211,(vii),WLS,b_GP,-0.028342912889853328
198212,(vii),WLS,b_GP,-0.02763829977002108
198301,(vii),WLS,b_GP,0.014064021501903182
198302,(vii),WLS,b_GP,0.03756285643872787
198303,(vii),WLS,b_GP,0.008343758602912539
198304,(vii),WLS,b_GP,0.0006611109775645496
198305,(vii),WLS,b_GP,0.004331458555700409
198306,(vii),WLS,b_GP,0.02035163937069973
198307,(vii),WLS,b_GP,0.011307309416493246
198308,(vii),WLS,b_GP,0.048991342665650556
198309,(vii),WLS,b_GP,0.026813631122156505
198310,(vii),WLS,b_GP,-0.024415475356264496
198311,(vii),WLS,b_GP,-0.02138269915450948
198312,(vii),WLS,b_GP,-0.03696462184002955
198401,(vii),WLS,b_GP,-0.015039489834379277
198402,(vii),WLS,b_GP,0.028276437258017276
198403,(vii),WLS,b_GP,0.015246300196560085
198404,(vii),WLS,b_GP,0.009151391703421483
198405,(vii),WLS,b_GP,0.022954997213532898
198406,(vii),WLS,b_GP,0.04364250004864502
198407,(vii),WLS,b_GP,-0.008869800794595602
198408,(vii),WLS,b_GP,0.019874174559018104
198409,(vii),WLS,b_GP,0.007996289506531307
198410,(vii),WLS,b_GP,0.010209238286710245
198411,(vii),WLS,b_GP,0.0009323896137035329
198412,(vii),WLS,b_GP,-0.028054913167135532
198501,(vii),WLS,b_GP,0.012324631926122667
198502,(vii),WLS,b_GP,0.04232414005470117
198503,(vii),WLS,b_GP,-0.011742316116192118
198504,(vii),WLS,b_GP,0.049723709423158624
198505,(vii),WLS,b_GP,-0.001658175297463902
198506,(vii),WLS,b_GP,0.003702160397268575
198507,(vii),WLS,b_GP,0.007865969125887502
198508,(vii),WLS,b_GP,0.054962473415979235
198509,(vii),WLS,b_GP,0.03569713007170086
198510,(vii),WLS,b_GP,0.016273008119637847
198511,(vii),WLS,b_GP,0.02077149133022355
198512,(vii),WLS,b_GP,0.04179381994208191
198601,(vii),WLS,b_GP,-0.05336275551455887
198602,(vii),WLS,b_GP,0.011300036319137183
198603,(vii),WLS,b_GP,0.040267407773187935
198604,(vii),WLS,b_GP,0.058194768531703744
198605,(vii),WLS,b_GP,0.026913499963017624
198606,(vii),WLS,b_GP,0.03224473387371998
198607,(vii),WLS,b_GP,-0.06509620346307193
198608,(vii),WLS,b_GP,-0.01697233343026517
198609,(vii),WLS,b_GP,-0.007041223798520291
198610,(vii),WLS,b_GP,0.009072219460122717
198611,(vii),WLS,b_GP,-0.02825213395276168
198612,(vii),WLS,b_GP,0.015583255418180703
198701,(vii),WLS,b_GP,0.045640096832978094
198702,(vii),WLS,b_GP,-0.014603014876977204
198703,(vii),WLS,b_GP,0.030724185862866953
198704,(vii),WLS,b_GP,0.019941136268728038
198705,(vii),WLS,b_GP,0.019720708549336947
198706,(vii),WLS,b_GP,-0.03746980520778435
198707,(vii),WLS,b_GP,0.010071830110090989
198708,(vii),WLS,b_GP,-0.04399940786178785
198709,(vii),WLS,b_GP,0.02136875154666442
198710,(vii),WLS,b_GP,-0.016399803635248483
198711,(vii),WLS,b_GP,-0.022753785890335262
198712,(vii),WLS,b_GP,0.015425606594657708
198801,(vii),WLS,b_GP,0.0363282921448723
198802,(vii),WLS,b_GP,-0.01815734685116625
198803,(vii),WLS,b_GP,-0.00138183707973542
198804,(vii),WLS,b_GP,-0.03571773774829129
198805,(vii),WLS,b_GP,0.014866025845159721
198806,(vii),WLS,b_GP,0.007707818370991168
198807,(vii),WLS,b_GP,0.03647557055481264
198808,(vii),WLS,b_GP,0.016413016712646902
198809,(vii),WLS,b_GP,0.023576030281161477
198810,(vii),WLS,b_GP,-0.004370507736511604
198811,(vii),WLS,b_GP,0.026985894651231714
198812,(vii),WLS,b_GP,-0.012102467788288556
198901,(vii),WLS,b_GP,0.022747608277130644
198902,(vii),WLS,b_GP,0.015313754764516116
198903,(vii),WLS,b_GP,-0.02040622815641599
198904,(vii),WLS,b_GP,-0.019288266074033732
198905,(vii),WLS,b_GP,0.01054929272023691
198906,(vii),WLS,b_GP,0.012549735683738288
198907,(vii),WLS,b_GP,-0.052206227699885824
198908,(vii),WLS,b_GP,-0.0039738677959693346
198909,(vii),WLS,b_GP,0.03857070765650649
198910,(vii),WLS,b_GP,-0.02694532295160636
198911,(vii),WLS,b_GP,-0.011656930905379084
198912,(vii),WLS,b_GP,-0.011274454757485734
199001,(vii),WLS,b_GP,-0.016858567873108243
199002,(vii),WLS,b_GP,0.03414699235482165
199003,(vii),WLS,b_GP,0.03482570259784678
199004,(vii),WLS,b_GP,0.014647142837748955
199005,(vii),WLS,b_GP,0.007776912241274096
199006,(vii),WLS,b_GP,-0.046702803342416666
199007,(vii),WLS,b_GP,-0.012516544627271746
199008,(vii),WLS,b_GP,-0.036786524096831856
199009,(vii),WLS,b_GP,0.09224115861089546
199010,(vii),WLS,b_GP,0.06628971506390369
199011,(vii),WLS,b_GP,-0.02471513531965082
199012,(vii),WLS,b_GP,0.0295693276659
199101,(vii),WLS,b_GP,0.0366372107644959
199102,(vii),WLS,b_GP,0.09797643528805364
199103,(vii),WLS,b_GP,0.0032395743093462746
199104,(vii),WLS,b_GP,0.034924687348665974
199105,(vii),WLS,b_GP,0.001931877416449651
199106,(vii),WLS,b_GP,0.03559258575260167
199107,(vii),WLS,b_GP,0.034700079490076446
199108,(vii),WLS,b_GP,-0.037778269695484853
199109,(vii),WLS,b_GP,0.008784990047221625
199110,(vii),WLS,b_GP,0.06730574491094067
199111,(vii),WLS,b_GP,0.0566861192276785
199112,(vii),WLS,b_GP,-0.017553846787220787
199201,(vii),WLS,b_GP,0.05599296546658477
199202,(vii),WLS,b_GP,0.0328858107066585
199203,(vii),WLS,b_GP,-0.07884948046383902
199204,(vii),WLS,b_GP,0.0029533222908462798
199205,(vii),WLS,b_GP,-0.02207518242241284
199206,(vii),WLS,b_GP,0.019686323582786092
199207,(vii),WLS,b_GP,-0.03229597042506013
199208,(vii),WLS,b_GP,-0.06724087825837619
199209,(vii),WLS,b_GP,0.019451257958653514
199210,(vii),WLS,b_GP,0.02787853328574918
199211,(vii),WLS,b_GP,-0.06631283567402309
199212,(vii),WLS,b_GP,0.030747062058296845
199301,(vii),WLS,b_GP,0.006396167932254346
199302,(vii),WLS,b_GP,-0.027724261195651547
199303,(vii),WLS,b_GP,-0.05741794954957072
199304,(vii),WLS,b_GP,0.039521052920216494
199305,(vii),WLS,b_GP,0.015078584495569727
199306,(vii),WLS,b_GP,-0.07761166984854966
199307,(vii),WLS,b_GP,0.0035485370457100304
199308,(vii),WLS,b_GP,0.008354435130089806
199309,(vii),WLS,b_GP,0.06491191554758506
199310,(vii),WLS,b_GP,0.02794276311896022
199311,(vii),WLS,b_GP,-0.06812750255242879
199312,(vii),WLS,b_GP,-0.07526209734145912
199401,(vii),WLS,b_GP,0.042890382849285695
199402,(vii),WLS,b_GP,0.001054080249514526
199403,(vii),WLS,b_GP,-0.024116314094166626
199404,(vii),WLS,b_GP,-0.026380908093798828
199405,(vii),WLS,b_GP,0.03170676363063288
199406,(vii),WLS,b_GP,0.008159772269782564
199407,(vii),WLS,b_GP,0.07748021350144156
199408,(vii),WLS,b_GP,0.045821970075059226
199409,(vii),WLS,b_GP,0.0035585128572817384
199410,(vii),WLS,b_GP,0.008819799028459648
199411,(vii),WLS,b_GP,-0.044093263717994644
199412,(vii),WLS,b_GP,-0.02357825351681122
199501,(vii),WLS,b_GP,-0.027721532131817862
199502,(vii),WLS,b_GP,-0.008984833923404116
199503,(vii),WLS,b_GP,-0.031077465920072964
199504,(vii),WLS,b_GP,-0.0069842828419294095
199505,(vii),WLS,b_GP,0.061979773780068685
199506,(vii),WLS,b_GP,-0.060301361839279526
199507,(vii),WLS,b_GP,0.028146136733103195
199508,(vii),WLS,b_GP,0.027858305566355768
199509,(vii),WLS,b_GP,-0.025415394752075667
199510,(vii),WLS,b_GP,-0.0012252217597501364
199511,(vii),WLS,b_GP,-0.11482923546720232
199512,(vii),WLS,b_GP,-0.014476419464024531
199601,(vii),WLS,b_GP,0.0689262259644081
199602,(vii),WLS,b_GP,-0.009351575000789883
199603,(vii),WLS,b_GP,0.06910951638465995
199604,(vii),WLS,b_GP,0.04641450050404145
199605,(vii),WLS,b_GP,-0.04958907020896341
199606,(vii),WLS,b_GP,0.011158783847222
199607,(vii),WLS,b_GP,0.03734452029827603
199608,(vii),WLS,b_GP,0.028644724779525788
199609,(vii),WLS,b_GP,-0.054242372283378075
199610,(vii),WLS,b_GP,0.00972567966384192
199611,(vii),WLS,b_GP,-0.03303702563489402
199612,(vii),WLS,b_GP,0.008410285484519449
199701,(vii),WLS,b_GP,-0.007715301210436426
199702,(vii),WLS,b_GP,-0.07151967978951232
199703,(vii),WLS,b_GP,0.12528794978672803
199704,(vii),WLS,b_GP,0.08048315134814915
199705,(vii),WLS,b_GP,-0.002871004893463822
199706,(vii),WLS,b_GP,-0.052710928153669505
199707,(vii),WLS,b_GP,-0.10215536600955391
199708,(vii),WLS,b_GP,0.013472750726357546
199709,(vii),WLS,b_GP,0.09839747770759552
199710,(vii),WLS,b_GP,0.06737962370036646
199711,(vii),WLS,b_GP,0.005781835920774324
199712,(vii),WLS,b_GP,0.12957582974183923
199801,(vii),WLS,b_GP,0.06598169300511411
199802,(vii),WLS,b_GP,0.06677300332446712
199803,(vii),WLS,b_GP,0.008651389817348656
199804,(vii),WLS,b_GP,0.08514285379049621
199805,(vii),WLS,b_GP,0.213046051387163
199806,(vii),WLS,b_GP,0.0194215367270981
199807,(vii),WLS,b_GP,-0.0871836253864644
199808,(vii),WLS,b_GP,-0.03661730715714191
199809,(vii),WLS,b_GP,-0.04384791030308209
199810,(vii),WLS,b_GP,0.022906038893284193
199811,(vii),WLS,b_GP,0.043021758236322566
199812,(vii),WLS,b_GP,0.12286380485990055
199901,(vii),WLS,b_GP,-0.06389824704031284
199902,(vii),WLS,b_GP,-0.00333825775006355
199903,(vii),WLS,b_GP,-0.19606025030878715
199904,(vii),WLS,b_GP,-0.030945642467264424
199905,(vii),WLS,b_GP,-0.013500132233151468
199906,(vii),WLS,b_GP,-0.08444215073562018
199907,(vii),WLS,b_GP,0.18101357321328287
199908,(vii),WLS,b_GP,-0.06592760643681952
199909,(vii),WLS,b_GP,0.043192884847385954
199910,(vii),WLS,b_GP,0.04515770992940955
199911,(vii),WLS,b_GP,0.04389679346848821
199912,(vii),WLS,b_GP,-0.05734879728568166
200001,(vii),WLS,b_GP,0.06072530303347451
200002,(vii),WLS,b_GP,0.06549404199947811
200003,(vii),WLS,b_GP,-0.01450315370146242
200004,(vii),WLS,b_GP,-0.040243907357775874
200005,(vii),WLS,b_GP,0.09711434248599377
200006,(vii),WLS,b_GP,0.011744814126028404
200007,(vii),WLS,b_GP,-0.00046527685244514977
200008,(vii),WLS,b_GP,-0.07323744344876032
200009,(vii),WLS,b_GP,-0.10698145186519184
200010,(vii),WLS,b_GP,0.019631580641134322
200011,(vii),WLS,b_GP,-0.10647320873804676
200012,(vii),WLS,b_GP,-0.004871920285422882
200101,(vii),WLS,b_GP,-0.20564586269870005
200102,(vii),WLS,b_GP,-0.07061280167732203
200103,(vii),WLS,b_GP,-0.03488811636242136
200104,(vii),WLS,b_GP,-0.09261148447294537
200105,(vii),WLS,b_GP,0.05452181807566828
200106,(vii),WLS,b_GP,0.039578241345259155
200107,(vii),WLS,b_GP,-0.04805041315137483
200108,(vii),WLS,b_GP,0.07761583000816014
200109,(vii),WLS,b_GP,-0.0464947458030361
200110,(vii),WLS,b_GP,0.07097508262570193
200111,(vii),WLS,b_GP,-0.09072065999069459
200112,(vii),WLS,b_GP,0.0624788339900247
200201,(vii),WLS,b_GP,0.008043518172382871
200202,(vii),WLS,b_GP,-0.10170463038149136
200203,(vii),WLS,b_GP,0.023044302832913324
200204,(vii),WLS,b_GP,-0.0758937427193327
200205,(vii),WLS,b_GP,0.0491754287795967
200206,(vii),WLS,b_GP,0.05356487126886549
200207,(vii),WLS,b_GP,0.12987854872693871
200208,(vii),WLS,b_GP,0.05014313947923664
200209,(vii),WLS,b_GP,-0.06644620957802555
200210,(vii),WLS,b_GP,-0.014243205614502652
200211,(vii),WLS,b_GP,-0.01817045974934682
200212,(vii),WLS,b_GP,0.08299802964001048
200301,(vii),WLS,b_GP,0.03972139392876156
200302,(vii),WLS,b_GP,0.03562333151784492
200303,(vii),WLS,b_GP,-0.03486785929186581
200304,(vii),WLS,b_GP,-0.11153970111416381
200305,(vii),WLS,b_GP,0.057623770196609254
200306,(vii),WLS,b_GP,0.06567128824623598
200307,(vii),WLS,b_GP,-0.04660305040662488
200308,(vii),WLS,b_GP,0.05850496114541138
200309,(vii),WLS,b_GP,0.01447648555221031
200310,(vii),WLS,b_GP,-0.007960478582420959
200311,(vii),WLS,b_GP,-0.06252358147724371
200312,(vii),WLS,b_GP,0.03854192687238096
200401,(vii),WLS,b_GP,-0.01337661614821472
200402,(vii),WLS,b_GP,0.014146425097587609
200403,(vii),WLS,b_GP,0.013532666302395753
200404,(vii),WLS,b_GP,0.042334435099973325
200405,(vii),WLS,b_GP,-0.041544159280681815
200406,(vii),WLS,b_GP,0.06879353881768606
200407,(vii),WLS,b_GP,-0.04677112987640919
200408,(vii),WLS,b_GP,-0.07164610260934376
200409,(vii),WLS,b_GP,0.02735173500329484
200410,(vii),WLS,b_GP,-0.02926754816199034
200411,(vii),WLS,b_GP,0.049987154510850104
200412,(vii),WLS,b_GP,-0.05503084505411798
200501,(vii),WLS,b_GP,-0.17679062102174342
200502,(vii),WLS,b_GP,0.026856685621737715
200503,(vii),WLS,b_GP,-0.018367819582041138
200504,(vii),WLS,b_GP,0.1248741347673809
200505,(vii),WLS,b_GP,-0.016418235650369813
200506,(vii),WLS,b_GP,-0.00830820725639234
200507,(vii),WLS,b_GP,-0.06402655869053063
200508,(vii),WLS,b_GP,-0.10743600800229745
200509,(vii),WLS,b_GP,0.04087334701955429
200510,(vii),WLS,b_GP,-0.011894919976977452
200511,(vii),WLS,b_GP,-0.019950734591997088
200512,(vii),WLS,b_GP,0.012945926498590839
200601,(vii),WLS,b_GP,0.02776567409895523
200602,(vii),WLS,b_GP,-0.02049343111988991
200603,(vii),WLS,b_GP,-0.05519299454507995
200604,(vii),WLS,b_GP,-0.0659242675605918
200605,(vii),WLS,b_GP,0.018048879250065555
200606,(vii),WLS,b_GP,-0.02384742260536917
200607,(vii),WLS,b_GP,0.09355295082217793
200608,(vii),WLS,b_GP,0.11805771749664098
200609,(vii),WLS,b_GP,0.020582129811774468
200610,(vii),WLS,b_GP,-0.08955817487127735
200611,(vii),WLS,b_GP,0.0019719865840968666
200612,(vii),WLS,b_GP,0.07512177107412829
200701,(vii),WLS,b_GP,-0.026218768807274983
200702,(vii),WLS,b_GP,-0.05597499586530361
200703,(vii),WLS,b_GP,-0.004508404592492472
200704,(vii),WLS,b_GP,-0.024611822926019072
200705,(vii),WLS,b_GP,-0.015135124673463736
200706,(vii),WLS,b_GP,-0.05552490728314728
200707,(vii),WLS,b_GP,0.0023014902063479524
200708,(vii),WLS,b_GP,-0.06954647348675282
200709,(vii),WLS,b_GP,0.09666821296512908
200710,(vii),WLS,b_GP,-0.032515276211351765
200711,(vii),WLS,b_GP,0.013996323450841432
200712,(vii),WLS,b_GP,0.004153434310360894
200801,(vii),WLS,b_GP,-0.14439342486778733
200802,(vii),WLS,b_GP,0.09067250338895638
200803,(vii),WLS,b_GP,-0.04190131070062708
200804,(vii),WLS,b_GP,0.034020594459132886
200805,(vii),WLS,b_GP,-0.01732651545082497
200806,(vii),WLS,b_GP,0.11895153871078998
200807,(vii),WLS,b_GP,0.11807705028035761
200808,(vii),WLS,b_GP,0.07249436798120176
200809,(vii),WLS,b_GP,0.01611814926798044
200810,(vii),WLS,b_GP,-0.08915941496400998
200811,(vii),WLS,b_GP,-0.03832706453916519
200812,(vii),WLS,b_GP,0.022731125323317034
200901,(vii),WLS,b_GP,0.21217419892074607
200902,(vii),WLS,b_GP,0.056799482889521295
200903,(vii),WLS,b_GP,-0.029433864362628875
200904,(vii),WLS,b_GP,-0.08595095081864894
200905,(vii),WLS,b_GP,0.1917321961743544
200906,(vii),WLS,b_GP,-0.044830406417850445
200907,(vii),WLS,b_GP,0.03934648942102137
200908,(vii),WLS,b_GP,0.0038992120804703587
200909,(vii),WLS,b_GP,0.033077575391809666
200910,(vii),WLS,b_GP,-0.03841191765480617
200911,(vii),WLS,b_GP,0.02543477466510781
200912,(vii),WLS,b_GP,0.02427401774210892
201001,(vii),WLS,b_GP,-0.0057449420030351896
201002,(vii),WLS,b_GP,-0.023050250436742463
201003,(vii),WLS,b_GP,0.016662186665544566
201004,(vii),WLS,b_GP,0.04049145820892998
201005,(vii),WLS,b_GP,-0.0035902170055151367
201006,(vii),WLS,b_GP,-0.022822750638696633
201007,(vii),WLS,b_GP,0.00846939886862337
201008,(vii),WLS,b_GP,0.08804403676436214
201009,(vii),WLS,b_GP,0.004762763644155881
201010,(vii),WLS,b_GP,-0.04653871929714154
201011,(vii),WLS,b_GP,-0.03761337449976479
201012,(vii),WLS,b_GP,-0.09472374721121524
201101,(vii),WLS,b_GP,-0.015842945492591236
201102,(vii),WLS,b_GP,0.012241257217919726
201103,(vii),WLS,b_GP,0.011619841351869952
201104,(vii),WLS,b_GP,0.0738468526263717
201105,(vii),WLS,b_GP,0.016359906903021904
201106,(vii),WLS,b_GP,0.027138419852618806
201107,(vii),WLS,b_GP,-0.016369797629571053
201108,(vii),WLS,b_GP,0.09601440969146129
201109,(vii),WLS,b_GP,-0.06370555462726755
201110,(vii),WLS,b_GP,-0.08522633651086181
201111,(vii),WLS,b_GP,-0.03655271439070825
201112,(vii),WLS,b_GP,0.06986578692098082
201201,(vii),WLS,b_GP,0.06388012256603827
201202,(vii),WLS,b_GP,0.123620861080186
201203,(vii),WLS,b_GP,0.008206830816253272
201204,(vii),WLS,b_GP,0.07528768693480331
201205,(vii),WLS,b_GP,-0.03800227269685776
201206,(vii),WLS,b_GP,-0.02556459627418217
201207,(vii),WLS,b_GP,0.03500194345788252
201208,(vii),WLS,b_GP,0.017696767690867636
201209,(vii),WLS,b_GP,-0.08050248360894745
201210,(vii),WLS,b_GP,0.009335369544778545
201211,(vii),WLS,b_GP,-0.012803742884479663
201212,(vii),WLS,b_GP,-0.03479060797498393
201301,(vii),WLS,b_GP,-0.02984364373055
201302,(vii),WLS,b_GP,0.02122868729106608
201303,(vii),WLS,b_GP,-0.023734495046169538
201304,(vii),WLS,b_GP,-0.012537195035836703
201305,(vii),WLS,b_GP,-0.030924825557372814
201306,(vii),WLS,b_GP,0.021864582728751875
201307,(vii),WLS,b_GP,-0.020745139545918723
201308,(vii),WLS,b_GP,0.027296718032085963
201309,(vii),WLS,b_GP,0.0686000869236593
201310,(vii),WLS,b_GP,0.019645161906836454
201311,(vii),WLS,b_GP,-0.06102930968096887
201312,(vii),WLS,b_GP,-0.0002560612125724164
201401,(vii),WLS,b_GP,-0.03356722110402637
201402,(vii),WLS,b_GP,-0.008828154001362627
201403,(vii),WLS,b_GP,-0.09538922181629775
201404,(vii),WLS,b_GP,0.005146641942257878
201405,(vii),WLS,b_GP,0.010860635047519482
201406,(vii),WLS,b_GP,0.03470415017072204
201407,(vii),WLS,b_GP,-0.01371617086461624
201408,(vii),WLS,b_GP,0.007831189698942548
201409,(vii),WLS,b_GP,-0.02861143018923966
201410,(vii),WLS,b_GP,0.058337354180084115
201411,(vii),WLS,b_GP,-0.018167379427677367
201412,(vii),WLS,b_GP,0.05350917046549435
201501,(vii),WLS,b_GP,-0.0028606720580229596
201502,(vii),WLS,b_GP,0.014977550737075492
201503,(vii),WLS,b_GP,0.039755569066753885
201504,(vii),WLS,b_GP,0.011099928994899238
201505,(vii),WLS,b_GP,0.01919062250335151
201506,(vii),WLS,b_GP,0.0031841052095739186
201507,(vii),WLS,b_GP,0.03643890298478822
201508,(vii),WLS,b_GP,0.01895895517421983
201509,(vii),WLS,b_GP,-0.00771237276851329
201510,(vii),WLS,b_GP,0.02573231501476859
201511,(vii),WLS,b_GP,0.06857976459419159
201512,(vii),WLS,b_GP,-0.03606124739771062
201601,(vii),WLS,b_GP,-0.038648922761589995
201602,(vii),WLS,b_GP,0.017679648428097047
201603,(vii),WLS,b_GP,-0.017788944753495413
201604,(vii),WLS,b_GP,0.09305067831415992
201605,(vii),WLS,b_GP,-0.0006531657151939291
201606,(vii),WLS,b_GP,0.12446307224981958
201607,(vii),WLS,b_GP,-0.032027503172688904
201608,(vii),WLS,b_GP,0.027967685233398848
201609,(vii),WLS,b_GP,-0.043471220596236045
201610,(vii),WLS,b_GP,-0.08525898049978592
201611,(vii),WLS,b_GP,-0.011137054437639356
201612,(vii),WLS,b_GP,0.050761548922965485
201701,(vii),WLS,b_GP,-0.016377860944849287
201702,(vii),WLS,b_GP,0.00820670339990502
201703,(vii),WLS,b_GP,0.034534563231537446
201704,(vii),WLS,b_GP,0.03777891768527882
201705,(vii),WLS,b_GP,-0.04777320382407603
201706,(vii),WLS,b_GP,0.0167182404547178
201707,(vii),WLS,b_GP,-0.05685516220385202
201708,(vii),WLS,b_GP,-0.019147947988387252
201709,(vii),WLS,b_GP,0.06918584601937303
201710,(vii),WLS,b_GP,0.01863541003181703
201711,(vii),WLS,b_GP,-0.023414129413766617
201712,(vii),WLS,b_GP,0.15870079714377733
201801,(vii),WLS,b_GP,0.045767238143489535
201802,(vii),WLS,b_GP,0.04094841079973738
201803,(vii),WLS,b_GP,0.046165789294128234
201804,(vii),WLS,b_GP,0.016303504888291846
201805,(vii),WLS,b_GP,0.046155144171777476
201806,(vii),WLS,b_GP,-0.07466282709044729
201807,(vii),WLS,b_GP,0.09727340953263634
201808,(vii),WLS,b_GP,-0.0414128946863912
201809,(vii),WLS,b_GP,-0.1940714994034289
201810,(vii),WLS,b_GP,0.07300216727635439
201811,(vii),WLS,b_GP,-0.04203675555859389
201812,(vii),WLS,b_GP,0.15678568712592972
201901,(vii),WLS,b_GP,-0.05607768130204216
201902,(vii),WLS,b_GP,-0.023028283928195968
201903,(vii),WLS,b_GP,0.03328930480911239
201904,(vii),WLS,b_GP,-0.06069742406453745
201905,(vii),WLS,b_GP,-0.01355308725957946
201906,(vii),WLS,b_GP,-0.040580117429306554
201907,(vii),WLS,b_GP,-0.05178291014962669
201908,(vii),WLS,b_GP,-0.00849168528609313
201909,(vii),WLS,b_GP,0.02141734006446129
201910,(vii),WLS,b_GP,-0.02535691783506599
201911,(vii),WLS,b_GP,0.01100094340896226
201912,(vii),WLS,b_GP,0.08355230137681006
202001,(vii),WLS,b_GP,0.11778439703688222
202002,(vii),WLS,b_GP,0.14376745349349523
202003,(vii),WLS,b_GP,0.07445927416766945
202004,(vii),WLS,b_GP,0.011429754167733553
202005,(vii),WLS,b_GP,0.07321802134124508
202006,(vii),WLS,b_GP,0.005218244590952889
202007,(vii),WLS,b_GP,0.0027420397240200123
202008,(vii),WLS,b_GP,-0.0841297640373701
202009,(vii),WLS,b_GP,-0.0187008857151732
202010,(vii),WLS,b_GP,-0.07067576812304731
202011,(vii),WLS,b_GP,-0.050001941608717126
202012,(vii),WLS,b_GP,0.06280272009059876
202101,(vii),WLS,b_GP,-0.07641138089004332
202102,(vii),WLS,b_GP,-0.03776349645409595
202103,(vii),WLS,b_GP,0.06935866247173951
202104,(vii),WLS,b_GP,0.004065590431523807
202105,(vii),WLS,b_GP,0.16895195944773478
202106,(vii),WLS,b_GP,0.08649603401403536
202107,(vii),WLS,b_GP,0.07442711558450563
202108,(vii),WLS,b_GP,-0.023949839062197192
202109,(vii),WLS,b_GP,-0.008362212675373785
202110,(vii),WLS,b_GP,0.20250115328822865
202111,(vii),WLS,b_GP,-0.046055762036177235
202112,(vii),WLS,b_GP,0.033296231360153125
202201,(vii),WLS,b_GP,0.02022929239186906
202202,(vii),WLS,b_GP,-0.04255592473459764
202203,(vii),WLS,b_GP,-0.0429230805225837
202204,(vii),WLS,b_GP,0.020214725740377512
202205,(vii),WLS,b_GP,-0.013448622818969962
202206,(vii),WLS,b_GP,0.07179865858658072
202207,(vii),WLS,b_GP,-0.03957387238467843
202208,(vii),WLS,b_GP,-0.07853688758565236
202209,(vii),WLS,b_GP,-0.057970301057898355
202210,(vii),WLS,b_GP,-0.019359111174851763
202211,(vii),WLS,b_GP,-0.11689558346645922
202212,(vii),WLS,b_GP,0.15294209820925173
202301,(vii),WLS,b_GP,0.0558715158069685
202302,(vii),WLS,b_GP,0.2037954913956011
202303,(vii),WLS,b_GP,0.054875930828200165
202304,(vii),WLS,b_GP,0.19126883058988692
202305,(vii),WLS,b_GP,-0.012527830233665146
202306,(vii),WLS,b_GP,0.047281962463057214
202307,(vii),WLS,b_GP,0.030164094074817446
202308,(vii),WLS,b_GP,0.015097484485249765
202309,(vii),WLS,b_GP,0.09181689261634751
202310,(vii),WLS,b_GP,0.16649693005759952
202311,(vii),WLS,b_GP,-0.049342178345739895
202312,(vii),WLS,b_GP,0.14655794220293195
202401,(vii),WLS,b_GP,0.1487743568713705
202402,(vii),WLS,b_GP,-0.08706873473630211
202403,(vii),WLS,b_GP,-0.1048422203383793
202404,(vii),WLS,b_GP,0.11053001808130357
202405,(vii),WLS,b_GP,0.2032016932601578
202406,(vii),WLS,b_GP,-0.16205454017108628
202407,(vii),WLS,b_GP,0.024678864950832106
202408,(vii),WLS,b_GP,-0.046296857517237264
202409,(vii),WLS,b_GP,0.15692541881714528
202410,(vii),WLS,b_GP,-0.03582891708247639
202411,(vii),WLS,b_GP,-0.028717968048570547
