month,xy2,xy3,xy4,xy5,xf2,xf3,xf4,xf5,xr2,xr3,xr4,xr5
1952-06,0.0006909327608051498,0.0013354953811926772,0.000724091782628139,0.0017427675839559384,0.0013818655216102996,0.002624620621967732,-0.0011101190130654755,0.0058174707892671325,,,,
1952-07,0.00101858059798619,0.001638135711396628,0.0007429566030855844,0.002111320980443771,0.00203716119597238,0.0028772459382175077,-0.0019425807218475498,0.007584778489876518,,,,
1952-08,0.0009598439719770979,0.0018170316464388436,0.0008838875303515577,0.002445198360944232,0.0019196879439541958,0.0035314069953623385,-0.0019155448179103036,0.008690441683314922,,,,
1952-09,0.0009766447296461166,0.0015775239934082246,0.0006998124895703506,0.0029697661660092085,0.001953289459292233,0.0027792825209324475,-0.0019333220219432783,0.01204958087176464,,,,
1952-10,0.0014461471695424825,0.002311055489852828,0.0018611500538659974,0.0024962599828062537,0.002892294339084965,0.004040872130473515,0.0005114337459055096,0.005036699698567279,,,,
1952-11,0.0011258162712471653,0.0012908796610320052,0.0005774184619649556,0.0012715629880065277,0.0022516325424943306,0.0016210064406016814,-0.0015629651352361898,0.004048141092172809,,,,
1952-12,0.001886976701225309,0.0020876454953216335,0.0010871618305977604,0.0020614592064179225,0.003773953402450618,0.0024889830835142755,-0.001914289163573852,0.005958648709698571,,,,
1953-01,0.0016752395455340574,0.0015485851195880668,0.0015603837366713232,0.0028770831441023124,0.003350479091068115,0.001295276267696082,0.0015957795879210958,0.008143880773826263,,,,
1953-02,0.0011392659084023295,0.0009864215547712024,0.0010699235454338235,0.002630762933400279,0.002278531816804659,0.0006807328475089518,0.0013204295174216833,0.0088741204852661,,,,
1953-03,0.0013722406213343072,0.0027183551203702506,0.002785565805583489,0.004000054004319353,0.0027444812426686144,0.005410584118442134,0.002987197861223208,0.008858006799262803,,,,
1953-04,0.0011642680725092933,-0.001656696560619935,0.0005585350430214499,0.0031803558404765973,0.0023285361450185865,-0.007298625826878385,0.007204229853945598,0.013667639030297173,,,,
1953-05,0.0005780329574853818,-0.0017924364244803238,0.0002822511359685427,0.004283175166107208,0.0011560659149707636,-0.006533375188411739,0.006506313817315146,0.020286871286661873,,,,
1953-06,0.00021740621263993676,-0.0011168007556745206,0.00018542690493391495,0.0036135634975771533,0.0004348124252798735,-0.0037852146923034284,0.004092109886759215,0.017326109868150096,-0.004313874270192933,-0.007819805865308307,-0.010840449977873586,-0.0148108288671689
1953-07,0.00043471788313365414,-0.0001284743507811298,0.0012567905920018822,0.00413477204602454,0.0008694357662673083,-0.0012548588186107011,0.005412585420350922,0.015646697862115175,-0.0015698962665938523,-0.003169143557209885,-0.007463922923012966,-0.008898787316053602
1953-08,-0.00108805050037461,-0.0007499934402947633,0.0009005343965343901,0.004077648215260663,-0.00217610100074922,-7.387932013507362e-05,0.005852117907021854,0.016786103490165755,-0.0021980038448119396,-0.0006081876374665167,-0.006567544924007882,-0.00784691293648095
1953-09,0.0008888274186772682,0.002165247785598179,0.001982948797807464,0.003921059983206444,0.0017776548373545364,0.004718088519439997,0.0014360518344353236,0.011673504724802362,0.001603729780158096,0.00225579778460187,-0.004745172435915542,0.0055187969222796375
1953-10,0.0016257022986595274,0.00263989910362741,0.0037175033125648148,0.005743857712193243,0.0032514045973190547,0.004668292713563175,0.00695031593937703,0.013849275310706951,0.00533466780409152,0.008566508802252536,0.006852023299601426,0.0073807805237982305
1953-11,0.002679752412430861,0.003246074694792673,0.004570486497638755,0.008288880739262088,0.005359504824861722,0.004378719259516297,0.008543721906177002,0.023162457705755413,0.006943878178629969,0.007897625430505567,0.006648186671888719,0.006844851494020164
1953-12,0.002212717434957495,0.0038040855319741284,0.0036940694969267735,0.006258654711601098,0.004425434869914991,0.0069868217260073955,0.003364021391784709,0.0165169955702984,0.007935497700575566,0.010160590212299796,0.005421023620843495,0.012177195236882304
1954-01,0.002826366143411238,0.005096569165226918,0.005321477390338138,0.009535789375409689,0.005652732286822476,0.009636975208858277,0.0059962020656718,0.026393037315695894,0.011419163347266555,0.015130391584338602,0.015157880219599861,0.025374243183952764
1954-02,0.0019104332137081827,0.003908357306298521,0.005206934538890318,0.007674382739004872,0.0038208664274163653,0.007904205491479199,0.009102666236665707,0.01754417553946309,0.01188854169411192,0.01835841799151176,0.021384651894761502,0.030766116020669153
1954-03,0.0015163236265110826,0.0036253736676431,0.005313447106137792,0.007482281136343857,0.003032647253022165,0.007843473749907136,0.010377667421621866,0.016157617257168116,0.012745030506892789,0.025123516636536926,0.03026779001207717,0.03874867865394228
1954-04,0.002956233559958145,0.005385007147361547,0.0069860938109240125,0.007328727627290933,0.00591246711991629,0.010242554322168354,0.011789353801611406,0.008699262892758618,0.017354987653533955,0.01917034621525465,0.031158473255547266,0.04806320999274841
1954-05,0.002475598402579748,0.005746451061063071,0.009643155225150739,0.009140484351577865,0.004951196805159496,0.012288156378029717,0.021333267717413743,0.0071298008572863655,0.018333927610894203,0.024027217313246405,0.03542323644845528,0.051554701713626847
1954-06,0.001793946220291322,0.00581977139669517,0.009054551765371444,0.010224181957495783,0.0035878924405826447,0.013871421749502871,0.01875889287140026,0.014902702725993134,0.017063980763455753,0.02632004196874557,0.033169898444177795,0.048366283779103514
1954-07,0.0028529008993927792,0.006919594641240284,0.009590644756981417,0.011026397065590693,0.0057058017987855585,0.015052982124935298,0.017603795104204813,0.01676940630002779,0.017221954330619575,0.026613812277575578,0.03332593413734346,0.04772135545960608
1954-08,0.0009899578688067137,0.005008896318158632,0.00772377777669684,0.009788282610605482,0.0019799157376134274,0.013046773216862467,0.015868422152311466,0.018046301946240042,0.013053469212840733,0.02622924436868219,0.03426415927243154,0.05041141082387578
1954-09,0.0011283769371516657,0.005759363619850563,0.006829621227804634,0.009284276078409474,0.0022567538743033314,0.015021336985248358,0.010040394051666846,0.019102895480828837,0.012469812320137722,0.025623304448057573,0.022730176780027724,0.03505544493594642
1954-10,0.0025512420844156867,0.005376458445281727,0.00723234701975837,0.00788360269198393,0.005102484168831373,0.011026891167013808,0.0128000127431883,0.01048862538088617,0.009349609099714055,0.015013622146840853,0.017035251421599073,0.024182718491512722
1954-11,0.0029502526449812338,0.005550856722752748,0.00823065543273255,0.008858203033945524,0.005900505289962466,0.010752064878295777,0.01627005156267195,0.011368393438797421,0.010637552242724415,0.014393813630140941,0.01746351807588486,0.029633971636831017
1954-12,0.003394584392766794,0.0056645689777734005,0.008369369073479111,0.00873689741762112,0.006789168785533586,0.010204538147786617,0.016483769360596243,0.01020701079418916,0.008722860275558795,0.013217938621676405,0.0106748472713183,0.01500549888666426
1955-01,0.0046722846941622456,0.005763042212029007,0.00803430025852043,0.008274045577494062,0.009344569388324493,0.007944557247762529,0.0148480743979947,0.009233026853388586,0.0042796958137825275,0.0031990651612763613,-0.00012232649385431754,0.010049599950806926
1955-02,0.002409158178439657,0.004120905408836174,0.006643398544264021,0.006750670277996532,0.004818316356879314,0.007544399869629209,0.014210877950547561,0.007179757212926581,-0.0016457731248978695,-0.00402652354261222,-0.007934896727889957,-0.010068238691288662
1955-03,0.004635695909205416,0.006143294346671843,0.007105518096579456,0.007654851594417941,0.00927139181841083,0.009158491221604692,0.0099921893463023,0.009852185585771884,-0.001902306041833968,-0.008265177405193797,-0.011980954500032757,-0.010750479884023074
1955-04,0.004658685358183139,0.006396864375399984,0.00632727719628557,0.006960165393996156,0.009317370716366277,0.009873222409833682,0.006118515658942322,0.009491718184838502,-0.0019167081456850522,-0.008820699805484318,-0.014733743679307935,-0.019982171711092983
1955-05,0.002327039393651451,0.005031315442430691,0.004928179114261008,0.005667781726513103,0.004654078787302902,0.010439867539989173,0.004618770129751957,0.00862619217552148,-0.004559445165599661,-0.006436009545632004,-0.0050532513389665926,-0.012052862582191341
1955-06,0.0032036335462994406,0.005740108260325991,0.005945164989098101,0.006593532960705261,0.006407267092598881,0.010813057688379084,0.00656033517541444,0.009187004847133896,-0.007346248066036427,-0.010816233915751507,-0.013804539239349402,-0.01639631219538978
1955-07,0.003023441261397225,0.004958795392748603,0.005056592511540212,0.006536396372543243,0.00604688252279445,0.008829503655451359,0.005349983867915038,0.01245561181655536,-0.0078342229786206,-0.01236814815388591,-0.017133881482538613,-0.019254483827832018
1955-08,0.0038978015392615133,0.004924076949614959,0.004857402239174635,0.006066930551366104,0.0077956030785230265,0.006976627770321847,0.004657378107853667,0.01090504380013197,-0.010993733153278357,-0.018716211905830702,-0.02279806641473287,-0.02238279146723828
1955-09,0.003777192200558964,0.004765998453602996,0.005659681910945746,0.006432562900843333,0.007554384401117928,0.006743610959691053,0.008340732282974002,0.00952408686043369,-0.008183703983814329,-0.01115720925780156,-0.018300884023943427,-0.017979178684206253
1955-10,0.002307888551794722,0.003610434373885949,0.004242495549536426,0.0045585206028714124,0.004615777103589444,0.006215526018068407,0.006138679076487852,0.005822620816211363,-0.004979447014306604,-0.008650264134020218,-0.012147708592038302,-0.01787969347077796
1955-11,-0.0010519260161272817,0.0017563577374697381,0.0001609436277779895,0.0014657608167254997,-0.0021038520322545634,0.007372925244663778,-0.004625298701297256,0.00668502957251553,-0.009131066559537012,-0.011306721498486152,-0.01744116702997746,-0.01647904673938226
1955-12,-0.00026971859904825063,0.001478801724589078,-0.0002149242750537593,0.001431996612123454,-0.0005394371980965013,0.004975842371863739,-0.005296102273982275,0.008019680160832297,-0.008071149203570523,-0.012187491846791515,-0.015539882847163124,-0.0148970877680958
1956-01,0.0009689935907454816,0.002051599953829194,0.002039172601627396,0.0025370458115531597,0.0019379871814909633,0.004216812679996615,0.002001890545022006,0.004528538651256214,-0.0012368525185243468,-0.005811704359101619,-0.005761864547952371,-0.00911215014643463
1956-02,-0.0006095077999146159,0.0011469873534127178,0.0010069359840651076,0.0017498987274721899,-0.0012190155998292318,0.004659977660067392,0.0005867818760222701,0.004721749701100515,-0.003574124137696831,-0.003203149162814535,-0.0020446893669105112,-0.0038441545245823452
1956-03,0.00183146857779189,0.0018254079819804009,0.0019874567172376394,0.004384970236909695,0.00366293715558378,0.001813286790357426,0.0024736029230093513,0.013975024315597922,-0.00014179685109004005,-0.00405943145457,-0.005293717568125999,-0.00732832357486434
1956-04,0.0020341665662346985,0.00112753996694466,-0.00018743271634783648,0.0009997896411925826,0.004068333132469397,-0.0006857132316354236,-0.004132350766225319,0.005748679071354255,-0.003502482257768315,-0.010517445954538622,-0.016533070038095468,-0.01572885406116624
1956-05,0.0006266925770400111,0.00013678590265096824,0.0004053016751396285,0.0007946829462045259,0.0012533851540800223,-0.0008430274461271141,0.0012108489926056058,0.0023522080304641223,-0.005299374566826928,-0.006066345535047608,-0.010558001313298367,-0.013096111484512323
1956-06,0.0026225164323641706,0.002249361139861846,0.0026952101999934176,0.0028555316823865966,0.005245032864728341,0.0015030505548572007,0.004032757380388129,0.0034968176119593228,-0.0005448424651280648,-0.001928927199204268,-0.0038237521363739743,-0.0056216142273551525
1956-07,0.003784291565315196,0.001954770603270664,0.0033983058617728587,0.004008641211189021,0.007568583130630389,-0.0017042713208184034,0.007728911637279446,0.006449982608853672,-0.0009043916200488916,-0.006594745238071267,-0.006491764192181167,-0.008716338155748595
1956-08,0.0006090512981015636,0.001026303751449173,0.0024999476091030134,0.0030339170830931614,0.0012181025962031272,0.0018608086581443917,0.006920879182064535,0.005169794979053746,-0.0017915553326771638,-0.005620188569758634,-0.01241077753124955,-0.018013771324382304
1956-09,0.00041502966496111127,0.001375189251489578,0.002522722564341842,0.003093721962303987,0.0008300593299222225,0.0032955084245465116,0.0059653225028986345,0.00537771955415256,-0.00397308291714344,-0.009586998605635978,-0.016069242065469856,-0.02403794502619617
1956-10,0.0012931759401665459,0.001485678670072283,0.0026560236736829536,0.0037064791157893594,0.0025863518803330883,0.0018706841298837575,0.006167058684514965,0.00790830088421499,-0.005231693718867541,-0.01144999040358921,-0.0170294662794421,-0.02722137497020269
1956-11,0.0006542039211858905,0.0013398042368141586,0.0005358367594858193,0.0018619999785493557,0.001308407842371781,0.0027110048680707016,-0.0018760656724992053,0.007166652854803501,-0.010405977486585685,-0.01264358553862481,-0.02828201456232389,-0.028023044771640276
1956-12,0.00126297408222497,0.0009186514969111367,0.000806319852237794,0.0021236966175463487,0.00252594816444994,0.0002300063262834634,0.0004693249182177728,0.007393203678780574,-0.00821694219985854,-0.013444552994206781,-0.02664816659623456,-0.026775316355382075
1957-01,0.003171632932531438,0.0024246402089038548,0.002502868692302807,0.0032638755290822045,0.006343265865062873,0.000930654761648695,0.0027375541424996576,0.006307902876199787,-0.003931523084346782,-0.01192748653525079,-0.016725761017715224,-0.020804286774796413
1957-02,0.001305477179838345,0.0012130292812025656,0.001319056591583885,0.001425467753827965,0.00261095435967669,0.001028133483931007,0.0016371385227278434,0.001851112402804278,-0.008254552197328631,-0.013241065494437328,-0.020717953699845464,-0.02466887911897219
1957-03,-0.0014891556906951944,-0.0010134391539793272,9.041925633614112e-05,0.00018028624388417153,-0.002978311381390389,-6.20060805475997e-05,0.003401994487282553,0.0005397541940763001,-0.0046892340863680555,-0.008249807156572076,-0.01406636939496696,-0.011845510808603427
1957-04,-0.0023257835819854022,-3.831013247294901e-05,0.00031742956128840566,0.0005904514962695243,-0.0046515671639708045,0.0045366367665519575,0.0013846486425724697,0.0016825392361940056,-0.0011171438352951951,-0.0023367668707244063,-0.016191231371266275,-0.01701267791024908
1957-05,-0.0009847034750388936,0.001057762362667948,0.0014084214271280204,0.002068779951192333,-0.001969406950077787,0.005142694038081624,0.0024603986205082445,0.004710214047449576,-0.005171036789735541,-0.010469079229600432,-0.020825346218892014,-0.0273579587527517
1957-06,-0.0006570152442889401,0.0012758162886539956,0.002553566805133002,0.003520041250951969,-0.0013140304885778803,0.00514147935453986,0.0063868183545700286,0.007385939034227851,-0.004760591178064565,-0.01194913417742239,-0.023063480194367027,-0.03595910497977064
1957-07,-0.0021914629160207505,-0.0008628838736077088,0.00034896697936490084,0.0015049361236044514,-0.004382925832041501,0.0017942742112183746,0.00398451953828273,0.006128812700562661,-0.0037588482802180627,-0.01240762517984342,-0.017800419164630803,-0.026662387504908316
1957-08,-0.0022485764068363376,-0.0010413432510086862,-0.0004509302523726111,-0.0014250679662012392,-0.004497152813672675,0.0013731230606466166,0.0013203087435356142,-0.0053216188215157445,-0.006183674867039218,-0.007227490858464497,-0.009081512200288924,-0.012633803428013138
1957-09,-0.0015127430692978214,-0.0014885223961440819,-0.0010828200906090324,0.0004463978654559511,-0.0030254861385956427,-0.001440081049836603,0.00013428682599611608,0.006563269689715892,-0.007434018732219813,-0.009377102231219694,-0.010235776740626493,-0.013256422074612084
1957-10,0.0014919363576379463,0.001779558352165124,0.002584280199042867,0.0003138197760244252,0.0029838727152758926,0.0023548023412194793,0.004998445739676095,-0.008768021916049341,-0.004545188132307521,-0.01278991673034027,-0.016109200399685396,-0.020330885267787115
1957-11,-0.003998691211328193,-0.00348440671742627,-0.001400699999513165,4.789279612987113e-05,-0.007997382422656386,-0.0024558377296224204,0.004850420154226147,0.005842263978702002,0.0011480369362962747,0.011696053320947856,0.012115454471995565,0.014271316266497414
1957-12,-0.0013640839122824912,0.00010126006498786463,0.0014269163535178993,0.0013582837784557149,-0.0027281678245649824,0.0030319480195285693,0.00540388521910801,0.0010837534782069703,0.009885458501444969,0.02020314298928845,0.025000030224972686,0.03434885902164028
1958-01,0.0017720877418776239,0.0037606812971092453,0.006737637764422901,0.007566454067032574,0.0035441754837552478,0.007737868407572485,0.015668507166363872,0.01088171927747126,0.015280718394361955,0.02160465020155448,0.025541788465780733,0.025118636704915726
1958-02,0.0016836728878242661,0.004276528029333523,0.007466432935080938,0.008578886021698987,0.0033673457756485323,0.009462238312352041,0.01703614765232318,0.013028698368171176,0.017257566983395797,0.029564967315397372,0.03638648014949228,0.03584805752369248
1958-03,0.004345848036894974,0.00674144598478848,0.00871544640525458,0.010206370654757038,0.00869169607378995,0.011532641880575496,0.014637447666652875,0.016170067652766858,0.015399160937890517,0.02502293110283387,0.03526975602882183,0.03954953487552616
1958-04,0.0037654477615014833,0.006984180568502885,0.00906115632891154,0.011427979677612719,0.007530895523002968,0.013421646182505685,0.015292083610137506,0.02089527307241744,0.01685087555567019,0.035359059518860175,0.044824504698567955,0.05271740304426545
1958-05,0.003553750237725632,0.008027815142997169,0.008973666176157151,0.012281938525074783,0.007107500475451266,0.01697594495354024,0.011811219275637103,0.025515027920745316,0.0212306825395178,0.042465965591743746,0.051150508748307344,0.0672495930097154
1958-06,0.005586898893165623,0.010801796486161924,0.013652273557736445,0.014350010679482278,0.011173797786331244,0.021231591672154528,0.022203704772460003,0.017140959166465602,0.02292820783208907,0.041138127720964646,0.05053559272404709,0.05996006530648189
1958-07,0.002618212726619922,0.008130875897603779,0.011315746518724926,0.011823232686239148,0.005236425453239844,0.019156202239571492,0.020870358382088366,0.013853177356296043,0.01774235657013644,0.0364254877302929,0.04337908743118209,0.05076282415183432
1958-08,0.005458943229455865,0.0060589159428616965,0.008448952419750744,0.008249403553566653,0.01091788645891173,0.007258861369673353,0.015619061850417892,0.007451208088830291,0.006312300873861462,0.0075769911631304865,0.012447892224526885,0.0023166652401273857
1958-09,0.004027968782881735,0.004777536150431246,0.006721646766629171,0.007043947441677755,0.008055937565763466,0.006276670885530276,0.012553978615222939,0.008333150141872098,0.007187392399026535,0.007904252321048647,0.011974746799136668,0.016196916411251802
1958-10,0.002228297087151259,0.006057156255624082,0.0055768902383943435,0.005847935144751338,0.004456594174302515,0.013714874592569735,0.004136092186705121,0.006932114770179316,0.01056700438189933,0.016048344215439735,0.014915047029169536,0.009594064593038513
1958-11,-0.00025871816231624184,0.003204620795598495,0.0037972299193748185,0.0018182641579029477,-0.0005174363246324837,0.010131298711427969,0.005575057290703789,-0.006097598887984543,-0.00585008427805031,-0.005641187538434171,-0.008774767951029917,-0.006360263118425628
1958-12,0.0016201445091284482,0.0065620855608458754,0.00750310750495151,0.007832854639145511,0.003240289018256893,0.016445967664280737,0.010326173337268405,0.009151843175921524,-0.005333834061725613,-0.008147841297614571,-0.02179558997994793,-0.03364367607617
1959-01,0.002585792097748542,0.006967761848914886,0.008123173103701774,0.00791177904204697,0.005171584195497084,0.015731701351247573,0.011589406868062438,0.007066202795427759,-0.006713586200969346,-0.014405063673618539,-0.024726019543226833,-0.035691468818542606
1959-02,-0.0003647211127405167,0.0018071819574871292,0.0032356563926777063,0.0030112211135675943,-0.0007294422254810334,0.006150988097942421,0.007521079698249437,0.0021134799971271392,-0.013297270612225517,-0.01977020646226649,-0.02554966329575978,-0.03670666101371209
1959-03,0.0015207896004923727,0.002677566772366663,0.002922560749015403,0.0035490647782995266,0.0030415792009847453,0.0049911211161152436,0.0036575426789616228,0.006055080895436021,-0.011288465319497233,-0.022777564033193663,-0.033111398875943214,-0.04057903529542516
1959-04,0.0011064590331645169,0.0013636606178784177,0.0027434761249758507,0.0028408361060566767,0.0022129180663290338,0.0018780637873062125,0.006882922646268157,0.0032302760303799735,-0.016992860094667363,-0.030307887596161043,-0.04141762339100008,-0.05192902858252113
1959-05,0.001210236098580987,0.00268217595532938,0.0032357085702635277,0.003725633805588699,0.002420472197161974,0.005626055668826166,0.004896306415065971,0.00568533474688937,-0.019471446392610635,-0.031494920504294276,-0.05188870376554524,-0.057848929127927794
1959-06,0.0019492366630782035,0.0018516807161711168,0.003179127285700134,0.0033520732910567036,0.003898473326156407,0.0016565688223569436,0.007161466994287186,0.004043857312482996,-0.017906058604592053,-0.029652796649517227,-0.03818551709033746,-0.05728588130908234
1959-07,-0.0021326054856179374,-0.0010691063994326747,0.0008133355798512973,0.0021955589921551777,-0.004265210971235875,0.0010578917729378579,0.006460661517703206,0.0077244526413706854,-0.021121489247586382,-0.024057990737605242,-0.03060343882928096,-0.04956883769151435
1959-08,-0.00018376718138807951,0.0004625009569304214,0.0017317698347283014,0.002041009736619026,-0.00036753436277615903,0.0017550372335674094,0.005539576468121955,0.0032779693441819316,-0.005584811277024225,-0.014461113280510668,-0.01709978639959614,-0.03169085251482376
1959-09,-0.0003306149246165152,-0.0004963237415381919,-0.0003454027489539144,-0.0009799945362171242,-0.0006612298492330304,-0.0008277413753815452,0.0001073602287989181,-0.0035183616852699565,-0.009366851417105974,-0.01985173966521211,-0.02389280865747707,-0.03308980772727334
1959-10,0.00038910883556173004,0.003043246823472387,0.0033668647225212484,0.0006121512546564678,0.0007782176711234601,0.008351522799293708,0.004337718419667826,-0.010406702616802647,-0.0065993304628314715,-0.0047185981785191865,-0.019989953428241763,-0.028451481714864262
1959-11,-0.00047353514893046234,-0.0003408121101467418,0.00039133981903407417,-0.0021646137134281804,-0.0009470702978609247,-7.536603257929375e-05,0.002587795606576515,-0.012388427843277205,-0.0158242816074175,-0.020052757880913624,-0.02970917984041556,-0.053701419617761634
1959-12,0.0005712171311534064,0.0012122903157592985,0.0001877205482318442,-0.00047615028543981225,0.0011424342623068129,0.0024944366849710686,-0.0028859887543505047,-0.003131633620126445,-0.015111253804913221,-0.018159263226109414,-0.028679069396982195,-0.03499278028988029
1960-01,4.908540168932496e-05,0.0005684317525595506,0.0002912509462734969,0.00021362916185695136,9.817080337864992e-05,0.0016071244543000018,-0.0005402914725846641,-9.685797580921696e-05,-0.009496505023725177,-0.008531063695078514,-0.013216870500538339,-0.020278465451748176
1960-02,-0.0014008239147288576,0.0009499788488672861,0.0005955656617009988,0.00028008840803438184,-0.002801647829457715,0.0056515843760595735,-0.000467673899797863,-0.0009818206066320861,-0.011443828481940761,-0.013205578811000353,-0.022050469745270217,-0.030183702104804942
1960-03,0.0013113207586075426,0.0019981203092253458,0.0035225552456115694,0.004050984012987785,0.002622641517215085,0.003371719410460959,0.008095860054770233,0.006164699082492654,0.0022880340616851305,0.003902968521285674,0.003435246650486723,0.0006409223518528961
1960-04,-0.0009425237523457211,0.00045114911947324865,0.0021687048952713575,0.00068436543500177,-0.0018850475046914422,0.003238494863111188,0.007321372222665684,-0.005252992406076587,-0.0012212085588994628,-0.0008922238921303047,-0.0006819227342018327,-0.00820714555171604
1960-05,0.0013336262311641686,0.001048796680368544,0.002525084658031751,0.0035230938678540297,0.0026672524623283372,0.00047913757877729446,0.006953948591021372,0.007515130707143158,0.000606727819310246,0.0017517866479563465,0.004355211106393295,0.0012728528844095643
1960-06,0.005128804731325081,0.00563940628705013,0.007543303603335282,0.007817689199788227,0.010257609462650166,0.006660609398500227,0.01325499555219074,0.008915231585600005,0.012720729383197973,0.012941944799946314,0.022265058452774836,0.021876176270108655
1960-07,0.0025382256325675555,0.002636050688802606,0.00636689495350988,0.005680859940905808,0.005076451265135111,0.0028317008012727074,0.017559427747631702,0.002936719890489513,0.010125417272723279,0.020497486024485187,0.03851707498487483,0.04307272812257297
1960-08,0.000643207277480462,0.003656456231063525,0.0060539984062751295,0.00593954666934228,0.001286414554960924,0.009682954138229644,0.01324662493190995,0.005481739721610868,0.014926723141093452,0.03068960332356955,0.04184048315733147,0.047166085073473064
1960-09,-0.0013353900887916603,0.004743184189682698,0.007304411226221427,0.006256891377071291,-0.0026707801775833206,0.016900332746631413,0.014988092335837616,0.002066811980470762,0.018055633310840653,0.03861553527311611,0.0405394259153573,0.04074983505432341
1960-10,0.0022906575728837697,0.005661687665693433,0.007839737300203122,0.007071594934015022,0.004581315145767543,0.01240374785131276,0.01437388620373219,0.003999025469262622,0.013836145485611122,0.030664280953624952,0.03565617933646769,0.023933518330420518
1960-11,0.0017280200887361367,0.004862277088231223,0.00803446664145972,0.0064660720928096625,0.00345604017747227,0.011130791087221401,0.017551035301145202,0.0001924938982094289,0.016406979047147427,0.030229622182104218,0.03904067604646769,0.026455262247053635
1960-12,0.0014183129765834718,0.0046169530314916045,0.006914772168366612,0.0077512322499109915,0.0028366259531669435,0.011014233141307866,0.013808229578991638,0.011097072576088496,0.022594983184617057,0.043705342838731426,0.0512576698653833,0.05577035558857546
1961-01,0.0034058958396321302,0.005648752089347415,0.007866899238769976,0.00822110485268342,0.006811791679264264,0.010134464588777977,0.014521340687037667,0.009637927308337204,0.017933782386754277,0.030564726745165638,0.03772558226717862,0.04094299518770736
1961-02,0.0012413961278067813,0.0032600605842140543,0.004734381644129877,0.004977240289452671,0.0024827922556135626,0.0072973894970286,0.009157344823877346,0.005948674870743832,0.012458017529109737,0.030886475008123207,0.03838107696986419,0.04350157689792221
1961-03,0.00013217102292129024,0.0024363346378264913,0.003679159035059231,0.005290829231200337,0.0002643420458425805,0.00704466186763689,0.007407632226757454,0.011737510015764754,0.009656008095921424,0.019796752039246135,0.027881316805085814,0.03367175023952735
1961-04,0.001754193231800049,0.003293089768490007,0.0023953533162019633,0.0045993534382307785,0.003508386463600098,0.006370882841869915,-0.00029785604066216026,0.01341535392634604,0.010430168123887688,0.022475492151977902,0.03574119716135281,0.04310127642451751
1961-05,0.002728974331316681,0.004761044785740295,0.0030955682864239574,0.0058966062413807994,0.0054579486626333655,0.008825185694587522,-0.0019008612115250546,0.01710075806120818,0.013321452014503937,0.018996840482823463,0.02777980293143291,0.04784999440227672
1961-06,0.002513662995958378,0.004987958140240438,0.0060953940030387885,0.006096753497962397,0.005027325991916756,0.009936548428804558,0.00941770159143384,0.0061021914776568445,0.011916603412644337,0.015208880769221982,0.02018632184260234,0.02134284578676268
1961-07,0.002567597308395859,0.007146478346307661,0.00716913581966571,0.007239955396710733,0.005135194616791718,0.016304240422131272,0.007237108239739852,0.0075232337048908235,0.004554531523800025,0.0017291179669459283,0.002462385551111272,-0.0023599225394741533
1961-08,0.0019912809890941865,0.0056185634798283784,0.0073046369026506935,0.00594338865962378,0.003982561978188373,0.012873128461296762,0.012362857171117639,0.0004983956875161261,-0.0001661013400449246,0.004081774924990497,0.003002755500597837,-0.005330877843914783
1961-09,0.001187071636234733,0.006192839577020659,0.006403089939074513,0.005892058085395335,0.002374143272469466,0.016204375458592504,0.007033841025236083,0.00384793067067863,-0.003938824908310094,0.00931931983512508,0.006834991981643418,0.0005999182061513231
1961-10,0.002218504883842752,0.005479703093132497,0.00553623005828794,0.007205850918799592,0.004437009767685504,0.012002099511711987,0.005705810953754269,0.013884334360846205,0.003511427740244894,0.010408278418349504,0.011710177704847061,0.008933504814832769
1961-11,0.0032522741842930525,0.006279010630572457,0.005388899377633288,0.00784170580093621,0.006504548368586105,0.012332483523131266,0.0027185656188157825,0.0176529314941479,0.0038567354131607036,0.00888367336748443,0.014502920381186796,0.012377543896268873
1961-12,0.0026635445941129675,0.005760956731891812,0.005968818760745082,0.007145929749934828,0.0053270891882259315,0.011955781007449501,0.0065924048473048925,0.011854373706693806,-0.0017767134217196272,-0.0007029088435242664,-0.003463799646868701,-0.0035724712929716684
1962-01,0.0019801826392907076,0.0049192999862667924,0.005629234819695225,0.00639011589471148,0.003960365278581415,0.010797534680218962,0.0077590393199805235,0.009433640194776494,0.0018696986195040032,0.0031017048699403076,0.0018834178169987552,-0.0011797872544048217
1962-02,0.001081785403154692,0.003263116871274993,0.00441232996168503,0.005515776041338141,0.002163570806309384,0.007625779807515595,0.00785996923291514,0.009929560359950587,0.0009271267717952947,0.004505279978696243,0.004481179511239726,0.0010142196652501503
1962-03,0.0025090047743396224,0.004223289799937798,0.006050916772929033,0.006719782933565319,0.005018009548679241,0.00765185985113415,0.011533797691902738,0.00939524757611047,0.00035970138978001776,0.0024817130526751004,0.002332844772235842,0.0026319164400352944
1962-04,0.002608223015906408,0.0034791944844095313,0.00551766870011889,0.0058009443742813235,0.005216446031812816,0.005221137421415771,0.011633091347246972,0.0069340470709310445,0.002204985998879201,0.002056022344215404,-0.004766371582583424,-0.004287509468205254
1962-05,0.0021654358656499686,0.0036649461367927183,0.005592914155760145,0.006143930512492811,0.004330871731299937,0.006663966679078211,0.011376818212662433,0.00834799593942346,0.00532271227006326,0.009681789840780743,0.0009817255576073762,0.006570429013583023
1962-06,0.0029669306768616392,0.00396461027640067,0.0052161007189945215,0.005620006025740341,0.005933861353723275,0.005959969475478725,0.008970572046776083,0.007235627252723632,0.004315578197112972,0.0076065174773904745,0.010352501798541809,0.0067723734346187905
1962-07,0.0012312153739446122,0.0022924510267480075,0.00325559446800585,0.0040052204806270975,0.0024624307478892243,0.004414922332354798,0.006145024791779377,0.007003724531112088,0.0010799792283460868,0.010866573514142504,0.009633544033081927,0.006956537557747743
1962-08,0.0012637395719678757,0.0030161691220941637,0.004195152481597065,0.004877894166846215,0.002527479143935755,0.006521028222346733,0.007732102560105775,0.007608860907842813,0.004113146471941789,0.014589380283056223,0.02056179372558055,0.01345867134674432
1962-09,0.0010945034354147634,0.0034657461385936075,0.004854719859758376,0.006789827623416803,0.002189006870829527,0.008208231544951296,0.009021641023252681,0.014530258678050516,0.0025165360700843895,0.01667429745546229,0.015642299733362,0.010610982178402874
1962-10,0.0016306606318767063,0.0037913278375600948,0.0046654001631277475,0.0067150671031141265,0.0032613212637534125,0.008112662248926879,0.007287617139830699,0.014913734863059636,0.004585550058621456,0.013474868597515982,0.011216557593279324,0.01796181510523078
1962-11,0.002680756013023977,0.004364962593774349,0.004906332307217459,0.005938719157193836,0.005361512026047954,0.0077333757552751,0.006530441447546782,0.010068266557099338,0.006972282051978092,0.01441098723245339,0.00986391077938606,0.021454134509379164
1962-12,0.0021952731144797046,0.0038958744923844636,0.004179496484246568,0.0049731163852025535,0.004390546228959413,0.007297077248193975,0.005030362459832887,0.00814759598902649,0.006603446537248554,0.015445038664761258,0.01601672361289479,0.024117092208778324
1963-01,0.0003281299748731821,0.0035667342579971187,0.004221575058262331,0.005544762405475058,0.0006562599497463642,0.010043942824244999,0.00618609745905796,0.01083751179432596,0.0065084068978011195,0.01919772324749342,0.01946086136244865,0.02525644571738689
1963-02,0.0014279514005729951,0.004257277034204778,0.005152693487502576,0.0066766911805392175,0.0028559028011459937,0.009915928301468337,0.007838942847395978,0.012772681952685775,0.0038496782833244286,0.010305662766709085,0.009935811175170936,0.013712536164740594
1963-03,0.0013744118378520645,0.0038528889203729884,0.005669141545521155,0.006234612517479091,0.0027488236757041325,0.008809843085414836,0.011117899420965655,0.00849649640531085,0.0036527108919897876,0.007190448410730344,0.008549104360528786,0.005461153858984141
1963-04,0.0017315820480503438,0.004092658758183251,0.005231248809264323,0.0056209075826055485,0.0034631640961006877,0.008814812178449066,0.008647018962507538,0.007179542675970457,0.0043187667353193,0.005179060764140868,0.007099660636445258,0.004489009448375249
1963-05,0.0012660486097443684,0.0038702152918529166,0.005179472283165471,0.00567032986132673,0.0025320972194887333,0.009078548656070013,0.009107243257103135,0.0076337601739717605,0.002323422538882812,0.0044478428060551675,0.004738663170230466,0.0019719666601336686
1963-06,0.0014812133696800248,0.003962541211802506,0.005683576186419244,0.006234916842142023,0.0029624267393600495,0.008925196896047469,0.010846681110269457,0.008440279465033146,0.005405357087473531,0.00787439555734246,0.0073912664418213266,0.003251708318025754
1963-07,0.0012729237555914666,0.001694860238594137,0.003052672692630924,0.0033954610199573992,0.002545847511182933,0.0025387332045994845,0.007126110054741279,0.0047666143292633065,0.0007290277322516761,0.0008646995377859928,0.002737588109328337,0.0008817995700615977
1963-08,-0.0003591734886976075,-0.00013926801677689726,0.0014795662701319878,0.0018406441741071061,-0.000718346977395215,0.0003005429270645302,0.006336069130858636,0.0032849557900075724,-0.0037900045140668963,-0.002868112972327596,-0.0017540369972889984,-0.006798728878307469
1963-09,-0.0003170450483811135,-0.0001227485446266205,0.0015201001315198123,0.0021348984395715698,-0.000634090096762227,0.0002658444628823656,0.006448646159959111,0.0045940916717786065,-0.0049205906974918445,-0.003187866624099693,-0.0015416676320507486,-0.0005696526822807149
1963-10,0.00092862067801186,0.0007838191715325918,0.0025306178598181878,0.003001475686987498,0.00185724135602372,0.0004942161585740554,0.007771013924674976,0.0048849069956647465,-0.0039456704477328075,-0.004897241266315869,-0.005310831996545445,-0.0053751027696470055
1963-11,9.626669077522632e-05,-6.253231843122292e-05,0.0010391927159189018,0.00147873633631352,0.00019253338155045263,-0.00038013033684411446,0.004344367818969269,0.003236910817891986,-0.0030626160804215,-0.003945901813166307,-0.005459458135244864,-0.00815968750358425
1963-12,0.0007573056404691081,0.0009248737720376626,0.0017191456776746508,0.0016862848457927654,0.0015146112809382162,0.0012600100351747717,0.004101961394585615,0.0015548415182652237,-0.0038400862064264414,-0.006288252674556533,-0.010748532685284268,-0.014933530526229245
1964-01,0.0009985340146170599,0.0014376714053893902,0.0014783176082184962,0.0018734020607897098,0.0019970680292341197,0.002315946186934051,0.0016002562167058143,0.003453739871074571,-0.006691635809723408,-0.005992656774182301,-0.009470401261528164,-0.0075810414433777895
1964-02,0.00032402808746026524,0.0007446212515792167,0.0006051437417679689,0.0007270633608530003,0.0006480561749205305,0.0015858075798171195,0.00018671121233422572,0.0012147418371931118,-0.006679077509776022,-0.0069461856941502274,-0.010228030737493381,-0.007177040308063844
1964-03,0.0015953868229828388,0.0020630709074397555,0.0022538177911601703,0.0015604941108443085,0.0031907736459656777,0.0029984390763535956,0.002826058442321408,-0.001212800610419132,-0.005788058843882355,-0.00870587192401968,-0.009123294098994105,-0.011989738655591147
1964-04,0.0018792690597135842,0.002544592092705765,0.002879532439381549,0.0028286285380181853,0.0037585381194271683,0.0038752381586901266,0.0038843534794089016,0.002625012932564723,-0.003151828024243207,-0.004710546085565204,-0.006553757402091687,-0.009873560325874026
1964-05,0.0008267402950154906,0.0012695120300384444,0.0018171585184490746,0.0014147324798997399,0.0016534805900309812,0.002155055500084359,0.0034600979836809584,-0.00019497167429761292,-0.00406099609027075,-0.003229021333991205,-0.0028699268867319154,-0.0052893580062006
1964-06,-9.97636688006287e-06,0.001097815514926971,0.0018574108553243637,0.0019039368545796173,-1.995273376012574e-05,0.003313399278541039,0.004136196876516542,0.0020900408516006316,-0.0033577681721662575,-0.0007328134538849701,0.00048027346631714096,-0.0015358388566925618
1964-07,-0.0009146175732004866,0.001054176474835536,0.002037869001618134,0.0023792357865063257,-0.0018292351464009732,0.004991764570907588,0.004988946581965921,0.003744702926059086,-7.355674321082861e-05,0.0016750073533958673,0.0011899485828357967,-0.0016517879242605796
1964-08,-0.0007638493905193222,0.0008587128854656012,0.001713017736991368,0.002011287356581244,-0.0015276987810386444,0.004103837437435448,0.004275932291568668,0.0032043658349407422,-0.0019322278199861917,-0.0013178669544739938,-0.00029951610364178233,-0.002504373447793855
1964-09,-0.0009642440154713286,0.0004012040306864348,0.0009418908901029574,0.0009004775497915563,-0.0019284880309426572,0.0031321001230019616,0.0025639514683525252,0.0007348241885459447,-0.0025599918389819787,-0.0022915610873767076,-0.00090091679263931,-0.0007966783314329803
1964-10,-0.00042682812424409133,0.0006474548237690794,0.0008894209670479089,0.0009553788537838143,-0.0008536562484881827,0.002796020719795428,0.0016153193968843904,0.0012192104007274496,-0.00045208121126334017,-0.0014135313714881623,0.0012521392661043254,0.0022124042975976213
1964-11,-0.001789246886483492,-0.0011511999305294854,-0.0012768254272116364,-0.001389019686920366,-0.003578493772966984,0.0001248939813785349,-0.0016537019172580963,-0.001837796725755278,-0.0038623159622210163,-0.0047188018698696155,-0.00455417737605035,-0.0037184139846717368
1964-12,-0.0011247744902781465,-0.0007217852057535418,-0.0004888604240953498,0.00024329742174829944,-0.002249548980556293,8.419336329566068e-05,0.00020991392087923305,0.0031719288051228964,-0.0006142151034496598,0.0007665175278935288,0.0026554591747956074,0.001871560387793722
1965-01,-0.0014383159661756142,-0.0013143230026694055,-0.0009892942584333944,1.025918906250034e-05,-0.0028766319323512285,-0.0010663370756569882,-1.4208025725361006e-05,0.004008472979046086,-0.0007725818956192607,0.0016503462988126383,0.0015472896663220603,0.002245587638268612
1965-02,-0.00163091395484969,-0.0019921255470152013,-0.0019379863756648907,-0.0007956719026880055,-0.00326182790969938,-0.002714548731346224,-0.001775568861613959,0.0037735859892195425,-0.0018172363603656747,0.0005651065938646199,0.0010010740022588643,0.00152609216577973
1965-03,-0.0010913812469918807,-0.0011132404806590002,-0.0013130239572409635,-0.00037446364606506105,-0.0021827624939837614,-0.0011569589479932321,-0.0019123743869868606,0.003379777598638549,0.0009832862581625815,0.003957000440696842,0.005732530443208386,0.004224616831973019
1965-04,-0.0006984665962399619,-0.0005581096900169197,-0.0007565366222871683,0.0001847349015589514,-0.0013969331924799239,-0.00027739587757083517,-0.0013518174190979143,0.003949820996943423,0.0007324584781292151,0.0029785501880013124,0.004114219903683096,0.00506497061404778
1965-05,-0.00045186307507813495,-0.00040061994206198187,-0.0005809954261401656,0.00041316842287497657,-0.0009037261501562699,-0.0002981336760296757,-0.001122121878374717,0.0043898238189355385,-0.0007045248491822087,-3.7486381547699454e-06,0.0013964775823426742,-3.4377652793411706e-05
1965-06,-0.0004297939142481888,0.0002695817942713827,0.0003939938363362455,0.001125628761035953,-0.0008595878284963776,0.0016683332113105326,0.0007672299625308271,0.00405216845983479,-0.001915303475736714,0.0003623328893241143,0.000934845812553535,0.0003623059596467512
1965-07,-0.00017634247347261822,0.000294283277606118,0.0009093842205709149,0.0009918899692943559,-0.00035268494694523644,0.0012355347797635974,0.0027546870494652986,0.0013219129641881266,-0.004322483385814528,-0.0014712821073752588,-0.0002111185445864902,-0.0017143509074062577
1965-08,-0.0008168229576496072,-0.00025512970724859974,-6.52205108342685e-05,-0.00017380742466929083,-0.0016336459152992144,0.0008682567935534152,0.0005045070784087252,-0.0006081550800093732,-0.004977595725260617,-0.0026900093167479266,-0.002732230762954646,-0.0034822689506446014
1965-09,-0.000962839103934951,-0.000791899970533666,-0.0007535200561927385,-0.0009431369488830596,-0.001925678207869902,-0.00045002170373109607,-0.0006383803131699561,-0.0017016045196443508,-0.006241062492905465,-0.005495858623996409,-0.006794459913875596,-0.009733829874122503
1965-10,-0.0009280441033371473,-0.000672556513310496,-9.060568134026947e-05,-0.00030560710690445,-0.0018560882066742945,-0.00016158133325720747,0.001655246814570424,-0.001165612809161179,-0.005137291967644522,-0.004768818760331139,-0.007275553749345881,-0.011995225882345195
1965-11,-0.0013964568376767378,-0.0003674712754422396,-4.367180997712217e-05,-0.0003959979627391405,-0.0027929136753534756,0.0016904998490267498,0.0009277265864182371,-0.0018053025737872208,-0.005709655399221428,-0.004923009368743861,-0.01039837276128315,-0.01529505769971111
1965-12,-0.0007409256584630583,3.9518345515285325e-05,-7.772835752449525e-05,-0.0011016216785649444,-0.0014818513169261166,0.0016004063534719656,-0.00042946846664383004,-0.005197194962726755,-0.010246221415317391,-0.016676849169856713,-0.026064014037210544,-0.030459289200204916
1966-01,-0.0009176967062117583,-0.00017783825637203432,-0.00014206580009679115,-0.0008921549681942878,-0.0018353934124235166,0.0013018786433074137,-3.474843127106164e-05,-0.0038925116405842813,-0.010940511304460172,-0.018235334339802588,-0.027615300380944306,-0.0316359583427361
1966-02,-0.0007603795796623652,-0.0003348356983744888,0.00013554697044606406,-0.0002673025467556031,-0.0015207591593247305,0.0005162520642012641,0.0015466949769077226,-0.0018787006155622649,-0.010679099563222307,-0.019290160788766726,-0.028999253368104876,-0.03418963400931598
1966-03,-0.001953403626388947,-0.0018176026111358656,-0.0014406103436096634,-0.0019438433901334887,-0.003906807252777894,-0.0015460005806297167,-0.000309633541031043,-0.0039567755762287965,-0.00974376591275871,-0.014554921026748997,-0.02248229825188109,-0.026353890530986447
1966-04,-0.0015045656111215694,-0.0012607558136016259,-0.0014287635799668241,-0.0018422245085033748,-0.0030091312222431388,-0.0007731362185617249,-0.0019327868790624328,-0.0034960682226495635,-0.009936411005994801,-0.015744153474837375,-0.02486231248888844,-0.027519182426397462
1966-05,-0.0008233959171685123,-0.0010057928684913744,-0.0008836585895629634,-0.001968211112396853,-0.0016467918343370247,-0.0013705867711370848,-0.0005172557527777441,-0.006306421203732419,-0.010589608680047477,-0.018926833051631335,-0.028364250688760174,-0.0331430536469381
1966-06,-0.00026536175032536996,0.00013413449353190388,5.9368400406385746e-05,-0.0009423661335069417,-0.0005307235006507399,0.0009331269812464377,-0.00016492987897015476,-0.004949304269160237,-0.011668377963567969,-0.020278111386678288,-0.03125279854046549,-0.03784449033673214
1966-07,-0.0005288036861578957,-0.00034545305308499724,-0.00019899157703433257,-0.0006292776132393874,-0.0010576073723157914,2.124821306079272e-05,0.0002403928511176684,-0.0023504217580596204,-0.012090463571526114,-0.021535100044027602,-0.030539439832203974,-0.04119569834371439
1966-08,-0.0008582041018648789,-0.0015640848694664228,-0.0012444980078633316,-0.0035156425005411426,-0.0017164082037297579,-0.0029758464046695035,-0.0002857374230540652,-0.012600220471252414,-0.01838364876145019,-0.03254898661031799,-0.04581863597339074,-0.06289105647649702
1966-09,-0.005757369509688748,-0.005797176760778282,-0.006456551864509837,-0.008074545064027217,-0.011514739019377496,-0.0058767912629573635,-0.008434677175704487,-0.014546517862096743,-0.017647819147618655,-0.02230524277172101,-0.032788972761682356,-0.04177804104537097
1966-10,-0.003943134580875397,-0.004421921460103395,-0.004650559528083326,-0.005541471293128007,-0.007886269161750795,-0.005379495218559398,-0.00533647373202311,-0.009105118353306733,-0.014692533784360091,-0.0198042915335523,-0.025605995078108276,-0.03427157973293214
1966-11,-0.000794759532843109,-0.0009837582992235777,-0.0012328333832658037,-0.002301312826187521,-0.001589519065686218,-0.0013617558319845083,-0.0019800586353924884,-0.006575230597874369,-0.012334725034340459,-0.018596517478614474,-0.025848846419198712,-0.03521590171658043
1966-12,-0.002127345408597228,-0.0013044046373541646,-0.0026733039404815903,-0.0031373339058396663,-0.004254690817194456,0.0003414769051319627,-0.0067800018498638676,-0.004993453767271963,-0.0026940243727360744,0.00194889974212039,-3.421868546536061e-05,0.0003364151458617945
1967-01,-0.0011295725987226293,-0.00043990127105042465,0.00014463001789238178,-0.0005749464973838284,-0.0022591451974452587,0.0009394413842939778,0.001898223884720808,-0.003453252558488655,0.0011080957320574528,0.0076126087172910945,0.009581908046207024,0.0067346616653829044
1967-02,-0.00024205109623386817,0.0006632262511324372,0.0005559796528732883,0.00024288531934305718,-0.00048410219246773634,0.002473780945865041,0.00023423985809584852,-0.0010094920147778672,0.0015344552563726285,0.005590023928738988,0.007718152375479029,0.008660426317518274
1967-03,-0.00013545021389884532,0.0009093444659967129,0.0018252629804782414,0.0021551094065852747,-0.00027090042779769063,0.0029989338257878223,0.004573018523922834,0.003474495111013415,0.0036531207277719774,0.009937948555489823,0.014189309169220829,0.01321944304961907
1967-04,0.0029445372459289895,0.00453231651967026,0.005578323266028792,0.0057597227626715874,0.005889074491857979,0.007707875067152786,0.008716343505104404,0.006485320749242782,0.006179788227181425,0.008706496966186285,0.00825475446939563,0.005231262191066226
1967-05,0.0034607445581974067,0.0053279578332521005,0.006076899162232398,0.006887829305275789,0.006921489116394813,0.009062384383361481,0.008323723149173297,0.01013154987744936,0.00915982770461965,0.011674371356044426,0.012901350758861875,0.009077825944912833
1967-06,-0.0013360294879356527,-0.00010195935316940213,0.0010775561057742716,0.0018244098207468654,-0.0026720589758713054,0.002366180916363113,0.004616102482605279,0.004811824680637268,-0.00010103748233947912,0.003933834493089525,0.001832409716067518,-0.007303311017386738
1967-07,-0.002154487751729252,-0.0013723867823867558,-0.001143280629489929,-0.0007208848479502289,-0.004308975503458504,0.00019181515629824314,-0.00045596217079945517,0.0009686982782085643,0.00036751727331661016,0.006122865635468308,0.007596567975920135,0.007127233034292371
1967-08,-0.0010531809381189375,-0.0004504825703593521,-0.0007418288476356977,-0.000689612284007414,-0.002106361876237875,0.0007549141651598118,-0.0016158676794647275,-0.00048074602949427225,0.004650570734513325,0.010148065144324779,0.015474392494353985,0.01085701864080938
1967-09,-0.0015982620697613178,-0.0007461073894559911,-0.0006465240139327186,-0.0013642956776130366,-0.0031965241395226357,0.0009582019711546486,-0.00034777388736288717,-0.004235382332334323,-0.005443184972384697,-0.0020518980488266267,-0.005373223148692964,-0.013500413076434022
1967-10,0.0003864511204808088,0.0001129534957062528,5.5413273097333626e-05,0.00041809728931338497,0.0007729022409616176,-0.0004340417538428662,-0.00011720739472941694,0.0018688333541775973,-0.00616402326191022,-0.010594174821590661,-0.013774360899930331,-0.021040025958667073
1967-11,-0.0024023832716630195,-0.0021583867641864,-0.0025061145137563606,-0.002055928216025231,-0.004804766543326039,-0.0016703937492331608,-0.003549297762466243,-0.0002551830251006984,-0.005219129389740909,-0.00540572900245407,-0.009345004212668089,-0.016000547372130906
1967-12,-0.0022901818495262363,-0.0022196513310542357,-0.0024026829460590954,-0.00335068855738313,-0.004580363699052473,-0.0020785902941102413,-0.0029517777910736676,-0.0071427110026792695,-0.01307831689448323,-0.01698010236758757,-0.03050514000062997,-0.04137044205411704
1968-01,-0.0014912684253498357,-0.0006354208081816512,-0.000327270901676148,-0.0007460532095769912,-0.0029825368506996713,0.0010762744261547108,0.0005971788178403686,-0.002421182441180378,-0.010434975737933373,-0.014688828043427839,-0.022042709125349856,-0.034268971042166994
1968-02,-0.0015293025593958107,0.0004636785158853504,-0.00021930759180411458,-0.0013665073531421157,-0.0030586051187916213,0.004449640666447666,-0.0022682659148725026,-0.005955306398494148,-0.008754800833053293,-0.011493113408982188,-0.02397921285791956,-0.030991137598410483
1968-03,-0.0017206008261147487,-7.327271652778078e-06,0.00027940044872930975,-0.0013805798167029343,-0.0034412016522294975,0.00341921983727117,0.0011395836098755663,-0.008020500878431897,-0.015001044417114265,-0.02329105292841352,-0.03686739823107843,-0.049262630719257156
1968-04,-0.0027433842517711818,-0.0005224084870430398,-0.00040445317496642236,-0.0021324884046588707,-0.0054867685035423636,0.003919543042413237,-5.058723873656301e-05,-0.009044629323428657,-0.012021156403406383,-0.016736743727975595,-0.02985017416054879,-0.04122449706783381
1968-05,-0.0025682762403088574,-0.002542664779997948,-0.0023323536603325062,-0.003966420124884344,-0.005136552480617715,-0.0024914418593761367,-0.0017014203013361734,-0.010502685983091689,-0.01303874018875633,-0.018800032629928277,-0.027945096926529987,-0.0360723560528956
1968-06,-0.0035172429487894258,-0.003292102111077201,-0.003416063876800622,-0.004979797072743548,-0.0070344858975788516,-0.0028418204356527657,-0.0037879491739708712,-0.011234729856515267,-0.010624688414406586,-0.009176651038999901,-0.009671357559277137,-0.009024213143204278
1968-07,-0.0007058260093072213,-0.0027852423578549196,-0.0025984048767827977,-0.002906757320842758,-0.0014116520186144427,-0.006944075054950323,-0.0020378924335664253,-0.004140167097082599,-0.007148207859008215,-0.008383973039645241,-0.004735092511044085,-0.0045677341548188075
1968-08,-0.002204661585454258,-0.00233045504302843,-0.0023923877356195195,-0.0018490026949988317,-0.004409323170908516,-0.0025820419581767742,-0.0025781858133927874,0.0003245374674839194,-0.003088290346689969,0.0010940185189262652,0.001078264327186218,0.002193775640632639
1968-09,-0.0003765180191287465,-0.0016867033411635743,-0.0022779667363737877,-0.0017858590796387686,-0.000753036038257493,-0.00430707398523323,-0.004051756922004428,0.00018257154730128705,-0.0033412232430642883,-0.0017746843371937993,0.002039916657134891,0.0017115921432633435
1968-10,-0.0013767249113503105,-0.003297503632114715,-0.003871161889888987,-0.002952713129503133,-0.002753449822700621,-0.007139061073643531,-0.0055921366632117955,0.0007210819120403097,-0.00023849374333814732,0.0010695183412198425,0.0070799760358341915,0.01352955006892382
1968-11,-0.002423125427470349,-0.0041742891935376905,-0.004254206893342563,-0.0031016005136384056,-0.004846250854940698,-0.0076766167256723875,-0.004493959992757167,0.0015088250051782173,-0.004751340365646048,-0.0015220570822585197,0.002658688058627616,0.0069508912039640755
1968-12,-0.001810419091478964,-0.0040589408886491304,-0.00215202135002978,-0.001484643071719853,-0.003620838182957928,-0.00855598448298947,0.0035687372658282784,0.0011848700415198338,-0.009696023903777495,-0.013269436219654832,-0.012780889732464051,-0.028607998205696622
1969-01,0.00040152970976816554,-0.0010112776473848173,-0.002607275120576333,-0.0003596315676496348,0.0008030594195363311,-0.003836892361690769,-0.007395267540150893,0.00863094264405713,-0.008899689542027342,-0.014543627226736633,-0.016026708738533166,-0.01696977633089032
1969-02,-0.0033422123673575443,-0.0027538903016635016,-0.00453438492549104,-0.003419226668906143,-0.006684424734715089,-0.0015772461702754093,-0.009875868796973664,0.0010414063574334387,-0.013642267308420011,-0.013091864096885647,-0.02436654603111113,-0.031029645822260005
1969-03,-0.004640162286403064,-0.0031977021174269746,-0.003514538284895667,-0.002032457490871227,-0.009280324572806128,-0.00031278177947478836,-0.004465046787301752,0.0038958656852265405,-0.01101220744640255,-0.005883668830498304,-0.012002309235321001,-0.0231287691206242
1969-04,-0.0010022253402642428,-0.000679407380127714,-0.002167090998744438,0.0002196360465483993,-0.0020044506805284856,-3.3771459854670116e-05,-0.006630141854594596,0.00976654422771972,-0.008025979852250065,-0.004641197478016043,-0.007197224605605637,-0.0121509234231474
1969-05,-0.00014210291458766067,0.00025638366840992355,-0.0010204887306222155,0.00045407875786392105,-0.00028420582917532133,0.001053356834405092,-0.0048511059277186325,0.006352348711808439,-0.009120611117840335,-0.015311905785263771,-0.022050741558227657,-0.031686380250823334
1969-06,-0.003208661785667921,-0.0031010009019377532,-0.005219669683497352,-0.0047301647418181575,-0.006417323571335842,-0.0028856791344774313,-0.011575676028176135,-0.0027721449751013927,-0.020677772709019805,-0.030745556384777682,-0.045291113235712076,-0.05859345387549216
1969-07,-0.0007577959191013006,-0.002101501908066794,-0.0046270680912092604,-0.005255104950075265,-0.0015155918382026012,-0.004788913885997781,-0.01220376664063666,-0.007767252385539297,-0.01968280200452189,-0.04338243520717706,-0.05890256374065315,-0.06911011418300653
1969-08,-0.003271565420573011,-0.004196128287008938,-0.005789214533315018,-0.006367189898294837,-0.006543130841146022,-0.0060452540198807775,-0.010568473272233272,-0.008679091358214111,-0.02576289627779687,-0.043155380501715974,-0.06104188540211634,-0.07150244776928749
1969-09,0.00013012982110569005,-0.0002793845845324855,0.0002817138406765868,0.0005715724924166415,0.0002602596422113801,-0.0010984133958088366,0.0019650091163038036,0.0017310070993768883,-0.02351181009983138,-0.05083791778884988,-0.07655003537661936,-0.10109124700719577
1969-10,-0.0013613039597186044,-0.0016260148132938163,-0.0013207483008710191,-0.0023412301248033895,-0.002722607919437209,-0.00215543652044424,-0.00040494876360262777,-0.006423157420532885,-0.01912772612301037,-0.03991845557752644,-0.05972943202060375,-0.07497767764527055
1969-11,-0.0039455453193653345,-0.0034300048962087742,-0.0038615230781901405,-0.004337121581766745,-0.007891090638730669,-0.00239892404989564,-0.005156077624134253,-0.006239515596073136,-0.024198538084208028,-0.04333635140041708,-0.06478367457254594,-0.0774710591725008
1969-12,0.0008166205046409303,0.0012260855678686844,0.0015342564944211823,-0.000522319671611135,0.0016332410092818606,0.0020450156943241787,0.00245876927407869,-0.008748624335740404,-0.01795272667065355,-0.0424738406506205,-0.05528200756681202,-0.0708877952870665
1970-01,-0.00013955277115285103,0.0005464652338335874,0.000760595380857515,0.0005654101014700708,-0.00027910554230570206,0.0019185012438064503,0.0014029858219293118,-0.0002153310160796923,-0.016983014981397912,-0.03832687620171722,-0.06542671938660881,-0.07598483696541523
1970-02,0.0009332204712834274,0.0009910036335490091,0.002229102085997317,0.002065306131464481,0.0018664409425668549,0.0011065699580801724,0.005943397443342241,0.001410122313333123,-0.009188463281852355,-0.015136188941831885,-0.028622666244022987,-0.036028695877069056
1970-03,0.002814846919484054,0.002358340617048829,0.0049007415483128675,0.004132216256816271,0.005629693838968108,0.001445328012178379,0.012527944342104982,0.0010581150908298836,-0.010381310820678613,-0.017424772686993995,-0.02443613373434661,-0.03416919863909754
1970-04,0.0008199234593514321,0.0022602346047611716,0.002996409125225641,0.002316041555343179,0.0016398469187028641,0.005140856895580664,0.005204932686619035,-0.00040542872418664055,-0.014249159840008796,-0.02816748737804664,-0.05218319528770221,-0.059866292906081836
1970-05,0.0028180283812560547,0.0015407062993345877,0.002192972263516335,0.0015468180243275453,0.005636056762512109,-0.0010139378645083602,0.004149770156061591,-0.0010377989324276277,-0.009208020969115494,-0.022714536037162683,-0.03547551924031313,-0.04219675582450645
1970-06,0.0024388379200485505,0.0035222069743583023,0.0040601672753196455,0.003265358925516146,0.004877675840097101,0.00568894508297782,0.005674048178203661,8.612552630216097e-05,-0.00485497653327846,-0.01105598446979561,-0.026758258542892183,-0.033642104658139854
1970-07,0.0035098512736095044,0.0047362081524082306,0.006286180937606883,0.005243659771985029,0.007019702547219009,0.007188921910005683,0.010936099293202842,0.0010735751094976126,0.0034538181096115533,-0.003385388375791082,-0.01780866697861927,-0.031542608709547254
1970-08,0.001985457293854284,0.003656687930821134,0.005259766108337283,0.004243076287604855,0.003970914587708568,0.006999149204754834,0.010069000640885728,0.00017631700467515832,0.0012984753176966818,-0.0008760871310499602,-0.010602103449195363,-0.021508589289452498
1970-09,-0.0003651383887435661,0.0021971051162319732,0.0035902688852771925,0.004267049341872928,-0.0007302767774871322,0.007321592126183038,0.007769760192412864,0.006974171168255869,0.011542298428644404,0.022456200596755724,0.028381656373309513,0.03362494206670656
1970-10,0.0017489055073921372,0.003563969944208975,0.004944418145145596,0.005179792117916443,0.0034978110147842745,0.007194098817842665,0.009085762747955445,0.006121288008999831,0.007096214353332117,0.011261789090872928,0.013481563782196962,0.007791465886477958
1970-11,0.0020390914433547833,0.005093535596796157,0.0068716055553206395,0.007630494546477705,0.0040781828867095665,0.011202423903678906,0.012205815430894086,0.01066605051110598,0.018286173859646926,0.03798633142141933,0.04780509439198377,0.05553702786339415
1970-12,0.0049104670266583925,0.008376029651879474,0.008791982627446265,0.009820720406432101,0.009820934053316785,0.01530715490232163,0.010039841554146646,0.013935671522375466,0.031146505784725567,0.05288385220117668,0.06954873134837745,0.08027353023393412
1971-01,0.003189846325568693,0.008824538161658464,0.012291107703180648,0.01277684157918893,0.006379692651137386,0.02009392183383802,0.022690816327747186,0.01471977708322205,0.03448740591794598,0.0647927259708667,0.08086830141920968,0.09272866553563448
1971-02,0.004884208223059912,0.010196284761945819,0.013212732628316397,0.014640571523223102,0.009768416446119824,0.020820437839717633,0.02226207622742813,0.020351927102849922,0.03174608709826801,0.05296388676592953,0.0679664925252553,0.07699418476686146
1971-03,0.0037362655691177346,0.007238838521294637,0.010150722429415414,0.011693467266559829,0.007472531138235469,0.014243984425648455,0.01888637415377773,0.01786444661513748,0.03273023034114832,0.05380356371727145,0.07918806013590819,0.08846033757514056
1971-04,0.006340763207675848,0.01098889647065552,0.011848450895992596,0.013507758986932843,0.012681526415351696,0.020285162996614856,0.014427114172003833,0.02014499135069385,0.029354757032977866,0.049528997627481836,0.062163677431761016,0.07504604464984554
1971-05,0.0049548337989857374,0.009066668529121726,0.008997244024436295,0.012456716864089001,0.009909667597971475,0.01729033798939371,0.008788970510379995,0.026294608222699828,0.02961356369965286,0.04266746517431377,0.053504404278122406,0.06765514177245553
1971-06,0.0019480829381336787,0.005791527616507884,0.0052061582393213915,0.006803066130849168,0.0038961658762673504,0.013478416973256281,0.0034500501077619275,0.013190697696960275,0.015490308447653145,0.027895720261919665,0.030703984074423096,0.03795269210051938
1971-07,0.001889914661346248,0.005800760447733658,0.006698133418211127,0.007310060229031148,0.003779829322692496,0.013622452020508477,0.009390252329643536,0.009757767472311232,0.01355850313350973,0.02350639630711364,0.027358844166098725,0.025580967532243523
1971-08,0.0016831446077170478,0.004174598837949184,0.0050284172205448535,0.007128702536683296,0.0033662892154340956,0.009157507298413449,0.0075898723683318695,0.015529843801237071,0.018389760502979108,0.0364414664075704,0.051771805665313225,0.05877709621692706
1971-09,0.0012032264221066014,0.0035983990531448934,0.004727511226858799,0.00656544869805617,0.0024064528442132027,0.00838874431522147,0.008114847748000524,0.013917198582845645,0.011752114329586047,0.029149644718629047,0.04101305170289361,0.05235476623022213
1971-10,0.0035474397403742197,0.005903851073009801,0.008014437139013564,0.010185956967646438,0.0070948794807484394,0.01061667373828095,0.014346195337024865,0.018872036282177936,0.019942785225354837,0.03648697877301964,0.0514010419932647,0.059621108875810236
1971-11,0.003027316980563563,0.005159436256575452,0.007181998201744755,0.009320212449742349,0.006054633961127126,0.009423674808599215,0.013249684037252678,0.017873069441732718,0.007475700055590534,0.01602100716702328,0.02220066495819912,0.02301454860093339
1971-12,0.006187159003285453,0.00857551618746872,0.009755990217584533,0.011890160010764567,0.012374318006570906,0.013352230555835266,0.01329741230793196,0.020426839183484695,0.01655091757498762,0.026213737992409163,0.02963133251239137,0.0369995752485057
1972-01,0.006481908991761716,0.011496092973674162,0.012897320747544468,0.015163652425913283,0.012963817983523432,0.021524460937499046,0.017101004069155393,0.024228979139388526,0.008158175723444787,0.017066762646066776,0.020011601108622316,0.019408857194996375
1972-02,0.004567941137134823,0.009109014475019224,0.010961023398363336,0.013079127876532162,0.009135882274269647,0.018191161150788032,0.016517050168395664,0.021551545789207455,0.004802155363450446,0.011520449846229054,0.010625103840199775,0.009493719691984655
1972-03,0.005600271903965913,0.007984470070409116,0.00888679162333595,0.010059870593852,0.011200543807931826,0.01275286640329553,0.011593756282116445,0.014752186475916217,-0.0038240355634337198,-0.01207716164738628,-0.017240220598573268,-0.02226609696722142
1972-04,0.005713298534185653,0.009660264339163525,0.010759197662901572,0.012218056182244877,0.011426597068371305,0.017554195949119285,0.014055997634115698,0.018053490259618117,0.013060311394378264,0.022297662301648383,0.0195493655035595,0.02601714419916422
1972-05,0.0030186611604164915,0.007143225497959468,0.008841757222353093,0.010305445962693609,0.006037322320832983,0.015392354173045422,0.013937352395533967,0.016160200924055665,0.012409099816903274,0.0261615477043958,0.02205759626066217,0.03691428430675983
1972-06,0.001753627558393589,0.0042706497988532904,0.005713605451699161,0.0062231421303707984,0.003507255116787178,0.009304694279772693,0.010042472410236772,0.008261288845057321,0.01154352472646266,0.029162045433127066,0.030954760111311604,0.04175034424823041
1972-07,0.0028349337250216794,0.006805026984237322,0.008645558827117948,0.008920271868601178,0.005669867450043359,0.014745213502668601,0.014167154355759833,0.010019124034534123,0.014806630140383928,0.03378601552854049,0.039457855173206866,0.046075269107449704
1972-08,0.0014067634373604934,0.0038424660175843325,0.005963981187784115,0.005641538748259088,0.002813526874720987,0.008713871178032018,0.012328526698383455,0.0043517689901589746,0.0013263133285577253,0.005630317865373817,0.0024663431687972984,0.0036276843847745446
1972-09,0.0013521410300593034,0.002690232734653318,0.0034165704244146222,0.0038505521374214424,0.002704282060118607,0.0053664161438413405,0.005595583493698542,0.005586478989448723,-0.0011618572703869443,0.0009542948701157725,0.00013441635967480908,0.004887721334221766
1972-10,0.0020541893815771775,0.0037463730062535783,0.005160359080522377,0.005228749471508622,0.004108378763154355,0.007130740255606366,0.009402317303328786,0.005502311035453608,-0.001957458886353812,-0.004501502278329468,-0.00633838556401322,-0.005921004952266322
1972-11,0.002350598263437427,0.003914339068470482,0.005844140012404513,0.005789998702439569,0.004701196526874854,0.007041820678536599,0.011633542844206597,0.0055734334625798035,-0.00016255576755781764,-0.0016572672145184,-0.001666593584487265,-0.0016442567156460877
1972-12,0.0037053113273331356,0.004394154366975475,0.005056097989989218,0.0060676034079654925,0.007410622654666271,0.005771840446260168,0.007041928859030433,0.01011362507987057,-0.0004591908771977224,-0.007351091859797355,-0.012659028881894192,-0.012107627441208559
1973-01,0.0006090128026300101,0.0012497608049096345,0.0021375351238918996,0.0014568458745085472,0.0012180256052600202,0.0025312568094688834,0.004800858080838695,-0.0012659111230248696,-0.0062449061569567685,-0.005147194965197943,-0.009786171845991634,-0.009566774927922003
1973-02,0.0010612073724559357,0.0016546549703407992,0.0019254502337602286,0.0017360908003284797,0.0021224147449118713,0.0028415501661105264,0.0027378360240185168,0.0009786530666014842,-0.01095226147371399,-0.014971658815821465,-0.021384302561519963,-0.02265873654431466
1973-03,-0.0012257462744517944,-0.0021902462558519575,-0.002793207311182072,-0.00265034152311798,-0.002451492548903589,-0.004119246218652284,-0.004602090477172416,-0.0020788783708615977,-0.007637973603062183,-0.011272132061857072,-0.014397646972082352,-0.013881887429987728
1973-04,-0.0006551302537105286,-0.0006573510338090532,-0.001415820121636241,-0.0012445447375573349,-0.0013102605074210572,-0.0006617925940061165,-0.00369122738511779,-0.0005594432012416828,-0.009324500702104714,-0.011211142016040392,-0.017244449558394596,-0.01625082968413471
1973-05,-0.002016625694616095,-0.003068738397446022,-0.003766178554352073,-0.0032772604543979678,-0.00403325138923219,-0.005172963803105862,-0.005858499025070241,-0.0013215880545815462,-0.015864612168944206,-0.018340941096443783,-0.021132559387581143,-0.021015793928232426
1973-06,-0.005522220673410835,-0.006315110216283101,-0.007898020459560243,-0.007837010101705427,-0.01104444134682167,-0.00790088930202762,-0.01264675118939168,-0.007592968670286193,-0.018190745831778918,-0.01953961115375065,-0.023294250390052354,-0.024084211304169448
1973-07,-0.00614422537499873,-0.007703206361869067,-0.007344940392697494,-0.009127009116856613,-0.01228845074999746,-0.01082116833560974,-0.006270142485182775,-0.016255284013493063,-0.02879126370398443,-0.03621873060534616,-0.045691539068004376,-0.06386340370231527
1973-08,-0.006570466724506785,-0.010404138662338788,-0.011503858967617131,-0.012231768881466126,-0.01314093344901357,-0.018071482538002795,-0.01480301988345216,-0.015143408536862121,-0.02416664099981737,-0.02929200424731014,-0.02587216288546225,-0.03369754188638947
1973-09,-0.006533093091074235,-0.009862712908504018,-0.010043449006665317,-0.010466712011563559,-0.01306618618214847,-0.01652195254336357,-0.010585657301149229,-0.012159764031156525,-0.016200456726461518,-0.016672593187051832,-0.013459795936569846,-0.01619239843255202
1973-10,-0.0037453900422300818,-0.004510434126970567,-0.0042118693079889885,-0.004584866581983371,-0.0074907800844601635,-0.0060405222964515365,-0.003316174851044254,-0.006076855677960888,-0.010798042745546174,-0.011082943914180174,-0.01054652582310038,-0.016634461445303048
1973-11,-0.006832759908575584,-0.007651840463716392,-0.007732828631481822,-0.0076339489465685195,-0.013665519817151167,-0.009290001573998008,-0.007975793134778114,-0.007238430206915281,-0.0143940362336736,-0.012781928498534288,-0.010953616840878137,-0.016499623004068674
1973-12,-0.0040732487848401805,-0.0046191339018129,-0.004370945859497807,-0.004135674027028302,-0.008146497569680361,-0.005710904135758338,-0.0036263817325525305,-0.003194586697150281,-0.007634535773103579,-0.0087613561849329,-0.01105368161791398,-0.01235883323326073
1974-01,-0.0020256795636213326,-0.0016556809934912958,-0.001286373436326399,-0.0013513600717283691,-0.004051359127242665,-0.0009156838532312223,-0.00017845076483170852,-0.0016113066133362358,-0.0057428716474257,-0.0061211529633998715,-0.0073655082820156745,-0.015413865892894556
1974-02,-0.001930388976073616,-0.0031068689825131945,-0.00212160781918945,-0.0020100503878486553,-0.003860777952147232,-0.005459828995392352,0.0008341756707817838,-0.0015638206624855044,-0.0036525823521420947,-0.0027252513309383025,-0.0003025834085814,-0.005933103109815666
1974-03,-0.004004134075096186,-0.005021350045915127,-0.005728148259959459,-0.006515049831250591,-0.008008268150192371,-0.0070557819875530225,-0.007848542902092442,-0.00966265611641512,-0.013474703950874523,-0.02060889342130537,-0.029178413312895696,-0.034431960183635785
1974-04,-0.004824339532626495,-0.00565831911472503,-0.0061220152565722025,-0.0067745395432882854,-0.00964867906525299,-0.007326278278922085,-0.007513103682113734,-0.009384636690152617,-0.019599019559518108,-0.028900892140368284,-0.04355460029866104,-0.05488969886988604
1974-05,-0.0031787555011911217,-0.0034962715367633512,-0.003835289012025664,-0.005426408348722836,-0.006357511002382243,-0.004131303607907824,-0.004852341437812588,-0.011790885695511497,-0.016768958782850077,-0.028320118977191583,-0.04278302178797189,-0.05198797579835873
1974-06,-0.00311614760075804,-0.004330345480428446,-0.0036468346845178884,-0.0049325911878019685,-0.00623229520151608,-0.006758741239769245,-0.0015963022967862284,-0.010075617200938275,-0.020778128096460624,-0.032180408946611117,-0.047802105645872506,-0.06353245876901142
1974-07,-0.0026802703353426965,-0.0031046183279256345,-0.00297845825736881,-0.004344105417152064,-0.005360540670685393,-0.0039533143130915105,-0.002599978045698337,-0.009806694056285092,-0.012577393494572334,-0.018326963904071555,-0.020932734820737695,-0.034876983533107295
1974-08,-0.009356874975528243,-0.011574655997629149,-0.012459280450394072,-0.011935130406356548,-0.018713749951056485,-0.016010218041830948,-0.015113153808688856,-0.00983853023020645,-0.025163609937453854,-0.03654401901284045,-0.04735949734290194,-0.05941242855951549
1974-09,0.0013212827185540288,-0.0007390616328474126,-0.00020688772764872188,-0.0005138101042486687,0.0026425654371080576,-0.004859750335650281,0.0013896339879473363,-0.001741499610648456,-0.01521805639742567,-0.036534444593174495,-0.04441222177395064,-0.0601134900083317
1974-10,0.00057250262148896,0.0007449159607979816,0.0011431079490282214,0.0012249207005815832,0.00114500524297792,0.001089742639416011,0.002337683913718955,0.0015521717067950441,-0.012327179061452254,-0.0243491055778738,-0.033591422045326155,-0.04684236061399809
1974-11,-0.0029632977953132633,-0.0018656375218111948,-0.0017664440685278698,-0.0011359156288541367,-0.005926595590626527,0.0003296830251929561,-0.0014688637086779088,0.0013861981298407822,-0.01447055898300903,-0.018639004132238374,-0.027749519458067307,-0.03432412512216254
1974-12,0.0027465763858155606,0.002517875363867078,0.002482746082420287,0.002029251474837304,0.005493152771631121,0.002060473319970099,0.002377358238079927,0.0002152730445054013,-0.0058194090435762375,-0.014696377424861573,-0.01805614395128008,-0.021301000360406164
1975-01,0.00524621489913351,0.007116579398683799,0.008844165079163184,0.010050848025354935,0.010492429798267013,0.010857308397784378,0.014026922120601339,0.01487757981012195,0.0034810446795113387,-0.0003946651652328853,-0.003898020521094961,-0.012003845448278525
1975-02,0.0032113217525591015,0.00599589603186184,0.007022101989060038,0.010097473566072067,0.006422643505118196,0.011565044590467317,0.010100719860654632,0.022398959874120154,0.00702203980069932,0.0060223850530353035,0.006174333886196315,0.0053926111159027235
1975-03,0.004644965082413313,0.007337157359446844,0.009503850319082643,0.010335928598665889,0.009289930164826626,0.012721541913513906,0.01600392919799004,0.01366424171699887,0.00996047479942791,0.011583505596668542,0.008982163730682474,0.001284321365897595
1975-04,0.006701009276644396,0.009748462954856901,0.011064930421675834,0.011055352279297326,0.013402018553288791,0.015843370311281912,0.015014332822132631,0.011017039709783322,0.008985286093162473,0.00689095441936706,0.002168445584386877,-0.0035965587694829076
1975-05,0.007280848890686781,0.010257387190298756,0.012024844833528697,0.013239143629189237,0.014561697781373562,0.01621046378952272,0.017327217763218508,0.018096338811831383,0.015248642335230655,0.01816179428356217,0.01870514239383976,0.011193192272722655
1975-06,0.003366262519371499,0.00594744505931398,0.0055160687608417774,0.008360139641520534,0.006732525038742998,0.011109810139198956,0.004221939865425156,0.019736423164235545,0.011486385097307372,0.015713799117618582,0.02072636698045685,0.024147490212916872
1975-07,0.0034356613419021936,0.005565444487151822,0.0052249825007502915,0.00618512291660385,0.006871322683804387,0.009825010777651078,0.004203596541545701,0.010025684580018096,0.00843771493991402,0.011411333553617536,0.012784600340867536,0.012572565353636156
1975-08,0.0032335436485467217,0.004465489377288759,0.005257016750109353,0.0062787866629648165,0.006467087297093443,0.006929380834772819,0.007631598868571149,0.010365866314386657,0.0032101139864955386,0.002656672585123171,0.0025380018792135195,0.006991736717987945
1975-09,0.0043937090466777545,0.004500085523873085,0.006679785618838779,0.005371446459223592,0.008787418093355509,0.004712838478263745,0.013218885903735864,0.0001380898207628406,0.005995959259163949,-0.004297815347785949,-0.004267626016046466,-0.015874617708374894
1975-10,0.007120113834175858,0.008995269436688387,0.010658824733448667,0.013008851465753347,0.014240227668351722,0.01274558064171346,0.015649490623729494,0.022408958394972082,0.01510053327713605,0.01590557628235846,0.01945320758852208,0.01931141670574575
1975-11,0.006673107438845277,0.008407903779538373,0.008705115880032838,0.012000329249468047,0.013346214877690554,0.011877496460924578,0.009596752181516219,0.025181182727208914,0.004270806178291078,0.0014516760947110852,-0.0016972823059737963,0.0002895654112683721
1975-12,0.006025001619737166,0.00914709557530509,0.010743827352752311,0.012942284954368846,0.012050003239474333,0.015391283486440921,0.01553402268509399,0.021736115360835,0.013962554490253756,0.012442426289372158,0.007897902759633799,0.001048554837667845
1976-01,0.0075637027242208416,0.012774531474436059,0.015495189613873299,0.017511844869714778,0.01512740544844169,0.023196188974866493,0.02365716403218502,0.025578465893080694,0.01586367174254117,0.01696481663615803,0.013166791726167033,0.009758449448378122
1976-02,0.0061474529444184925,0.009672620210489292,0.011055844486901938,0.012382518510883435,0.012294905888836978,0.016722954742630892,0.015205517316139873,0.017689214606809396,0.005016330581208803,0.002880156358929735,-0.005148391446955926,0.0006387381871149553
1976-03,0.005856982617001932,0.00881671827205499,0.010950585801932686,0.012157092345642093,0.011713965234003865,0.014736189582161094,0.017352188391565784,0.016983118520479748,0.011146738482718785,0.014011123480120985,0.01713567141384209,0.015304533057167335
1976-04,0.005452854386268802,0.008372594000970165,0.009651088639419214,0.012030791808678054,0.010905708772537603,0.014212073230372893,0.01348657255476636,0.0215496044857134,0.019820220497673555,0.031176083980802627,0.03839654551694713,0.04234521461634885
1976-05,0.005314444663154935,0.00698085010204004,0.008224404199537932,0.009049646807394812,0.01062888932630987,0.010313660979810263,0.011955066492031596,0.012350617238822359,0.008470734814124789,0.007961346310088865,0.008883940126248338,0.008934249478799353
1976-06,0.005383622115355299,0.007141335581778874,0.009479175569906503,0.010475102729247704,0.010767244230710599,0.010656762514626023,0.016492695534289392,0.014458811366612478,0.010102578729577733,0.013815198328900824,0.010750429370534692,0.01736421069131558
1976-07,0.005974040962434118,0.008318199599113063,0.010696441817732688,0.011700039083620467,0.011948081924868237,0.013006516872470938,0.017831168473591577,0.01571442814717157,0.01766511590973925,0.026335837988456956,0.028326710883466583,0.031315020215827966
1976-08,0.006169681793104349,0.007911296970102781,0.010906939005243345,0.012582350451789133,0.012339363586208706,0.011394527324099644,0.019893865110665036,0.01928399623797227,0.020324677813120612,0.028772285577711887,0.03886694763821055,0.043196539357959335
1976-09,0.004716744126668636,0.007958436599789627,0.009462485362213481,0.012070638865597526,0.009433488253337265,0.01444182154603161,0.013974631649485043,0.02250325287913369,0.025751279047422956,0.03799449022641689,0.0537354155381886,0.05686273466353385
1976-10,0.00502444582145465,0.007627252094065784,0.009898755251609305,0.012287502643390187,0.010048891642909293,0.012832864639288045,0.016713264724239875,0.021842492210513716,0.02110433803387054,0.030665137398193536,0.040345873748153814,0.05290567778440485
1976-11,0.003907707200502826,0.006546486990792917,0.00894183076459304,0.010782356411140927,0.007815414401005652,0.011824046571373113,0.016127862085993393,0.01814445899733249,0.027590775536873405,0.04589741825597517,0.057914684525301116,0.08121256582569948
1976-12,0.005061529736081059,0.008690418962825748,0.009532613391093993,0.012537574158858235,0.010123059472162119,0.015948197416315125,0.012059196675898727,0.024557417229915203,0.023498231155012456,0.040214683084829395,0.05124873626914639,0.07237388286962079
1977-01,0.004623419144105044,0.008426953413169687,0.010601024162661267,0.010988442601596975,0.009246838288210081,0.016034021951298973,0.017123236411136007,0.01253811635733982,0.014443194263160826,0.02770833376453636,0.03464726466014154,0.042418282956805366
1977-02,0.00501694487914376,0.009015281424071035,0.012259849094938206,0.013362171917549535,0.010033889758287513,0.01701195451392557,0.021993552107539734,0.017771463207994838,0.017528316259561923,0.029450791614630246,0.03287776478756949,0.0338068376575641
1977-03,0.005331455918868626,0.009437857548487659,0.012448598270385261,0.014181840394748527,0.010662911837737252,0.017650660807725732,0.02148082043607806,0.021114808892201617,0.017780680898646734,0.027920674307713444,0.033688917556196366,0.03525793130524092
1977-04,0.005439750289125793,0.008336093471912193,0.012099544529392443,0.013233527277473518,0.010879500578251593,0.014128779837484999,0.02338989770183319,0.017769458269797804,0.01616274357795007,0.02475235103548383,0.02936717855817765,0.03278392014747032
1977-05,0.004116274986426485,0.006480710807622303,0.00949243045177632,0.010853161522150628,0.00823254997285297,0.011209582450013938,0.018527589384238374,0.01629608580364786,0.0200685600664941,0.031589341813635624,0.04177449659583751,0.04503719519060573
1977-06,0.0034227652941178285,0.005312983328120982,0.008052505527940325,0.00947995978823641,0.006845530588235657,0.009093419396127282,0.01627107212739836,0.015189776829420736,0.017679520139581933,0.02840302797484362,0.04271458002187706,0.047814595169962504
1977-07,0.00237831417061328,0.0036978213774894603,0.006226107601240649,0.007398080174611701,0.00475662834122656,0.006336835791241821,0.013810966272494216,0.01208597046809591,0.010995618274787289,0.01829304315595072,0.028834912188219528,0.029785910412815933
1977-08,0.002296322612662452,0.0035754469170229536,0.004937992247893444,0.005670486064881186,0.004592645225324904,0.006133695525743957,0.009025628240504915,0.008600461332832168,0.008432600614454312,0.011327719741474666,0.02118112635464136,0.02753273138035433
1977-09,0.002028227954661996,0.0029105472792871484,0.0038182558096123836,0.004815465622619877,0.004056455909323992,0.0046751859285374675,0.0065413814005880755,0.008804304874649838,0.0022992259633518933,0.005550329310074133,0.00771551274103633,0.016543121929596567
1977-10,0.0022172549154187426,0.003179431329518298,0.004034945110104549,0.004590392507769228,0.004434509830837485,0.005103784157717409,0.0066014864518633,0.0068121820984279186,-0.002760875477172915,-0.00717228778880457,-0.008372574342364318,-0.005941335703796118
1977-11,0.0033499118745141665,0.003966148137386535,0.004652366693464902,0.005362492533983146,0.006699823749028333,0.005198620663131273,0.0067110223617,0.008202995896056123,-0.008356861369125133,-0.01940491431691114,-0.024647948664179804,-0.0293867877986781
1977-12,0.0023018388777775595,0.0030808279795504073,0.004555452080071007,0.005724183927278928,0.004603677755555119,0.004638806183096117,0.008979324381632792,0.010399111316110599,-0.009415607432791677,-0.017609754676985466,-0.02972803108913665,-0.033688605145808036
1978-01,0.002389148213370093,0.003121738405551855,0.004347954031316978,0.0048347484963837395,0.004778296426740186,0.004586918789915365,0.00802660090861236,0.006781926356650772,-0.0046993472353637,-0.007389807234378702,-0.008799675136731848,-0.018234345211578178
1978-02,0.002684326486433991,0.0039592691886577575,0.0049083526809719225,0.005502524143786103,0.005368652972867982,0.00650915459310529,0.0077556031579144175,0.00787920999504281,-0.005729714851386132,-0.009850017920002195,-0.010129225015241404,-0.015876969574834636
1978-03,0.0036127960291567757,0.004450360125160091,0.00547764286534036,0.005667111277677009,0.007225592058313551,0.006125488317166736,0.008559491085881152,0.006424984927023633,-0.00638724959888716,-0.01301234228609939,-0.014707171603812477,-0.019202015234116424
1978-04,0.002379740219469073,0.003814994431023705,0.004411656164455116,0.005142842955883908,0.004759480438938146,0.006685502854132969,0.00620164136474935,0.008067590121599078,-0.007222259548158978,-0.01595472027602269,-0.017352085554733034,-0.023886028776095143
1978-05,0.0016094698278904807,0.0019657831910642742,0.002362007854492504,0.0033173231660611757,0.0032189396557809613,0.0026784099174118753,0.0035506818447771787,0.007138584412335877,-0.011614534844020877,-0.023470976866661747,-0.027468882216709095,-0.03457056307471226
1978-06,0.0008854255541904388,0.0010269863183203776,0.001028919258753827,0.0010859243473633207,0.0017708511083808776,0.0013101078465802551,0.0010347180800541755,0.001313944701801295,-0.01732923377650831,-0.03418142985350587,-0.04339522993743173,-0.053414935552809135
1978-07,0.0020964700176550333,0.0018495943477708499,0.0014786485680880063,0.0018132711287909692,0.0041929400353100665,0.001355843008002483,0.0003658112290394755,0.0031517613716028348,-0.013279385204210056,-0.029171502993714918,-0.0347523932746598,-0.04106824758103998
1978-08,5.085653588454697e-05,-0.0008650923748837747,-0.0007459433027168921,-0.0006118201907883564,0.00010171307176909394,-0.002696990196420418,-0.00038849608621624454,-7.532774307422718e-05,-0.014218224610955163,-0.026997111993260367,-0.0340853633926151,-0.043907275809846755
1978-09,-0.0011697181918803035,-0.0028397763053561037,-0.0026173729168268295,-0.002553777695316811,-0.002339436383760607,-0.006179892532307704,-0.0019501627512390068,-0.002299396809276752,-0.01523477328334534,-0.027511380163716598,-0.03408133542349015,-0.04261809699027064
1978-10,-0.0024801536149106768,-0.004062945511189922,-0.004645458918755632,-0.00721102659608866,-0.0049603072298213535,-0.0072285293037484405,-0.006392999141452735,-0.017473297305420785,-0.020752009364604224,-0.03587443717250717,-0.04723094061233714,-0.059212278567898194
1978-11,-0.004174455339973737,-0.00791098061799525,-0.009649502929299045,-0.011095696614247627,-0.008348910679947474,-0.015384031174038304,-0.0148650698632104,-0.01688047135404197,-0.022126481425342806,-0.0374052552566352,-0.04413650689526803,-0.04989474631037265
1978-12,-0.004666600604880999,-0.007103514217575407,-0.009577833347068979,-0.0102925186473969,-0.009333201209761999,-0.01197734144296421,-0.017000790735549706,-0.013151259848708616,-0.025884841586350973,-0.04240135353539895,-0.05193320705270804,-0.05502182434295383
1979-01,-0.0037611561238748703,-0.007841156669111143,-0.009828984586445585,-0.009899113243545338,-0.007522312247749741,-0.016001157759583703,-0.015792468338448898,-0.010179627871944333,-0.020224564111564314,-0.03311819361220371,-0.034093295482312144,-0.036521761325516974
1979-02,-0.0027216269513976044,-0.007970155825616096,-0.00802118414274132,-0.00794781247534894,-0.005443253902795209,-0.01846721357405305,-0.008174269094117018,-0.007654325805779419,-0.02016968149930548,-0.033755607475578445,-0.03307112521578444,-0.042555980598798074
1979-03,-0.0013334266721280463,-0.004922781168585438,-0.005801744561670263,-0.006072412930548041,-0.0026668533442560927,-0.012101490161500209,-0.008438634740924753,-0.00715508640605915,-0.01505847401754623,-0.028550198431983184,-0.030173283260461606,-0.037593729668373
1979-04,-0.0011857445098518299,-0.005365834151426593,-0.0061129440667936075,-0.006458829230782018,-0.0023714890197036598,-0.01372601343457612,-0.00835427381289465,-0.007842369886735631,-0.017441448325480655,-0.030585385216062827,-0.03285865918115616,-0.03863772401108123
1979-05,-0.0031527953891820892,-0.007421847532827347,-0.007445690628723731,-0.008636677033377643,-0.0063055907783641785,-0.015959951820117876,-0.007517219916412868,-0.01340062265199328,-0.01387319795693065,-0.021981334873866207,-0.019562838821682763,-0.02199917210564563
1979-06,-0.0043583115891259044,-0.005340077078985442,-0.005655852008997181,-0.007041794990462508,-0.008716623178251809,-0.007303608058704517,-0.006603176799032398,-0.012585566916323829,-0.006638119506504489,-0.0050203590965577916,-0.005091003572684466,-0.0055828526867361394
1979-07,-0.0033732178808453805,-0.005712750766769789,-0.006468366796259062,-0.007629870323164131,-0.006746435761690761,-0.01039181653861862,-0.008735214884726866,-0.012275884430784395,-0.008364551897259959,-0.01281976506013674,-0.01461962922504867,-0.015290144901288993
1979-08,-0.0046083861909594626,-0.007609035272402032,-0.009223462737070268,-0.010987357179295845,-0.009216772381918925,-0.013610333435287156,-0.01406674513107499,-0.018042934948198155,-0.016386854569464662,-0.02635564002519991,-0.029622370317362756,-0.03211952057059575
1979-09,-0.00736474914494907,-0.009857861319762032,-0.01243815597711316,-0.01357054447068462,-0.01472949828989814,-0.014844085669387927,-0.020179039949166575,-0.018100098444970444,-0.020848472578930854,-0.030807903016510665,-0.03642301629353199,-0.03705240934881242
1979-10,-0.0069734154173451,-0.010722657597459606,-0.01436108577810949,-0.01618850017913548,-0.0139468308346902,-0.018221141957688633,-0.025276370320059124,-0.02349815778323948,-0.0312193750535755,-0.050760141346387885,-0.06519106635390613,-0.08364706116302194
1979-11,-0.0019504524538669077,-0.009320645709931352,-0.011072335081046825,-0.011002653387164635,-0.0039009049077338154,-0.02406103222206024,-0.016327403194393242,-0.010723926611635848,-0.021376319126221788,-0.04588685383880059,-0.04971829992622506,-0.0632987765321481
1979-12,-0.0028834481194767725,-0.007064314949094264,-0.009416402960969072,-0.010847395387473369,-0.005766896238953545,-0.01542604860832926,-0.016472666996593485,-0.01657136509349054,-0.01849970335398754,-0.033876650702223746,-0.04461789497366973,-0.050462989970010405
1980-01,-0.0022206817244062177,-0.00752373663277911,-0.008307083695619624,-0.00922266063859295,-0.004441363448812435,-0.018129846449524922,-0.01065712488414114,-0.012884968410486225,-0.024091072840884978,-0.05221962774479148,-0.0664510102268507,-0.08254227380778913
1980-02,-0.0062100179050897375,-0.010002553244369647,-0.015099033148409602,-0.0193203758765335,-0.012420035810179475,-0.01758762392292948,-0.030388472860529453,-0.036205746789029075,-0.04541668265687333,-0.09143728917482503,-0.1219973631000907,-0.13923664479941877
1980-03,-0.00784266150436394,-0.01635698445416471,-0.022894660651534088,-0.023283463088301315,-0.01568532300872788,-0.03338563035376624,-0.04250768924364223,-0.024838672835370168,-0.04991390942375319,-0.09357713265602262,-0.11587719312267823,-0.12777164636459226
1980-04,0.0012533408480506908,-0.0017543954567516284,-0.003258127547698053,-0.0018346116199255552,0.0025066816961013816,-0.007769868066356267,-0.007769323820537327,0.0038594520911644226,-0.007940276876767197,-0.029741759864508235,-0.035894953468110155,-0.041536787391371996
1980-05,0.002161578932613456,0.005017580247251144,0.006877174364461433,0.009692881588789684,0.004323157865226912,0.010729582876526506,0.012455956716092315,0.020955710486102702,0.0037417027726178026,-0.006494113361745005,-0.014693622603702397,-0.03050290842080601
1980-06,0.004866335933232047,0.007563566694152646,0.008697399519294935,0.01088673665732856,0.009732671866464093,0.012958028215993858,0.012098897994721788,0.019644085209463077,-0.0004998095873610664,-0.009319275921638934,-0.020663667345774447,-0.03713131866592932
1980-07,0.005198325633933826,0.007597940546015744,0.007568830036074836,0.010709214045546867,0.010396651267867651,0.012397170370179567,0.007481498506252127,0.023270750083434988,-0.0020537109685872246,-0.01814945398196996,-0.034589114443772856,-0.04965377258770584
1980-08,0.0010555654975592105,0.0019529332672025973,0.0013723963932578964,0.002372040224548941,0.002111130995118421,0.003747668806489357,-0.00036921422857619235,0.00637061554971316,-0.01790641588430715,-0.04231752381710095,-0.06882158125705352,-0.09518494547906371
1980-09,-0.0004199859150282592,-0.001575832101366012,-0.0013476860744164737,-0.0022346569216133705,-0.0008399718300565184,-0.003887524474041504,-0.0006632479935678726,-0.00578254031040093,-0.025259529072488726,-0.04979367369441072,-0.07661521995212638,-0.10458210118611953
1980-10,-0.002974632954491907,-0.005539873958207972,-0.007661095016583949,-0.006260544951097222,-0.005949265908983814,-0.010670355965640102,-0.01402475819171188,-0.0006583446891502559,-0.018704288075536563,-0.035733621365087745,-0.05509709296035313,-0.06932794979272709
1980-11,-0.009014983593308462,-0.01166987200657102,-0.014390370440798536,-0.013930343971993733,-0.018029967186616924,-0.016979648833096134,-0.022551865743481087,-0.012090238096774536,-0.030224990907847388,-0.06258014194340428,-0.08825198230481496,-0.10274812917308329
1980-12,-0.003725387131048183,-0.007443907611860243,-0.0074268449969259465,-0.008300302710836344,-0.007450774262096366,-0.01488094857348439,-0.00737565715212303,-0.011794133566477918,-0.020544758348977038,-0.043297894805233425,-0.05966747533836601,-0.08364104538975702
1981-01,-0.008435669271028859,-0.010997577196638672,-0.011549394914560251,-0.010904467725874584,-0.016871338542057718,-0.016121393047858312,-0.013204848068324976,-0.008324758971131857,-0.021105791368162402,-0.03902872719497957,-0.05022888695061237,-0.06657343521212358
1981-02,-0.007671924800189925,-0.007329309392435229,-0.008699759763458631,-0.009063044194726172,-0.01534384960037985,-0.006644078576925866,-0.012811110876528808,-0.010516181919796364,-0.009395958088365103,-0.00861565468910036,-0.029335971250889575,-0.04970652944157547
1981-03,0.0001572886344990837,0.00027411837884701307,0.0011393011829702454,0.002228456108004692,0.0003145772689981674,0.0005077778675428579,0.0037348495953399563,0.006585075808142465,0.004331701191933185,-0.009351482230170155,-0.03234992514069418,-0.04090642337074324
1981-04,-0.0020183746076334608,-0.00650852579399705,-0.005461877510715862,-0.006780778499113405,-0.0040367492152669215,-0.0154888281667242,-0.002321932660872328,-0.012056382452703573,-0.03428309803588053,-0.07480599661895179,-0.10387627200474683,-0.134484666984692
1981-05,-0.005284035781908891,-0.007931788400469736,-0.009042834689523632,-0.01132332028670549,-0.010568071563817782,-0.013227293637591425,-0.012375973556685321,-0.020445262675432924,-0.04835752336617988,-0.07974055015724238,-0.10673798103496543,-0.1260869782235842
1981-06,0.0007211885918010363,-0.0030886963506559784,-0.0008540613643067407,-0.005965982065377559,0.0014423771836020727,-0.01070846623556998,0.005849843594740944,-0.02641366486966079,-0.041522072053752954,-0.08126116494157822,-0.1097085446315035,-0.1471690469369984
1981-07,-0.0018491611161107757,-0.008264932043908824,-0.00899399542996171,-0.011661337392616322,-0.0036983222322215514,-0.02109647389950489,-0.011181185588120396,-0.022330705243234744,-0.047105991446030476,-0.08851314155752749,-0.1174378118656686,-0.14048851890801134
1981-08,-0.0014884739126095614,-0.002196699830448706,-0.007885958974704232,-0.009128394301894355,-0.002976947825219123,-0.003613151666126996,-0.02495373640747081,-0.014098135610654844,-0.040196632389378456,-0.07577977914216685,-0.11484360508911293,-0.12582701651642583
1981-09,0.0013779541433139586,0.00083204705724782,0.0033786864266987793,-0.0037467214895821888,0.002755908286627917,-0.00025976711488445714,0.011018604535051657,-0.03224835315470603,-0.03325308622840312,-0.07230963338741914,-0.10512622866444915,-0.15434048790824834
1981-10,0.0014192755963648163,0.002136590586055309,0.004306715696282826,0.004114646363042512,0.0028385511927296325,0.0035712205654363227,0.010817091026965348,0.0033463690300812032,-0.01339135949768748,-0.03434236024476088,-0.05938043259061275,-0.07829796189543202
1981-11,0.004708161953002291,0.013175564706665435,0.010780945198897843,0.010203075413258059,0.009416323906004581,0.030110370213991752,0.0035970866755950376,0.00789159627069895,0.009468899610044296,0.010571793667604773,-0.01459157549320686,-0.0027800334689152273
1981-12,0.0027236135583202092,0.005085284551816907,0.0057982077207637955,0.004754462104386417,0.005447227116640432,0.009808626538810303,0.007936977227604461,0.0005794796388769036,-0.008233053922073297,-0.029343509272175036,-0.0473100726230853,-0.06782346307714461
1982-01,-0.0010768665543759715,0.0013337698125051867,0.0019318548810235148,0.00048725658323223175,-0.002153733108751943,0.006155042546267503,0.003726110086578499,-0.0052911366079328725,-0.017484382075496935,-0.03206508554804252,-0.05203801969607422,-0.06470193228722379
1982-02,-0.00027219148097115675,-0.0014657982929363322,-0.0013966550245640141,-0.002708540208220367,-0.0005443829619423135,-0.003853011916866683,-0.0011892252194470598,-0.007956080942845806,-0.012638801314692139,-0.01603344864398798,-0.022286499317962394,-0.028908407732623986
1982-03,0.001457893905650015,0.0019289169590422928,0.002237066494792661,-0.0009911457821482617,0.00291578781130003,0.0028709630658268204,0.0031615151020437937,-0.01390399488991198,-0.008997180550407019,-0.020716948313569378,-0.029164819603461428,-0.03505301671676794
1982-04,0.001193391617292594,0.0005232278267184309,-0.0005158807269052545,-0.0018778437882344123,0.002386783234585188,-0.0008170997544298675,-0.0036332063877763388,-0.007325696033551071,0.006229344314653523,-0.00138017355673542,0.007381087066742564,0.009224004531735774
1982-05,0.002390274924411351,0.004093747340508255,0.003435737029367558,0.003722312828103619,0.004780549848822702,0.007500692172702064,0.001461706095945467,0.00486861602304782,0.004294987495666064,0.0011502030687357556,-0.0038634036011677975,-0.010907313313062356
1982-06,0.0008867267874003715,0.002124606702929799,-0.0011864248917625442,0.0005194608330988115,0.001773453574800743,0.0046003665339886535,-0.011119519675839573,0.007343003732544207,0.0009388143678843996,-0.012046668258203996,-0.011300754013169378,-0.02709846202270827
1982-07,0.004629573359686862,0.006448577920782683,0.004543840201489527,0.008141260067817208,0.00925914671937371,0.01008658704297434,-0.0011703729563899562,0.02253093953312789,0.023336515822474063,0.020015733258291035,0.0257827986818919,0.03165730444974271
1982-08,0.003458081744390412,0.008189762703152748,0.010844176778267475,0.010309144435487042,0.006916163488780824,0.017653124620677446,0.01880741900361163,0.00816901506436532,0.037346752371969716,0.06714113741425073,0.06485797658329132,0.07227612216621368
1982-09,0.006826986216962039,0.008695174426594718,0.008411179120278028,0.010903545674750256,0.013653972433924078,0.012431550845860104,0.007559193201327932,0.02087301189263914,0.04912666653913106,0.0815836852428257,0.1265414971845204,0.1331047090809896
1982-10,0.005014236815913245,0.01057234236539821,0.008190915278712962,0.008899193012919832,0.01002847363182649,0.02168855346436814,0.0010466340186572193,0.011732303949747322,0.04252851152801798,0.07576121879691614,0.10457971669480168,0.146569412041514
1982-11,0.004469733274699156,0.008768580765686818,0.012691090251199716,0.011337007017138245,0.008939466549398312,0.01736627574766214,0.02445861870773841,0.005920674080892363,0.02613579995123287,0.0640261796610546,0.06697646663421579,0.06712892024240462
1982-12,0.00715254057947122,0.012308081364273082,0.015200466329731405,0.016240786673436772,0.01430508115894244,0.022619162933876807,0.02387762122610637,0.020402068048258226,0.04528090651186255,0.08061813128695254,0.10576962497590232,0.12230516278389499
1983-01,0.005923068971115317,0.011961977731887438,0.011782265554371937,0.015991101623380924,0.011846137942230633,0.024039795253431653,0.011243129021825463,0.03282644589941687,0.04147787966204999,0.07941839703688883,0.10273632464083762,0.12983367178188124
1983-02,0.006259263928170389,0.00984092072244569,0.013465065498287368,0.014548115700167105,0.012518527856340778,0.01700423431099632,0.024337499825812375,0.01888031650768604,0.04699061031860263,0.07815406382594012,0.10749559757604168,0.12273701008792845
1983-03,0.0050226616770283755,0.008100705790644327,0.0076416688417219325,0.011586517380777636,0.010045323354056751,0.014256794017876218,0.006264557994954761,0.027365911537000437,0.043654496089891026,0.07721884408025209,0.10686227344301066,0.12743242883673492
1983-04,0.005415485202995271,0.008633236202381003,0.010133742723096015,0.012869905308821067,0.010830970405990542,0.01506873820115244,0.014635262285241077,0.02381455565172129,0.04497794947473807,0.07592104555447052,0.09981026720569461,0.12044047512705533
1983-05,0.0051369285335039205,0.00739984073366956,0.010085707985189152,0.012083236042630216,0.010273857067007841,0.011925665134000826,0.01814330973974794,0.020073348272394445,0.03613736025963059,0.06472100577613267,0.08561385714888518,0.10369597384299294
1983-06,0.005807699270965874,0.007010389710969664,0.00923236255205917,0.012266141899725816,0.011615398541931748,0.00941577059097723,0.015898281075327703,0.024401259290392385,0.04264558275054592,0.076502679918348,0.09683951882727637,0.12915637066023805
1983-07,0.004507722614269488,0.006851501291708473,0.010809131023225643,0.012005691817563405,0.009015445228538976,0.011539058646586456,0.02268202021777714,0.01679193499491448,0.02796911202499229,0.04775021914504625,0.05375075284768842,0.07230963746865775
1983-08,0.004978708358287273,0.007581830261271683,0.010901908361654361,0.013042378796941381,0.009957416716574546,0.012788074067240515,0.020862142662802383,0.021604260538089434,0.015413290458115972,0.03160612533155402,0.04612259723726028,0.04192659660815837
1983-09,0.005670778503427731,0.009151447970348697,0.010174831794678332,0.014739718406268226,0.011341557006855463,0.01611278690419063,0.013244983267667237,0.0329992648526278,0.018689581459469043,0.02481518432401865,0.021297199646700918,0.033960837297217786
1983-10,0.007441850361233418,0.011419270732002995,0.014071337067528125,0.015575421122240599,0.014883700722466836,0.019374111473542163,0.0220275360741035,0.021591757341090465,0.00880048513714729,0.014377349384369395,-0.005178116565194749,-0.016701337184230128
1983-11,0.00675238561097935,0.009229029795201238,0.012977496606284139,0.013252390645795337,0.0135047712219587,0.014182318163645041,0.024222897039532815,0.014351966803840183,0.004912341448038288,0.0047467208723817045,0.01099589631511505,-0.011333451744885426
1983-12,0.006587051826483448,0.00853359132771972,0.012344657770048367,0.01408572901958885,0.013174103652966895,0.01242667033019225,0.023777857097034324,0.021050014017750793,0.0022836222152287783,-0.00029277744757497115,-0.0008632854953745106,-0.01626053348786427
1984-01,0.00729201791632289,0.009622143414795975,0.012709572192859259,0.01469533069863399,0.01458403583264578,0.014282394411742144,0.02197185852704911,0.02263836472173289,0.004297308162786159,0.0062042378041275575,-0.004383857365233598,-0.001078099772310312
1984-02,0.007431587362751582,0.009786174256791152,0.012713116839452684,0.014245822951219525,0.014863174725503164,0.014495348044870293,0.02149394458743728,0.0203766473982869,-0.0008917468163280318,-0.012160961903503686,-0.015729084795230414,-0.03175298754765046
1984-03,0.005724977657269495,0.008239780749432768,0.011106854906521274,0.012440689806199612,0.01144995531453899,0.013269386933759328,0.01970807737778678,0.017776029404913005,-0.0037717147395338185,-0.01478191412978716,-0.035603781162182296,-0.04176298509655921
1984-04,0.007891211240044924,0.009577365030866938,0.012034993451257012,0.014231031040055644,0.015782422480089847,0.012949672612510996,0.019407878712427204,0.023015181395250148,-0.008234099679343604,-0.028012854043615157,-0.04539233445621922,-0.06005072760225928
1984-05,0.006548866807079418,0.009369134473647012,0.010888643513098095,0.013385531421925667,0.013097733614158835,0.0150096698067822,0.015447170631451346,0.0233730830572359,-0.013824241109016935,-0.03909440776519972,-0.06005886600825876,-0.07953078654334043
1984-06,0.007575189026643878,0.01056723119688871,0.01147276152662291,0.012703432384674612,0.015150378053287755,0.016551315537378375,0.01418935251582551,0.01762611581688142,-0.01116257222005701,-0.039675150444356294,-0.06310615566839572,-0.07567221965581761
1984-07,0.006007031680768632,0.006765124833690295,0.0075520609251261,0.008684717957504584,0.012014063361537264,0.008281311139533606,0.00991286919943353,0.013215346087018479,-0.0032925172060227215,-0.016075484355535227,-0.01398273771185339,-0.01941163435093414
1984-08,0.0037439892148588283,0.004469822030963619,0.005738647988807341,0.0063700386054929975,0.007487978429717657,0.0059214876631732,0.009545125862338508,0.008895601072235623,-0.0031521772240618307,-0.010961675527175349,-0.009130614468182544,-0.010181073733067994
1984-09,0.00612887896814697,0.007742695252491133,0.009444838071099054,0.009984005751939862,0.01225775793629394,0.010970327821179446,0.014551266526922832,0.012140676475303133,-0.0013314148779971363,-0.010149357794953046,-0.020547674233317853,-0.014772647792465482
1984-10,0.006351094238583946,0.008796399922941803,0.009898669636909621,0.010394892420007712,0.012702188477167892,0.013687011291657544,0.013205478778813048,0.01237978355240009,0.009287547942226387,0.01036331815836021,0.013107690160565719,0.015897815942602686
1984-11,0.006849570078937495,0.010177386130745925,0.013652803624621845,0.014157310580075383,0.01369914015787499,0.016833018234362798,0.024079056106249594,0.01617533840188949,0.015089087182214814,0.01715658114824098,0.02613077591366711,0.01798800257151381
1984-12,0.007023723029456599,0.012472616744288526,0.014869541912513232,0.01777405773360413,0.014047446058913199,0.023370404173952378,0.02206031741718735,0.029392121017967746,0.0203486196026699,0.025902359823651952,0.0334843286964369,0.03964854124670335
1985-01,0.007711694832133478,0.011637349463701915,0.015592829948364792,0.015907164529940537,0.015423389664266957,0.019488658726838817,0.027459271402353394,0.017164502856243505,0.020977596102662463,0.026230161120154333,0.03510692119038131,0.036679574779777485
1985-02,0.00660011699884494,0.010040564591037887,0.014350623651423491,0.014738812544259877,0.01320023399768988,0.016921459775423767,0.027280800832580318,0.016291568115605434,0.0170622937279125,0.02055652677750225,0.0273281305919251,0.022623096160041017
1985-03,0.005946477314450457,0.00996842741690493,0.01434265524988046,0.014287962171370017,0.011892954628900915,0.018012327621813887,0.027465338748807036,0.014069189857328204,0.02146964735599466,0.03286577170230874,0.0445812134997373,0.04491159619729894
1985-04,0.007708820334509356,0.011739655003152993,0.016366392998528434,0.016823020219940754,0.015417640669018712,0.01980132434044024,0.030246606984654784,0.018649529105590062,0.03202488475697653,0.04579937897735549,0.06164839562622913,0.07065943231371118
1985-05,0.006414800339178031,0.010723119120767788,0.015290927559376263,0.015400971208713157,0.012829600678356062,0.01933975668394733,0.028994352875201662,0.015841145806060747,0.04805232345128588,0.08518698241683906,0.11624898620147012,0.1455823062206314
1985-06,0.008359570887771284,0.014413459273815862,0.018047782319145014,0.01868325929094483,0.016719141775542568,0.026521236045905047,0.028950751455132442,0.021225167178144114,0.05377179479083524,0.09222538529021851,0.11851491849768644,0.1458116995969829
1985-07,0.006298148113779295,0.01214117164160737,0.016996256568305237,0.016207213413518717,0.01259629622755859,0.023827218697263522,0.03156151134839884,0.013051040794372623,0.04300370610249139,0.06967836375542057,0.08675365699854472,0.0993971344781185
1985-08,0.007455518410262929,0.010803816445658893,0.015575271459585122,0.015403996769905032,0.014911036820525858,0.01750041251645082,0.02988963650136381,0.014718898011184672,0.04130296362341944,0.06612839965976856,0.09198809819935803,0.10480904796393163
1985-09,0.006305380913370004,0.010549502277768324,0.015002255173972037,0.016201821283574253,0.012610761826740008,0.019037745006564938,0.028360513862583203,0.021000085721983086,0.03987468877178339,0.06585118560171228,0.08898163795755963,0.10037873140576901
1985-10,0.007082517472904018,0.010340672951544769,0.01411640834918318,0.015929175591386638,0.014165034945808036,0.016856983908826284,0.025443614542098397,0.023180244560200486,0.03427109212977732,0.05536197212823625,0.07327937065083244,0.08178444331374356
1985-11,0.005616107979654908,0.008226738845549933,0.011981041440723109,0.013767363948019251,0.011232215959309816,0.013448000577339969,0.02324394922624265,0.020912653977203793,0.030177776090968597,0.05225721429911519,0.07936690576111842,0.08877693086985887
1985-12,0.003465655094036485,0.006313873652504728,0.008861196407501423,0.01059415581053319,0.00693131018807297,0.012010310769441201,0.01650316467249152,0.017525993422660258,0.028266887593086668,0.058925423113139544,0.08319487129505916,0.11030326917470885
1986-01,0.0023318695549908453,0.005919245425129935,0.00819914459921324,0.009867352520319408,0.0046637391099816905,0.013093997165408128,0.015038842121463142,0.016540184204744096,0.027074217641770912,0.053549965236131994,0.07956606745058122,0.09334255616286553
1986-02,0.0015593407372524043,0.0032171297519630188,0.004701593751934463,0.006059759534028417,0.0031186814745048086,0.006532707781384248,0.009154985751848796,0.011492422662404203,0.03438441619104281,0.06937137668531466,0.11130365192986365,0.1396244164869732
1986-03,0.00033828162428728437,0.0027417894931354575,0.0046131720465450304,0.005463332911024493,0.0006765632485745687,0.007548805230831818,0.010227319706773735,0.008863976368942345,0.03725917256405363,0.07996115487244566,0.12524390632557358,0.15445199441128077
1986-04,0.0019217994922765685,0.005985928758269685,0.007213803962329415,0.008432332490413447,0.003843598984553137,0.014114187290255903,0.010897429574508621,0.0133064466027496,0.037937545525910554,0.0764151757386895,0.11506750028998022,0.1453395046779535
1986-05,0.004408566562287955,0.007482008580601149,0.011201511761649616,0.011760720435668504,0.00881713312457591,0.013628892617227523,0.02236002130479503,0.013997555131744055,0.024128863619518937,0.04595075012005323,0.07261547331919024,0.07739586076161883
1986-06,0.0033294711911989808,0.006554856710115568,0.009622833640733276,0.010170905554197078,0.0066589423823979685,0.013005627747948743,0.0188267644325864,0.012363193208052285,0.028496962314449745,0.060137076516863994,0.08786002076295486,0.10203624404741975
1986-07,0.002542936069720003,0.007958164649797428,0.009127565964238249,0.011168710207555346,0.005085872139440006,0.018788621809952263,0.012635769907560726,0.019333287180823736,0.030841804210158613,0.06782865875058215,0.09884705627162875,0.11750783514104067
1986-08,0.004399614846230561,0.008096826145693299,0.010154461800306713,0.011049850759077662,0.008799229692461122,0.015491248744618782,0.01632736876414695,0.014631406594161428,0.03894131824636193,0.07167278249618772,0.11010145167876881,0.1325232623516426
1986-09,0.0047142851760738,0.008457695267048607,0.012227508883802848,0.013666420509495125,0.0094285703521476,0.01594451544899822,0.023536949734065574,0.019422067012264246,0.033181002377200494,0.06336041758207833,0.09634665654612379,0.11438003308450179
1986-10,0.004747476346090143,0.008201787275657145,0.01065614378014653,0.013184718944337405,0.00949495269218028,0.015110409134791149,0.018019213293614687,0.02329901960110089,0.034031162223720074,0.06125932071827808,0.09145865340349738,0.1164858119479952
1986-11,0.003598139423772677,0.0058640043387263655,0.008411681266221195,0.00953863932140011,0.007196278847545361,0.010395734168633756,0.01605471204870567,0.014046471542115795,0.02957246073298392,0.05416442723645262,0.08535288706773561,0.10855107376990783
1986-12,0.0022196125341672687,0.004180647258917057,0.005427492433404964,0.008007100790957046,0.004439225068334544,0.008102716708416634,0.009168027956868684,0.01832553422116539,0.020214735230060676,0.04106924597315503,0.06275311897921762,0.0843945094869969
1987-01,0.002760800664411568,0.00511559050742335,0.0070950924790155745,0.00786376416430963,0.005521601328823136,0.00982517019344692,0.013033598393792242,0.010938450905485855,0.020327822030761986,0.04356430078812727,0.06444205563692379,0.08361272436865594
1987-02,0.002833534054674687,0.004467497579202645,0.006297414815151156,0.0071937903582804524,0.005667068109349374,0.007735424628258561,0.01178716652299669,0.010779292530797624,0.016252447665343242,0.03025185352821655,0.04480518084264522,0.057644203172891165
1987-03,0.002530225191598977,0.004856928441658949,0.0063025095764059,0.00820799157431295,0.0050604503831979605,0.009510334941778907,0.01063925298064674,0.015829919565941118,0.006393726320568005,0.014599244240195292,0.02103339207718355,0.024975278537472584
1987-04,0.003755270274442765,0.006864030559887824,0.008590057281842214,0.00930126770375432,0.00751054054888553,0.01308155113077794,0.013768137447705386,0.01214610939140276,0.0006604641622034169,0.004080976081224069,-0.0012862802973949705,-0.004931105964700477
1987-05,0.00480204271103829,0.007072240166194954,0.008566149180353547,0.009520266156083937,0.00960408542207658,0.011612635076508296,0.01304787622282931,0.01333673405900547,0.006435901391348212,0.008079476853271456,0.01644563134833049,0.015014078524017538
1987-06,0.004901664533968467,0.00755663575842086,0.009341236078283521,0.011021157390178143,0.009803329067936933,0.012866578207325646,0.014695037037871506,0.017740842637756604,0.0028652200962599114,0.0022737964901336713,0.004440260429256375,-0.0016853056867008956
1987-07,0.005131919408899233,0.008390385962493849,0.009768302309508717,0.011119071640801087,0.010263838817798465,0.014907319069683095,0.013902051350553307,0.016522148965970568,-0.0018387590172683627,-0.0002386071818229335,-0.009434787500653671,-0.010928182827091612
1987-08,0.005757575557688757,0.008721642030967716,0.010032417918389491,0.011271273699564446,0.011515151115377514,0.014649774977525634,0.013964745580654817,0.016226696824264267,-0.007536912337400836,-0.019896956738021526,-0.03455550498126217,-0.050224985997617516
1987-09,0.005163744056276481,0.008173583745474736,0.010424851627651194,0.011186732788560236,0.010327488112552963,0.014193263123871244,0.017178655274180568,0.014234257432196432,-0.009837800473110628,-0.0234871439619236,-0.0334098281769875,-0.050432787264162046
1987-10,0.008557045893636497,0.012200158941389025,0.014951904539915822,0.015383232004184885,0.017114091787272995,0.01948638503689408,0.023207141335496215,0.01710854186126111,-0.0005161111677783672,-0.012530857680218867,-0.024009093283456913,-0.03392827887781089
1987-11,0.006267589033966139,0.010077447298895092,0.012891819259404746,0.014626893675082617,0.012535178067932279,0.017697163828753,0.02133493514093371,0.02156719133779411,-0.003629664862787381,-0.016595052472418638,-0.0290634479627987,-0.04717785527194935
1987-12,0.0036883723330253387,0.005996503795706404,0.008113907315979052,0.009846721397964775,0.0073767446660506775,0.010612766721068534,0.014466117876796997,0.016777977725907695,-0.006642750714894709,-0.016998754455758,-0.029525469003187095,-0.03674802844204795
1988-01,0.003917953545918937,0.006099291901986312,0.008022131297879598,0.008943688395964308,0.007835907091837874,0.010461968614121075,0.013790649485559442,0.012629916788303136,-0.002135743633010362,-0.0078038254932348144,-0.012889540675397146,-0.02339908421730423
1988-02,0.0037097277513147148,0.005895432436023446,0.007531083783665127,0.008773372699593968,0.0074194555026294295,0.010266841805440893,0.012438037826590184,0.013742528363309345,-0.00027361558136224096,-0.005898330146444725,-0.010318689119600544,-0.01791811810610472
1988-03,0.00400572095741096,0.006554385629735537,0.008706487057989376,0.010455935780997683,0.00801144191482192,0.011651714974384678,0.015162791342750906,0.017453730673030923,-0.0012000948509903395,-0.005961747058221646,-0.013234754286147878,-0.01882817129714596
1988-04,0.004944021547582805,0.007369420275149419,0.009593445798106448,0.010727521054234163,0.00988804309516561,0.012220217730282645,0.016265522366977536,0.015263822078745048,0.005133155834829012,0.0059492791563848235,0.005119814159751046,-0.001376983529880249
1988-05,0.003599078454937052,0.0056269287334144436,0.007912087007449775,0.009111040257947081,0.007198156909874104,0.009682629290369227,0.01476756182955577,0.013906853259936292,0.004249492702987648,0.0033093781505329073,0.0013200323639040584,-0.005465388125735174
1988-06,0.003306851353222201,0.0048866045821478465,0.006239293801334658,0.0074174929457696825,0.006613702706444402,0.008046111039999124,0.010297361458895107,0.012130289523509766,0.003400614210216965,0.003250774853378241,0.0034969859935306546,0.004537752314672183
1988-07,0.003308376297064597,0.0044131939386248265,0.005578718602054986,0.00633783027921396,0.006616752594129194,0.006622829221745299,0.00907529259234545,0.009374276987849858,0.0012377310234771982,0.0005021897047098323,-0.001244695960803427,-0.0028239473814995752
1988-08,0.0025499753132730285,0.0033423366253682862,0.004541792933842742,0.004938108187529072,0.005099950626546057,0.004927059249558816,0.008140161859266096,0.006523369202274379,0.0017878553696209776,0.001610383974844018,0.0009207745601834821,-0.0007199862205748836
1988-09,0.0027343130818124617,0.003638124937815554,0.004015361307940779,0.004789734005524654,0.005468626163624923,0.005445748649821738,0.0051470704183164545,0.007887224795860168,0.009469512526516927,0.01733617390072721,0.028211104939050005,0.036440316366893946
1988-10,0.0016139001592043317,0.0018379144399049419,0.00257437340449182,0.0029124789622959474,0.0032278003184086634,0.002285943001306176,0.00478375029825244,0.0042649011935124576,0.0060401548103169445,0.01122480255184631,0.0210720639090803,0.022322918495132918
1988-11,0.0016441817776397527,0.0016674076617262251,0.002460031265623136,0.0024461738759126717,0.0032883635552795054,0.00171385942989917,0.004837902077313869,0.0023907443170708004,-0.002141965022660494,-0.002410307839779774,0.0025336247806619916,0.0045857709505494615
1988-12,0.0003619230463714068,0.0008278521752736467,0.0008722594584441717,0.000964728037953444,0.0007238460927428136,0.0017597104330781543,0.001005481307955719,0.0013346023559905607,-0.007925255672711767,-0.013338335383148492,-0.015933928278192094,-0.015463432199002564
1989-01,0.00021103175888115278,-0.00017140580653786375,-6.425350131677998e-06,-0.0004991255408051398,0.00042206351776230555,-0.0009362809373759245,0.000488516019086907,-0.002469926303499001,-0.012237609025643567,-0.022271220046766238,-0.027617805741312312,-0.035549921089577524
1989-02,-0.00039394640450189644,-0.0009450162914727833,-0.0008005109704657953,-0.0018172982663951232,-0.0007878928090037929,-0.002047156065414571,-0.0003669950074448175,-0.0058844474501124205,-0.01801362957895944,-0.03239198004610362,-0.043339871235687735,-0.05466343294652244
1989-03,-0.000938388128763748,-0.0015041516313090697,-0.002557785370850829,-0.003055816689503027,-0.001876776257527496,-0.002635678636399727,-0.0057186865894760935,-0.005047941964111832,-0.017601611172993054,-0.029686173028895854,-0.037500756137560196,-0.03994139196286815
1989-04,0.0002487842392896594,-0.00031139434086165096,-0.00080472179634343,-0.0014567948948943782,0.0004975684785793189,-0.0014317515011642717,-0.002284704162788767,-0.004065087289098171,-0.008241180740999124,-0.014647755325460532,-0.015079705293483459,-0.015660402888114378
1989-05,-0.001474894704615759,-0.001421967091762802,-0.0015921382402985657,-0.0020591634157979127,-0.002949789409231518,-0.0013161118660568738,-0.002102651685905871,-0.003927264117795287,-0.002971005648272129,-0.0005077495068176174,0.005406761630648793,0.011247104018344722
1989-06,-0.0019705484638514875,-0.0019208238249296683,-0.0024221167309250308,-0.0016618077769428308,-0.003941096927702975,-0.001821374547086016,-0.003925995448911132,0.0013794280389859553,0.0009637968085434157,0.007301098878344528,0.013769928986424665,0.024176308060944576
1989-07,-0.002211033299492557,-0.0013562273019209897,-0.0014954690931773401,-0.0014887664096222136,-0.004422066598985114,0.0003533846932221446,-0.0019131944669463913,-0.0014619556754017077,0.00945926601674385,0.02334667526008892,0.03491109658182688,0.04904108145923779
1989-08,0.001149303701233853,0.0006262613964652525,0.0004966923748788571,0.00014997170643164803,0.002298607402467706,-0.0004198232130719626,0.00010798531011968482,-0.0012369109673571743,0.006397687678960803,0.01032387657846666,0.020181598703219464,0.027894719647788904
1989-09,-0.00015199664647569389,-0.000154544857195682,-0.0004761944883326513,-0.0007901711152134422,-0.00030399329295138777,-0.00015964127863565825,-0.0014411433817435593,-0.0020460776227366195,0.0023750719321330577,0.005031259643414318,0.007244417108874565,0.013479231054986426
1989-10,-0.0006547457237340987,0.0002461778326907499,0.00026386047436370574,9.761796187723881e-05,-0.0013094914474681973,0.002048024945540447,0.0003169083993825733,-0.000567352088068615,0.0046733156185714275,0.009714265367508565,0.013895506020383322,0.01928901411467597
1989-11,-0.000770562870787056,-0.0003362023894219607,0.00012880263698424044,0.0001110369051791904,-0.001541125741574112,0.0005325185733082299,0.0015238177162028438,3.997397795897639e-05,0.010639264337710591,0.02124515029161496,0.03290143457805168,0.041119261961350725
1989-12,-0.00020098251810350687,0.0003044964034340375,0.0003071492660299824,3.16658237647649e-05,-0.00040196503620701374,0.0013154542465091262,0.00031510785381781703,-0.001070267945296119,0.01124189307686825,0.023921615530278856,0.034129689575850886,0.045667231062149066
1990-01,0.0002021444189274635,0.0008541731459763557,0.0012858059309115016,0.0015583001050417378,0.000404288837854927,0.0021582306000741402,0.0025807042857169393,0.0026482768015626545,0.007863379984908533,0.01396412667682391,0.019735728562982904,0.022126414440913192
1990-02,0.0017648632740457498,0.0020833782306966947,0.0028295266530169727,0.0029829824238770536,0.0035297265480914997,0.0027204081439985706,0.005067971919977821,0.003596805507317391,0.011211487272860574,0.01763398474121887,0.026545961671639848,0.027592922383413973
1990-03,0.0016826413291285702,0.002353052461493199,0.0023077565735515615,0.002230811604872346,0.0033652826582571405,0.003693874726222457,0.0021718689097266486,0.0019230317301554833,0.010368770206775776,0.01661335537642218,0.019446340525026903,0.024472076115491695
1990-04,0.0019494891047538432,0.0027426164266948216,0.0033391526144374434,0.003145495225792827,0.0038989782095076864,0.004328871070576765,0.0051287611776653225,0.0023708656712143755,0.005211191785741143,0.0045940853822310085,0.0026941334560273006,-0.001786091703574369
1990-05,0.0017179737254861688,0.002229321153934996,0.0030924831779155088,0.00332935847687002,0.0034359474509723376,0.0032520160108326507,0.005681969249857047,0.004276859672688052,0.0029901284585074767,0.00417798700921726,0.004763237180217733,0.0010939216803043939
1990-06,0.0008964352383851043,0.0017736051006758125,0.0025262688019795088,0.0029713369950316454,0.0017928704767702086,0.0035279448252572426,0.004784259905890584,0.004751609767240192,-0.002355093182545509,-0.004383334461244268,-0.010251270990255176,-0.012070099112002339
1990-07,0.0006402935879172428,0.0017995879282818594,0.0026275155550368468,0.003390625077377321,0.0012805871758344856,0.004118176609011107,0.005111298435301795,0.0064430631667392185,-0.005073173127472852,-0.006651482138572931,-0.013333959743018167,-0.020558320382209408
1990-08,0.002549366376702236,0.004572817873579341,0.006519477576757818,0.007707167477113072,0.005098732753404472,0.00861972086733355,0.01235945668629325,0.012457927078534117,0.0068655259975618915,0.005913888626179642,0.0019690716640599626,-0.0070603773944962755
1990-09,0.0025339340357453666,0.004257003821712554,0.006224006818957281,0.007439709186731355,0.005067868071490733,0.007703143393646944,0.012125015810691447,0.012302518657827638,0.0064153374175932865,0.00790715877801157,0.00548220271316574,-0.0019695600097176524
1990-10,0.0013645956702860174,0.003261071629981377,0.005269837273713759,0.0065352882025527526,0.0027291913405720347,0.007054023549372082,0.011296134204910921,0.011597091917908739,0.001392596628948195,0.0034135183103329997,-0.0006215087632401167,-0.00978290697980326
1990-11,0.00029909734779853814,0.002025264025768414,0.003940602544541538,0.004933955705106671,0.0005981946955970763,0.005477597381708166,0.009686618100860911,0.008907368347367217,0.0015863398374101195,0.004648129294105505,0.003821815207584414,-0.002697363336333289
1990-12,0.0012715271621357438,0.003628396827343644,0.005142786646501418,0.006873434468806935,0.0025430543242714876,0.00834213615775943,0.009685956103974755,0.013796025758029004,0.007408263253747882,0.013990891465940417,0.013774091451953699,0.010828095692637721
1991-01,0.0029155454158209804,0.0051778207632122986,0.007722631348823242,0.008535993455906832,0.005831090831641961,0.009702371457994949,0.015357063105656057,0.011789441884241206,0.014070090958957351,0.024063032848491955,0.03060716779731637,0.03156418361432539
1991-02,0.003812964898774668,0.0061930236042899295,0.008889523862025447,0.009950014966601875,0.007625929797549336,0.010953141015320467,0.016979024635231987,0.014191979384907571,0.018004948441334517,0.02757464868102677,0.03616470147892714,0.03725770424425556
1991-03,0.005735623353594392,0.008200652431984014,0.011060097626324698,0.012837601301426034,0.011471246707188777,0.013130710588763257,0.019638433209346752,0.019947616001831377,0.021394023823763403,0.03164539300830335,0.03871529249477301,0.03902863218108801
1991-04,0.004619851538087284,0.008235160322889103,0.011539129511663283,0.012712163971466843,0.009239703076174562,0.01546577789249274,0.021451037077985825,0.017404301810681068,0.025816056464228923,0.04282230271335237,0.054402364253246197,0.05723927110119599
1991-05,0.004758541358648338,0.007388152590398503,0.01115650338959702,0.012678601173031295,0.009517082717296677,0.012647375053898846,0.022461555787192555,0.018766992306768426,0.020828740111015223,0.03195646606459408,0.04238385292059517,0.04159194946613355
1991-06,0.005066121102117731,0.009196887183568307,0.012749743638595039,0.014470128289567875,0.010132242204235468,0.01745841934646946,0.023408313003675234,0.021351666893459235,0.017046612917722012,0.025696057979695583,0.028275640980068503,0.024872680184585258
1991-07,0.0049898196029942304,0.00891547739994758,0.012685614415550467,0.014458709216115667,0.009979639205988461,0.01676679299385428,0.023996025462359127,0.02155108841837647,0.015399208646718662,0.023656367520625485,0.026119494432957177,0.022685153608221445
1991-08,0.006200900408392392,0.009490691358876778,0.01361450915770409,0.015525896848283947,0.012401800816784776,0.016070273259845537,0.02598596255418604,0.023171447610603392,0.023629201018996168,0.038377589335136644,0.05319724102717606,0.05819967381711584
1991-09,0.005246795486062404,0.008940357734103767,0.012767815748552173,0.014060342330193494,0.010493590972124801,0.016327482230186492,0.024250189791897393,0.019230448656758777,0.02585292284851845,0.04384753004706832,0.060430118404600996,0.06926750204755897
1991-10,0.00434805525119529,0.008693637941423138,0.012896281514458548,0.014631410584996861,0.00869611050239058,0.017384803321878826,0.025504212233564784,0.021571926867150128,0.0243808817549913,0.04439048521639208,0.059953506513843444,0.06769807661260667
1991-11,0.005384481992211733,0.009522466245252652,0.014827616623450654,0.0170063232740148,0.010768963984423466,0.017798434751334483,0.030743067758044668,0.025721149876271415,0.02457692685943738,0.043264292420562386,0.05913120793392912,0.061274240687091974
1991-12,0.0053481502517000665,0.009603259879126642,0.015406783893502737,0.016619037811304707,0.010696300503400133,0.0181134791339798,0.032817355936631015,0.021468053482512572,0.02857083596939093,0.05224445326886967,0.06984471188398407,0.0768511633505015
1992-01,0.0066922432176460475,0.013415157492463595,0.018116603120111298,0.019760874983776926,0.013384486435292095,0.026860986042098675,0.03222094000305442,0.026337962438439444,0.02735161299775564,0.04519002018657217,0.05520661941624323,0.056295643463543696
1992-02,0.007970404101286264,0.013488756685858777,0.018654376536146017,0.021306509705496413,0.01594080820257253,0.024525461855003816,0.03415123608700772,0.03191504238289801,0.027499288771703892,0.042384980558606386,0.054711902312989114,0.05462600458504352
1992-03,0.009077355420607176,0.015509652990837085,0.0202119718250608,0.021800502397174217,0.018154710841214346,0.028374248131296916,0.03431892832773193,0.02815462468562791,0.027994995146938685,0.039494743334237505,0.04728267685203725,0.0494351129658866
1992-04,0.009742891057298156,0.016112676109293178,0.02115097374262688,0.02405553565566744,0.01948578211459631,0.028852246213283222,0.036265866642627986,0.035673783307829665,0.026415441448272993,0.039571175598267845,0.04934570483506887,0.04765987837522038
1992-05,0.008629669594778545,0.014585827421337919,0.01933258364655445,0.022903993737608208,0.01725933918955709,0.02649814307445668,0.03357285232220403,0.037189634101823243,0.028401168016005174,0.042673289179055426,0.0575207871904998,0.061599012473772696
1992-06,0.007042671089560908,0.013265477214070433,0.018391912793045855,0.02133970524078284,0.014085342179121815,0.025711089463089476,0.03377121952997213,0.03313087503173075,0.03151725242890067,0.05627533982091352,0.07535757358616449,0.0843230311743168
1992-07,0.007572673962307534,0.013633884715275615,0.01894546119046092,0.021619479121796882,0.015145347924615069,0.025756306221211785,0.03488019061601683,0.032315550847140724,0.03457092608381615,0.060783658030883064,0.0836146641498581,0.09487684883004543
1992-08,0.006486190894156869,0.012548356874124304,0.018242933804185624,0.02095382309983472,0.012972381788313739,0.02467268883405918,0.035326664594369575,0.031797380282431134,0.03352690356587406,0.057749897786495134,0.08018827425571126,0.08915816002103436
1992-09,0.006467828151613082,0.012515607910804184,0.01798616466105511,0.021589932279928937,0.012935656303226167,0.02461116742918638,0.034397834911807895,0.03600500275542426,0.03222791062042891,0.05735405619569333,0.07872739820670843,0.08529433159996341
1992-10,0.008189471922555175,0.014024451511836192,0.01960122789764089,0.023009159040830736,0.01637894384511035,0.02569441069039821,0.036331557055055,0.03664088361359011,0.02352692406904896,0.039363597112475814,0.054004212222300764,0.05407539560105427
1992-11,0.007831870891999701,0.01439227615264882,0.019483085917609194,0.02209593025356018,0.015663741783999402,0.027513086673947057,0.03475551521249032,0.0325473075973641,0.01907799843380288,0.029521725850517377,0.041060741383994404,0.04033541049715492
1992-12,0.008159736883938958,0.014938733179481578,0.019397966644788697,0.02289468196092933,0.016319473767877915,0.028496725770566833,0.03277566704071004,0.03688154322549185,0.01570760643741756,0.022512917737536872,0.03184485383761848,0.02554854621343844
1993-01,0.007366553959671056,0.012807371411983674,0.017112316716296955,0.021245090565442243,0.014733107919342112,0.023689006316608918,0.03002715262923679,0.03777618596202341,0.021982805973614128,0.042709003634692724,0.05983925685946026,0.06474838620698495
1993-02,0.0058303055343301435,0.010657916022608321,0.015666688440902736,0.01916058015100175,0.011660611068660287,0.020313136999164677,0.03069300569578598,0.0331361469913978,0.026440347028189898,0.049804736640150796,0.07414237455361121,0.08586395006634061
1993-03,0.005431531187461598,0.010955680776336657,0.01542368750093459,0.01816851411940798,0.010863062374923196,0.022003979954086775,0.028827707674728392,0.029147820593301538,0.030242718957009064,0.059841912829177495,0.08424486931861735,0.09565979444531159
1993-04,0.004722374257956234,0.010090999034862679,0.014802916613852767,0.01780265430559895,0.009444748515912468,0.02082824858867558,0.028938669350823017,0.029801605072583677,0.0298784057766546,0.05967852713608365,0.08550876885209435,0.1026365064711593
1993-05,0.00528888777665093,0.009892458100017876,0.013791784203321597,0.016895398454946475,0.01057777555330186,0.01909959874675176,0.025489762513232768,0.029309855461445967,0.023397462450780587,0.04545595323315889,0.06606733006983465,0.08390532491964861
1993-06,0.004654391799019109,0.008629757407693332,0.011975958129689011,0.014886641163096355,0.009308783598038217,0.016580488625041793,0.022014560295676035,0.02652937329672573,0.019517822952121434,0.04135260959017231,0.06397582126810226,0.0805246167771566
1993-07,0.005836801697275545,0.009943127008607104,0.012827996868352017,0.0163428076475199,0.01167360339455109,0.018155777631270208,0.021482606447586768,0.030402050764191453,0.015967121614117744,0.030871598130281112,0.04841778480453041,0.060072502893587044
1993-08,0.00462672042713775,0.008393806064749931,0.01096195404546018,0.013852370694360357,0.0092534408542755,0.015927977339974295,0.018666397987590927,0.02541403728996107,0.013769949510936144,0.02998676521334223,0.05018302019035992,0.06411157020782253
1993-09,0.004578846231549902,0.007962257179877523,0.01127444561624285,0.013485588787254865,0.009157692463099804,0.014729079076532758,0.021211010925338836,0.02233016147130293,0.010337363126072845,0.023192544915006105,0.040263007573127924,0.052458706226060026
1993-10,0.004629681026579284,0.008087590465521995,0.010940590774237653,0.013012261640074047,0.009259362053158568,0.015003409343407409,0.019499591700384636,0.021298945103419606,0.01781844531024128,0.03569299541261185,0.058460644589390376,0.07704143796772678
1993-11,0.005187540058056786,0.0086538447216713,0.012218142770461668,0.014489424904942358,0.010375080116113572,0.015586454048900321,0.02291103691683278,0.02357455344286511,0.0184620544090034,0.03839837359184088,0.060365747380434875,0.0728003306859702
1993-12,0.005447455605846266,0.007959301359033624,0.012522992040734059,0.015066557138408265,0.010894911211692532,0.012982992865408327,0.026214064085835376,0.02524081752910512,0.016458941195838295,0.034200223182672976,0.05413236478593507,0.06493931135355192
1994-01,0.005394828543109374,0.008828245125571475,0.011776095246596292,0.01436989533227364,0.010789657086218749,0.015695078290495684,0.020619645609670736,0.024745095674983023,0.014046529631727353,0.026259300574502764,0.03990479662562911,0.056374758690367024
1994-02,0.0054765636729708425,0.009166913715499776,0.012266878139666357,0.014569839087273814,0.010953127345941685,0.016547613800557644,0.0215667714121661,0.023781682877703637,0.004409722793396471,0.006518844171355648,0.013413347791320168,0.017731835095288057
1994-03,0.006568055106555122,0.01127817723486716,0.014286678375663747,0.01638079693394285,0.013136110213110244,0.020698421491491238,0.023312181798053506,0.02475727116705926,4.4387039631214875e-05,-0.001906418554684236,-0.0045958077067390635,-0.009578844246783014
1994-04,0.006399619785032361,0.010542234526009206,0.01346136967821527,0.015022091105859364,0.012799239570064722,0.018827464007962896,0.02221877513483346,0.02126497681643573,-0.00688378419829528,-0.015183307893892169,-0.021400635265239797,-0.030146338041697328
1994-05,0.005941314997747499,0.009638476869317361,0.011871581900666325,0.013436668233499732,0.011882629995494998,0.017032800612457072,0.018570896994713232,0.01969701356483336,-0.005374414885546221,-0.01410963657313754,-0.021604865111209924,-0.02681809708332527
1994-06,0.006189296574560077,0.009070184006946931,0.012320044552034615,0.014028163188672116,0.012378593149120154,0.014831958871720632,0.022069626187297672,0.020860637735222134,-0.00914261428364823,-0.023392116689413038,-0.03466091314714408,-0.048652563919402474
1994-07,0.005664873842230189,0.008619157464875384,0.011195272736995339,0.012874233752410001,0.011329747684460385,0.014527724710165772,0.018923618553355205,0.019590077814068664,-0.005660919790629243,-0.016169413028999748,-0.026549054476759086,-0.03240514545110317
1994-08,0.0058274949766405765,0.008467342045737597,0.010502234515871331,0.012102992245111896,0.011654989953281153,0.013747036183931652,0.01660691192627252,0.018506023162074184,-0.010975744567726861,-0.02693194260303608,-0.042241766221379165,-0.053663826279692975
1994-09,0.005775216089471527,0.008574371189941934,0.010897065101801481,0.012515330826956689,0.011550432178943054,0.01417268139088275,0.017865146837380122,0.018988393727577504,-0.014796354476311877,-0.03557175451813385,-0.052487471923089446,-0.07197650422857832
1994-10,0.006451292570642392,0.009138351268198008,0.011240610993316039,0.012750465165161276,0.012902585141284784,0.014512468663309255,0.017547390168670116,0.018789881852542198,-0.015436991787048923,-0.03803252142513379,-0.0577417522282659,-0.0786865511337239
1994-11,0.003937440429349182,0.006310450018818137,0.007242923969624948,0.007748172100908196,0.007874880858698363,0.011056469197756033,0.010040345822045396,0.009769164626041174,-0.020081896496459438,-0.04282729991883049,-0.061429708812326754,-0.07835247780408006
1994-12,0.003299817086964557,0.004925983800888503,0.0051530598454655185,0.004898340522790118,0.006599634173929114,0.008178317228736381,0.0058342879791965785,0.0038794632320885147,-0.02237171641061833,-0.04925498534144998,-0.06448586610666185,-0.07834596417906417
1995-01,0.0035371746364634415,0.005294816666640084,0.006006887343167441,0.006265384503844312,0.007074349272926883,0.008810100726993356,0.008143099372749527,0.00729937314655181,-0.01990524558157021,-0.04197941923179037,-0.06086477701690195,-0.07495768338245741
1995-02,0.0030198521751219343,0.004380647057709006,0.005260238687216298,0.005756816485149849,0.0060397043502438685,0.0071022368228831345,0.00789901357573819,0.007743127676884065,-0.01069495409304349,-0.021835126081714888,-0.0290186729314171,-0.034784085068436825
1995-03,0.0029866019048648967,0.004424327210956883,0.005329466732288693,0.005799555528354192,0.0059732038097297935,0.0072997778231408406,0.008044885296284138,0.0076799107126161725,-0.004629533230457915,-0.007669958992264629,-0.009423198460920122,-0.01047645603371316
1995-04,0.002431646336313688,0.003928450807708171,0.0049741898698158135,0.005288369020611881,0.004863292672627369,0.006922059750497152,0.008111407056138727,0.006545085623796139,0.0014078886523467907,0.0039807090699643805,0.007886073536582758,0.00964829237916183
1995-05,0.000747383882870857,0.0016796982314188358,0.0024376375108321954,0.002783869062332009,0.001494767765741714,0.0035443269285147933,0.004711455349072274,0.004168795268331277,0.00809444988216415,0.019844302615548662,0.031082692568416254,0.04228007067084649
1995-06,0.0014383072134150215,0.0023638984477481195,0.003297217878418024,0.0031999500634450964,0.002876614426830043,0.004215080916414322,0.00609717617042773,0.0028108788035534,0.011196807749796714,0.02197036679536385,0.03864312666692375,0.05222480283239471
1995-07,0.0020082454213837947,0.0036962367286529837,0.004765095370827657,0.004701479384826714,0.004016490842767589,0.007072219343191348,0.007971671297351691,0.004447015440822967,0.008773079749276963,0.01672764568149173,0.026022376956472172,0.03508411553800573
1995-08,0.0012269779792121946,0.002308102786665843,0.0033292942612708626,0.0033783567477701643,0.002453955958424389,0.004470352401573147,0.0063928686850859145,0.003574606693767371,0.010175617764876105,0.01998932580197832,0.030646513138272644,0.041280295426855865
1995-09,0.0006545230750908543,0.0017018750780981862,0.002564039314389123,0.002440857381903659,0.0013090461501817086,0.003796579084112857,0.0051505320232619264,0.0019481296519618038,0.013738830345243744,0.02879086375224546,0.04504782967181341,0.06107408954242967
1995-10,0.00013016653418235907,0.0012400177814877247,0.0020583614298340797,0.0019556749481982744,0.00026033306836471815,0.003459720276098463,0.0045133923748731375,0.001544929021655067,0.017905420020112015,0.03716039049388378,0.056250895265282666,0.07553021962177896
1995-11,-0.00045220491618804676,0.000356216466284108,0.0012639880796914624,0.001226926407975823,-0.0009044098323760935,0.0019730592312284037,0.003987302919913539,0.0010786797211132862,0.02216188214542493,0.04840976246228364,0.0707640503398272,0.09083291333268141
1995-12,-4.897752964374419e-05,0.000915770676060336,0.0019379301934757398,0.002054611326139745,-9.795505928748838e-05,0.002845267087468503,0.005004408745721944,0.002521335856795759,0.025975452458325193,0.05362754303074514,0.0759923822068693,0.09424325497763195
1996-01,-0.0002122987645049243,0.0012022658148237372,0.0023679463102617704,0.0028298383775581665,-0.0004245975290098486,0.004031394973481053,0.005864987796575877,0.004677406646743765,0.024601203542493358,0.05136275606806304,0.07300131473689798,0.09196255435644039
1996-02,0.002077934521273875,0.003340917547579203,0.004603607041857388,0.0049606954009700985,0.00415586904254775,0.005866883600189866,0.008391675524691937,0.006389048837420912,0.017384220813281975,0.03167510505665545,0.045051751495241876,0.055747720110472104
1996-03,0.0025600156886331146,0.004107886072798196,0.005603009670313512,0.005883179396216978,0.005120031377266229,0.007203626841128366,0.010088380462859453,0.007003858299830856,0.014773201402411645,0.02575294544096811,0.03539420148880573,0.0417857293312443
1996-04,0.003817659346287569,0.005611263240102485,0.007048952100416311,0.007389685592809302,0.007635318692575138,0.009198471027732302,0.011362018681357805,0.008752619562381242,0.011168691109785946,0.01676083060486653,0.021979165070431524,0.023467630450028427
1996-05,0.004512961644959186,0.0064963250082948065,0.007833315542796392,0.008313876657673004,0.009025923289918365,0.01046305173496604,0.011844287146301154,0.010236121117179427,0.001703481435452868,-0.003569401256239557,-0.00911228397242217,-0.016579062180680892
1996-06,0.003432013369767596,0.005607831539414097,0.006509285803417329,0.006885353357508478,0.006864026739535192,0.009959467878707086,0.009213648595427039,0.008389623573873052,0.0020079968653041597,-0.0015095665193425936,-0.006240475789147833,-0.013511863142547355
1996-07,0.0023121283708945686,0.004249136979314935,0.005290199064830282,0.005844888795462147,0.004624256741789137,0.008123154196155669,0.008413385321376324,0.008063647717989578,0.0012347463171421616,0.0009009643929189445,-0.0020322630315104603,-0.008780377437689245
1996-08,0.00377841556700928,0.005996962843136645,0.007146098357426849,0.007580240344967591,0.007556831134018567,0.010434057395391376,0.010593504900297458,0.009316808295130548,0.0005340912462791017,-0.004472252198311599,-0.010433305620762348,-0.019372068539437723
1996-09,0.003206846687132163,0.005134177849241035,0.0063393267333215,0.006764872177358841,0.006413693374264326,0.008988840173458787,0.009954773385562887,0.008467053953508191,0.001154760714462584,-0.0016166390114080095,-0.0056092325973239945,-0.013770161766644202
1996-10,0.002126417248373834,0.0037066837493977198,0.004976416184360823,0.00534409600889018,0.004252834496747668,0.0068672167514454985,0.008785613489250124,0.0068148153070076295,0.0009848694421186466,0.0009162915952233702,-0.0007129964075950623,-0.007229144501436191
1996-11,0.0012775835206027264,0.002583144766377353,0.0032004537481593112,0.0036330709712517964,0.002555167041205453,0.005194267257926613,0.005052380693505179,0.005363539863621716,-0.0013493289719336624,-0.0023763559214682803,-0.004028239399038923,-0.008446859510988385
1996-12,0.003119982835463775,0.004890655303873642,0.005864669488842171,0.006451421836186792,0.00623996567092755,0.00843200024069339,0.008786712043747744,0.00879843122556527,-0.0036174105745963303,-0.010531564673364219,-0.017478611683644507,-0.027263443385905334
1997-01,0.0032568766730996235,0.004846581840515625,0.005613358335588313,0.006529030988857237,0.006513753346199247,0.008025992175347642,0.007913687820806363,0.010191721601932928,-0.00611337316743104,-0.014284507178570424,-0.02213428719576338,-0.03105934400824717
1997-02,0.003962299861403257,0.0053944537941975415,0.006262062911939682,0.006877953275423933,0.007924599722806513,0.008258761659786118,0.008864890265166098,0.009341514729360928,-6.685339186545541e-05,-0.0063472919488953075,-0.010437100518402694,-0.017135664380561084
1997-03,0.0039535892379615745,0.005761235509812196,0.006805631411205049,0.007147378887368078,0.007907178475923149,0.009376528053513439,0.009938819115383607,0.008514368792020166,0.00044768947650843105,-0.00492820405904415,-0.008888693550455934,-0.016495996266766483
1997-04,0.003619993941727108,0.005107774491232613,0.00600894909725623,0.006427377107534139,0.007239987883454209,0.008083335590243608,0.008712472915327098,0.008101089148645747,0.005058214406092283,0.004439593263887515,0.005141172068518857,0.002604214429090146
1997-05,0.003109795722676792,0.004427823627055606,0.0056085696815550146,0.005863500167265764,0.006219591445353584,0.007063879435813235,0.00915080784505324,0.0068832221101087845,0.007975880725861396,0.011169298451416891,0.014899663597847841,0.01493493430591706
1997-06,0.0035812775006623596,0.004853281252605965,0.006285284340971704,0.006580788002852479,0.007162555001324719,0.007397288756493162,0.010581293606068937,0.007762802650375572,0.007201507725480873,0.01033590158880892,0.012489742413688477,0.010635553367438273
1997-07,0.0014372269179458025,0.0020883752774467843,0.0027053979836178244,0.003086173011849408,0.002874453835891605,0.003390671996448741,0.004556466102130952,0.004609273124775742,0.008090288969459958,0.016805021557394842,0.025293767109993245,0.03226698095352269
1997-08,0.0016821839486916568,0.0031119934287107964,0.00401896697616215,0.004132239706935596,0.0033643678973833135,0.00597161238874909,0.0067398876185161966,0.0045853306300293745,0.008852625225483475,0.017218108814956452,0.023135795417969736,0.027008510186049002
1997-09,0.0013736287043404141,0.002293157519757713,0.0033176285070932038,0.003249276011569567,0.0027472574086808282,0.004132215150592304,0.006391041469099683,0.002975866029475048,0.007371809671032105,0.014571508732577843,0.021352183264316205,0.024386312045492492
1997-10,0.0024409748940735984,0.003097428348505994,0.003459046651630153,0.003132181799023616,0.004881949788147197,0.004410335257370779,0.004543901561002636,0.0018247223885974467,0.005570053624836077,0.008872539716222788,0.014565037076190543,0.018153169950283946
1997-11,0.0024127603693613886,0.0029415156005703144,0.0033941013301805947,0.002837802133312764,0.004825520738722777,0.003999026062988173,0.004751858519011429,0.0006126053458414688,0.0017817582578260605,0.001377095993650504,0.0016570418407881177,0.0014953144020190129
1997-12,0.0015470698727137466,0.002028252461731342,0.0022433939303687297,0.0020630033943290077,0.0030941397454274933,0.0029906176397665324,0.0028888183362808934,0.0013414412501701195,0.0066702978771844,0.012438490578707148,0.01866491718894521,0.025004862284486437
1998-01,0.0008971258060011672,0.0011331089322113644,0.0018580769570896577,0.0013539239800738345,0.0017942516120023344,0.0016050751846317587,0.004032981031724538,-0.0006626879279894513,0.009589309220829172,0.01889660565880439,0.028280774169608912,0.03751507061444722
1998-02,0.001236469042574219,0.0014578385935435714,0.0020791999073394435,0.0016455456803515303,0.002472938085148438,0.0019005776954822765,0.00394328384872706,-8.907122760015013e-05,0.01034049655441091,0.018542216960653002,0.027922426361941227,0.0357365540741795
1998-03,0.001748813456567501,0.002414188131920271,0.002665246722624512,0.002141207362497101,0.003497626913135002,0.0037449374826257972,0.0034184224947372485,4.5049921987470876e-05,0.013554592189422787,0.02508090704330085,0.03692220238955829,0.04766556240034084
1998-04,0.00166093126959211,0.0021157639512908583,0.0025100217056479718,0.0021704146643227104,0.00332186253918422,0.0030254293146883687,0.0036927949687192985,0.0008119864990216719,0.011742948169868352,0.021007381507341875,0.03119738539439474,0.040108639860735325
1998-05,0.0010100697228909092,0.0015470209259463436,0.001989908037231855,0.0011786742923519875,0.0020201394457818184,0.0026209233320571984,0.0033185693710884034,-0.0020662606871675038,0.010350408151134659,0.01952496484694715,0.030185666065724266,0.03788113551052572
1998-06,0.0005900634937086799,0.001334573494646274,0.001355237074340515,0.0004206297240243462,0.0011801269874173598,0.002823593496521469,0.0014172278134232316,-0.0033177996772403087,0.009729890110167144,0.018514386988085385,0.028839422206475285,0.03775233215227006
1998-07,-5.3142929632654656e-05,0.0003466579745862175,0.000658250201022656,0.00041119142599481406,-0.00010628585926530931,0.0011462597830239687,0.0015930268803319644,-0.0005770436741165466,0.0036456114302578987,0.007913726880338243,0.01209509079381152,0.01588249463262159
1998-08,-0.002028324784762933,-0.0012033046966534386,-0.0011829315260003734,-0.0015836115513554183,-0.004056649569525866,0.0004467354795655576,-0.0011218120140411847,-0.003186331652775598,0.009653652550584327,0.025971199162060296,0.03855363595421195,0.05055006325148352
1998-09,-0.0028202175272149313,-0.002117459169485511,-0.0025204508278384163,-0.0021548900391082718,-0.005640435054429863,-0.0007119424540266844,-0.0037294258028971183,-0.0006926468841876865,0.012212881034518445,0.03145115486537823,0.048019762414342214,0.064190677872552
1998-10,-0.002117592404878979,-0.0007047900145709801,-0.0002537778959497347,0.0009328226238549189,-0.004235184809757958,0.0021208147660450177,0.0010992584599140015,0.0056792247030735404,0.013633453823392164,0.031030477925765867,0.04220506875596845,0.051682036719896865
1998-11,-0.001526761736305865,-0.00101701634561311,6.633054729215937e-05,-0.0006880463711301174,-0.00305352347261173,2.474435772413519e-06,0.003316371226007954,-0.0037055540448192245,0.012611547018779881,0.027450122834436902,0.03998553319773303,0.045067793597623654
1998-12,0.0007685998809551647,0.001536899829709601,0.002081728081091923,0.00143918726189899,0.0015371997619103295,0.003073499727218487,0.0037162128352388746,-0.0011309760148727477,0.012370625955317002,0.023100530043062714,0.03219233486201463,0.03909404948683538
1999-01,0.0006672993041410141,0.001135724311108359,0.001337410214854673,0.0006451497632893599,0.0013345986082820283,0.002072574325043035,0.0019424679260936287,-0.0021238920429718852,0.008543887175598786,0.015563999315544967,0.02427404158582292,0.028418521295336292
1999-02,0.0021897987394508683,0.0034765273840587432,0.00409739208413127,0.0033608156708207285,0.004379597478901737,0.006049984673274507,0.005959986184348835,0.00041451001757857736,0.007034079289943179,0.00911620071131846,0.011570641091565755,0.01008272488441151
1999-03,0.002570382912139957,0.0038479326045732856,0.004603562185591201,0.004782620494307985,0.005140765824279914,0.006403031989439929,0.00687045092864496,0.005498853729175128,0.009682192261062136,0.014470929267335154,0.017670885120559608,0.017030049461829254
1999-04,0.0028145830663845184,0.004031918310809221,0.004724708382601313,0.005258103786601374,0.005629166132769037,0.0064665887996586124,0.006803078597977602,0.007391685402601628,0.009202199303468314,0.01247879924967174,0.01558534218301652,0.015474586848344685
1999-05,0.003795500977328989,0.0054495198100076095,0.006319869162829103,0.0066171930657757325,0.007591001954657978,0.008757557475364865,0.00893091722129357,0.0078064886775622774,0.005913287717105677,0.004836357365828756,0.0032905175328761527,-0.003813512104261063
1999-06,0.0026053887833560885,0.00366654009486498,0.00432182968326808,0.005481303165725641,0.005210777566712177,0.005788842717882756,0.0062876984484773885,0.010119197095555879,0.00268826178902732,0.0018092125204465723,-0.0010542675824029915,-0.009151630906510728
1999-07,0.0025444487161263366,0.003671411188757169,0.005072131515874302,0.00600570585209511,0.005088897432252673,0.005925336134018848,0.009274292497225688,0.00974000319697834,0.0011845323646677008,-0.0014672870606279934,-0.004508778090381867,-0.01306929603779109
1999-08,0.0018158758668070235,0.0031313656642900506,0.004465831274238885,0.004852398238124445,0.003631751733614047,0.005762345259256091,0.008469228104085402,0.006398666093666683,-0.008114873849330684,-0.01535811438318399,-0.026300495936286084,-0.0420142799729519
1999-09,0.0016454236468151223,0.0026244944131399786,0.004081993772737956,0.004764638026805081,0.0032908472936302446,0.004582635945789698,0.008454491851531881,0.007495215043073572,-0.013297144656645707,-0.02495664400651848,-0.04092541535742114,-0.05772926369535655
1999-10,0.001865954334922773,0.0027790059757047056,0.0044510595095918065,0.0049272897417840245,0.003731908669845546,0.0046051092572685776,0.009467220111253102,0.006832210670552882,-0.015079215899157228,-0.027534340892357026,-0.04188422277911087,-0.0565162492766897
1999-11,0.0015181488081938005,0.0020944162015510276,0.003057697393543335,0.0035462610228029837,0.003036297616387601,0.003246950988265482,0.005947540969520257,0.005500515539841558,-0.01380830199673249,-0.027596903701468438,-0.038282261987846726,-0.05869013552630697
1999-12,0.0023644875881110444,0.003059019841611936,0.0038023305971428834,0.004646451230379101,0.004728975176222089,0.004448084348613712,0.006032262863735732,0.008022933763323997,-0.012300645142928973,-0.027793965496771877,-0.04236368191498602,-0.0633647656984338
2000-01,0.003150099222492743,0.0036709108757622053,0.0035789160085168623,0.0046048389285561556,0.006300198444985479,0.004712534182301116,0.003302931406780847,0.008708530608713357,-0.014903574646990964,-0.035369372022206406,-0.054377611533686886,-0.07604260823871262
2000-02,0.0031886054030733496,0.0037984439872251266,0.003637939106047018,0.0043895967611574035,0.006377210806146706,0.005018121155528681,0.0031564244625126928,0.007396227381598931,-0.007435232747856055,-0.01957728910748604,-0.030450254305423675,-0.04500699897711558
2000-03,0.0008242961167927998,0.0003375541048759381,-0.0003792825364473812,-0.0004759810033272971,0.0016485922335855926,-0.0006359299189577991,-0.0025297924604173253,-0.0008627748708469399,-0.0103466742269607,-0.021079674522346985,-0.02906073372598484,-0.036519527587633
2000-04,0.0010956429226525108,0.00035160536151313676,0.0003016677921870506,3.738979539729542e-05,0.0021912858453050146,-0.0011364697607656113,0.00015185508420879207,-0.0010197221917617391,-0.01081221696397041,-0.022978297106356266,-0.0314801318443525,-0.04068168462269911
2000-05,0.003077358611403444,0.0025046099979388753,0.002384395486649052,0.0017204682292752266,0.006154717222806888,0.0013591127710097378,0.0020237519527795816,-0.0009352408002200469,-0.004956266177461956,-0.014900694057023912,-0.019876157738860013,-0.02664068914619725
2000-06,-0.001087473975738447,-0.0018376340617032097,-0.0017718677450192927,-0.0022610115990594065,-0.002174947951476894,-0.0033379542336327284,-0.0015745687949675485,-0.004217587015219862,-0.006279436225711504,-0.009805859348775536,-0.0116704204590891,-0.011466868360989355
2000-07,-0.0015249845491594055,-0.0013037223825676653,-0.0017834628316388407,-0.002193548423925301,-0.003049969098318811,-0.0008611980493841848,-0.003222684178852367,-0.003833890793071129,-0.005096855209880256,-0.006307302619675527,-0.006357564715198584,-0.003580629981500806
2000-08,-0.0004028515104760669,-0.001014467474598331,-0.001620409353971071,-0.0018804493884635731,-0.0008057030209521338,-0.002237699402842873,-0.003438234992089277,-0.002920609526433575,-0.0027488701861658957,-0.0025614438257376138,0.0017648617614107187,0.005221140927386736
2000-09,-0.0028664464516062887,-0.0030613502920041197,-0.0035400535756570095,-0.0037605700449771934,-0.0057328929032125775,-0.0034511579727997746,-0.004976163426615686,-0.004642635922257908,-0.00445073395996267,-0.0018767863645533095,0.0022872822061854314,0.0070170794222817745
2000-10,-0.003629676129066388,-0.0036179824823598106,-0.0041304854960329054,-0.004747012889283475,-0.007259352258132776,-0.003594595188946656,-0.00566799453705219,-0.007213122462285726,-0.0027385005879301677,0.0026555516696954717,0.009246957712119516,0.015276753661948875
2000-11,-0.0026496890768124143,-0.002806630761071134,-0.003317893380215764,-0.004215998757854181,-0.0052993781536248286,-0.0031205141295885808,-0.0048516812376496465,-0.007808420268407862,0.002393797456350086,0.010297626438202881,0.018723181377274203,0.028432877994727893
2000-12,-0.0036590961159283023,-0.0032565752554819458,-0.003643767987884086,-0.004199268229173214,-0.0073181922318566045,-0.002451533534589226,-0.004805346185090514,-0.006421269194329726,0.009124995058961916,0.02528729152217206,0.038167107803236844,0.05539140763439118
2001-01,-0.0008359520203905027,0.0005325599694970609,0.0015155350047840119,0.001832296658913747,-0.0016719040407810054,0.003269583949272181,0.004464460110644872,0.003099343275432695,0.020668918300969556,0.04142207638003575,0.055824143693528484,0.07443693404758103
2001-02,-0.0003055360590467973,0.001403963350399856,0.0022417890939094368,0.0026844867247719645,-0.0006110721180935946,0.004822962169293163,0.004755266324438179,0.004455277248222089,0.022358314657998722,0.04396861178347302,0.05828317792854457,0.07690524283755734
2001-03,0.0003269164639254571,0.00237300160781994,0.0036735628596504255,0.004441093797913333,0.0006538329278509142,0.006465171895608898,0.00757524661514189,0.007511217550964955,0.02203546409770161,0.041132573115008904,0.05252448062309869,0.06447333100122588
2001-04,0.0023285729520175283,0.005800868008088954,0.007588401612791028,0.008621452621550119,0.004657145904035057,0.012745458120231819,0.012951002426897236,0.012753656656586489,0.02514064991069726,0.04229639831128885,0.05265215934065807,0.06163079878739134
2001-05,0.004101174417090937,0.007962094520291833,0.010285116335935332,0.011340383195827412,0.008202348834181875,0.01568393472669361,0.017254181782865842,0.015561450635395747,0.029729780127503894,0.046461606969028776,0.05637648709981176,0.06176212742142288
2001-06,0.0034396004903738397,0.0075132310648789655,0.009960176335986753,0.011367007705986767,0.0068792009807476795,0.015660492213889224,0.01730101214931011,0.016994333185986824,0.02175963963903689,0.035477072015170266,0.04217659859682728,0.04459258702281109
2001-07,0.003053901202420342,0.007364339473336423,0.009993645234383917,0.011651925377224183,0.006107802404840684,0.015985216015168592,0.017881562517526393,0.01828504594858523,0.02466017688075013,0.04540132240559419,0.05390356819064217,0.05989826085911358
2001-08,0.0027349233518159724,0.006998948833026604,0.009554290827939037,0.011214120302989412,0.005469846703631945,0.015526999795447867,0.017220316812676335,0.017853438203190915,0.025913816602409802,0.044925790119296934,0.05268007495512173,0.059258668239373764
2001-09,0.0030126504387500766,0.008804271387186285,0.012089379175069422,0.01488893256767005,0.006025300877500153,0.020387513284058696,0.021944702538718837,0.026087146138072566,0.029498685744792648,0.05525380554249793,0.06512170747982876,0.07376594766685723
2001-10,0.00404015982036109,0.009802956349813794,0.013680051165466,0.01669977830327929,0.00808031964072218,0.0213285494087192,0.025311335612422624,0.02877868685453245,0.03357134548704599,0.0627271284025559,0.07656128220196326,0.08486752187243368
2001-11,0.00772601542469133,0.01422127237418537,0.018059628282080215,0.01988101411699389,0.01545203084938266,0.02721178627317345,0.029574696005764747,0.027166557456648602,0.031073202888639087,0.04887323895193177,0.05318235248337258,0.05217181725146389
2001-12,0.0098653553426333,0.017085881112162582,0.021093425574257543,0.02312112329248695,0.0197307106852666,0.03152693265122115,0.03311605896054243,0.031231914165404592,0.025232119492265115,0.035600186996531,0.03181821988434107,0.024831203453590633
2002-01,0.008489717260100001,0.01486203222102989,0.01903569033523331,0.021661984377755825,0.0169794345202,0.027606662142889666,0.03155666467784357,0.032167160547845866,0.021284810544243152,0.030531674558339494,0.03034618711111886,0.024845580293732142
2002-02,0.008212039727367147,0.013851879959373741,0.018232658656507025,0.020912490261529585,0.01642407945473429,0.025131560423386923,0.03137499474790688,0.03163181668161981,0.020877663617123676,0.030765282066899824,0.031877723703168354,0.026446741938700835
2002-03,0.009627825957917616,0.015795532888949488,0.019625518365074122,0.022264572952620024,0.019255651915835236,0.028130946751013224,0.03111547479344803,0.03282079130280363,0.014815403585108702,0.01618649422214015,0.0097923647435266,0.00034967815830130866
2002-04,0.009415756377635191,0.015608940133660217,0.019807446749920632,0.02255043810567174,0.018831512755270383,0.027995307645710274,0.03240296659870187,0.033522403528676165,0.02195652117313366,0.0331698418071937,0.035424911857479265,0.033074977184462485
2002-05,0.008907967935212861,0.01420666306979966,0.017931623934786166,0.02073189540850469,0.017815935870425723,0.02480405333897326,0.029106506529745682,0.03193298130337878,0.022963103017426205,0.035591856056938424,0.04280273868407534,0.044018436972969734
2002-06,0.00916482854928551,0.014778760047993542,0.01865841655549825,0.02141159960353866,0.01832965709857102,0.026006623045409606,0.03029738607801237,0.03242433179570031,0.025696802903519098,0.04184523994160873,0.05195723096828064,0.057471779999026515
2002-07,0.004888383518708312,0.011035126333888576,0.015288244336476194,0.018602084596047223,0.009776767037416624,0.023328611964249103,0.028047598344239047,0.031857445634331336,0.022993172016145667,0.046086990605202625,0.05752531076978489,0.06464812798543607
2002-08,0.0036278744906719507,0.007829847991867197,0.012113185984107915,0.014979281087171604,0.007255748981343901,0.01623379499425769,0.02496319996083007,0.026443661499426365,0.02089476573095512,0.04459093557238226,0.06100237641812407,0.06931753368780808
2002-09,0.002470119113261362,0.00593728801028422,0.009463607668130786,0.012144117063056646,0.004940238226522724,0.012871625804329937,0.020042566641670482,0.022866154642760098,0.016669859070562752,0.04276169232116133,0.06247932724861283,0.07916846493807753
2002-10,0.003217130964723045,0.007757766645996067,0.011706388892337301,0.015059338015665105,0.006434261929446091,0.01683903800854212,0.023552255631361,0.02847113450897633,0.01417010023575202,0.03515416831005497,0.04971624650896531,0.061032458327166604
2002-11,0.0052284900186854635,0.010791315418304014,0.014890352857376726,0.01769360013595956,0.010456980037370929,0.02191696621754112,0.02718746517459486,0.028906589250290896,0.02080136651612361,0.04290550841866708,0.05591257387363166,0.06124100182242635
2002-12,0.003683836518593782,0.008109079795703154,0.012306718007413845,0.015668643684388847,0.007367673037187564,0.016959566349921903,0.024899632642545914,0.029116346392288845,0.028028555798699978,0.060485660526166926,0.08493999825022083,0.09957012488651289
2003-01,0.00401715162445998,0.009009055816745482,0.013655196187303851,0.01720799544393873,0.00803430324891996,0.01899286420131649,0.027593617298978954,0.03141919247047824,0.026730993003118184,0.05605491038000607,0.07837026933945133,0.09269537107123643
2003-02,0.002744044643970085,0.006875592671670537,0.011176740247781107,0.014638511265937399,0.005488089287940168,0.015138688727071444,0.024080182976112814,0.028485595338562562,0.025889601071031065,0.0549985938227746,0.0807004214599068,0.09771757678171057
2003-03,0.0033650226311953725,0.00814884163329208,0.012776391997255285,0.01647804469062719,0.006730045262390747,0.017716479637485502,0.026659043089144893,0.03128465546411481,0.03441293079310859,0.07097111115900442,0.0995273851922403,0.12084641228317239
2003-04,0.003218020331709785,0.008202075959813804,0.012987503556228092,0.01701510137017538,0.00643604066341957,0.01817018721602184,0.02734378634547096,0.033125492625964544,0.029631441062724036,0.06199063635246839,0.08702334404260208,0.10400188953326092
2003-05,0.0015655579483693036,0.004502201362254812,0.008210277624267065,0.01165837036270564,0.0031311158967386073,0.010375488190025832,0.01933450641030382,0.02545074131645994,0.028674720056802994,0.06120644168541492,0.09079624421151204,0.11425350329096427
2003-06,0.0025715269034526835,0.006515000583939558,0.01058361644492461,0.014354057075185117,0.005143053806905367,0.014401947944913307,0.022789464027879763,0.02943581959622714,0.02721525089908062,0.056964413938094455,0.08174544587170313,0.10026590744003328
2003-07,0.005024910460038291,0.010914730307701575,0.016290899422301164,0.020872095873640292,0.01004982092007658,0.022694370003028146,0.03241940676609992,0.039196881678996806,0.014681803433253753,0.032865630873263406,0.043123895610311436,0.04746697087437998
2003-08,0.006707817063636304,0.012393520663533218,0.017683416157013562,0.02176459537558051,0.013415634127272607,0.02376492786332704,0.03355310263745459,0.038089312249848295,0.011829291272551213,0.01922099443074361,0.02499280881945395,0.022456909972633037
2003-09,0.004030964063000023,0.009122521651442462,0.01368159482680262,0.017898977660085413,0.008061928126000048,0.019305636828327345,0.027358814352883086,0.03476850899321659,0.008645641944253987,0.017160743340315147,0.021603076871389546,0.02081582087899782
2003-10,0.005761671658289487,0.011471229031386193,0.015956384909212924,0.020123876165270588,0.011523343316578975,0.022890343777579612,0.029411852542693122,0.03679384118950122,0.00741828852407035,0.01371800981065775,0.015363948259063396,0.015407256819970861
2003-11,0.00594356911545376,0.011187028688897323,0.015335700707534223,0.019035923009550357,0.01188713823090752,0.021673947835784454,0.027781716763444916,0.03383681221761488,0.011158538281929585,0.02188992451312184,0.028105000096490904,0.02993143082789554
2003-12,0.006007830150246777,0.011258700591681646,0.015820833106376768,0.019893704668814398,0.012015660300493553,0.021760441474551376,0.02950723065046213,0.03618519091856493,0.00718215918937461,0.011940551390990008,0.014894228711171593,0.014317830605185353
2004-01,0.005822417565479281,0.011089874076625778,0.01533445859166874,0.019131429733642243,0.011644835130958563,0.02162478709891877,0.02806821213679763,0.03431931430153625,0.00860799367633245,0.016529713174102866,0.02307223380157554,0.026996904562668636
2004-02,0.004894224002548436,0.00982298671486007,0.014151710373951347,0.017905210519386355,0.009788448005096873,0.01968051213948333,0.027137881351225187,0.03291921110112639,0.006358596847635357,0.012579345129305116,0.01784952352562979,0.020067745072662353
2004-03,0.004222894996622095,0.008449534266628733,0.012713386537651762,0.016288431093053876,0.008445789993244189,0.016902812806642006,0.02550494335072085,0.03058860931466234,0.006719924697888612,0.015980493777627794,0.025726603495628546,0.03149619504452038
2004-04,0.006885897408551445,0.012595976272813496,0.016733583877160327,0.0199206741937041,0.01377179481710289,0.02401613400133759,0.029146406690200827,0.0326690354598792,0.0019411134272944199,0.0018445785900882208,0.0006773036980964389,0.00016146239773500576
2004-05,0.007089713424884989,0.012826643045700723,0.016833760296443796,0.01994007000332,0.014179426849769979,0.024300502287332194,0.028855112048673012,0.032365308830824835,-0.0031797623599764246,-0.013294579276435603,-0.02457145341017901,-0.03428670239910711
2004-06,0.00645254606955022,0.01118988100680143,0.014516258579716428,0.017480498902032907,0.012905092139100443,0.02066455088130385,0.024495391298461424,0.02933746019129883,-0.004438435223530527,-0.012523068448153553,-0.019979644332013533,-0.02462070506468371
2004-07,0.005959950376900641,0.010302807559154137,0.01341291826214384,0.01631884662386111,0.011919900753801279,0.01898852192366113,0.02274325037111295,0.0279425600707302,0.0018788960115144662,0.004482440352179215,0.009742400286055887,0.01802510668537763
2004-08,0.00434356772780755,0.007695569797696637,0.010862113891880094,0.013741778279508454,0.0086871354556151,0.014399573937474812,0.020361746174430463,0.025260435830021903,0.006911131525114226,0.015484421330667785,0.02813344742848918,0.03935651090174863
2004-09,0.004293408425184088,0.006952518513347564,0.009718988129892144,0.011976716700358207,0.008586816850368176,0.012270738689674508,0.01801839697952589,0.021007630982222462,-0.002797713394869889,-0.0029385349377806565,0.0012898992045579875,0.007180369697378753
2004-10,0.0032101424484010516,0.005719448062867928,0.008406899991821856,0.010682905006442513,0.006420284896802103,0.010738059291801681,0.01646925577868364,0.01978692506492514,0.00199974996207934,0.008946215488357214,0.018096415384749022,0.028897407441066968
2004-11,0.0035104900200314676,0.006060411009457221,0.008414764237956292,0.0104606696466776,0.007020980040062935,0.011160252988308736,0.015477823923453496,0.018644291281562822,0.0002380349577345009,0.0032418994802830003,0.008214259982246161,0.014924145003234524
2004-12,0.002921245350689123,0.0047026804360634986,0.006825063217196926,0.00845003955834011,0.005842490701378246,0.00826555060681225,0.01319221156059721,0.01494994492291283,-0.002903785583173909,-0.0019052806936682414,0.004416953466314178,0.012490486940614437
2005-01,0.003091398232921788,0.00457528435205562,0.005942994260590535,0.0073409871772529625,0.006182796465843576,0.007543056590323283,0.010046123986195282,0.012932958843902664,-0.005116019525366153,-0.006434883548615676,-0.0026705826584660433,0.00484175300055021
2005-02,0.003150825444220781,0.004793036320075585,0.006110825465814464,0.007369744017072397,0.006301650888441562,0.008077458071785192,0.010064192903031101,0.012405418222104121,-0.010799201177723403,-0.018007989109501913,-0.019535215012882193,-0.017267845997607185
2005-03,0.0033130602275403473,0.004869417056901498,0.006079607724902757,0.007108295365801522,0.006626120455080695,0.0079821307156238,0.009710179728906532,0.011223045929396575,-0.0137086663887572,-0.025586430419197274,-0.030218074166101616,-0.0314941009623472
2005-04,0.002386236380814387,0.00328820328872835,0.00404639549693963,0.004901106984218001,0.004772472761628774,0.005092137104556284,0.006320972121573461,0.008319952933331494,-0.003440965194682087,-0.001410063966758246,0.005431445607101321,0.014566748933622087
2005-05,0.0016972590023879713,0.0021672295133038644,0.00271153445386238,0.003310353379010929,0.0033945180047759427,0.0031071705351356574,0.004344449275537919,0.005705629079605111,-0.0010833026922611733,0.004559952048263927,0.01504516401977013,0.027803294033025894
2005-06,0.0010912635369298568,0.0012146891270227722,0.001602849527811416,0.0017607911024940734,0.0021825270738597136,0.00146154030720861,0.0027673307301773406,0.002392557401224703,-0.0014807048178563202,0.002615522032631056,0.01126357606692711,0.02344790857109184
2005-07,0.0010862610880585793,0.001644048473055472,0.002314625538868506,0.0023472048448297117,0.0021725221761171587,0.002759623243049257,0.004326356736307609,0.002477522068674541,-0.005502343662016022,-0.006108588330289353,-0.0035472056180429652,0.0026467533005623232
2005-08,0.0006071452395284074,0.0006572176536397759,0.0007765921354832908,0.0009488733620320045,0.0012142904790568149,0.0007573624818625196,0.0011347155810138287,0.001637998268226859,-0.008607695116271817,-0.012717242229740737,-0.01040768910905971,-0.003576799431938553
2005-09,0.0005973878044039649,0.0006933509144264882,0.0009201135660662704,0.0008364447868002209,0.0011947756088079298,0.0008852771344715418,0.0016004015209856101,0.0005017696697360227,-0.009876207586301852,-0.017263268942105302,-0.01859317353372098,-0.017648968509154157
2005-10,0.0002458306760759685,0.000644518310773938,0.0008959901317197733,0.0008420080685226303,0.000491661352151937,0.001441893580169884,0.001650405594557272,0.0006260798157340514,-0.013960494379814468,-0.024094875716781296,-0.02944829279488411,-0.031692552601132816
2005-11,-0.0003315070821389293,-0.00047029503864835787,-0.00030444885029174557,-0.0002847287698786588,-0.0006630141642778586,-0.000747870951667215,0.00019308971477809134,-0.00020584844822631176,-0.010079977656145073,-0.015357668199766486,-0.016232931020853783,-0.01488268715027706
2005-12,-0.00045216448102563395,-0.0006903313076539602,-0.0007351882991943684,-0.0009305383178302845,-0.0009043289620512679,-0.0011666649609106128,-0.0008697592738155929,-0.001711938392373949,-0.009990610929115226,-0.01665383299074518,-0.01812805809973083,-0.01814145553349588
2006-01,-0.0007325238174522089,-0.0010602755668561656,-0.0008977121572655497,-0.001303450855487373,-0.0014650476349044178,-0.001715779065664065,-0.00041002192849371594,-0.0029264056483746595,-0.009317773307646972,-0.01581023885590982,-0.01954890557754102,-0.021706494578635188
2006-02,-0.0005905782429936612,-0.0007759944027513829,-0.0008669764244285741,-0.0013264099738402452,-0.0011811564859873225,-0.0011468267222668332,-0.0011399224894601406,-0.0031641441714869295,-0.007455814109216606,-0.01195466454910226,-0.014501109921462495,-0.014713234207556401
2006-03,-0.0005614805959986632,-0.0005734669107686913,-0.00043271635200920616,-0.0005571808459989835,-0.0011229611919973265,-0.0005974395403087612,-1.046467573073695e-05,-0.001055038821958093,-0.006804440136032416,-0.0111299088195244,-0.014252850141422219,-0.016449900127408018
2006-04,-0.0006897280129542285,-0.0005198872672547983,-0.0001780209483525988,-4.877642430844292e-05,-0.001379456025908457,-0.0001802057758559239,0.0008475780083539858,0.0004682016718681875,-0.009485079525303843,-0.017271038681771718,-0.02502741307127495,-0.03181259043323006
2006-05,-0.0006868498167401232,-0.0008032863876589608,-0.0007415522255671131,-0.0006213807647194383,-0.0013736996334802465,-0.0010361595294966497,-0.0005563497392915562,-0.0001406949213287323,-0.012574511531616976,-0.02406267089939399,-0.03465109163075234,-0.04435814234824859
2006-06,-0.0012093594136774743,-0.001483225850637461,-0.0017953895129707853,-0.001712940576209715,-0.0024187188273549487,-0.0020309587245574273,-0.002731880499970765,-0.0013831448291654475,-0.014258846057060078,-0.02681996005341631,-0.03846304372960133,-0.049779978959325656
2006-07,-0.001490541086263772,-0.0018775704065841711,-0.002179100574667074,-0.001896409720796667,-0.002981082172527544,-0.0026516290472249696,-0.003083691078915783,-0.000765646305315025,-0.009254721515487993,-0.014941259791516344,-0.019390517699588918,-0.025256548243603745
2006-08,-0.0021051466343016273,-0.002795700638128687,-0.002885125046799747,-0.0028606093921432554,-0.004210293268603255,-0.00417680864578282,-0.003153398272812913,-0.0027625467735172826,-0.010332680720597995,-0.01691199616978703,-0.02314744314264519,-0.02990301780126023
2006-09,-0.0024058579440813382,-0.003098393719195458,-0.0033094127163256493,-0.003320019817476351,-0.0048117158881626765,-0.004483465269423698,-0.003942469707716223,-0.0033624482220791507,-0.006503267136067213,-0.008504316858308138,-0.010118492812773973,-0.01337229618019687
2006-10,-0.002171009796230902,-0.00303823704242092,-0.0033421370752055313,-0.0033704793186949272,-0.004342019592461804,-0.004772691534800956,-0.004253837173559365,-0.003483848292652518,-0.0047041356999305214,-0.0041160195793812915,-0.0028887195021055218,-0.003204599564894564
2006-11,-0.00247936380116566,-0.003600569573248974,-0.003998156531359737,-0.004022216583293568,-0.00495872760233132,-0.005842981117415595,-0.005190917405692032,-0.0041184567910289085,-0.00459490878765622,-0.004315946760370476,-0.0022117705515551506,-0.0011585962174677916
2006-12,-0.001984005906845554,-0.0027736406960602034,-0.002995013749000422,-0.00295197207609188,-0.003968011813691108,-0.004352910274489509,-0.0036591329078210708,-0.002779805384457705,-0.006146867585028769,-0.008588059355225774,-0.01034744697752936,-0.013642791085059738
2007-01,-0.0013216815362327716,-0.0021514977302234395,-0.002498864427942872,-0.0023454173815924406,-0.0026433630724655433,-0.003811130118204789,-0.003540964521101156,-0.001731629196190701,-0.0056686965823813315,-0.008944761523056767,-0.009747302280822608,-0.013336392355573025
2007-02,-0.0024580973148544405,-0.00325737046243315,-0.003558097658813514,-0.003569716339467857,-0.004916194629708881,-0.0048559167575905685,-0.004460279247954606,-0.0036161910620852375,-0.002658587636262623,-0.00036665087909587557,0.0018719122387592518,0.0016906161649516277
2007-03,-0.0029424305312854213,-0.0032992786486617243,-0.003276822080997173,-0.0032989188834710095,-0.0058848610625708425,-0.004012974883414337,-0.003209452378003512,-0.00338730609336637,-0.0011972573073096085,0.004015868099640191,0.007944082192011509,0.010024199632744646
2007-04,-0.0033388595093786153,-0.004049438712921044,-0.004089263944686956,-0.0040244447562859526,-0.0066777190187572305,-0.005470597120005916,-0.004208739639984679,-0.0037651680026819373,-0.001558394510003988,0.0047601802488017875,0.010899416893066158,0.015397419720823494
2007-05,-0.0011189448339651714,-0.0016655230972428478,-0.001697727128414983,-0.001686587604517488,-0.002237889667930343,-0.0027586796237981936,-0.0017943392219313958,-0.0016420295089275005,-0.0007048559913285235,0.0011657177892568926,0.004036891315915253,0.00635937925866964
2007-06,-0.0013902942437367394,-0.0013067674632361442,-0.0009080427095502844,-0.000704935421887605,-0.0027805884874734788,-0.00113971390223494,0.0002881315515072813,0.00010749372876311947,0.0001408998582452109,0.003450148306761422,0.004417600394625756,0.005305942699553187
2007-07,-0.0024841180737166096,-0.0026744383767506805,-0.002204031275778902,-0.0019845836955890636,-0.004968236147433219,-0.003055078982818822,-0.000792809972863566,-0.0011067933748297107,0.00012236839153062506,0.005542426055797044,0.008617264523758252,0.011747878755364961
2007-08,-0.002515938651747769,-0.0022300983525050527,-0.0015832566250045949,-0.0013459533509540753,-0.005031877303495538,-0.0016584177540196199,0.00035726855749677877,-0.0003967402547520038,0.0011914239326286102,0.007448209791573193,0.011354946474011765,0.013636848344229568
2007-09,-0.0010981358723032922,-0.00023763347184998368,0.0008466698368141887,0.001655301980592723,-0.0021962717446065844,0.0014833713290566403,0.004099579762806699,0.004889830555706853,0.0031330528426649074,0.008790628048675378,0.011309555742730099,0.011792296488671833
2007-10,-0.0012583408969223317,-0.0009506105775097112,0.00023916042626761363,0.001030469991646396,-0.0025166817938446634,-0.00033514993868447723,0.003808473437599595,0.004195708253161533,0.003580177928839759,0.00924636570918503,0.013249875995611705,0.013879751786661156
2007-11,-0.0014223410747386742,-0.0009171878783049842,0.0013172003660821725,0.002367331781055273,-0.0028446821494773483,9.311851456239931e-05,0.00802036509924364,0.00656785744094766,0.011165083923298923,0.024290596480990904,0.03513037208636672,0.03911536172172441
2007-12,-0.0023959488970412973,-0.002411259420675691,0.00014787609153435466,0.0015490215515878286,-0.004791897794082595,-0.002441880467944482,0.007825282628164495,0.007153603391801738,0.012037923874201821,0.028482847081687836,0.043271530329704176,0.048672378004974905
2008-01,1.5919489490489463e-05,0.0011191401423555451,0.0045050158889695276,0.006722249358507723,3.183897898097893e-05,0.003325581448085653,0.014662643128811478,0.015591183236660519,0.025432203097750003,0.049664800170779774,0.07087382037180852,0.0825551142170219
2008-02,-0.0007049049143207781,0.0014977656612859928,0.005143315171543313,0.007797040487931933,-0.0014098098286415561,0.005903106812499538,0.01607996370231527,0.018411941753486406,0.025554224454369757,0.0525785366094994,0.07268556963312389,0.08345983395280202
2008-03,0.001226631164116393,0.002823910756219593,0.007425403585391104,0.009718016293859415,0.002453262328232786,0.0060184699404259925,0.02122988207290564,0.018888467127732664,0.02665859322020555,0.05273581029133482,0.07605134225568169,0.08397760837218607
2008-04,0.0033598785930646427,0.005405328075705904,0.009075117385277807,0.010822058406971632,0.006719757186129285,0.009496227040988427,0.020084485313993514,0.01780982249374694,0.021980383155862482,0.03844813102434701,0.05340126651799361,0.05820971537593787
2008-05,0.003561910537896444,0.006568119307791012,0.009766445950974423,0.011313455103227975,0.007123821075792888,0.012580536847580148,0.019361425880524655,0.01750149171224219,0.023844434260096192,0.040044257488531645,0.051751705347046636,0.056830573885621016
2008-06,0.0023325684194152006,0.005289568589538468,0.007997168153771706,0.009371633833052246,0.004665136838830401,0.011203568929785,0.016119966846471424,0.014869496550174405,0.022020036438372206,0.04101581062315256,0.05490099817072053,0.06368914997885791
2008-07,0.0023235883763725283,0.0053617127752768855,0.007733631819701065,0.009605402304002877,0.004647176752745057,0.011437961573085596,0.014849388952973608,0.017092484241210126,0.01882198833047425,0.034909957072817834,0.04646941000477615,0.0543034521548803
2008-08,0.0019291851552862768,0.004593615828192402,0.007136815283318297,0.009133703698969417,0.0038583703105725536,0.009922477174004657,0.014766413648695978,0.01712125736157391,0.016358217584316118,0.0322315244075356,0.04405641067883938,0.05028335166320305
2008-09,0.0014349669429376544,0.004699004601345303,0.00843703481079338,0.011587418665185392,0.0028699338858753087,0.011227079918160604,0.019651125439137607,0.024188954082753428,0.0194643496607151,0.039738408509218115,0.054271529759185894,0.061170856281076824
2008-10,-0.0009393571114621867,0.00379409440555728,0.006945652381741555,0.013782735706878588,-0.0018787142229243735,0.013260997439596214,0.01640032631029438,0.04113106900742673,0.02274731027993334,0.04955486663795124,0.06536633470973263,0.07842570872637777
2008-11,0.0014203030081326607,0.004091579941259613,0.00375921993059399,0.010612399521516122,0.0028406060162653214,0.00943413380751352,0.002762139898597119,0.03802511788520465,0.019493747681699074,0.03908469001117258,0.060009351134079125,0.08615349850760609
2008-12,0.0012687741728316902,0.005841897621624436,0.006140493965442979,0.011536162607052031,0.0025375483456633804,0.014988144519209929,0.007036282996898608,0.033118837173488236,0.023302847300299877,0.04641816358107448,0.06735004678441152,0.09556211227369713
2009-01,0.0037333927527058164,0.007498926559987398,0.009067427372734853,0.013062866610789899,0.007466785505411633,0.015029994174550561,0.013772929810977217,0.02904462356301009,0.014929785113148769,0.02568652718999058,0.04021712227841928,0.05693332183827038
2009-02,0.0018185942242657932,0.006052082833117407,0.008796498256539472,0.012043712342333814,0.0036371884485315864,0.014519060050820638,0.01702974452680566,0.025032568685511188,0.007575726909905753,0.018827182012421013,0.02937362240246296,0.039741356367691015
2009-03,0.0016501916770865054,0.005459626570984274,0.007172527978958815,0.010470342786291617,0.003300383354173011,0.013078496358779808,0.01231123220288244,0.023661602015622826,0.01085949208226878,0.02198380842255776,0.03854142389071959,0.053524888569605814
2009-04,0.003949539771269364,0.008663271130188093,0.011892499922880714,0.015037394830129898,0.007899079542538729,0.01809073384802555,0.021580186300958575,0.02761697445912663,0.02057945136923819,0.036036293050796794,0.05188973869987368,0.06197906907577094
2009-05,0.00428123355091675,0.008902754910270008,0.013470660872941348,0.018482271311700674,0.0085624671018335,0.018145797628976522,0.027174378760955367,0.038528713066737975,0.024523301060152845,0.045940850790259447,0.06455595902616754,0.07228255196181432
2009-06,0.005709500283773721,0.010514698624878256,0.0159950891485229,0.020074307950679014,0.011419000567547442,0.020125095307087327,0.03243626071945683,0.03639118315930347,0.022555031247469732,0.04022949401834662,0.05411425996637005,0.05443739020572695
2009-07,0.0064570274756834065,0.010946641747297205,0.01581987587528498,0.020476246895715068,0.012914054951366815,0.019925870290524804,0.0304395782592483,0.03910173097743541,0.02221418200027802,0.038305093869529766,0.05079561777951154,0.05501552900900633
2009-08,0.005562922862419629,0.01028138979736233,0.015297058395293644,0.019700464812671608,0.011125845724839257,0.01971832366724773,0.03034406418908759,0.03731409048218347,0.02099574500491319,0.03692975114841923,0.04911521582420811,0.05302978369103507
2009-09,0.005335615582495641,0.009919519232367374,0.014448607094158905,0.019028498231596032,0.01067123116499128,0.019087326532110843,0.028035870679533496,0.03734806278134454,0.01660704701216858,0.03090000889163117,0.045200920924951205,0.055091117454464406
2009-10,0.004816710490225457,0.00939051509264182,0.014797823900893032,0.019096678364457952,0.009633420980450912,0.01853812429747454,0.031019750325646675,0.03629209621871763,0.008289878807235734,0.022086048296541143,0.03011684333952109,0.05039675505146125
2009-11,0.0035279326035498257,0.00794477201366906,0.012696339178202022,0.017196158669779894,0.007055865207099651,0.01677845083390753,0.026951040671800906,0.035195436636091385,0.008480732579781039,0.016499127743710623,0.008122943371915931,0.024837147148835392
2009-12,0.006270678087188126,0.011400659947687082,0.0166804995751269,0.0218141176732795,0.012541356174376253,0.02166062366868499,0.03252001845744635,0.04234859006588989,0.0016179161952106893,0.0031450723895916754,-0.012398900432647396,-0.012719713867058205
2010-01,0.0047544422279761685,0.010106715130480452,0.015114683655457277,0.02013777330928742,0.009508884455952337,0.02081126093548902,0.030138589230387754,0.04023013192460798,0.010040300858240083,0.018134925929666756,0.013670110157983402,0.015149659843434185
2010-02,0.004449144604678614,0.00982068828840182,0.014733248599910851,0.019478737398134244,0.00889828920935723,0.02056377565584823,0.029470929534437945,0.038460692591027815,0.007744525810110056,0.01747263401315193,0.018045940245687835,0.017714916758339548
2010-03,0.0054244403082696815,0.011014797969017718,0.016540930772876737,0.02098504794196894,0.010848880616539363,0.022195513290513794,0.03311932918445379,0.03876151661833778,0.0048343896274029435,0.008598011642873321,0.00024773682847190233,-0.007675984067129124
2010-04,0.005251945806222048,0.010565205069235773,0.01586073424085705,0.020066361200246664,0.010503891612444097,0.021191723595263223,0.03174732175572088,0.03688886903780512,0.008816546599887249,0.017320855892817226,0.018626785655861098,0.015413905416615376
2010-05,0.0038634115327556436,0.008513270907485113,0.013868969904401793,0.017331899159902422,0.007726823065511288,0.01781298965694405,0.029936066895151832,0.031183616181904947,0.009883233294995939,0.02162297405162361,0.03230512934879737,0.04221854171354595
2010-06,0.002626226737386738,0.0063376872935143385,0.011278186454174648,0.014746436291264615,0.005252453474773477,0.01376060840576954,0.026099683936155575,0.02861943563962448,0.013850081634844587,0.031153804534455584,0.05226053791544001,0.06498311820588505
2010-07,0.002479613674499886,0.00518662999318538,0.009353417938299198,0.013248291905253052,0.004959227348999772,0.010600662630556371,0.021853781773640654,0.028827787773068457,0.014864864748079463,0.031782317486317144,0.05357204291172172,0.07277080191222914
2010-08,0.00216021258350803,0.004319740539833936,0.007682929506644363,0.010863886395613013,0.00432042516701606,0.00863879645248575,0.017772496407075643,0.023587713951487614,0.012812004279206729,0.029896061333805873,0.053287487624775184,0.07451524025425048
2010-09,0.001145101035271092,0.0034590643928160496,0.006575040327778708,0.009750470466299128,0.0022902020705421835,0.008086991107905964,0.015922968132666686,0.02245219102038081,0.011847365649624908,0.02982062459582719,0.05094563865208835,0.07354686778539984
2010-10,0.0004647218204375382,0.0024347223452524554,0.0057225005879638245,0.009045662689466893,0.0009294436408750764,0.00637472339488229,0.015585835316097932,0.02233831109547917,0.011005703558128108,0.02998666679240477,0.05600397630084635,0.07808251978114326
2010-11,0.0012592537890792912,0.003968287745878608,0.0076009797645784655,0.011510601490999736,0.002518507578158582,0.00938635565947724,0.018499055820678043,0.027149088396684815,0.00671764475878627,0.020639367566221836,0.03786583213023212,0.05422399249733209
2010-12,0.0022221378260886267,0.006522846738143536,0.011825345481680865,0.016679915616296805,0.0044442756521772524,0.015124264562253353,0.02773284171229285,0.036098196154760565,0.014043721407061501,0.03276243465625448,0.05166055378413273,0.06777866737041503
2011-01,0.0022614465014875965,0.006548031478645622,0.011218314607708418,0.016422224109584556,0.004522893002975193,0.015121201432961673,0.02522916399489681,0.03723786211708909,0.009500354583289392,0.025780192643140274,0.040789050567903405,0.055781488624951636
2011-02,0.003599607148833115,0.008457895749597794,0.013453694661111208,0.0183361761443301,0.007199214297666231,0.01817447295112715,0.028441091395651447,0.03786610207720567,0.009418053527145333,0.02330237920311544,0.03511860010421434,0.04565796561737881
2011-03,0.005111109705887851,0.010024233128025998,0.015037939191750761,0.019684090746384292,0.010222219411775701,0.019850479972302295,0.03007905738292505,0.03826869696491843,0.012429821307512212,0.025984055877223154,0.040833845780347496,0.051097245706733074
2011-04,0.0036765494335692823,0.007997692325561818,0.012687875198763573,0.017572400518166182,0.0073530988671385656,0.016639978109546885,0.026758423818368834,0.03711050179577663,0.012411902327466572,0.02815853777061371,0.045173892131810174,0.05721234806626893
2011-05,0.0026564389161938414,0.006077637574145147,0.01037364470745168,0.015195580703043322,0.005312877832387684,0.012920034890047755,0.023261666107371282,0.034483324685409884,0.009522987987753561,0.0238192647345522,0.04263146166189855,0.05234957665867449
2011-06,0.00250474208627859,0.006291074719913995,0.010959512859939067,0.015677785920831803,0.00500948417255718,0.01386373998718481,0.02496482728001428,0.03455087816440274,0.006439446102561165,0.016377562963561212,0.02980049954031967,0.03464210052771755
2011-07,0.0011650054406367118,0.003251941932262968,0.006940720253131222,0.011303421134484355,0.002330010881273424,0.0074258149155154805,0.018007055215735982,0.028754224659896892,0.005455702317872415,0.014222829036028006,0.02914727086302582,0.04046447838923094
2011-08,0.0006292657219249167,0.0019730219301512886,0.0047574667560008775,0.00832768992239655,0.0012585314438498336,0.004660534346604033,0.013110801233549643,0.022608582587979244,0.005376633980305769,0.013813107802231396,0.02798127867599272,0.0395144002072204
2011-09,0.0008329256637899464,0.002457087592266028,0.004841984872827808,0.007859079114841868,0.001665851327579893,0.005705411449218192,0.011996676714513146,0.019927456082898115,0.0035034059588933994,0.011137749627570685,0.022568510199370395,0.034237228393589274
2011-10,0.0009041390762306333,0.0024648057800627948,0.00505681158248957,0.008233028598124342,0.0018082781524612667,0.005586139187727117,0.012832828989769899,0.020937896660663424,0.0019980650831646256,0.007633131767875198,0.018701449338535563,0.029275552886534387
2011-11,0.000900215445645208,0.002402620925407491,0.004963594938054679,0.00794300120762909,0.001800430891290416,0.0054074318849320555,0.012646516975996246,0.01986062628592673,0.00393213362989853,0.012931684449825303,0.02743693443731124,0.04335313190973975
2011-12,0.0007505465870153887,0.0022637570445778205,0.004162348886115178,0.006927011853300762,0.0015010931740307772,0.005290177959702685,0.009858124410727252,0.017985663722043094,0.006306806873844639,0.021792509483734603,0.046097704457992154,0.07420030742369287
2012-01,0.0007013356906372436,0.0015235228459090874,0.003347441027358323,0.005702970987354837,0.0014026713812744871,0.003167897156452775,0.00881919557170603,0.015125090827340886,0.006109174967063178,0.02141398698283835,0.045061535785370366,0.07506648429484142
2012-02,0.00100975369916473,0.0024737647549746902,0.004338073894937261,0.006704399739032015,0.00201950739832946,0.005401786866594612,0.009931001314824973,0.016169703115411035,0.008271939465266763,0.025499630185664982,0.049611659882322356,0.07861948581230359
2012-03,0.0016656003993874464,0.003685735828452003,0.006118533287464525,0.008876917734653338,0.003331200798774893,0.007726006686581115,0.013416925664502092,0.019910455523408588,0.01149609938608281,0.029289258533917322,0.052916189204568365,0.0790418404792918
2012-04,0.0008854392318016963,0.0022146218758682425,0.00430178538347396,0.006444484448323355,0.0017708784636033927,0.004872987164001334,0.010563275906291112,0.015015280707720936,0.007769714450219516,0.02305542967924396,0.045357481916692415,0.07232132338925888
2012-05,0.000987099202524463,0.0019447071292551332,0.0035180868692219454,0.004911649145985274,0.0019741984050489266,0.0038599229827164733,0.008238226089122381,0.010485898253038587,0.0053569366213940366,0.01634683189539922,0.03579263380906038,0.06208179119435424
2012-06,0.0010110980098456588,0.00222563689364499,0.003803492989975122,0.005270738719926756,0.0020221960196913176,0.004654714661243652,0.00853706127896552,0.011139721639733289,0.0048060543993524215,0.016444168593641152,0.03655085143920703,0.06236123855143949
2012-07,0.000501725243658013,0.0012081300368380849,0.002647602886242592,0.004268561266018567,0.0010034504873160262,0.002620939623198229,0.006966021434456113,0.010752394785122467,0.0029381122601886338,0.009968578067303297,0.025962795038756262,0.04835909964311225
2012-08,0.00040177252000842554,0.0010024680098503292,0.0022977667010299,0.004010917236927626,0.0008035450400168511,0.002203858989534137,0.006183662774568612,0.010863519380518528,0.0007081917798664567,0.004014841422470262,0.01437144400250239,0.03024602415192965
2012-09,0.0003679621399442362,0.001249819034969876,0.0026686337385825195,0.004298569744147078,0.0007359242798884724,0.0030135328250211553,0.006925077849420451,0.010818313766405307,0.0014564621307339711,0.00621656010321777,0.014990314795863836,0.02778330383249558
2012-10,0.0007274190419121539,0.0016155154957535902,0.0033248692352676676,0.005118486396236158,0.0014548380838243077,0.0033917084034364633,0.0084529304538099,0.012292955040110121,0.0012207236027999926,0.004764470157041527,0.01361803619371369,0.02551544785090594
2012-11,0.0005150379153883375,0.0013693656207765604,0.00256929858619022,0.004122519732454184,0.001030075830776675,0.003078021031553007,0.0061690974824311975,0.010335404317510039,0.0014507345199287762,0.005478394202722517,0.014697193775804116,0.02803902620793801
2012-12,0.0005618743717191012,0.0017218194681378448,0.0034419386736543175,0.005261221768724971,0.0011237487434382024,0.004041709660975333,0.008602296290203735,0.012538354149007586,0.0011871939781441132,0.005039723998521931,0.010542239552387186,0.019611707788339882
2013-01,0.0012600959671720587,0.002795773836333325,0.005075133124274955,0.0073985926572113555,0.0025201919343441175,0.005867129574655858,0.011913210988099844,0.016692430788956956,0.001500274641082946,0.0022455831230000626,0.005295252379858693,0.008604735478908195
2013-02,0.0008571447752467386,0.00195413733471517,0.003953766096981287,0.006035114013269481,0.0017142895504934771,0.004148122453652033,0.009952652383779636,0.014360505678422255,0.0024649549809979566,0.006597899879767589,0.012826226323609025,0.01948872463790892
2013-03,0.0011600310016336211,0.0023283544560703693,0.004295197013600848,0.006347089416673213,0.0023200620032672427,0.004665001364943866,0.010195724686192282,0.014554659028962672,0.0037323929553247214,0.009539529795188424,0.018692646251296477,0.02880856924506261
2013-04,0.0011274797933100759,0.0021617759168979234,0.00372805210606487,0.005701000790309314,0.0022549595866201517,0.0042303681640736175,0.00842688067356571,0.013592795527287094,0.00252960287967137,0.005906354873120529,0.012997987031406002,0.020345111481629204
2013-05,0.001732996474879683,0.003822625845170506,0.006303535726399842,0.008871017174992274,0.003465992949759366,0.008001884585752152,0.01374626537008785,0.019140942969362,0.0024403672402203,0.0033004661083487806,0.004002976446890383,0.0012087781650124945
2013-06,0.0020848959893595264,0.005353714620439262,0.009128138801509957,0.012464675279766772,0.004169791978719052,0.011891351882598739,0.020451411344722035,0.02581082119279404,0.00255294637832011,0.0035686194194735022,0.0007450791744690773,-0.008035860171890875
2013-07,0.001640538500775668,0.004658896133622602,0.008696253974381021,0.012386887173283775,0.0032810770015513357,0.01069561139931647,0.02080832749665628,0.027149419968894795,0.0011585147332148673,0.0006534416007606019,-0.0029210841182009135,-0.012821952583835885
2013-08,0.002504586052657075,0.006574682386870022,0.011241953019019027,0.014892709875745043,0.005009172105314149,0.01471487505529592,0.025243764915466038,0.0294957373026491,0.0011780996729579734,-0.0012526588098809173,-0.009409316457667103,-0.02341500735967349
2013-09,0.0019959631406031037,0.005258946575652592,0.009297741660191901,0.012626498991175374,0.003991926281206207,0.011784913445751572,0.021414126913809825,0.02594152831510926,0.0015229121142124324,0.0013315064923513403,-0.0027413412696558202,-0.012550166582736378
2013-10,0.0017494756785405346,0.004794882720686916,0.008658961744512996,0.011987071822075,0.0034989513570810697,0.010885696804979675,0.02025119881599124,0.025299512132323013,0.0023431834095286206,0.003124285781588327,0.0015798647561228634,-0.005490033694053944
2013-11,0.0012349995502542973,0.0041555177316626385,0.00837322983600619,0.012001274200329518,0.002469999100508595,0.009996554094479318,0.021026366149036853,0.026513451657622835,0.0014819144024232822,0.0025417749051143013,-0.0008338431352872128,-0.01107296639516742
2013-12,0.0022288057622971225,0.006324374210683286,0.011452558992791878,0.01570506656894407,0.004457611524594245,0.01451551110745561,0.026837113339117653,0.03271509687355284,0.0014018333785663015,0.0012640161500754882,-0.00437111403204829,-0.01839178858703026
2014-01,0.00235886033397155,0.006188155917436282,0.010385898997290425,0.014008595262539425,0.004717720667943101,0.013846747084365747,0.022979128236852855,0.02849938032353542,0.002991572884018052,0.004612362740404744,0.0031502075938127753,-0.0026651089044091893
2014-02,0.002010472397082047,0.005919957544775084,0.01022398778729377,0.01395692320749142,0.004020944794164094,0.01373892784016116,0.023136078514849827,0.02888866488828202,0.0021351456729785927,0.0026831794549516475,-0.000682239878944761,-0.009036956592887217
2014-03,0.002940495210518904,0.007710449535834397,0.012331210302060167,0.015990236639314787,0.005880990421037808,0.017250358186465385,0.02619349260073748,0.030626341988333257,0.002371577558780755,0.001207104058200325,-0.005796013886559264,-0.01738333190282056
2014-04,0.003097663027579505,0.00768428914099391,0.012234431282282196,0.01575910706240815,0.00619532605515901,0.016857541367822717,0.025884857706147058,0.029857810182911965,0.0023039761200253626,0.0003880347623451811,-0.007993609398506615,-0.02023665504396137
2014-05,0.002730681840265688,0.007075932690530422,0.011116518291812507,0.01445247351374318,0.005461363680531376,0.01576643439105989,0.023238275095658765,0.02779629440146587,0.003826792594743017,0.006728113144947444,0.005068743768959055,0.0013322112876459399
2014-06,0.003395360354909399,0.007737838710999419,0.011907806306935106,0.015190376391051145,0.006790720709818798,0.01642279542317946,0.024417709094742165,0.028320656727515308,0.004547563778171487,0.010025966750403861,0.01443235447139887,0.016203238368903177
2014-07,0.0038557585306919,0.008897882835696475,0.0134913469357507,0.016170534902282978,0.0077115170613838,0.018982131445705624,0.027271739235913375,0.026887286768412094,0.003373476602074729,0.006449970540530791,0.00836856619200484,0.008338646525509651
2014-08,0.003970489672050945,0.008578241886504552,0.012721381808188343,0.015230501936744368,0.00794097934410189,0.017793746315411765,0.025150801573239713,0.02526698245096847,0.005461798780382136,0.012688321166644152,0.02059096644176641,0.025388528846243784
2014-09,0.004529284351014342,0.009561320605820009,0.01376739584594458,0.01631443878502231,0.009058568702028686,0.01962539311543134,0.026385621566318292,0.02650261054133325,0.0038519936425174587,0.0064384057475515965,0.008087206907241334,0.007503181017343551
2014-10,0.0037678674912646924,0.00833434434242714,0.012346128252119856,0.014851066488301992,0.007535734982529385,0.017467298044752035,0.024381479981198006,0.024870819433030537,0.003478162016519632,0.0068073344984084854,0.009570445929086256,0.010467688739649827
2014-11,0.0030762069378942533,0.007230406734584514,0.010799849223036288,0.01312715199179642,0.0061524138757885075,0.015538806327965036,0.021508176688391605,0.02243636306683695,0.0024156027884322893,0.006205346695046796,0.011638510204042307,0.01658938886119723
2014-12,0.004217328712694049,0.008431743762288644,0.012035459868946885,0.013816585907272576,0.008434657425388098,0.01686057386147783,0.022846608188921612,0.02094109006057534,0.0035413791806980788,0.008706000518869427,0.017766307652613084,0.026718563993348148
2015-01,0.0029434529110239764,0.006074471139381959,0.008533201495018,0.009971542221682287,0.005886905822047954,0.012336507596097926,0.015909392561926118,0.015724905128339434,0.004053919171892719,0.011349958938160131,0.02132877808286468,0.0332549643484236
2015-02,0.003982873451397466,0.007960952829618829,0.010957830101955614,0.012646817393977425,0.007965746902794932,0.015917111586061555,0.01994846191896597,0.019402766562064664,0.0028647739903380036,0.007481784123878142,0.013544580248840324,0.021328612414330282
2015-03,0.003062031263388376,0.00638912937027533,0.009227420462945635,0.01107991431527123,0.006124062526776752,0.013043325584049234,0.017742293740956552,0.018489889724573612,0.004554518099224044,0.014354341437098912,0.026178036131973392,0.03773561205753633
2015-04,0.0035595481298105326,0.006896454804013621,0.009904281333902414,0.012005972872781519,0.007119096259621066,0.013570268152419795,0.018927760923568793,0.02041273902829794,0.004928782040996203,0.013400683135035046,0.0244487286745995,0.03411223391977987
2015-05,0.0034398627933983957,0.006836095015211906,0.009993903712582807,0.012271862150367865,0.006879725586796791,0.013628559458838927,0.019467329804695514,0.021383695901508088,0.003782052986113168,0.010989451095958057,0.018919856038359686,0.025569509940711835
2015-06,0.0030141467654015925,0.006797147976027876,0.01036569245958465,0.013081508019973334,0.006028293530803186,0.014363150397280443,0.021071325910254974,0.023944770261528074,0.004535285505772361,0.0126743521941022,0.020473475687517485,0.025467371300731383
2015-07,0.0030585455803771137,0.0062489201187514365,0.00950278649176441,0.0117680597696759,0.006117091160754228,0.012629669195500078,0.019264385610803327,0.02082915288132186,0.005510155250610303,0.0161738337247882,0.028614541954428002,0.034036081301263274
2015-08,0.0031599850232392453,0.006472455949423062,0.009421656105856803,0.011262609869389179,0.0063199700464784915,0.013097397801790693,0.018269256575158026,0.018626424923518677,0.004674627288578229,0.012882051501987844,0.021669103217913203,0.02540047703819999
2015-09,0.0024328354508004702,0.005200836461999566,0.007965898309863266,0.009803069482443779,0.0048656709016009405,0.010736838484397757,0.016261083853454365,0.017151754172765835,0.006510702232101486,0.018722557976004684,0.03182347458799802,0.039517134805949705
2015-10,0.0027960274460906865,0.0055748703807946345,0.008722804241159248,0.010603697573320876,0.005592054892181373,0.01113255625020253,0.018166605822253087,0.018127270901967387,0.004143791768931241,0.012627091707903756,0.022484072225301088,0.025796342622480394
2015-11,0.0022484469349841668,0.005020774162520297,0.007671688847218315,0.009471953720799509,0.004496893869968334,0.010565428617592555,0.015624432901312373,0.016673013215124273,0.0007017989549214804,0.006293096492051156,0.01178522964198318,0.013146544886640733
2015-12,0.003510377660230322,0.00611385676632346,0.008851318148607602,0.010546801501011782,0.007020755320460644,0.011320814978509734,0.01706370229546003,0.0173287349106285,0.00396962878193078,0.009344418679490648,0.016405183246445208,0.015817542368103198
2016-01,0.002684528371656986,0.0045895342513043785,0.006717968563313452,0.008149517465893392,0.0053690567433139725,0.008399546010599165,0.013103271499340673,0.013875713076213145,0.002232759667164863,0.0055460643650657275,0.009401764761509591,0.008369252235625263
2016-02,0.001494178659270923,0.0027274031579594977,0.0049677286608233815,0.006114653617772676,0.002988357318541846,0.005193852155336647,0.011688705169415033,0.010702353445569858,0.003992900013493469,0.012948807391711715,0.023730570266039575,0.027471784769387744
2016-03,0.0014917798154021108,0.00279480866736482,0.004830144040072005,0.0063009753704350606,0.0029835596308042224,0.005400866371290238,0.010936150158193561,0.012184300691887279,0.0028742214706134047,0.009684146367695072,0.01877573268119804,0.02307963119141474
2016-04,0.0022596278998457163,0.0038192784419065337,0.0060223228640062096,0.007539828317960156,0.0045192557996914335,0.006938579526028168,0.012631456130305238,0.013609850133775945,0.0038656818052781546,0.009663279703663607,0.01839904664686132,0.02292691509051111
2016-05,0.0018725386038704042,0.0033575230517218285,0.005631219010416935,0.006950756570077013,0.0037450772077408092,0.006327491947424677,0.012452306886502257,0.012228906808717323,0.0026422774862537197,0.008288311636808769,0.017190701393536532,0.021884642307999292
2016-06,0.0007956845019887653,0.001867183369878074,0.0037821784913973427,0.004981617060703983,0.0015913690039775306,0.004010181105656692,0.009527163855955149,0.00977937133793055,0.004373090571445517,0.015489669005390762,0.030895610850631375,0.04365801429684663
2016-07,0.0005271045186841759,0.001588337205313945,0.003303910001108355,0.004372147131876248,0.0010542090373683519,0.0037108025785734834,0.008450628388491584,0.008645095654947817,0.00378085735724537,0.01302008371186824,0.026237432940589226,0.036279723629910644
2016-08,0.0014221224659364089,0.002615284975331575,0.004482877410715869,0.0054006067349875,0.0028442449318728177,0.005001609994121907,0.010085654716868751,0.009071524032074028,0.003991404924703442,0.011915992672846269,0.02285507413210734,0.029067279216982215
2016-09,0.0011829810625968926,0.0023104906836936773,0.004011698602973827,0.005067653180180989,0.002365962125193786,0.004565509925887247,0.009115322360814276,0.009291471489009634,0.0021390863979089307,0.007783378253420892,0.016752367677296,0.02206221498555555
2016-10,0.0016130239789333908,0.0030061217697263144,0.00503620928407955,0.00631466799658457,0.0032260479578667817,0.00579231735131216,0.011126471827139257,0.011428502846604653,0.0033512413351781383,0.009016936070510653,0.019150410984448345,0.02391039650227324
2016-11,0.0022339744450898136,0.005060963722301158,0.008213454182131335,0.009758482356895937,0.004467948890179627,0.010714942276723849,0.017670925561621864,0.015938595055954352,0.0027957676362685745,0.0071921211299817425,0.010400485520870507,0.007701446940673157
2016-12,0.003333176639986918,0.005859077283166633,0.0088871335018902,0.010747353364639627,0.006666353279973836,0.010910878569526062,0.0179713021580609,0.018188232815637334,0.0055344817564527676,0.008702669890980789,0.013369220052906881,0.011240379241466605
2017-01,0.0038440390473199245,0.006488904919492352,0.009167780445852309,0.01087909517326034,0.007688078094639851,0.011778636663837208,0.01720440702493218,0.01772435408289247,0.0024001448768224487,0.00014270092629024064,-0.0015015761046978182,-0.007799181919908375
2017-02,0.003564933949145886,0.006268630030763514,0.008835620696905942,0.010393478397896162,0.007129867898291772,0.01167602219399877,0.016536592695333224,0.016624909201857045,0.00034788467180293416,-0.004228603717891103,-0.006856393389213752,-0.01533110528571603
2017-03,0.002372857296562352,0.004880961713215084,0.0075218833818190105,0.009063879113729398,0.004745714593124704,0.009897170546520548,0.01544464838763079,0.01523186204137095,-0.0012946032815169895,-0.004917614415672666,-0.008156797716320864,-0.015695308324385586
2017-04,0.0017265254968757103,0.0036033862839623745,0.005944212904984219,0.007289375309826719,0.0034530509937514206,0.007357107858135701,0.012966692768049752,0.012670024929196723,-0.0007603325809394301,-0.002554392429293545,-0.002559632537754872,-0.007196063552659543
2017-05,0.0008007141382623539,0.0024725990219495956,0.00434228515653871,0.0055885664880585585,0.0016014282765247079,0.005816368789324081,0.009951343560306053,0.010573691814137955,-0.0012422961217415625,-0.0015036057803239642,0.00014495898737184026,-0.002564851093699261
2017-06,0.0010866119953189517,0.0028718129045987584,0.004803971726456271,0.0062305054688259615,0.0021732239906379035,0.006442214723158375,0.010600448192028804,0.01193664043830472,-0.005885373580305682,-0.011525159049570105,-0.015916952501056545,-0.024214771939438013
2017-07,0.0009779501844534872,0.002631454769329732,0.004560608074949932,0.005882547306361865,0.0019559003689069744,0.00593846393908222,0.010348067991810535,0.011170304232009601,-0.005353537110560826,-0.010006381048823496,-0.013901962747343309,-0.022012681232135206
2017-08,0.000789260175230717,0.001882883565093035,0.0035196902636168686,0.004646336644468873,0.001578520350461434,0.004070130344817674,0.008430110359188366,0.009152922167876889,-0.0027576478234409754,-0.004936450935094296,-0.004522819318357012,-0.009483298400785142
2017-09,0.0013178621724828816,0.002855416813241314,0.004620777514504577,0.005890392416440876,0.0026357243449657633,0.005930526094758182,0.009916859618294364,0.010968852024186074,-0.004391797234927335,-0.009219771014126972,-0.012792734108191997,-0.020175881597597846
2017-10,0.0011670734269762784,0.0025674914620696238,0.004061827520115406,0.0053500364878735635,0.0023341468539525567,0.005368327532256311,0.008544835694252757,0.010502872358906196,-0.004511394001015906,-0.008790665462538991,-0.010769963126538733,-0.015623737933069525
2017-11,0.0013621842247041709,0.0026017081309919025,0.00393239179451025,0.004925080956993278,0.0027243684494083417,0.005080755943567366,0.00792444278506529,0.008895837606925385,-0.002901975577395575,-0.0022813262176552707,0.0029389189328240233,0.0035831467361378804
2017-12,0.0010702482562731132,0.0020471859348023917,0.0034060505916661127,0.004296915237419728,0.0021404965125462264,0.004001061291860949,0.0074826445622572756,0.007860373820434186,-0.0022660449400222337,-0.002428061103038467,0.0026097815431654157,0.004382971576549407
2018-01,0.0025003869696275764,0.004098648952031058,0.005373579120227796,0.006242153206407846,0.005000773939255153,0.007295172916838014,0.009198369624818018,0.009716449551128051,-0.0026526572977524764,-0.006215529965562747,-0.006647031249860909,-0.008461782184178786
2018-02,0.002001876442603863,0.0035572839395544426,0.0050000322071008,0.005792332985347155,0.004003752885207726,0.006668098933455598,0.009328277009739875,0.008961536098332574,-0.004173520441801113,-0.007804639473102955,-0.009239534051318214,-0.01324629019929393
2018-03,0.0017738363965763802,0.002868708362165167,0.003877327516645712,0.004580432171212498,0.0035476727931527605,0.005058452293342747,0.006903184980087341,0.007392850789479644,-0.005770637780690199,-0.009937492401137313,-0.010067648680664173,-0.012255323993195465
2018-04,0.0022990173873778524,0.0037947302800547845,0.004728359959506507,0.005334658180374714,0.004598034774755705,0.006786156065408649,0.007529248997861674,0.007759851063847554,-0.007926383242493831,-0.016546744395359088,-0.021745641928963236,-0.027984300233873438
2018-05,0.0015298169869502262,0.002849178571948361,0.003730279580413942,0.004193276063182334,0.0030596339739004524,0.005487901741944634,0.006373582605810682,0.00604526199425591,-0.008858356945476632,-0.016561407352054344,-0.022557750755694266,-0.028817426769368333
2018-06,0.001834714477379297,0.0027758443151248285,0.0035373834167509756,0.003895140005797354,0.003669428954758594,0.004658103990615895,0.005822000721629413,0.005326166361982878,-0.008284655239648112,-0.015969748701534347,-0.020485283730407453,-0.02482852324401816
2018-07,0.0021722704854177585,0.0030650317407001984,0.0035122742482006954,0.0038660742275184734,0.004344540970835517,0.004850554251265082,0.004854001770702183,0.005281274144789575,-0.009747735148649569,-0.01985744769795941,-0.0260635694749705,-0.03145090253121963
2018-08,0.00142439395361205,0.0021218823878446265,0.0025318012565851387,0.0026280087205252795,0.0028487879072241,0.003516859256309783,0.003761557862806672,0.0030128385762858423,-0.010357923027629034,-0.02107302396812593,-0.028096216243337815,-0.03464129531635807
2018-09,0.0017669139343813624,0.0024132751383208403,0.00288562824599942,0.0030876053421405,0.0035338278687627248,0.0037059975461997997,0.004302687569035155,0.003895513726704814,-0.009813916519282116,-0.019866859157534538,-0.026105637949687854,-0.03188911435878482
2018-10,0.0015748710167360382,0.002173958565655297,0.0024788897383218253,0.002663248264949035,0.0031497420334720763,0.003372133663493808,0.003393683256321417,0.0034006823714578804,-0.009493001814049138,-0.019101564983266598,-0.025756011620509344,-0.03047397118592626
2018-11,0.0008173784279267883,0.0008982266848706968,0.0011546992865827735,0.001222850449919509,0.0016347568558535766,0.0010599231987585209,0.0019241170917189965,0.0014954551032664576,-0.0074974796266965744,-0.014273328615087701,-0.017630657104885848,-0.020880784665784375
2018-12,-0.0014077161990835967,-0.0015772986494693199,-0.0012601994121843457,-0.0010029565138892534,-0.0028154323981671933,-0.0019164635502407663,-0.00030890170032942324,2.60150792911161e-05,-0.006068918423641059,-0.007461839669800203,-0.0062721464934894465,-0.006312285908913123
2019-01,-0.0008644356132656537,-0.0011390506549558387,-0.0010757082018802468,-0.001041952687415349,-0.0017288712265313075,-0.0016882807383362154,-0.0008856808426534642,-0.0009069306295557585,-0.0014235798973525476,0.0011761104094090737,0.005638406935955607,0.009816183493129422
2019-02,-0.0002382095022467022,-0.0004247437424143921,-0.00029697743302411,-0.0001891306807344159,-0.0004764190044934044,-0.0007978122227497719,8.632149514673643e-05,0.00024225632842436035,-0.0006851818223587124,0.0017704014080238521,0.007207555932947061,0.01139383582856646
2019-03,-0.0012608066016222483,-0.0017148507998614518,-0.001524955347643308,-0.0014678978478409668,-0.0025216132032444966,-0.0026229391963398623,-0.000955268990988873,-0.0012396678486315989,0.0007776705162986369,0.005587733736031757,0.012343855635604837,0.01792197313921923
2019-04,-0.0010220157084788427,-0.0012580495422994907,-0.0010691886089582367,-0.0008440611187803052,-0.0020440314169576854,-0.0017301172099407902,-0.0005026058089344712,5.644884193142102e-05,0.003494611356654482,0.011221375420919593,0.019377318210620834,0.026536351665301636
2019-05,-0.002741399885501365,-0.0032373384828678457,-0.0030757629977394424,-0.0029826035172685235,-0.00548279977100273,-0.004229215677600807,-0.0025910365423542324,-0.002609965595384841,0.003593832395102376,0.015098732329251664,0.026235729033865077,0.03540622599167714
2019-06,-0.0019285606347996774,-0.002289933243320684,-0.0020607009429374004,-0.0017637043462359198,-0.003857121269599355,-0.0030126784603627006,-0.0013730040417875462,-0.0005757179594300006,0.007450257285793432,0.01974631087704352,0.032361818390070476,0.04284181712487574
2019-07,-0.001684313871575846,-0.002175062727844169,-0.0021016971130635685,-0.002111424466852335,-0.003368627743151692,-0.003156560440380818,-0.0018816002687217642,-0.002150333882007402,0.008241909656833645,0.020358460337248547,0.03226639123432967,0.04332663433383914
2019-08,-0.0027860782185843615,-0.0036011040379207906,-0.0037736024050573653,-0.0039158982636818395,-0.005572156437168723,-0.00523115567659365,-0.004291097506467088,-0.004485081698179742,0.009398366978558031,0.02503696174337046,0.04057925435410471,0.05443276950819158
2019-09,-0.0015640016637680602,-0.0022693482451536136,-0.0023057474050498464,-0.002363693683410606,-0.0031280033275361205,-0.003680041407924717,-0.0024149448847385485,-0.002595478796853651,0.01165798585074158,0.026616144706456357,0.04272303166539508,0.05715764825881729
2019-10,0.0002849061737958264,-1.2573303533460617e-05,6.3331152142845e-05,0.0001283319809059994,0.0005698123475916528,-0.0006075322581920364,0.0002910445191717636,0.0003883352959586136,0.014678358560793414,0.029009296404016907,0.0445391284458517,0.059177382825459146
2019-11,0.0004005372559812044,0.0002698427928882266,0.0003682118340142815,0.0005005445754617498,0.0008010745119624088,8.453866702267526e-06,0.0006633189573924496,0.001029875541251623,0.012390491685476068,0.02340507520189468,0.0360764732565339,0.047664344232030406
2019-12,6.855851855789609e-05,0.00036761326556755507,0.0009230553837247333,0.0011896715460892378,0.00013711703711579044,0.0009657227595868765,0.0025893817381962645,0.0022561361955472595,0.0073137189249657016,0.015389289660742041,0.024243816523958638,0.03180960118818639
2020-01,-0.001195199529795004,-0.001465166922161464,-0.0014133492143043828,-0.001260668697954919,-0.002390399059590008,-0.0020051017068943838,-0.0012578960907331394,-0.0006499466325570625,0.008996687088320337,0.020424363724425767,0.032269342903518336,0.04334586667954736
2020-02,-0.000892765175070382,-0.0010368108460795042,-0.000799231477319761,-0.0006867352962775363,-0.001785530350140764,-0.0013249021880977502,-8.649337104052988e-05,-0.00023675057210863736,0.01440455136723933,0.030273239866363065,0.04656543392134028,0.06177515399253792
2020-03,0.0009200850429898245,0.0014272087586488392,0.0018611462370821262,0.0023533300734604823,0.001840170085979649,0.0024414561899668685,0.0031629586723819873,0.004322065418973906,0.01928494568559801,0.036628395292121,0.05503822900000778,0.0724421613678367
2020-04,0.0005043018293993901,0.0009893273532562508,0.0016383317609421656,0.002159272234913138,0.00100860365879878,0.001959378400969972,0.00358534498399991,0.0042430341307970265,0.019689296629874516,0.03868390380796714,0.057955247644894896,0.0761596795496586
2020-05,-0.00015960782508877788,0.00024213374637366953,0.0006995271563016092,0.001318394867716798,-0.00031921565017755575,0.0010456168892985648,0.0020717073860854274,0.0037938657133775545,0.014452630641733421,0.030478061027046328,0.04677683800812968,0.06203059543939557
2020-06,-0.0001677958320963791,1.7617089750178146e-05,0.0003678865451233334,0.0012068904224914218,-0.0003355916641927582,0.0003884429334432922,0.0014186949112427996,0.004562905931963776,0.013645073943370865,0.028470182360171136,0.04421093059791052,0.05971871294020793
2020-07,-0.0001461487321541377,-3.2371228572275045e-05,0.0004947618541000479,0.0009250161137421492,-0.0002922974643082754,0.00019518377859145024,0.0020761611021170166,0.0026460331523105556,0.015565679082997566,0.03163572293307428,0.04849324571191033,0.06320105755393517
2020-08,-3.7380294112332414e-05,0.00016132512473313932,0.0007613074526623775,0.0013785342412051523,-7.476058822466483e-05,0.0005587359624240828,0.002561254436450092,0.0038474413953762518,0.010778727152681487,0.02197321565416271,0.03347426577512175,0.04277881323034212
2020-09,1.6616487375313831e-06,0.00037658750134741373,0.0008442073472072079,0.0015697473867372753,3.3232974750627663e-06,0.0011264392065671782,0.0022470668847865906,0.004471907544857545,0.01330956541965033,0.026063769461437,0.03895995411731772,0.05055497718286394
2020-10,0.00026217232175244323,0.0006876882104376418,0.0016668763618054548,0.002665555622997808,0.0005243446435048865,0.001538719987808039,0.004604440815908894,0.00666027266776722,0.014242861558140035,0.026784033866991498,0.03920940760890361,0.04866635129950172
2020-11,0.00031667978526917374,0.0006878678840671771,0.001648644606835093,0.002565701146249657,0.0006333595705383475,0.0014302440816631842,0.00453097477513884,0.006233927303907915,0.015333996497415483,0.02924201277903248,0.04300800964021481,0.05403983239178067
2020-12,0.00020116085858101263,0.0005311113354025049,0.0016036318381685197,0.0026768839238134837,0.00040232171716202527,0.0011910122890454893,0.004821193346466564,0.006969892266393341,0.014659914679005874,0.0297461133633208,0.04566728045436166,0.05762502094533243
2021-01,0.0002883774255390538,0.0009035896654840248,0.002068592001450174,0.0034117017012271007,0.0005767548510781075,0.0021340141453739664,0.005563599009348622,0.008784140500334808,0.011008861148728526,0.02182626479907457,0.031833614771286003,0.039019329337698846
2021-02,0.000675657326247205,0.0021792785457576094,0.004383161493599796,0.006553184813065571,0.0013513146524944102,0.005186520984778418,0.010994810337126355,0.015233278090928669,0.007480139460059961,0.014069592429668524,0.018062247884050295,0.01609635678501603
2021-03,0.0008273895044121004,0.0028269420510592105,0.005866147379003218,0.008663613094961572,0.001654779008824201,0.006826047144353432,0.014983763362835238,0.01985347595879499,0.0026455928725824156,0.004237692840327849,0.0013800271549591712,-0.008476248002299396
2021-04,0.0009304879004496133,0.0026893558732827005,0.005322630950419031,0.007839060630077235,0.0018609758008992265,0.006207091818948874,0.013222456181828024,0.017904779348710053,0.0018483911095144416,0.0027865811603008488,0.001004621776067547,-0.0071350128242477886
2021-05,0.0008152643266152259,0.0024858848634391234,0.0050129361853513054,0.007556847509775065,0.0016305286532304515,0.005827125937086919,0.01259409015108785,0.017732492807470107,0.0009019482400017566,0.0015382003662491822,-0.0009960542945729965,-0.008575114842103979
2021-06,0.0015884333030380536,0.0037108574496700474,0.006000765003895282,0.008049214822694134,0.0031768666060761072,0.007955705742934034,0.012870487666570982,0.01624301409788955,0.0005103987235410355,-0.001432034561357986,-0.007123055005315428,-0.014584646352188842
2021-07,0.0010991218424954154,0.002797101546658876,0.00485501287270194,0.006306525142414569,0.0021982436849908313,0.006193060954985797,0.01102874685083113,0.012112574221265087,0.0003201167285312686,-0.001070528985028568,-0.0045750146450578046,-0.012345314150738836
2021-08,0.0012385787174012187,0.0032307201468481893,0.005349606816954778,0.006887214654568396,0.0024771574348024378,0.00721500300574213,0.011706266827274544,0.013037646005022866,0.0003999044682324324,-0.001043851947688825,-0.0052229354605237656,-0.01260709583596496
2021-09,0.0019230461230931874,0.004159572604866631,0.006928104052906707,0.008885836974922318,0.0038460922461863753,0.008632625568413517,0.015233698397026934,0.01671676866298476,0.0004287796075398277,-0.001865417122014604,-0.007825519495576765,-0.01816185403768139
2021-10,0.003566996696908361,0.006103911955134169,0.008771196743427618,0.01025801668409772,0.007133993393816722,0.011177742471585784,0.016773051108307967,0.016205296446778122,0.0003441247702821763,-0.005431368508949217,-0.012184890037848816,-0.022477888351612275
2021-11,0.003231986462628878,0.00599563024426167,0.00811642397890301,0.009024118547364244,0.006463972925257756,0.011522917807527252,0.014478805182827032,0.01265489682120918,-0.0006830376298665188,-0.007033163673865956,-0.015341503906659235,-0.02490277898598322
2021-12,0.0034591669034403365,0.005830470416112642,0.0076332830028720735,0.00873501964739966,0.006918333806880674,0.010573077441457251,0.013041720763150369,0.013141966225510011,-0.0023936012769578815,-0.010916845788912971,-0.019464652878023566,-0.0283324043689005
2022-01,0.0037713691653976696,0.0058963693300754585,0.007422170217131962,0.008116221915092122,0.007542738330795339,0.010146369659431038,0.011999572878301471,0.010892428706932756,-0.0064055870062695005,-0.01879665304903848,-0.030361765556468506,-0.04055953979178278
2022-02,0.004381992419105019,0.006156216117783437,0.006967405783478915,0.0070840559048439816,0.00876398483821004,0.009704663515140271,0.00940097478056535,0.007550656390304245,-0.007885434762322016,-0.020699648030570065,-0.028646250623400406,-0.03205069672785352
2022-03,0.006305399570165567,0.00810227454428102,0.008183892888050392,0.007458137673457814,0.012610799140331135,0.01169602449251193,0.008428747919358503,0.004555116815087506,-0.014308680997374326,-0.036056892999550554,-0.048732614135425775,-0.05327134610218781
2022-04,0.005630486503237161,0.007466114207428865,0.008042013818556536,0.008036186497212033,0.011260973006474318,0.011137369615812274,0.009769712651939547,0.008012877211834014,-0.01838154481901156,-0.04367794662644779,-0.06183538068034283,-0.07394283460348311
2022-05,0.003939631156349772,0.005840180211758174,0.0066037556544671396,0.006768774302698177,0.007879262312699545,0.009641278322574973,0.00889448198259404,0.0074288488956223385,-0.01875214142811246,-0.041186947885068,-0.058616806137898034,-0.07016146539436488
2022-06,0.0006108709980490006,0.0011776354822408894,0.0015014156952009548,0.0015331606661330537,0.001221741996098001,0.002311164450624667,0.002472756334081151,0.0016601405498614455,-0.024275288832427074,-0.04499348052409422,-0.06188631274665108,-0.07556821042134587
2022-07,-0.0007912763578572408,-0.0013812662662458057,-0.002236060577687264,-0.0026969571112349586,-0.0015825527157144817,-0.002561246083022939,-0.004800443512011636,-0.004540543245425736,-0.026092631104812716,-0.04660789222391598,-0.06130877407986546,-0.07268663113639229
2022-08,-0.0001880107264589717,0.0002822619425901021,-0.00020170684416624673,-0.0013027905091465355,-0.0003760214529179434,0.0012228072806882498,-0.0016536132044352933,-0.005707125169067705,-0.030670796708902808,-0.05622772639394798,-0.07889222099106694,-0.09734891592531401
2022-09,0.0012836361975803248,0.0011732562597451673,0.0004540734200312521,-0.0006104537343233907,0.0025672723951606496,0.0009524963840748524,-0.0017034750991104936,-0.004868562351741948,-0.035597593672768504,-0.06897592641847052,-0.09413841032447332,-0.11516185248133293
2022-10,-0.002290130319798127,-0.00278852717757911,-0.003611941673024574,-0.004734691548870185,-0.004580260639596254,-0.003785320893141063,-0.00608218515936098,-0.00922569105225262,-0.03710130686166104,-0.06557860400595676,-0.08925553225998549,-0.11120335090932416
2022-11,-0.0038666602468233127,-0.006633628472703303,-0.00791256540758506,-0.009210033679982771,-0.0077333204936466254,-0.012167564924463276,-0.011749376212230336,-0.014399906769573603,-0.03669973213391875,-0.060607198891921385,-0.0771245338438076,-0.09588396586954459
2022-12,-0.0028013154253935107,-0.005059961234688944,-0.006023955719823809,-0.006690310605976427,-0.0056026308507870215,-0.00957725285327981,-0.008915939175228406,-0.00935573015058689,-0.03474588189651286,-0.060234389307662124,-0.07927963139462547,-0.0988859416972806
2023-01,-0.004832976087483315,-0.007976501677984214,-0.009291267679663179,-0.010346664785247317,-0.00966595217496663,-0.014263552858986013,-0.013235565684700072,-0.014568253207583863,-0.030057884158979954,-0.04784618481435758,-0.05918368156684539,-0.07265630966498786
2023-02,-0.00301690872660193,-0.006000039716360879,-0.007762517407156451,-0.009076510405962142,-0.00603381745320386,-0.011966301695878777,-0.013049950479543167,-0.014332482401184905,-0.03068206405979281,-0.054389631989451535,-0.07246840441101025,-0.0913138464391657
2023-03,-0.005815588584002732,-0.008168256099698887,-0.008900348073573268,-0.009892016873001452,-0.011631177168005463,-0.012873591131091197,-0.011096623995196411,-0.01385869207071419,-0.015351088030061123,-0.019985773539935987,-0.026645321659878544,-0.03895546801998688
2023-04,-0.007381722452435548,-0.010358800567071703,-0.011437641122611954,-0.012335780334659152,-0.014763444904871095,-0.016312956796344015,-0.014674162789232705,-0.015928337182847953,-0.014017950098509774,-0.013396058682810501,-0.012592312339511035,-0.015184195443428413
2023-05,-0.007407027270608421,-0.010904530290770556,-0.012133372554957236,-0.013473985116500435,-0.014814054541216842,-0.017899536331094833,-0.01581989934751727,-0.018836435362673244,-0.021087077196579863,-0.025598083842067455,-0.02777040503765799,-0.033487996303797785
2023-06,-0.004875927618534871,-0.008853134336167565,-0.01037133458119354,-0.011917400621399551,-0.009751855237069743,-0.016807547771432937,-0.014925935316271483,-0.01810166478222361,-0.022474122569079935,-0.03410696744656346,-0.03852252790622731,-0.04563231660527232
2023-07,-0.004524901041379349,-0.008196088474626807,-0.009958061550866884,-0.011257547823811949,-0.009049802082758698,-0.015538463341121724,-0.015243980779587114,-0.01645549291559221,-0.024277496277367132,-0.04048388383928402,-0.052440807571826585,-0.06443231359931786
2023-08,-0.004950751376168426,-0.008108043856178936,-0.009520846559242388,-0.01072604019681829,-0.009901502752336852,-0.014422628816199962,-0.013759254668432738,-0.015546814747121898,-0.01818444613645135,-0.024868560786959655,-0.029907969858728393,-0.03966426504289677
2023-09,-0.004006244024522897,-0.006502072497921861,-0.007197109862749684,-0.007900215261104779,-0.008012488049045793,-0.011493729444719804,-0.00928222195723314,-0.01071263685452515,-0.009588359237255435,-0.012779006436550874,-0.015144383723357649,-0.02288635575028254
2023-10,-0.00318850699152351,-0.004861402776313105,-0.004978764771129074,-0.005211927216390341,-0.00637701398304702,-0.008207194345892295,-0.005330850755576981,-0.006144576997435418,-0.011018946429998663,-0.014865939130495116,-0.01917961573436621,-0.02951314182144426
2023-11,-0.0038252605636511644,-0.006142945486396614,-0.006927117718689368,-0.007556497259925556,-0.007650521127302329,-0.0107783153318875,-0.009279634415567645,-0.010074015424870297,-0.011032207461838667,-0.018848138227191655,-0.023118086075726532,-0.03153724539792453
2023-12,-0.00499467978028683,-0.007322414843263521,-0.007991336250115597,-0.00855399813158466,-0.00998935956057366,-0.011977884969216902,-0.009998100470671824,-0.0108046456574609,-0.005961930910687807,-0.005909124263294742,-0.003206478529207031,-0.0029234082690228827
2024-01,-0.005026837742348966,-0.007137387159503052,-0.007939129940601836,-0.008374695256572806,-0.010053675484697933,-0.01135848599381123,-0.01034435828389818,-0.010116956520456688,-0.009792923047789066,-0.014129771294899583,-0.016133821858610863,-0.02048468765511898
2024-02,-0.003900014332812708,-0.005942396991517433,-0.006631759689468809,-0.007355310220682559,-0.007800028665625416,-0.01002716230892687,-0.008699847783322952,-0.010249512345537566,-0.005012081334679508,-0.008156618246408516,-0.010157670298500461,-0.014768568797838062
2024-03,-0.0037540436515716147,-0.005689750769801105,-0.006588861204198944,-0.007421369960607056,-0.007508087303143229,-0.009561165006260086,-0.00928619250739246,-0.010751404986239499,-0.01511019014289311,-0.023954706945728724,-0.028969178909552695,-0.03702069144776207
2024-04,-0.0019819483085290954,-0.0035493662526337316,-0.0043136612009443825,-0.00504437974623554,-0.003963896617058191,-0.006684202140843011,-0.006606546045876328,-0.007967253927400171,-0.019071494379593643,-0.035728604033602014,-0.048026614156714255,-0.06165645476840843
2024-05,-0.002957732047146021,-0.00489458384229436,-0.00582138158555736,-0.006447919842756875,-0.005915464094292042,-0.008768287432591053,-0.008601774815346346,-0.00895407287155494,-0.014769307043574889,-0.026708631782735727,-0.03371549620001999,-0.04390540924970494
2024-06,-0.003624318935642412,-0.005449352636919064,-0.006310852629557523,-0.00695588716703488,-0.007248637871284824,-0.009099420039472374,-0.008895352607472894,-0.0095360253169443,-0.006991223161685024,-0.01378950098644842,-0.01685538418786281,-0.023301064287228807
2024-07,-0.004377794539834126,-0.006275030996915065,-0.007204554287284691,-0.007649695478236615,-0.008755589079668252,-0.010069503911076944,-0.009993124158393568,-0.009430260242044297,-0.0030095765924863863,-0.0037522253636675454,-0.002886476741905404,-0.003308620008831732
2024-08,-0.004551889642695789,-0.0058760931018023085,-0.006179531499106286,-0.006415184709476142,-0.009103779285391578,-0.008524500020015348,-0.007089846691018219,-0.007357797550955579,-0.0005502739841587653,0.0034821052532109376,0.007598579372971634,0.008492840085046041
2024-09,-0.0032080375687239884,-0.003929780298980369,-0.0037874702999322746,-0.0037606558032781193,-0.006416075137447977,-0.005373265759493137,-0.0033605403027879843,-0.003653397816661491,0.005895463081631629,0.014725759905037224,0.024724754837974643,0.0312806094169149
2024-10,-0.0010889581024883035,-0.001318347467038343,-0.0010227736423801467,-0.0010336857522487766,-0.002177916204976607,-0.0017771261961384219,-0.00013605216840555795,-0.0010773341917232823,0.004444798315789283,0.009237332473709899,0.016505420213107642,0.021318707682914086
2024-11,-0.0006247696027736199,-0.0012139446526182943,-0.0012796982318541705,-0.0015361170558762793,-0.0012495392055472399,-0.002392294752307643,-0.0014769589695617993,-0.0025617923519647215,0.0003549882682731195,-0.0011682784624916925,-5.010873017624595e-05,-0.0006416557899092956
2024-12,0.0009143082617669648,0.0013312994524011454,0.0020423452116696064,0.0023950745491157846,0.0018286165235339297,0.0021652818336695065,0.0041754824894749895,0.0038059918989004834,-0.004275906225315387,-0.012368954382807947,-0.018818883351891004,-0.02808555816356862
